attom_id,fips,apn,address,postal1,state,latitude,longitude,property_type,year_built,beds,baths,sqft,lot_size,sale_amount,sale_date,sale_type,price_per_sqft,area_code,area_title
108576,45007,192-02-02-003,"245 SMITH DR, PELZER, SC 29669",29669,SC,34.689207,-82.570301,RESIDENTIAL - VACANT LAND,,,,,0.574,350000.0,2024-01-17,Resale,,24860,"Greenville-Anderson-Greer, SC"
120806,45007,018-00-09-004,"909 DOUBLE SPRINGS RD, TOWNVILLE, SC 29689",29689,SC,34.496108,-82.865635,SFR,1991.0,,,2049.0,9.01,550000.0,2025-07-30,Resale,268.42,24860,"Greenville-Anderson-Greer, SC"
129574,45007,133-02-08-012,"122 SIMPSON ST, IVA, SC 29655",29655,SC,34.308015,-82.655810,SFR,,,,811.0,0.489,139900.0,2025-05-30,Resale,172.5,24860,"Greenville-Anderson-Greer, SC"
135534,45007,192-06-02-013,"700 CONNERS BLVD, PIEDMONT, SC 29673",29673,SC,34.682369,-82.553680,MOBILE HOME,1995.0,,,1792.0,0.92,209000.0,2023-08-31,Resale,116.63,24860,"Greenville-Anderson-Greer, SC"
135546,45007,276-10-04-020,"209 SANDERS ST, HONEA PATH, SC 29654",29654,SC,34.441382,-82.387220,MOBILE HOME,1995.0,,,1782.0,0.253,200000.0,2026-01-30,Resale,112.23,24860,"Greenville-Anderson-Greer, SC"
140193,45007,126-12-01-001,"221 CORNING ST, ANDERSON, SC 29624",29624,SC,34.460981,-82.651466,SFR,,,,,0.174,149900.0,2025-07-07,Resale,,24860,"Greenville-Anderson-Greer, SC"
144753,45007,174-11-01-005,"1212 COUNTRY CRK, BELTON, SC 29627",29627,SC,34.530781,-82.578914,AGRICULTURAL (NEC),,,,,1.37,85000.0,2025-08-15,Resale,,24860,"Greenville-Anderson-Greer, SC"
144755,45007,071-04-02-005,"109 MELJO DR, ANDERSON, SC 29626",29626,SC,34.480316,-82.738398,MOBILE HOME,1995.0,,,1456.0,0.23,70000.0,2025-10-07,Resale,48.08,24860,"Greenville-Anderson-Greer, SC"
144761,45007,096-12-01-003,"105 SELWYN DR, ANDERSON, SC 29625",29625,SC,34.504165,-82.700469,SFR,,,,1107.0,0.459,190000.0,2025-04-30,Resale,171.64,24860,"Greenville-Anderson-Greer, SC"
144765,45007,216-07-01-006,"2726 HIGHWAY 86, PIEDMONT, SC 29673",29673,SC,34.721540,-82.519513,SFR,1991.0,,,1404.0,0.57,273000.0,2024-06-28,Resale,194.44,24860,"Greenville-Anderson-Greer, SC"
144781,45007,097-10-02-008,"102 MARSH CREEK DR, ANDERSON, SC 29626",29626,SC,34.483814,-82.694310,MOBILE HOME,1999.0,,,1248.0,0.7,40000.0,2025-04-02,Resale,32.05,24860,"Greenville-Anderson-Greer, SC"
144789,45007,044-01-01-013,"114 ANN RD, ANDERSON, SC 29625",29625,SC,34.585011,-82.793500,MOBILE HOME,1999.0,3.0,,1676.0,0.64,187400.0,2025-11-05,Resale,111.81,24860,"Greenville-Anderson-Greer, SC"
144794,45007,010-06-01-005,"433 DOGWOOD LN, TOWNVILLE, SC 29689",29689,SC,34.495627,-82.913320,MOBILE HOME,1998.0,,,1296.0,0.826,214000.0,2025-06-26,Resale,165.12,24860,"Greenville-Anderson-Greer, SC"
149435,45007,125-20-04-005,"109 CHEEK ST, ANDERSON, SC 29624",29624,SC,34.470866,-82.649792,SFR,,2.0,,736.0,0.141,159900.0,2025-04-30,Resale,217.26,24860,"Greenville-Anderson-Greer, SC"
149457,45007,221-13-05-007,"114 RIDGE DR, WILLIAMSTON, SC 29697",29697,SC,34.622598,-82.529357,MOBILE HOME,1999.0,,,1232.0,0.579,134600.0,2023-04-25,Resale,109.25,24860,"Greenville-Anderson-Greer, SC"
149465,45007,148-24-03-022,"158 ASHTON LN, ANDERSON, SC 29621",29621,SC,34.533782,-82.626312,SFR,2005.0,,,1327.0,0.25,245000.0,2024-11-26,Resale,184.63,24860,"Greenville-Anderson-Greer, SC"
149466,45007,148-24-01-019,"119 ASHTON LN, ANDERSON, SC 29621",29621,SC,34.531474,-82.625098,SFR,1999.0,,,1176.0,0.353,217900.0,2025-01-20,Resale,185.29,24860,"Greenville-Anderson-Greer, SC"
149471,45007,151-02-02-013,"2803 WALNUT DR, ANDERSON, SC 29624",29624,SC,34.478642,-82.634670,SFR,,,,1266.0,0.345,176000.0,2023-11-27,Resale,139.02,24860,"Greenville-Anderson-Greer, SC"
149472,45007,062-02-04-007,"1000 CHERRY STREET EXT, PENDLETON, SC 29670",29670,SC,34.646588,-82.767107,SFR,,,,1058.0,0.23,175000.0,2025-04-25,Resale,165.41,24860,"Greenville-Anderson-Greer, SC"
151885,45007,225-01-12-001,"308 CHERRY ST, BELTON, SC 29627",29627,SC,34.522937,-82.500458,SFR,,,,,0.253,258000.0,2024-10-18,Resale,,24860,"Greenville-Anderson-Greer, SC"
151889,45007,191-00-07-016,"560 WREN RD, PIEDMONT, SC 29673",29673,SC,34.708160,-82.534961,SFR,2000.0,5.0,,2189.0,1.0,,2025-03-10,Resale,,24860,"Greenville-Anderson-Greer, SC"
151892,45007,249-12-01-012,"103 BERRY CT, BELTON, SC 29627",29627,SC,34.537430,-82.474149,SFR,2000.0,3.0,,1318.0,0.362,225000.0,2025-12-10,Resale,170.71,24860,"Greenville-Anderson-Greer, SC"
164522,45007,222-06-01-006,"555 WILLINGHAM RD, WILLIAMSTON, SC 29697",29697,SC,34.592636,-82.520861,AGRICULTURAL LAND,,,,,1.33,,2025-10-15,Resale,,24860,"Greenville-Anderson-Greer, SC"
165663,45007,124-13-04-003,"811 W WHITNER ST, ANDERSON, SC 29624",29624,SC,34.502582,-82.661207,SFR,2019.0,,,2442.0,0.264,375000.0,2025-02-20,Resale,153.56,24860,"Greenville-Anderson-Greer, SC"
168814,45007,150-13-01-009,"106 HANKS CIR, ANDERSON, SC 29621",29621,SC,34.488279,-82.614708,DUPLEX,2006.0,4.0,,2099.0,0.571,217500.0,2026-04-20,Resale,103.62,24860,"Greenville-Anderson-Greer, SC"
168818,45007,154-10-01-032,"2807 AIRLINE RD, ANDERSON, SC 29624",29624,SC,34.409086,-82.629002,SFR,,,,,1.0,187000.0,2025-09-09,Resale,,24860,"Greenville-Anderson-Greer, SC"
184648,45007,184-00-08-007,"513 MELLRICH RD, IVA, SC 29655",29655,SC,34.335375,-82.583512,AGRICULTURAL (NEC),,,,,3.04,165000.0,2025-12-15,Resale,,24860,"Greenville-Anderson-Greer, SC"
184649,45007,242-04-02-002,"128 EFFIE DR, PIEDMONT, SC 29673",29673,SC,34.676257,-82.462824,MOBILE HOME,1994.0,3.0,,1680.0,0.96,200000.0,2023-12-05,Resale,119.05,24860,"Greenville-Anderson-Greer, SC"
186744,45007,094-16-01-040,"115 GREEN TREE RD, ANDERSON, SC 29625",29625,SC,34.554549,-82.712482,MOBILE HOME,2002.0,3.0,,1664.0,0.591,167900.0,2024-04-04,Resale,100.9,24860,"Greenville-Anderson-Greer, SC"
199549,45007,061-02-01-046,"125 LOUISE DR, PENDLETON, SC 29670",29670,SC,34.662888,-82.758108,MOBILE HOME,2001.0,3.0,,1288.0,0.82,150000.0,2025-11-26,Resale,116.46,24860,"Greenville-Anderson-Greer, SC"
202160,45007,235-05-02-032,"106 BLUEFOREST LN, GREENVILLE, SC 29611",29611,SC,34.808228,-82.492425,MOBILE HOME,2000.0,,,2368.0,2.67,278000.0,2025-07-11,Resale,117.4,24860,"Greenville-Anderson-Greer, SC"
207584,45007,213-08-04-045,"229 SASSAFRAS DR, EASLEY, SC 29642",29642,SC,34.767487,-82.516624,SFR,2000.0,4.0,,2364.0,0.574,395000.0,2023-10-06,Resale,167.09,24860,"Greenville-Anderson-Greer, SC"
207587,45007,154-00-05-008,"503 HARMONY RD, ANDERSON, SC 29624",29624,SC,34.412460,-82.614632,SFR,,2.0,,1053.0,6.95,175000.0,2023-07-07,Resale,166.19,24860,"Greenville-Anderson-Greer, SC"
210691,45007,100-00-03-045,"133 WOODFOREST LN, ANDERSON, SC 29626",29626,SC,34.440703,-82.702521,MOBILE HOME,1993.0,,,,3.92,60000.0,2025-07-23,Resale,,24860,"Greenville-Anderson-Greer, SC"
211712,45007,155-00-03-014,"3030 AIRLINE RD, ANDERSON, SC 29624",29624,SC,34.405268,-82.626491,SFR,,,,1587.0,10.0,160000.0,2026-01-28,Resale,100.82,24860,"Greenville-Anderson-Greer, SC"
220076,45007,014-11-01-009,"116 SUE ELLA CT, TOWNVILLE, SC 29689",29689,SC,34.560738,-82.883513,MOBILE HOME,2003.0,,,1808.0,0.599,150000.0,2023-06-16,Resale,82.96,24860,"Greenville-Anderson-Greer, SC"
233148,45007,276-11-04-012,"1 HAWTHORNE ST, HONEA PATH, SC 29654",29654,SC,34.443309,-82.382136,SFR,,2.0,,1866.0,0.23,47000.0,2024-10-18,Resale,25.19,24860,"Greenville-Anderson-Greer, SC"
233159,45007,127-15-01-007,"105 CASE LN, ANDERSON, SC 29624",29624,SC,34.433830,-82.648941,MOBILE HOME,1999.0,3.0,,1904.0,1.09,207000.0,2025-10-17,Resale,108.72,24860,"Greenville-Anderson-Greer, SC"
234491,45007,130-00-02-032,"112 TUCKER DR, STARR, SC 29684",29684,SC,34.382217,-82.664755,MOBILE HOME,1998.0,3.0,,1792.0,1.62,170000.0,2023-09-15,Resale,94.87,24860,"Greenville-Anderson-Greer, SC"
257421,45007,148-27-01-057,"607 LAUREL CRK, ANDERSON, SC 29621",29621,SC,34.535376,-82.626925,SFR,1995.0,3.0,,2395.0,0.321,350000.0,2026-03-13,Resale,146.14,24860,"Greenville-Anderson-Greer, SC"
258780,45007,093-16-02-077,"106 CORTLAND LN, ANDERSON, SC 29625",29625,SC,34.558527,-82.712368,MOBILE HOME,2000.0,3.0,,1782.0,0.612,200000.0,2025-07-14,Resale,112.23,24860,"Greenville-Anderson-Greer, SC"
260556,45007,126-05-11-021,"4025 HIGHWAY 81 S, ANDERSON, SC 29624",29624,SC,34.456711,-82.665268,COMMERCIAL (NEC),2001.0,,,1200.0,0.99,,2025-10-27,Resale,,24860,"Greenville-Anderson-Greer, SC"
260557,45007,125-21-05-007,"648 WOODVALE RD, ANDERSON, SC 29624",29624,SC,34.471529,-82.644906,SFR,,,,954.0,0.367,163000.0,2026-01-16,New Construction,170.86,24860,"Greenville-Anderson-Greer, SC"
260561,45007,072-03-02-011,"712 MOUNTAIN VIEW RD, ANDERSON, SC 29626",29626,SC,34.461841,-82.763815,RESIDENTIAL - VACANT LAND,,,,,0.57,110000.0,2025-06-20,Resale,,24860,"Greenville-Anderson-Greer, SC"
260562,45007,126-05-18-004,"316 WELLINGTON ST, ANDERSON, SC 29624",29624,SC,34.453402,-82.663148,SFR,,,,1426.0,0.306,103100.0,2023-11-16,Resale,72.3,24860,"Greenville-Anderson-Greer, SC"
269671,45007,125-14-04-019,"3022 PLAINVIEW RD, ANDERSON, SC 29626",29626,SC,34.460807,-82.666987,SFR,,2.0,,1570.0,0.35,175000.0,2025-06-06,Resale,111.46,24860,"Greenville-Anderson-Greer, SC"
300455,45007,213-08-05-003,"310 SASSAFRAS DR, EASLEY, SC 29642",29642,SC,34.767271,-82.518683,SFR,1999.0,4.0,,3696.0,0.574,590000.0,2024-01-29,Resale,159.63,24860,"Greenville-Anderson-Greer, SC"
326351,45007,123-01-08-028,"406 LILAC ST, ANDERSON, SC 29625",29625,SC,34.523109,-82.686322,SFR,,3.0,,1327.0,0.29,199999.0,2025-08-01,Resale,150.72,24860,"Greenville-Anderson-Greer, SC"
329349,45007,123-21-02-007,"312 F ST, ANDERSON, SC 29625",29625,SC,34.507682,-82.661949,SFR,,2.0,,943.0,0.161,65500.0,2025-04-23,Resale,69.46,24860,"Greenville-Anderson-Greer, SC"
329350,45007,124-15-09-020,"716 ILA ST, ANDERSON, SC 29624",29624,SC,34.494664,-82.660155,SFR,1950.0,1.0,,717.0,0.218,10000.0,2023-07-06,Resale,13.95,24860,"Greenville-Anderson-Greer, SC"
347876,45007,225-07-06-016,"213 BLAIR MILL RD, BELTON, SC 29627",29627,SC,34.529311,-82.514039,SFR,,2.0,,1044.0,0.273,65000.0,2023-05-17,Resale,62.26,24860,"Greenville-Anderson-Greer, SC"
368521,45007,099-04-07-007,"99 EDITH DR, ANDERSON, SC 29626",29626,SC,34.438478,-82.719291,SFR,,,,,0.507,170000.0,2024-03-21,Resale,,24860,"Greenville-Anderson-Greer, SC"
368524,45007,123-11-05-004,"501 BURRIS ST, ANDERSON, SC 29625",29625,SC,34.516509,-82.673451,SFR,,,,,0.162,110000.0,2025-08-28,Resale,,24860,"Greenville-Anderson-Greer, SC"
368526,45007,239-01-12-006,"113 ASTALOT DR, PIEDMONT, SC 29673",29673,SC,34.726618,-82.468942,RESIDENTIAL - VACANT LAND,,,,,0.553,,2024-03-08,Resale,,24860,"Greenville-Anderson-Greer, SC"
371188,45007,189-10-02-002,"1209 OLD MILL RD, EASLEY, SC 29642",29642,SC,34.750007,-82.565951,SFR,1993.0,3.0,,2287.0,0.587,415000.0,2023-08-18,Resale,181.46,24860,"Greenville-Anderson-Greer, SC"
377360,45007,097-11-01-011,"121 MELROSE LN, ANDERSON, SC 29626",29626,SC,34.483018,-82.690483,SFR,2002.0,3.0,,1323.0,0.38,180000.0,2024-11-20,Resale,136.05,24860,"Greenville-Anderson-Greer, SC"
377368,45007,214-00-13-011,"400 TRIPP RD, PIEDMONT, SC 29673",29673,SC,34.743236,-82.516058,SFR,,,,1899.0,0.36,139900.0,2017-04-04,Resale,73.67,24860,"Greenville-Anderson-Greer, SC"
385014,45007,151-08-01-014,"2857 S MCDUFFIE STREET EXT, ANDERSON, SC 29624",29624,SC,34.473390,-82.631228,AGRICULTURAL (NEC),,,,,0.5,22500.0,2025-12-01,Resale,,24860,"Greenville-Anderson-Greer, SC"
422498,45007,214-10-01-029,"105 EUGENE CT, PIEDMONT, SC 29673",29673,SC,34.742975,-82.508390,SFR,1999.0,3.0,,2214.0,0.19,387500.0,2024-08-23,Resale,175.02,24860,"Greenville-Anderson-Greer, SC"
422500,45007,151-06-01-007,"3153 CAMDEN DR, ANDERSON, SC 29624",29624,SC,34.470134,-82.632606,MOBILE HOME,1997.0,3.0,,1344.0,3.22,19000.0,2025-03-24,Resale,14.14,24860,"Greenville-Anderson-Greer, SC"
422501,45007,072-06-01-013,"1461 GRADY HALL RD, ANDERSON, SC 29626",29626,SC,34.449731,-82.756924,MOBILE HOME,2000.0,,,1960.0,0.64,125000.0,2023-12-12,Resale,63.78,24860,"Greenville-Anderson-Greer, SC"
467831,45007,116-00-02-019,"1411 FIVE FORKS RD, PENDLETON, SC 29670",29670,SC,34.644764,-82.660585,SFR,,,,1363.0,1.0,166000.0,2023-09-12,Resale,121.79,24860,"Greenville-Anderson-Greer, SC"
474150,45007,028-14-01-002,"219 OAKDALE RD, TOWNVILLE, SC 29689",29689,SC,34.537710,-82.839672,MOBILE HOME,1996.0,,,1960.0,1.18,205000.0,2024-03-15,Resale,104.59,24860,"Greenville-Anderson-Greer, SC"
474164,45007,121-07-09-010,"507 ESKEW CIR, ANDERSON, SC 29621",29621,SC,34.543964,-82.667227,SFR,,3.0,,1189.0,0.344,135000.0,2024-08-16,Resale,113.54,24860,"Greenville-Anderson-Greer, SC"
479137,45007,177-07-02-029,"204 BROADWAY HEIGHTS RD, ANDERSON, SC 29621",29621,SC,34.470476,-82.585629,MOBILE HOME,2000.0,,,2128.0,5.31,169000.0,2023-09-15,Resale,79.42,24860,"Greenville-Anderson-Greer, SC"
479140,45007,225-03-05-001,"2 PELZER ST, BELTON, SC 29627",29627,SC,34.530394,-82.496605,SFR,,4.0,,1601.0,0.238,174000.0,2024-11-25,Resale,108.68,24860,"Greenville-Anderson-Greer, SC"
479141,45007,095-18-01-001,"& B HEATHERBROOK CT, ANDERSON, SC 29625",29625,SC,34.521502,-82.697869,DUPLEX,1999.0,4.0,,2250.0,0.25,267520.0,2025-08-18,Resale,118.9,24860,"Greenville-Anderson-Greer, SC"
502956,45007,239-10-02-003,"103 ORCHARD WAY, PIEDMONT, SC 29673",29673,SC,34.727743,-82.485374,SFR,2002.0,3.0,,1592.0,0.57,289900.0,2025-10-14,Resale,182.1,24860,"Greenville-Anderson-Greer, SC"
506211,45007,126-02-01-033,"304 BROOKHAVEN DR, ANDERSON, SC 29624",29624,SC,34.455120,-82.646094,SFR,,3.0,,1506.0,0.344,199000.0,2025-05-21,Resale,132.14,24860,"Greenville-Anderson-Greer, SC"
531918,45007,122-11-04-017,"118 GLENWOOD AVE, ANDERSON, SC 29625",29625,SC,34.523378,-82.658789,SFR,1990.0,,,1318.0,0.17,175000.0,2025-09-09,Resale,132.78,24860,"Greenville-Anderson-Greer, SC"
532985,45007,149-16-01-004,"1408 E CALHOUN ST, ANDERSON, SC 29621",29621,SC,34.519375,-82.630116,SFR,2002.0,,,1896.0,0.386,265000.0,2026-04-14,Resale,139.77,24860,"Greenville-Anderson-Greer, SC"
536399,45007,249-08-01-005,"417 GLENWOOD ST, BELTON, SC 29627",29627,SC,34.531067,-82.479084,SFR,,3.0,,1251.0,1.9,135000.0,2023-10-30,Resale,107.91,24860,"Greenville-Anderson-Greer, SC"
536409,45007,094-16-01-018,"143 GREEN TREE RD, ANDERSON, SC 29625",29625,SC,34.558818,-82.715538,MOBILE HOME,1997.0,2.0,,1944.0,0.668,160000.0,2023-07-28,Resale,82.3,24860,"Greenville-Anderson-Greer, SC"
541876,45007,212-03-01-011,"128 POINSETTIA DR, EASLEY, SC 29642",29642,SC,34.790570,-82.510050,SFR,,,,1771.0,0.858,15000.0,2024-12-12,Resale,8.47,24860,"Greenville-Anderson-Greer, SC"
544295,45007,124-15-09-006,"711 GARY ST, ANDERSON, SC 29624",29624,SC,34.494623,-82.659577,RESIDENTIAL - VACANT LAND,,,,,0.103,8500.0,2024-12-04,Resale,,24860,"Greenville-Anderson-Greer, SC"
544296,45007,177-08-01-015,"301 MCFALLS CIR, ANDERSON, SC 29621",29621,SC,34.468933,-82.600782,MOBILE HOME,1996.0,,,1680.0,3.91,210000.0,2024-04-23,Resale,125.0,24860,"Greenville-Anderson-Greer, SC"
548727,45007,097-01-06-007,"3018 SUNSET FOREST RD, ANDERSON, SC 29626",29626,SC,34.498160,-82.692108,SFR,,3.0,,1570.0,0.344,200000.0,2024-03-11,Resale,127.39,24860,"Greenville-Anderson-Greer, SC"
571131,45007,235-05-04-013,"126 STILLWATER DR, GREENVILLE, SC 29611",29611,SC,34.806844,-82.496918,MOBILE HOME,2000.0,,,1680.0,0.67,62000.0,2024-08-12,Resale,36.9,24860,"Greenville-Anderson-Greer, SC"
575978,45007,150-01-02-021,"1105 KENNEDY ST, ANDERSON, SC 29624",29624,SC,34.496218,-82.641569,SFR,,,,528.0,0.118,22000.0,2026-01-14,Resale,41.67,24860,"Greenville-Anderson-Greer, SC"
578120,45007,127-05-04-024,"625 HAYES RD, STARR, SC 29684",29684,SC,34.423151,-82.653689,SFR,,,,964.0,0.46,159500.0,2024-09-13,Resale,165.46,24860,"Greenville-Anderson-Greer, SC"
579373,45007,275-05-12-011,"111 SUSAN AVE, HONEA PATH, SC 29654",29654,SC,34.458143,-82.400338,SFR,,3.0,,1232.0,0.459,187000.0,2026-02-24,Resale,151.79,24860,"Greenville-Anderson-Greer, SC"
584591,45007,226-18-03-006,"308 PALMETTO PKWY, BELTON, SC 29627",29627,SC,34.511920,-82.502519,SFR,,5.0,,2597.0,0.445,325000.0,2025-02-07,Resale,125.14,24860,"Greenville-Anderson-Greer, SC"
627768,45007,152-06-01-047,"132 KAYE DR, ANDERSON, SC 29624",29624,SC,34.453442,-82.636010,MOBILE HOME,1974.0,,,1385.0,0.58,45000.0,2023-11-16,Resale,32.49,24860,"Greenville-Anderson-Greer, SC"
627769,45007,133-00-11-002,"110 ANTREVILLE HWY, IVA, SC 29655",29655,SC,34.306397,-82.659113,SFR,,,,1181.0,0.87,140000.0,2023-11-21,Resale,118.54,24860,"Greenville-Anderson-Greer, SC"
631289,45007,150-01-03-025,"503 THOMAS ST, ANDERSON, SC 29624",29624,SC,34.494031,-82.641581,RESIDENTIAL - VACANT LAND,,,,,0.424,10000.0,2025-01-03,Resale,,24860,"Greenville-Anderson-Greer, SC"
661093,45007,126-04-02-035,"106A & B CORNING ST, ANDERSON, SC 29624",29624,SC,34.460612,-82.657541,DUPLEX,2002.0,2.0,,1788.0,0.31,585000.0,2025-01-31,Resale,327.18,24860,"Greenville-Anderson-Greer, SC"
661096,45007,147-21-01-002,"219 OAKMONT DR, ANDERSON, SC 29621",29621,SC,34.557438,-82.620763,SFR,1992.0,4.0,,2748.0,0.487,345000.0,2024-11-26,Resale,125.55,24860,"Greenville-Anderson-Greer, SC"
661101,45007,066-09-01-062,"2408 WATKINS ROAD EXT, ANDERSON, SC 29625",29625,SC,34.567112,-82.732616,SFR,,,,,0.62,740000.0,2025-05-08,Resale,,24860,"Greenville-Anderson-Greer, SC"
680914,45007,148-34-01-034,"231 ANDALUSIAN TRL, ANDERSON, SC 29621",29621,SC,34.538776,-82.614483,SFR,2003.0,3.0,,3623.0,2.03,,2024-07-18,Resale,,24860,"Greenville-Anderson-Greer, SC"
722637,45007,121-20-02-002,"102 TOWNE CREEK TRL, ANDERSON, SC 29621",29621,SC,34.557944,-82.671145,SFR,1997.0,3.0,,3607.0,0.687,485000.0,2024-10-21,Resale,134.46,24860,"Greenville-Anderson-Greer, SC"
732690,45007,249-00-09-002,"128 MAHAFFEY ST, BELTON, SC 29627",29627,SC,34.530025,-82.490497,SFR,,,,1272.0,1.045,199900.0,2025-01-17,Resale,157.15,24860,"Greenville-Anderson-Greer, SC"
737919,45007,167-00-02-012,"197 HICKORY RD, WILLIAMSTON, SC 29697",29697,SC,34.668051,-82.606739,SFR,2002.0,3.0,,2364.0,4.94,635000.0,2024-07-01,Resale,268.61,24860,"Greenville-Anderson-Greer, SC"
751598,45007,248-00-07-030,"121A BLOUNT RD, BELTON, SC 29627",29627,SC,34.553498,-82.476478,SFR,,3.0,,678.0,10.33,,2025-10-30,Resale,,24860,"Greenville-Anderson-Greer, SC"
780484,45007,216-06-02-006,"2219 HIGHWAY 86, PIEDMONT, SC 29673",29673,SC,34.712434,-82.510220,SFR,1993.0,3.0,,2045.0,0.806,,2023-11-28,Resale,,24860,"Greenville-Anderson-Greer, SC"
787671,45007,143-02-01-018,"110 GROVE PARK DR, ANDERSON, SC 29621",29621,SC,34.623399,-82.627621,SFR,2000.0,3.0,,2053.0,0.229,405000.0,2024-09-04,Resale,197.27,24860,"Greenville-Anderson-Greer, SC"
841921,45007,149-15-06-009,"602 WILDWOOD DR, ANDERSON, SC 29621",29621,SC,34.515682,-82.631671,SFR,,,,2303.0,0.547,272500.0,2024-02-08,Resale,118.32,24860,"Greenville-Anderson-Greer, SC"
914614,45007,123-25-10-002,"1310 N MURRAY AVE, ANDERSON, SC 29625",29625,SC,34.514678,-82.655149,WAREHOUSE,,,,3537.0,0.437,44000.0,2026-03-03,Resale,12.44,24860,"Greenville-Anderson-Greer, SC"
914629,45007,124-24-19-001,"802 S MCDUFFIE ST, ANDERSON, SC 29624",29624,SC,34.498839,-82.647882,SFR,,5.0,,3484.0,0.31,70000.0,2025-09-29,Resale,20.09,24860,"Greenville-Anderson-Greer, SC"
914632,45007,124-24-16-010,"819 S MCDUFFIE ST, ANDERSON, SC 29624",29624,SC,34.497818,-82.646922,SFR,,,,2862.0,0.32,,2024-03-01,Resale,,24860,"Greenville-Anderson-Greer, SC"
914642,45007,122-15-02-007,"2601 MILLGATE RD, ANDERSON, SC 29621",29621,SC,34.532249,-82.658044,SFR,,3.0,,4803.0,0.84,18900.0,2024-08-09,Resale,3.94,24860,"Greenville-Anderson-Greer, SC"
914652,45007,122-16-02-006,"2301 BELLVIEW RD, ANDERSON, SC 29621",29621,SC,34.527020,-82.653142,SFR,,3.0,,1501.0,0.468,208000.0,2025-07-10,Resale,138.57,24860,"Greenville-Anderson-Greer, SC"
914672,45007,070-01-01-006,"1017 WINDMILL TRL, ANDERSON, SC 29626",29626,SC,34.495458,-82.754060,SFR,,,,1256.0,0.58,215000.0,2025-02-07,Resale,171.18,24860,"Greenville-Anderson-Greer, SC"
914682,45007,149-09-02-003,"302 BRIGHTON RD, ANDERSON, SC 29621",29621,SC,34.519504,-82.634844,SFR,1985.0,3.0,,3834.0,0.74,566250.0,2024-08-02,Resale,147.69,24860,"Greenville-Anderson-Greer, SC"
914691,45007,149-10-05-002,"607 WILDWOOD DR, ANDERSON, SC 29621",29621,SC,34.516434,-82.632573,SFR,,,,1670.0,1.931,210000.0,2024-10-07,Resale,125.75,24860,"Greenville-Anderson-Greer, SC"
914711,45007,066-04-02-002,"1028 SOUTHERN ACRES, ANDERSON, SC 29625",29625,SC,34.571881,-82.769152,SFR,,3.0,,1989.0,1.033,,2025-05-06,Resale,,24860,"Greenville-Anderson-Greer, SC"
914714,45007,044-05-01-003,"406 ROWLAND RD, ANDERSON, SC 29625",29625,SC,34.574428,-82.786345,SFR,1981.0,3.0,,2865.0,0.94,430000.0,2023-09-12,Resale,150.09,24860,"Greenville-Anderson-Greer, SC"
914719,45007,044-05-02-019,"208 ROWLAND RD, ANDERSON, SC 29625",29625,SC,34.571804,-82.784463,MOBILE HOME,1993.0,3.0,,1904.0,1.38,220000.0,2025-06-23,Resale,115.55,24860,"Greenville-Anderson-Greer, SC"
952400,45007,007-00-03-006,"315 FAIRPLAY RD, TOWNVILLE, SC 29689",29689,SC,34.560906,-82.904139,SFR,,,,823.0,0.89,58000.0,2023-07-24,Resale,70.47,24860,"Greenville-Anderson-Greer, SC"
961934,45007,094-03-02-003,"1200 RIDEAU RD, ANDERSON, SC 29625",29625,SC,34.559770,-82.725939,SFR,1991.0,3.0,,2256.0,1.442,385000.0,2025-07-18,Resale,170.66,24860,"Greenville-Anderson-Greer, SC"
961938,45007,245-23-02-011,"6 ACADEMY DR, WILLIAMSTON, SC 29697",29697,SC,34.609336,-82.484864,SFR,,,,1030.0,0.353,87500.0,2025-09-30,Resale,84.95,24860,"Greenville-Anderson-Greer, SC"
961945,45007,244-05-02-005,"10 STEWART ST, WILLIAMSTON, SC 29697",29697,SC,34.623310,-82.474945,SFR,,,,1318.0,0.57,282750.0,2024-03-07,Resale,214.53,24860,"Greenville-Anderson-Greer, SC"
961946,45007,245-20-03-001,"28 BRUCE ST, WILLIAMSTON, SC 29697",29697,SC,34.618020,-82.490471,SFR,1989.0,,,1402.0,0.418,180000.0,2025-06-06,Resale,128.39,24860,"Greenville-Anderson-Greer, SC"
961954,45007,245-13-05-007,"16 LANDER ST, WILLIAMSTON, SC 29697",29697,SC,34.613094,-82.481037,SFR,,,,1151.0,0.211,100000.0,2025-12-17,Resale,86.88,24860,"Greenville-Anderson-Greer, SC"
1146791,45007,046-05-02-009,"311 BRIDGEVIEW DR, ANDERSON, SC 29625",29625,SC,34.525007,-82.768690,SFR,2001.0,3.0,,1370.0,0.606,260000.0,2024-08-28,Resale,189.78,24860,"Greenville-Anderson-Greer, SC"
1146792,45007,068-08-03-030,"425 GRAHAM RD, ANDERSON, SC 29625",29625,SC,34.530380,-82.763103,SFR,,,,1806.0,0.248,1150000.0,2025-12-29,Resale,636.77,24860,"Greenville-Anderson-Greer, SC"
1146796,45007,069-11-01-020,"1206 WESTGATE RD, ANDERSON, SC 29626",29626,SC,34.511231,-82.765320,SFR,1995.0,3.0,,1187.0,0.379,262000.0,2023-06-08,Resale,220.72,24860,"Greenville-Anderson-Greer, SC"
1146799,45007,046-05-02-015,"115 BRIDGEVIEW DR, ANDERSON, SC 29625",29625,SC,34.521697,-82.767565,SFR,2003.0,3.0,,1287.0,0.59,236511.0,2024-05-17,Resale,183.77,24860,"Greenville-Anderson-Greer, SC"
1188682,45007,249-04-04-008,"107 GUTHRIE AVE, BELTON, SC 29627",29627,SC,34.526473,-82.482367,SFR,,2.0,,901.0,0.362,,2025-01-08,Resale,,24860,"Greenville-Anderson-Greer, SC"
1188694,45007,226-03-03-007,"402 BROWN AVE, BELTON, SC 29627",29627,SC,34.517895,-82.491457,SFR,1922.0,3.0,,2317.0,0.78,445000.0,2026-02-09,Resale,192.06,24860,"Greenville-Anderson-Greer, SC"
1188702,45007,226-03-04-019,"104 WOODROW ST, BELTON, SC 29627",29627,SC,34.517524,-82.492984,SFR,,2.0,,1898.0,0.33,210000.0,2023-07-31,Resale,110.64,24860,"Greenville-Anderson-Greer, SC"
1205617,45007,167-01-01-020,"105 HUNTING MDW, WILLIAMSTON, SC 29697",29697,SC,34.666521,-82.588332,SFR,2002.0,3.0,,2384.0,0.91,,2024-03-29,Resale,,24860,"Greenville-Anderson-Greer, SC"
1206259,45007,049-03-01-006,"522 GALLOPING GHOST RD, ANDERSON, SC 29626",29626,SC,34.464506,-82.800341,SFR,,3.0,,1515.0,0.365,,2021-04-30,Resale,,24860,"Greenville-Anderson-Greer, SC"
1206264,45007,032-17-01-008,"225 RICHLAND POINT RD, ANDERSON, SC 29626",29626,SC,34.465320,-82.807582,SFR,2006.0,3.0,,1408.0,0.646,300000.0,2023-08-15,Resale,213.07,24860,"Greenville-Anderson-Greer, SC"
1206909,45007,245-26-01-011,"121 JESTER CT, WILLIAMSTON, SC 29697",29697,SC,34.615035,-82.467347,SFR,2001.0,3.0,,1441.0,0.364,290000.0,2024-04-17,Resale,201.25,24860,"Greenville-Anderson-Greer, SC"
1206911,45007,245-02-07-006,"203 LEE ST, WILLIAMSTON, SC 29697",29697,SC,34.620012,-82.461119,SFR,,,,948.0,0.344,135000.0,2025-04-15,Resale,142.41,24860,"Greenville-Anderson-Greer, SC"
1206913,45007,245-03-03-010,"101 BYRON ST, WILLIAMSTON, SC 29697",29697,SC,34.616834,-82.458221,SFR,,,,1762.0,0.89,250000.0,2025-04-02,Resale,141.88,24860,"Greenville-Anderson-Greer, SC"
1206919,45007,245-04-04-003,"30 CAMELIA CIR, WILLIAMSTON, SC 29697",29697,SC,34.611775,-82.458355,SFR,1992.0,3.0,,2243.0,0.914,350000.0,2024-08-19,Resale,156.04,24860,"Greenville-Anderson-Greer, SC"
1206921,45007,245-02-02-002,"4 RIVER DRIVE EXT, WILLIAMSTON, SC 29697",29697,SC,34.618254,-82.456016,SFR,1972.0,3.0,,2004.0,0.644,335000.0,2025-10-30,Resale,167.17,24860,"Greenville-Anderson-Greer, SC"
1217584,45007,212-01-02-006,"1117 BRIARWOOD DR, EASLEY, SC 29642",29642,SC,34.783594,-82.516603,SFR,,,,3126.0,0.689,470000.0,2026-01-27,Resale,150.35,24860,"Greenville-Anderson-Greer, SC"
1217585,45007,213-07-02-008,"205 WESTCHESTER WAY, EASLEY, SC 29642",29642,SC,34.782781,-82.504279,SFR,,,,2600.0,0.66,400000.0,2023-11-13,Resale,153.85,24860,"Greenville-Anderson-Greer, SC"
1257044,45007,235-05-02-002,"415 ROE RD, GREENVILLE, SC 29611",29611,SC,34.803614,-82.491531,MOBILE HOME,1999.0,,,2004.0,0.58,,2026-02-13,Resale,,24860,"Greenville-Anderson-Greer, SC"
1257089,45007,150-07-07-018,"911 E RIVER ST, ANDERSON, SC 29624",29624,SC,34.497377,-82.637786,SFR,,3.0,,1856.0,0.33,,2024-01-29,Resale,,24860,"Greenville-Anderson-Greer, SC"
1257109,45007,150-01-02-019,"505 E HAMPTON ST, ANDERSON, SC 29624",29624,SC,34.496124,-82.641352,RESIDENTIAL - VACANT LAND,,,,,0.145,11000.0,2025-05-19,Resale,,24860,"Greenville-Anderson-Greer, SC"
1257120,45007,221-04-06-010,"1002 ANDERSON DR, WILLIAMSTON, SC 29697",29697,SC,34.616199,-82.494070,SFR,,,,2020.0,0.698,249000.0,2023-06-26,Resale,123.27,24860,"Greenville-Anderson-Greer, SC"
1257124,45007,221-05-06-021,"104 KILGORE AVE, WILLIAMSTON, SC 29697",29697,SC,34.620433,-82.503824,SFR,,,,1743.0,0.47,290000.0,2025-05-16,Resale,166.38,24860,"Greenville-Anderson-Greer, SC"
1257131,45007,221-04-09-011,"12 DAVIS ST, WILLIAMSTON, SC 29697",29697,SC,34.617449,-82.494056,SFR,,,,1082.0,0.34,164500.0,2023-08-24,Resale,152.03,24860,"Greenville-Anderson-Greer, SC"
1257134,45007,221-05-08-001,"203 DUCKWORTH DR, WILLIAMSTON, SC 29697",29697,SC,34.617258,-82.499026,SFR,,,,1013.0,0.525,230000.0,2025-10-21,Resale,227.05,24860,"Greenville-Anderson-Greer, SC"
1257141,45007,221-04-01-002,"107 WALTON DR, WILLIAMSTON, SC 29697",29697,SC,34.617206,-82.497714,SFR,,,,1249.0,0.328,180000.0,2025-05-28,Resale,144.12,24860,"Greenville-Anderson-Greer, SC"
1257143,45007,125-21-01-014,"724 WOODMONT CIR, ANDERSON, SC 29624",29624,SC,34.474439,-82.645846,SFR,,,,,0.39,186700.0,2024-01-18,Resale,,24860,"Greenville-Anderson-Greer, SC"
1257150,45007,125-21-01-016,"720 WOODMONT CIR, ANDERSON, SC 29624",29624,SC,34.474395,-82.645185,SFR,,,,1250.0,0.39,45000.0,2025-05-08,Resale,36.0,24860,"Greenville-Anderson-Greer, SC"
1257151,45007,125-21-02-025,"729 WOODMONT CIR, ANDERSON, SC 29624",29624,SC,34.473799,-82.646779,SFR,,,,1121.0,0.772,,2025-12-11,Resale,,24860,"Greenville-Anderson-Greer, SC"
1257155,45007,150-17-02-009,"2801 LEFTWICH LN, ANDERSON, SC 29621",29621,SC,34.498346,-82.606255,SFR,,,,1163.0,0.436,210000.0,2023-08-03,Resale,180.57,24860,"Greenville-Anderson-Greer, SC"
1257177,45007,223-00-13-003,"13624 HIGHWAY 20, BELTON, SC 29627",29627,SC,34.566850,-82.489735,SFR,,2.0,,1223.0,3.53,,2025-08-07,Resale,,24860,"Greenville-Anderson-Greer, SC"
1335900,45007,095-07-01-005,"1205 CENTERVILLE RD, ANDERSON, SC 29625",29625,SC,34.526377,-82.723230,SFR,,3.0,,1214.0,0.36,,2024-09-26,New Construction,,24860,"Greenville-Anderson-Greer, SC"
1335907,45007,095-07-04-001,"105 CHESTNUT BLVD, ANDERSON, SC 29625",29625,SC,34.524615,-82.720879,SFR,,3.0,,1000.0,0.339,147950.0,2024-11-18,Resale,147.95,24860,"Greenville-Anderson-Greer, SC"
1335927,45007,221-13-07-007,"207 RIDGECREST WAY, WILLIAMSTON, SC 29697",29697,SC,34.622883,-82.525431,SFR,,,,1413.0,0.62,145000.0,2023-07-19,Resale,102.62,24860,"Greenville-Anderson-Greer, SC"
1335940,45007,221-13-08-011,"106 OLDFIELD CIR, WILLIAMSTON, SC 29697",29697,SC,34.619889,-82.523937,MOBILE HOME,2001.0,3.0,,1680.0,0.598,170000.0,2025-06-02,Resale,101.19,24860,"Greenville-Anderson-Greer, SC"
1335941,45007,221-13-05-032,"105 OLDFIELD CIR, WILLIAMSTON, SC 29697",29697,SC,34.618980,-82.522970,MOBILE HOME,1998.0,3.0,,1960.0,0.482,187000.0,2026-04-07,Resale,95.41,24860,"Greenville-Anderson-Greer, SC"
1335947,45007,221-13-04-018,"129 HILLCREST DR, WILLIAMSTON, SC 29697",29697,SC,34.620671,-82.522913,MOBILE HOME,1998.0,3.0,,1780.0,0.579,130000.0,2026-02-04,Resale,73.03,24860,"Greenville-Anderson-Greer, SC"
1335963,45007,226-17-03-003,"412 CEDAR LANE DR, BELTON, SC 29627",29627,SC,34.514625,-82.523982,SFR,,3.0,,2293.0,0.422,,2024-11-26,Resale,,24860,"Greenville-Anderson-Greer, SC"
1360754,45007,149-07-03-025,"709 MARSHALL AVE, ANDERSON, SC 29621",29621,SC,34.508597,-82.640824,SFR,,,,1395.0,0.156,227500.0,2023-08-04,Resale,163.08,24860,"Greenville-Anderson-Greer, SC"
1368528,45007,124-15-09-008,"707 GARY ST, ANDERSON, SC 29624",29624,SC,34.494462,-82.659307,RESIDENTIAL - VACANT LAND,,,,,0.103,5500.0,2024-09-26,Resale,,24860,"Greenville-Anderson-Greer, SC"
1368531,45007,124-15-09-015,"706 ILA ST, ANDERSON, SC 29624",29624,SC,34.494262,-82.659482,RESIDENTIAL - VACANT LAND,,,,,0.103,7000.0,2024-09-04,Resale,,24860,"Greenville-Anderson-Greer, SC"
1368550,45007,125-19-05-009,"205 BETTY ST, ANDERSON, SC 29624",29624,SC,34.466133,-82.653836,SFR,,2.0,,783.0,0.111,99500.0,2024-12-13,Resale,127.08,24860,"Greenville-Anderson-Greer, SC"
1368559,45007,124-19-02-015,"58 LEWIS ST, ANDERSON, SC 29624",29624,SC,34.483458,-82.656620,SFR,,,,1320.0,0.188,37000.0,2026-03-11,Resale,28.03,24860,"Greenville-Anderson-Greer, SC"
1368565,45007,124-19-03-016,"55 LEWIS ST, ANDERSON, SC 29624",29624,SC,34.482879,-82.656676,SFR,,,,1212.0,0.289,30000.0,2024-07-27,Resale,24.75,24860,"Greenville-Anderson-Greer, SC"
1464942,45007,204-01-06-012,"117 LONG NEEDLE WAY, ANDERSON, SC 29621",29621,SC,34.459682,-82.527833,SFR,2002.0,3.0,,1573.0,2.78,355000.0,2025-10-27,Resale,225.68,24860,"Greenville-Anderson-Greer, SC"
1485605,45007,148-18-02-012,"222 MAPLE DR, ANDERSON, SC 29621",29621,SC,34.531899,-82.606488,SFR,1997.0,3.0,,1099.0,0.35,225000.0,2024-10-02,Resale,204.73,24860,"Greenville-Anderson-Greer, SC"
1485623,45007,124-02-01-025,"304 HAZELWOOD AVE, ANDERSON, SC 29626",29626,SC,34.488049,-82.682418,SFR,,3.0,,1792.0,0.666,215000.0,2025-01-09,Resale,119.98,24860,"Greenville-Anderson-Greer, SC"
1485625,45007,097-02-02-026,"401 GREENMEADOW CIR, ANDERSON, SC 29626",29626,SC,34.493094,-82.696212,SFR,,3.0,,1436.0,0.498,,2023-10-31,Resale,,24860,"Greenville-Anderson-Greer, SC"
1485628,45007,096-20-01-006,"111 CASA DEL RIO DR, ANDERSON, SC 29625",29625,SC,34.515069,-82.695615,SFR,2001.0,3.0,,1731.0,0.226,225000.0,2024-07-26,Resale,129.98,24860,"Greenville-Anderson-Greer, SC"
1485630,45007,124-04-05-021,"303 KINGSBORO RD, ANDERSON, SC 29626",29626,SC,34.490836,-82.682198,SFR,,3.0,,1076.0,0.344,200000.0,2025-01-29,Resale,185.87,24860,"Greenville-Anderson-Greer, SC"
1485642,45007,097-01-06-009,"3022 SUNSET FOREST RD, ANDERSON, SC 29626",29626,SC,34.498169,-82.691428,SFR,,3.0,,1277.0,0.347,239000.0,2026-02-09,Resale,187.16,24860,"Greenville-Anderson-Greer, SC"
1485648,45007,066-03-03-003,"5005 HERMITAGE DR, ANDERSON, SC 29625",29625,SC,34.559269,-82.760788,SFR,2000.0,3.0,,2787.0,0.386,989000.0,2025-04-10,Resale,354.86,24860,"Greenville-Anderson-Greer, SC"
1485654,45007,044-16-03-007,"1014 BEAVER TRL, ANDERSON, SC 29625",29625,SC,34.566254,-82.784708,SFR,,,,1945.0,0.817,325000.0,2024-03-01,Resale,167.1,24860,"Greenville-Anderson-Greer, SC"
1485656,45007,044-06-02-002,"1005 BEAVER TRL, ANDERSON, SC 29625",29625,SC,34.567339,-82.782726,SFR,1998.0,,,1428.0,0.899,,2023-11-15,Resale,,24860,"Greenville-Anderson-Greer, SC"
1537746,45007,126-05-24-003,"130 WELLINGTON ST, ANDERSON, SC 29624",29624,SC,34.456590,-82.663073,SFR,,2.0,,1360.0,0.231,,2025-12-11,Resale,,24860,"Greenville-Anderson-Greer, SC"
1537754,45007,125-16-01-006,"3515 WILMONT ST, ANDERSON, SC 29624",29624,SC,34.463167,-82.656153,SFR,,,,664.0,0.79,,2025-08-25,Resale,,24860,"Greenville-Anderson-Greer, SC"
1537772,45007,123-22-01-011,"116 COCHRAN BLOCK, ANDERSON, SC 29625",29625,SC,34.504531,-82.661088,SFR,,,,2342.0,1.0,,2026-02-27,Resale,,24860,"Greenville-Anderson-Greer, SC"
1537775,45007,123-13-02-004,"106 R ST, ANDERSON, SC 29625",29625,SC,34.512248,-82.671214,TAX EXEMPT,,,,1185.0,0.196,,2025-06-06,Resale,,24860,"Greenville-Anderson-Greer, SC"
1537781,45007,123-24-04-005,"601 BLECKLEY ST, ANDERSON, SC 29625",29625,SC,34.509726,-82.659536,SFR,,2.0,,1583.0,0.268,100000.0,2025-04-10,Resale,63.17,24860,"Greenville-Anderson-Greer, SC"
1537785,45007,124-12-07-029,"117 SANDERS ST, ANDERSON, SC 29624",29624,SC,34.501681,-82.666798,SFR,,,,985.0,0.337,,2024-07-19,Resale,,24860,"Greenville-Anderson-Greer, SC"
1537795,45007,148-17-01-042,"116 AYCOCK DR, ANDERSON, SC 29621",29621,SC,34.530811,-82.615250,SFR,1994.0,3.0,,1441.0,0.63,280000.0,2026-03-06,Resale,194.31,24860,"Greenville-Anderson-Greer, SC"
1537798,45007,148-18-01-014,"2302 OLD WILLIAMSTON RD, ANDERSON, SC 29621",29621,SC,34.532911,-82.609881,SFR,,,,1556.0,0.265,,2024-08-08,Resale,,24860,"Greenville-Anderson-Greer, SC"
1537803,45007,148-18-01-021,"2316 OLD WILLIAMSTON RD, ANDERSON, SC 29621",29621,SC,34.534334,-82.608725,SFR,,,,1443.0,0.29,,2024-12-04,Resale,,24860,"Greenville-Anderson-Greer, SC"
1537813,45007,126-12-05-001,"3542 KEYS ST, ANDERSON, SC 29624",29624,SC,34.456125,-82.650457,RESIDENTIAL - VACANT LAND,,,,,0.376,,2025-12-30,Resale,,24860,"Greenville-Anderson-Greer, SC"
1537822,45007,219-00-03-007,"292 BALLARD RD, PELZER, SC 29669",29669,SC,34.654423,-82.519293,SFR,,,,2368.0,5.0,410000.0,2024-07-12,Resale,173.14,24860,"Greenville-Anderson-Greer, SC"
1537828,45007,218-00-17-001,"236 CLARDY RD, PELZER, SC 29669",29669,SC,34.669253,-82.528897,SFR,,,,1000.0,0.75,,,,,24860,"Greenville-Anderson-Greer, SC"
1537831,45007,218-00-16-036,"267 CLARDY RD, PELZER, SC 29669",29669,SC,34.669277,-82.530630,SFR,2002.0,3.0,,1081.0,0.78,220000.0,2024-12-20,Resale,203.52,24860,"Greenville-Anderson-Greer, SC"
1537839,45007,095-01-01-027,"700 BEAGLE RUN, ANDERSON, SC 29625",29625,SC,34.536433,-82.731047,SFR,1996.0,3.0,,1516.0,0.355,140000.0,2026-04-15,Resale,92.35,24860,"Greenville-Anderson-Greer, SC"
1568585,45007,249-02-02-002,"123 MAHAFFEY ST, BELTON, SC 29627",29627,SC,34.529361,-82.491582,RESIDENTIAL - VACANT LAND,,,,,0.475,30000.0,2025-08-28,Resale,,24860,"Greenville-Anderson-Greer, SC"
1568587,45007,249-02-08-007,"104 TOLLISON ST, BELTON, SC 29627",29627,SC,34.529223,-82.494811,SFR,,3.0,,1112.0,0.292,42000.0,2025-11-24,Resale,37.77,24860,"Greenville-Anderson-Greer, SC"
1568593,45007,249-02-04-002,"134 HOLLOWAY BLVD, BELTON, SC 29627",29627,SC,34.527471,-82.490185,SFR,,2.0,,936.0,0.888,28000.0,2023-11-03,Resale,29.91,24860,"Greenville-Anderson-Greer, SC"
1618962,45007,121-01-01-003,"505 WOODLAKE RD, ANDERSON, SC 29621",29621,SC,34.561983,-82.683201,SFR,,3.0,,1401.0,0.43,,2025-12-08,Resale,,24860,"Greenville-Anderson-Greer, SC"
1618969,45007,120-03-02-002,"308 ARCADIA DR, ANDERSON, SC 29621",29621,SC,34.560783,-82.671387,SFR,,,,3205.0,0.275,,2025-11-10,Resale,,24860,"Greenville-Anderson-Greer, SC"
1618975,45007,121-08-02-015,"507 BARCLIFF LN, ANDERSON, SC 29621",29621,SC,34.551026,-82.663388,SFR,2000.0,3.0,,2233.0,1.225,325500.0,2026-04-10,Resale,145.77,24860,"Greenville-Anderson-Greer, SC"
1635810,45007,167-00-02-011,"427 FIRETOWER RD, WILLIAMSTON, SC 29697",29697,SC,34.666090,-82.601432,MOBILE HOME,1999.0,,,1280.0,2.17,30000.0,2024-05-03,Resale,23.44,24860,"Greenville-Anderson-Greer, SC"
1694661,45007,246-00-05-040,"1205 MILL STREET EXT, BELTON, SC 29627",29627,SC,34.587763,-82.467142,SFR,2000.0,3.0,,1890.0,9.59,518000.0,2023-11-29,Resale,274.07,24860,"Greenville-Anderson-Greer, SC"
1694671,45007,154-00-05-014,"1933 MIDDLETON RD, ANDERSON, SC 29624",29624,SC,34.412778,-82.623738,SFR,,2.0,,768.0,0.67,122000.0,2023-09-19,Resale,158.85,24860,"Greenville-Anderson-Greer, SC"
1694672,45007,153-04-01-007,"617 MCKENZIE DR, ANDERSON, SC 29624",29624,SC,34.428821,-82.621640,SFR,,,,1348.0,0.7,,2024-06-26,Resale,,24860,"Greenville-Anderson-Greer, SC"
1718778,45007,124-24-05-005,"1220 S MCDUFFIE ST, ANDERSON, SC 29624",29624,SC,34.493813,-82.646852,SFR,,,,2170.0,0.409,339000.0,2023-10-16,Resale,156.22,24860,"Greenville-Anderson-Greer, SC"
1718786,45007,040-13-04-026,"304 HILLCREST DR, PENDLETON, SC 29670",29670,SC,34.638812,-82.786366,SFR,2009.0,,,1921.0,0.344,275000.0,2024-01-25,Resale,143.15,24860,"Greenville-Anderson-Greer, SC"
1718792,45007,040-12-01-039,"390 MICASA DR, PENDLETON, SC 29670",29670,SC,34.645755,-82.783949,SFR,,3.0,,1304.0,0.054,130000.0,2025-12-15,Resale,99.69,24860,"Greenville-Anderson-Greer, SC"
1718802,45007,041-02-01-011,"207 WOODY RD, PENDLETON, SC 29670",29670,SC,34.631770,-82.786420,MOBILE HOME,1995.0,3.0,,1680.0,0.81,100000.0,2024-05-07,Resale,59.52,24860,"Greenville-Anderson-Greer, SC"
1718805,45007,041-02-01-007,"208 SWANEY CIR, PENDLETON, SC 29670",29670,SC,34.631407,-82.784396,SFR,,3.0,,1328.0,0.57,,2025-06-18,Resale,,24860,"Greenville-Anderson-Greer, SC"
1718806,45007,040-13-02-008,"915 PIONEER RD, PENDLETON, SC 29670",29670,SC,34.636432,-82.784016,RESIDENTIAL - VACANT LAND,,,,,0.4,60000.0,2024-02-08,Resale,,24860,"Greenville-Anderson-Greer, SC"
1718807,45007,041-02-01-005,"202 SWANEY CIR, PENDLETON, SC 29670",29670,SC,34.631826,-82.784669,SFR,,2.0,,1541.0,0.378,,2025-06-18,Resale,,24860,"Greenville-Anderson-Greer, SC"
1718809,45007,040-13-02-007,"916 S MECHANIC ST, PENDLETON, SC 29670",29670,SC,34.636290,-82.783515,SFR,,,,1208.0,0.633,228000.0,2023-09-26,Resale,188.74,24860,"Greenville-Anderson-Greer, SC"
1718814,45007,096-17-08-014,"664B HUNTERS LN, ANDERSON, SC 29625",29625,SC,34.520144,-82.703206,SFR,2003.0,4.0,,2509.0,0.23,300000.0,2024-12-16,Resale,119.57,24860,"Greenville-Anderson-Greer, SC"
1718822,45007,096-17-03-056,"612 HUNTERS LN, ANDERSON, SC 29625",29625,SC,34.520991,-82.704371,SFR,2002.0,3.0,,1917.0,0.29,260000.0,2023-07-06,Resale,135.63,24860,"Greenville-Anderson-Greer, SC"
1718823,45007,096-17-03-035,"510 HUNTERS LN, ANDERSON, SC 29625",29625,SC,34.522588,-82.702915,SFR,1997.0,3.0,,1907.0,0.47,248000.0,2026-02-27,Resale,130.05,24860,"Greenville-Anderson-Greer, SC"
1718829,45007,096-17-03-052,"604 HUNTERS LN, ANDERSON, SC 29625",29625,SC,34.521462,-82.703788,SFR,1999.0,3.0,,1928.0,0.394,297000.0,2024-11-05,Resale,154.05,24860,"Greenville-Anderson-Greer, SC"
1742209,45007,275-04-04-016,"10 PARK AVE, HONEA PATH, SC 29654",29654,SC,34.448565,-82.400475,SFR,1994.0,3.0,,1316.0,0.46,203000.0,2024-12-16,Resale,154.26,24860,"Greenville-Anderson-Greer, SC"
1742212,45007,276-11-02-002,"314 E HAMPTON AVE, HONEA PATH, SC 29654",29654,SC,34.441729,-82.379632,SFR,,,,1100.0,0.72,149925.0,2024-10-17,Resale,136.3,24860,"Greenville-Anderson-Greer, SC"
1742225,45007,276-10-04-004,"205 SANDERS ST, HONEA PATH, SC 29654",29654,SC,34.441626,-82.387376,SFR,,,,795.0,0.224,33000.0,2026-02-23,Resale,41.51,24860,"Greenville-Anderson-Greer, SC"
1742240,45007,063-04-01-033,"108 PERIWINKLE CT, PENDLETON, SC 29670",29670,SC,34.627846,-82.763800,SFR,2002.0,3.0,,1402.0,0.63,252000.0,2024-07-02,Resale,179.74,24860,"Greenville-Anderson-Greer, SC"
1763000,45007,244-08-02-003,"3 WARDLAW ST, PELZER, SC 29669",29669,SC,34.640850,-82.458623,SFR,,,,1266.0,0.47,100000.0,2025-03-03,Resale,78.99,24860,"Greenville-Anderson-Greer, SC"
1763004,45007,244-09-12-003,"19 ADGER ST, PELZER, SC 29669",29669,SC,34.638193,-82.454254,SFR,,,,1618.0,0.18,,2025-09-02,Resale,,24860,"Greenville-Anderson-Greer, SC"
1763006,45007,244-09-03-008,"16 ADGER ST, PELZER, SC 29669",29669,SC,34.638784,-82.454292,SFR,1996.0,,,1265.0,0.317,227500.0,2025-06-16,Resale,179.84,24860,"Greenville-Anderson-Greer, SC"
1763007,45007,244-09-03-007,"18 ADGER ST, PELZER, SC 29669",29669,SC,34.638569,-82.454016,SFR,,,,945.0,0.354,70000.0,2025-09-11,Resale,74.07,24860,"Greenville-Anderson-Greer, SC"
1763012,45007,244-09-06-003,"24 ADGER ST, PELZER, SC 29669",29669,SC,34.637834,-82.453561,SFR,,,,1014.0,0.357,102525.0,2023-12-29,Resale,101.11,24860,"Greenville-Anderson-Greer, SC"
1797755,45007,125-07-08-001,"3403 HOWLAND DR, ANDERSON, SC 29626",29626,SC,34.474166,-82.662964,SFR,,,,808.0,0.27,97000.0,2024-10-18,Resale,120.05,24860,"Greenville-Anderson-Greer, SC"
1817932,45007,123-18-10-003,"309 MORRIS LN, ANDERSON, SC 29625",29625,SC,34.516843,-82.659728,SFR,,,,1088.0,0.203,50000.0,2024-03-20,Resale,45.96,24860,"Greenville-Anderson-Greer, SC"
1817941,45007,123-25-04-006,"1511 STEPHENS ST, ANDERSON, SC 29625",29625,SC,34.517221,-82.658582,SFR,,3.0,,738.0,0.162,27500.0,2026-01-07,Resale,37.26,24860,"Greenville-Anderson-Greer, SC"
1818529,45007,149-05-03-008,"914 PICKENS ST, ANDERSON, SC 29621",29621,SC,34.504863,-82.633276,SFR,,,,1003.0,0.12,40000.0,2023-08-28,Resale,39.88,24860,"Greenville-Anderson-Greer, SC"
1903437,45007,249-12-01-005,"108 BERRY CT, BELTON, SC 29627",29627,SC,34.537843,-82.473073,SFR,2001.0,3.0,,1063.0,0.413,185000.0,2024-03-22,Resale,174.04,24860,"Greenville-Anderson-Greer, SC"
1903457,45007,073-00-01-001,"825 BROADWELL MILL RD, ANDERSON, SC 29626",29626,SC,34.435571,-82.763887,SFR,1969.0,,,1588.0,28.36,78200.0,2026-04-28,Resale,49.24,24860,"Greenville-Anderson-Greer, SC"
1903475,45007,225-01-04-009,"25 STRINGER ST, BELTON, SC 29627",29627,SC,34.525556,-82.499180,SFR,,2.0,,875.0,0.163,12000.0,2025-04-11,Resale,13.71,24860,"Greenville-Anderson-Greer, SC"
1903477,45007,225-01-04-010,"23 STRINGER ST, BELTON, SC 29627",29627,SC,34.525794,-82.499092,SFR,,2.0,,1154.0,0.161,215000.0,2025-08-29,Resale,186.31,24860,"Greenville-Anderson-Greer, SC"
1903481,45007,225-03-17-001,"14 MCGEE ST, BELTON, SC 29627",29627,SC,34.526806,-82.499420,SFR,,3.0,,1093.0,0.147,15000.0,2025-03-27,Resale,13.72,24860,"Greenville-Anderson-Greer, SC"
1903487,45007,225-14-02-017,"136 RICE ST, BELTON, SC 29627",29627,SC,34.528654,-82.502352,SFR,,2.0,,926.0,0.134,50000.0,2023-09-26,Resale,54.0,24860,"Greenville-Anderson-Greer, SC"
1903491,45007,225-14-02-008,"27 SMYTHE ST, BELTON, SC 29627",29627,SC,34.528696,-82.503585,SFR,,4.0,,1622.0,0.199,60000.0,2024-10-03,Resale,36.99,24860,"Greenville-Anderson-Greer, SC"
1903493,45007,225-14-01-004,"24 SMYTHE ST, BELTON, SC 29627",29627,SC,34.529075,-82.503363,SFR,,2.0,,904.0,0.158,30000.0,2024-06-04,Resale,33.19,24860,"Greenville-Anderson-Greer, SC"
1903497,45007,225-14-03-003,"108 RICE ST, BELTON, SC 29627",29627,SC,34.527926,-82.504320,SFR,,2.0,,1212.0,0.251,18000.0,2026-04-22,Resale,14.85,24860,"Greenville-Anderson-Greer, SC"
1903507,45007,225-14-04-017,"29 BLAKE ST, BELTON, SC 29627",29627,SC,34.526820,-82.502686,SFR,,2.0,,1062.0,0.186,121200.0,2024-02-08,Resale,114.12,24860,"Greenville-Anderson-Greer, SC"
1903508,45007,225-14-04-018,"31 BLAKE ST, BELTON, SC 29627",29627,SC,34.526820,-82.502988,SFR,,2.0,,1539.0,0.211,15810.0,2023-10-10,Resale,10.27,24860,"Greenville-Anderson-Greer, SC"
1903512,45007,225-14-04-013,"16 BLAKE ST, BELTON, SC 29627",29627,SC,34.526854,-82.501498,SFR,,3.0,,1614.0,0.186,180000.0,2023-07-28,Resale,111.52,24860,"Greenville-Anderson-Greer, SC"
1903513,45007,225-14-04-012,"12 BLAKE ST, BELTON, SC 29627",29627,SC,34.526863,-82.501201,SFR,,4.0,,1717.0,0.184,,2024-05-08,Resale,,24860,"Greenville-Anderson-Greer, SC"
1920810,45007,148-04-07-002,"106 POSTELLE DR, ANDERSON, SC 29621",29621,SC,34.523912,-82.644312,SFR,1960.0,,,3875.0,0.98,530000.0,2024-07-31,Resale,136.77,24860,"Greenville-Anderson-Greer, SC"
1920822,45007,148-32-01-037,"114 JAMES LAWRENCE ORR DR, ANDERSON, SC 29621",29621,SC,34.531952,-82.638770,SFR,2002.0,3.0,,2055.0,0.294,357478.0,2024-08-13,Resale,173.96,24860,"Greenville-Anderson-Greer, SC"
1920823,45007,148-21-06-016,"2906 LITTLE CREEK DR, ANDERSON, SC 29621",29621,SC,34.528794,-82.644048,SFR,,,,1769.0,0.919,235000.0,2024-12-13,Resale,132.84,24860,"Greenville-Anderson-Greer, SC"
1963956,45007,217-00-03-055,"930 HURRICANE CREEK RD, PIEDMONT, SC 29673",29673,SC,34.682747,-82.529226,SFR,1990.0,3.0,,2134.0,5.26,405000.0,2026-04-23,Resale,189.78,24860,"Greenville-Anderson-Greer, SC"
1963965,45007,191-00-07-006,"514 WREN RD, PIEDMONT, SC 29673",29673,SC,34.706948,-82.535688,AGRICULTURAL LAND,,,,,1.1,20000.0,2024-07-10,Resale,,24860,"Greenville-Anderson-Greer, SC"
2015646,45007,164-01-01-022,"5132 SUNSET DR, EASLEY, SC 29642",29642,SC,34.742572,-82.602215,SFR,1999.0,3.0,,1996.0,1.8,410000.0,2023-07-07,Resale,205.41,24860,"Greenville-Anderson-Greer, SC"
2059093,45007,215-06-01-051,"305 HUDDERSFIELD DR, PIEDMONT, SC 29673",29673,SC,34.738718,-82.506408,SFR,1996.0,3.0,,1813.0,0.563,331000.0,2023-08-25,Resale,182.57,24860,"Greenville-Anderson-Greer, SC"
2059094,45007,215-06-01-035,"304 HUDDERSFIELD DR, PIEDMONT, SC 29673",29673,SC,34.738042,-82.505520,SFR,1998.0,3.0,,1812.0,0.486,395000.0,2024-03-14,Resale,217.99,24860,"Greenville-Anderson-Greer, SC"
2119179,45007,095-10-01-012,"113 RHODEHAVEN DR, ANDERSON, SC 29625",29625,SC,34.528786,-82.712139,RESIDENTIAL - VACANT LAND,,,,,0.707,23500.0,2023-09-25,Resale,,24860,"Greenville-Anderson-Greer, SC"
2119207,45007,119-05-02-003,"3011 BRACKENBERRY DR, ANDERSON, SC 29621",29621,SC,34.584628,-82.658764,SFR,1988.0,4.0,,3057.0,0.895,450000.0,2025-09-29,Resale,147.2,24860,"Greenville-Anderson-Greer, SC"
2146564,45007,123-26-03-031,"1700 EDGEWOOD AVE, ANDERSON, SC 29625",29625,SC,34.516906,-82.663329,SFR,,,,1069.0,0.136,31000.0,2024-12-12,Resale,29.0,24860,"Greenville-Anderson-Greer, SC"
2146566,45007,123-26-01-017,"1707 EDGEWOOD AVE, ANDERSON, SC 29625",29625,SC,34.517436,-82.664136,SFR,,3.0,,1790.0,0.79,180000.0,2023-10-06,Resale,100.56,24860,"Greenville-Anderson-Greer, SC"
2216863,45007,148-27-01-024,"409 LAUREL CRK, ANDERSON, SC 29621",29621,SC,34.532339,-82.624257,SFR,1986.0,,,1349.0,0.337,260000.0,2025-01-08,Resale,192.74,24860,"Greenville-Anderson-Greer, SC"
2216867,45007,148-24-03-032,"154 ASHTON LN, ANDERSON, SC 29621",29621,SC,34.533388,-82.625897,SFR,1998.0,1.0,,1134.0,0.309,205000.0,2023-11-22,Resale,180.78,24860,"Greenville-Anderson-Greer, SC"
2216875,45007,148-13-01-088,"110 LONDONBERRY DR, ANDERSON, SC 29621",29621,SC,34.532015,-82.621946,SFR,1991.0,3.0,,1323.0,0.12,,2025-05-08,Resale,,24860,"Greenville-Anderson-Greer, SC"
2216880,45007,148-27-02-012,"1907 E CALHOUN ST, ANDERSON, SC 29621",29621,SC,34.532785,-82.623088,SFR,1981.0,,,1459.0,0.32,33333.0,2024-10-31,Resale,22.85,24860,"Greenville-Anderson-Greer, SC"
2216881,45007,148-27-02-011,"1909 E CALHOUN ST, ANDERSON, SC 29621",29621,SC,34.533017,-82.622984,SFR,1981.0,,,1382.0,0.31,220000.0,2023-06-26,Resale,159.19,24860,"Greenville-Anderson-Greer, SC"
2219280,45007,249-06-02-014,"108 MCCOY ST, BELTON, SC 29627",29627,SC,34.529406,-82.481898,SFR,,2.0,,883.0,0.241,98000.0,2024-09-30,Resale,110.99,24860,"Greenville-Anderson-Greer, SC"
2219282,45007,249-04-02-012,"604 ONEAL ST, BELTON, SC 29627",29627,SC,34.524689,-82.485356,SFR,,2.0,,943.0,0.43,70000.0,2025-04-10,Resale,74.23,24860,"Greenville-Anderson-Greer, SC"
2219285,45007,249-05-03-007,"220 GUTHRIE AVE, BELTON, SC 29627",29627,SC,34.523410,-82.479784,SFR,,2.0,,1326.0,0.612,200000.0,2023-10-20,Resale,150.83,24860,"Greenville-Anderson-Greer, SC"
2219286,45007,249-05-03-008,"218 GUTHRIE AVE, BELTON, SC 29627",29627,SC,34.523652,-82.479921,SFR,,2.0,,908.0,0.344,141000.0,2023-09-06,Resale,155.29,24860,"Greenville-Anderson-Greer, SC"
2252212,45007,122-08-01-007,"228 BEDFORD FOREST AVE, ANDERSON, SC 29625",29625,SC,34.536170,-82.672598,SFR,,3.0,,1660.0,0.38,228500.0,2024-03-07,Resale,137.65,24860,"Greenville-Anderson-Greer, SC"
2252217,45007,122-07-04-002,"418 WOODCREST DR, ANDERSON, SC 29625",29625,SC,34.531763,-82.674906,SFR,,,,1196.0,0.236,205000.0,2024-07-19,Resale,171.4,24860,"Greenville-Anderson-Greer, SC"
2252224,45007,122-07-04-005,"412 WHITEHALL RD, ANDERSON, SC 29625",29625,SC,34.530941,-82.674856,SFR,,,,1786.0,0.36,,2024-01-23,Resale,,24860,"Greenville-Anderson-Greer, SC"
2260978,45007,189-09-01-010,"115 RIDGEMONT CT, EASLEY, SC 29642",29642,SC,34.753256,-82.568624,SFR,1991.0,,,1777.0,0.487,240000.0,2024-09-18,Resale,135.06,24860,"Greenville-Anderson-Greer, SC"
2260979,45007,189-06-05-019,"501 PINNACLE CT, EASLEY, SC 29642",29642,SC,34.756720,-82.561877,SFR,1988.0,,,1736.0,0.325,62500.0,2025-06-26,Resale,36.0,24860,"Greenville-Anderson-Greer, SC"
2269551,45007,238-05-01-069,"200 HOLLY CHASE, PIEDMONT, SC 29673",29673,SC,34.757305,-82.467849,SFR,1999.0,3.0,,2970.0,0.57,,2026-04-20,Resale,,24860,"Greenville-Anderson-Greer, SC"
2323404,45007,252-00-08-003,"202 BILL KAY RD, BELTON, SC 29627",29627,SC,34.476817,-82.457262,SFR,,,,1500.0,1.061,,2026-04-01,Resale,,24860,"Greenville-Anderson-Greer, SC"
2323415,45007,148-31-02-004,"502 LAURENS DR, ANDERSON, SC 29621",29621,SC,34.543744,-82.615710,SFR,1995.0,3.0,,1960.0,0.286,295000.0,2023-07-31,Resale,150.51,24860,"Greenville-Anderson-Greer, SC"
2323431,45007,148-31-02-034,"733 BRITTON ST, ANDERSON, SC 29621",29621,SC,34.545101,-82.611941,SFR,2001.0,3.0,,1932.0,0.215,300000.0,2023-10-05,Resale,155.28,24860,"Greenville-Anderson-Greer, SC"
2323433,45007,148-31-02-032,"731 BRITTON ST, ANDERSON, SC 29621",29621,SC,34.545052,-82.612322,SFR,2003.0,3.0,,1963.0,0.165,331000.0,2024-08-15,Resale,168.62,24860,"Greenville-Anderson-Greer, SC"
2323511,45007,267-00-03-015,"106 CLAROL DR, HONEA PATH, SC 29654",29654,SC,34.462329,-82.420009,SFR,,,,2268.0,7.34,432500.0,2024-05-17,Resale,190.7,24860,"Greenville-Anderson-Greer, SC"
2335220,45007,148-26-02-002,"109 ELLIOTT CIR, ANDERSON, SC 29621",29621,SC,34.528443,-82.628296,SFR,2000.0,,,1628.0,0.14,279000.0,2025-11-03,Resale,171.38,24860,"Greenville-Anderson-Greer, SC"
2335443,45007,147-17-01-057,"100 ARDEN CHASE, ANDERSON, SC 29621",29621,SC,34.546635,-82.649705,SFR,1991.0,4.0,,3335.0,0.69,585000.0,2025-02-21,Resale,175.41,24860,"Greenville-Anderson-Greer, SC"
2335445,45007,121-16-01-051,"112 GARDEN GATE DR, ANDERSON, SC 29621",29621,SC,34.544889,-82.647844,SFR,1996.0,,,3237.0,0.447,,2025-09-29,Resale,,24860,"Greenville-Anderson-Greer, SC"
2335457,45007,147-17-01-035,"1006 THORNEHILL DR, ANDERSON, SC 29621",29621,SC,34.546010,-82.648048,SFR,2022.0,,,3431.0,1.52,1150000.0,2024-07-10,Resale,335.18,24860,"Greenville-Anderson-Greer, SC"
2335458,45007,121-14-07-007,"110 KINGSWOOD TER, ANDERSON, SC 29621",29621,SC,34.549880,-82.653359,SFR,,3.0,,1810.0,0.384,155000.0,2024-09-05,Resale,85.64,24860,"Greenville-Anderson-Greer, SC"
2335459,45007,121-14-07-005,"114 KINGSWOOD TER, ANDERSON, SC 29621",29621,SC,34.550708,-82.653388,SFR,,3.0,,1588.0,0.181,251800.0,2023-06-28,Resale,158.56,24860,"Greenville-Anderson-Greer, SC"
2357060,45007,213-08-01-017,"103 HORNBUCKLE DR, EASLEY, SC 29642",29642,SC,34.772254,-82.514506,SFR,1998.0,4.0,,3326.0,0.57,540000.0,2025-06-04,Resale,162.36,24860,"Greenville-Anderson-Greer, SC"
2385788,45007,238-05-01-076,"105 HOMESTEAD DR, PIEDMONT, SC 29673",29673,SC,34.756835,-82.468383,SFR,2001.0,3.0,,2110.0,0.95,620000.0,2025-09-04,Resale,293.84,24860,"Greenville-Anderson-Greer, SC"
2385793,45007,238-05-01-086,"100 HOMESTEAD DR, PIEDMONT, SC 29673",29673,SC,34.757251,-82.469525,SFR,2000.0,3.0,,2671.0,0.66,383000.0,2023-06-16,Resale,143.39,24860,"Greenville-Anderson-Greer, SC"
2405478,45007,175-04-04-005,"1620 PRESTON DR, ANDERSON, SC 29621",29621,SC,34.514310,-82.591357,SFR,,2.0,,1195.0,0.289,192500.0,2025-04-25,Resale,161.09,24860,"Greenville-Anderson-Greer, SC"
2450360,45007,226-18-02-004,"113 LAUREL LN, BELTON, SC 29627",29627,SC,34.513748,-82.500808,SFR,,4.0,,4228.0,1.566,687500.0,2025-06-11,Resale,162.61,24860,"Greenville-Anderson-Greer, SC"
2468134,45007,149-04-11-021,"413 GRAY ST, ANDERSON, SC 29624",29624,SC,34.501771,-82.640192,SFR,1940.0,,,1254.0,0.115,38000.0,2023-02-09,Resale,30.3,24860,"Greenville-Anderson-Greer, SC"
2474310,45007,275-01-03-006,"708 N MAIN ST, HONEA PATH, SC 29654",29654,SC,34.454343,-82.406403,SFR,,2.0,,1224.0,0.652,,2024-05-22,Resale,,24860,"Greenville-Anderson-Greer, SC"
2474316,45007,275-02-01-017,"610 HEYWARD AVE, HONEA PATH, SC 29654",29654,SC,34.452781,-82.404605,SFR,,,,789.0,0.22,30000.0,2026-02-13,Resale,38.02,24860,"Greenville-Anderson-Greer, SC"
2479373,45007,148-31-03-010,"706 BRITTON ST, ANDERSON, SC 29621",29621,SC,34.543404,-82.614349,SFR,2008.0,4.0,,2531.0,0.25,291300.0,2023-08-25,Resale,115.09,24860,"Greenville-Anderson-Greer, SC"
2496807,45007,188-06-01-018,"114 BALLENTINE RD, EASLEY, SC 29642",29642,SC,34.774935,-82.571207,SFR,2002.0,3.0,,1424.0,0.64,299900.0,2025-06-19,Resale,210.6,24860,"Greenville-Anderson-Greer, SC"
2496813,45007,188-06-01-011,"128 BALLENTINE RD, EASLEY, SC 29642",29642,SC,34.777056,-82.571052,SFR,2002.0,4.0,,1613.0,0.7,289900.0,2024-05-13,Resale,179.73,24860,"Greenville-Anderson-Greer, SC"
2496814,45007,162-01-01-010,"127 BALLENTINE RD, EASLEY, SC 29642",29642,SC,34.775709,-82.572020,MOBILE HOME,2011.0,3.0,,1456.0,0.914,225000.0,2026-04-29,Resale,154.53,24860,"Greenville-Anderson-Greer, SC"
2497160,45007,176-15-05-002,"2604 AMITY RD, BELTON, SC 29627",29627,SC,34.491529,-82.569796,SFR,,3.0,,1061.0,0.337,155000.0,2026-02-26,Resale,146.09,24860,"Greenville-Anderson-Greer, SC"
2497161,45007,176-15-05-003,"2606 AMITY RD, BELTON, SC 29627",29627,SC,34.491285,-82.569626,SFR,,3.0,,1512.0,0.337,75000.0,2026-04-22,Resale,49.6,24860,"Greenville-Anderson-Greer, SC"
2544770,45007,221-05-06-006,"15 GLENWOOD AVE, WILLIAMSTON, SC 29697",29697,SC,34.619096,-82.502566,SFR,,,,1658.0,0.41,300000.0,2025-02-10,Resale,180.94,24860,"Greenville-Anderson-Greer, SC"
2544779,45007,123-16-02-008,"805 GLENWOOD AVE, ANDERSON, SC 29625",29625,SC,34.523004,-82.671520,SFR,,3.0,,2085.0,0.34,95000.0,2025-08-26,Resale,45.56,24860,"Greenville-Anderson-Greer, SC"
2544781,45007,123-16-02-019,"125 BEULAH DR, ANDERSON, SC 29625",29625,SC,34.522815,-82.673541,SFR,,,,1211.0,0.139,197000.0,2026-04-22,Resale,162.68,24860,"Greenville-Anderson-Greer, SC"
2544792,45007,122-06-01-017,"213 WESTWIND RD, ANDERSON, SC 29625",29625,SC,34.526248,-82.674877,SFR,,3.0,,1276.0,0.312,204000.0,2024-03-14,Resale,159.87,24860,"Greenville-Anderson-Greer, SC"
2544822,45007,178-10-01-006,"904 LAKESIDE DR, ANDERSON, SC 29621",29621,SC,34.457626,-82.592957,SFR,,1.0,,794.0,0.36,250000.0,2024-02-26,Resale,314.86,24860,"Greenville-Anderson-Greer, SC"
2549650,45007,099-07-01-021,"104 SPRING HILL RD, ANDERSON, SC 29626",29626,SC,34.444652,-82.720733,MOBILE HOME,1994.0,,,1456.0,1.03,93000.0,2025-06-12,Resale,63.87,24860,"Greenville-Anderson-Greer, SC"
2549661,45007,122-20-04-002,"517 CONCORD AVE, ANDERSON, SC 29621",29621,SC,34.534046,-82.655441,SFR,,3.0,,1640.0,0.409,255000.0,2025-01-09,Resale,155.49,24860,"Greenville-Anderson-Greer, SC"
2549662,45007,122-19-02-015,"501 DRAYTON CIR, ANDERSON, SC 29621",29621,SC,34.531754,-82.653769,SFR,,3.0,,1860.0,0.493,240000.0,2024-07-12,Resale,129.03,24860,"Greenville-Anderson-Greer, SC"
2549668,45007,122-18-04-028,"104 MCGEE CT, ANDERSON, SC 29621",29621,SC,34.528256,-82.655073,SFR,2003.0,3.0,,2147.0,0.212,260000.0,2026-02-23,Resale,121.1,24860,"Greenville-Anderson-Greer, SC"
2549674,45007,122-18-03-027,"2301 POPLAR LN, ANDERSON, SC 29621",29621,SC,34.529185,-82.654305,SFR,,2.0,,1474.0,0.366,223000.0,2023-09-15,Resale,151.29,24860,"Greenville-Anderson-Greer, SC"
2549676,45007,122-18-03-026,"2303 POPLAR LN, ANDERSON, SC 29621",29621,SC,34.529092,-82.653962,SFR,,3.0,,1505.0,0.36,235500.0,2024-11-15,Resale,156.48,24860,"Greenville-Anderson-Greer, SC"
2549678,45007,095-19-02-010,"119 ASHWOOD LN, ANDERSON, SC 29625",29625,SC,34.523851,-82.697622,SFR,2002.0,3.0,,1464.0,0.21,240000.0,2026-01-28,Resale,163.93,24860,"Greenville-Anderson-Greer, SC"
2549684,45007,123-01-09-001,"304 AZALEA DR, ANDERSON, SC 29625",29625,SC,34.521709,-82.687463,SFR,2000.0,2.0,,1823.0,0.605,221200.0,2024-07-17,Resale,121.34,24860,"Greenville-Anderson-Greer, SC"
2549709,45007,123-13-14-003,"11 P ST, ANDERSON, SC 29625",29625,SC,34.510212,-82.669305,SFR,,2.0,,971.0,0.174,360000.0,2025-11-19,Resale,370.75,24860,"Greenville-Anderson-Greer, SC"
2549717,45007,123-13-10-004,"5 P ST, ANDERSON, SC 29625",29625,SC,34.510968,-82.669444,TAX EXEMPT,,2.0,,1133.0,0.174,,2025-06-06,Resale,,24860,"Greenville-Anderson-Greer, SC"
2549720,45007,176-14-03-004,"500 ESTES DR, ANDERSON, SC 29621",29621,SC,34.486911,-82.599115,SFR,,3.0,,1125.0,0.427,60000.0,2024-07-19,Resale,53.33,24860,"Greenville-Anderson-Greer, SC"
2549730,45007,176-07-05-009,"1008 FAIRFIELD DR, ANDERSON, SC 29621",29621,SC,34.491352,-82.607435,SFR,,3.0,,1425.0,0.367,,2024-08-08,Resale,,24860,"Greenville-Anderson-Greer, SC"
2549741,45007,126-04-02-023,"209 WELLINGTON CT, ANDERSON, SC 29624",29624,SC,34.459348,-82.658482,SFR,,,,1304.0,0.26,154000.0,2023-12-21,Resale,118.1,24860,"Greenville-Anderson-Greer, SC"
2549751,45007,175-05-02-006,"1714 E PARK DR, ANDERSON, SC 29621",29621,SC,34.513172,-82.594676,SFR,,3.0,,993.0,0.335,,2023-07-27,Resale,,24860,"Greenville-Anderson-Greer, SC"
2549752,45007,175-05-02-005,"1710 E PARK DR, ANDERSON, SC 29621",29621,SC,34.513254,-82.594292,SFR,,2.0,,688.0,0.511,,2023-11-08,Resale,,24860,"Greenville-Anderson-Greer, SC"
2549755,45007,249-06-02-021,"608 RIVER ST, BELTON, SC 29627",29627,SC,34.527992,-82.483451,SFR,,2.0,,957.0,0.482,192000.0,2024-07-12,Resale,200.63,24860,"Greenville-Anderson-Greer, SC"
2549759,45007,249-04-04-001,"601 RIVER ST, BELTON, SC 29627",29627,SC,34.527120,-82.483776,SFR,,2.0,,1361.0,0.381,177000.0,2024-04-04,Resale,130.05,24860,"Greenville-Anderson-Greer, SC"
2549760,45007,249-04-04-018,"104 CRESCENT AVE, BELTON, SC 29627",29627,SC,34.526760,-82.483317,SFR,,2.0,,920.0,0.597,145000.0,2024-01-05,Resale,157.61,24860,"Greenville-Anderson-Greer, SC"
2549763,45007,147-14-01-010,"108 RUSTIC LN, ANDERSON, SC 29621",29621,SC,34.554172,-82.647499,SFR,1990.0,4.0,,3629.0,0.46,525000.0,2025-08-18,Resale,144.67,24860,"Greenville-Anderson-Greer, SC"
2549767,45007,147-10-04-002,"3104 PINEHURST LN, ANDERSON, SC 29621",29621,SC,34.555698,-82.624657,SFR,,2.0,,1030.0,0.415,215000.0,2024-07-30,Resale,208.74,24860,"Greenville-Anderson-Greer, SC"
2549772,45007,147-21-02-004,"218 OAKMONT DR, ANDERSON, SC 29621",29621,SC,34.557015,-82.619242,SFR,1991.0,3.0,,2960.0,0.82,424000.0,2023-06-23,Resale,143.24,24860,"Greenville-Anderson-Greer, SC"
2549773,45007,147-21-01-024,"223 OAKMONT DR, ANDERSON, SC 29621",29621,SC,34.558115,-82.621103,SFR,1993.0,3.0,,1987.0,0.71,286500.0,2025-08-15,Resale,144.19,24860,"Greenville-Anderson-Greer, SC"
2549775,45007,147-21-01-004,"215 OAKMONT DR, ANDERSON, SC 29621",29621,SC,34.556873,-82.620231,SFR,1992.0,3.0,,2481.0,0.6,420000.0,2024-06-11,Resale,169.29,24860,"Greenville-Anderson-Greer, SC"
2549779,45007,147-21-01-005,"213 OAKMONT DR, ANDERSON, SC 29621",29621,SC,34.556592,-82.619963,SFR,1998.0,3.0,,2739.0,0.528,465000.0,2024-03-28,Resale,169.77,24860,"Greenville-Anderson-Greer, SC"
2549781,45007,123-27-19-008,"303 CRAYTON ST, ANDERSON, SC 29621",29621,SC,34.513820,-82.650232,SFR,,3.0,,1154.0,0.227,120000.0,2023-11-09,Resale,103.99,24860,"Greenville-Anderson-Greer, SC"
2549790,45007,123-25-08-007,"201 W HIGHLAND AVE, ANDERSON, SC 29625",29625,SC,34.516620,-82.655989,SFR,,2.0,,1358.0,0.376,225000.0,2025-09-03,Resale,165.68,24860,"Greenville-Anderson-Greer, SC"
2549800,45007,149-05-01-001,"700 REDWOOD AVE, ANDERSON, SC 29621",29621,SC,34.506920,-82.637462,SFR,,,,991.0,0.282,167250.0,2025-11-21,Resale,168.77,24860,"Greenville-Anderson-Greer, SC"
2549801,45007,149-05-01-003,"704 REDWOOD AVE, ANDERSON, SC 29621",29621,SC,34.506687,-82.637192,SFR,,,,794.0,0.208,145000.0,2025-02-20,Resale,182.62,24860,"Greenville-Anderson-Greer, SC"
2549805,45007,275-03-05-007,"203 CENTRAL AVE, HONEA PATH, SC 29654",29654,SC,34.447140,-82.401137,SFR,,2.0,,1000.0,0.238,,2025-12-09,Resale,,24860,"Greenville-Anderson-Greer, SC"
2549822,45007,095-07-09-003,"309 CHESTNUT BLVD, ANDERSON, SC 29625",29625,SC,34.525539,-82.724131,SFR,1997.0,3.0,,1014.0,0.341,200000.0,2023-08-11,Resale,197.24,24860,"Greenville-Anderson-Greer, SC"
2549827,45007,120-19-01-012,"123 CHASEWATER DR, ANDERSON, SC 29621",29621,SC,34.574760,-82.678064,MARSHLAND,,,,,0.58,230000.0,2023-11-07,Resale,,24860,"Greenville-Anderson-Greer, SC"
2549835,45007,120-09-01-001,"101 AMANDA DR, ANDERSON, SC 29621",29621,SC,34.567581,-82.674129,SFR,2013.0,3.0,,1419.0,0.918,414000.0,2025-05-15,Resale,291.75,24860,"Greenville-Anderson-Greer, SC"
2581890,45007,102-02-01-005,"337 AGNEW RD, STARR, SC 29684",29684,SC,34.393427,-82.697875,AGRICULTURAL LAND,,,,,3.41,,2025-06-10,Resale,,24860,"Greenville-Anderson-Greer, SC"
2584931,45007,149-11-04-008,"207 SEARS ST, ANDERSON, SC 29621",29621,SC,34.507170,-82.629510,SFR,,,,1433.0,0.33,60000.0,2025-03-03,Resale,41.87,24860,"Greenville-Anderson-Greer, SC"
2584938,45007,149-05-03-002,"902 PICKENS ST, ANDERSON, SC 29621",29621,SC,34.505283,-82.634535,SFR,,,,1185.0,0.234,68000.0,2026-03-04,Resale,57.38,24860,"Greenville-Anderson-Greer, SC"
2693828,45007,152-01-04-007,"122 CEDAR RD, ANDERSON, SC 29624",29624,SC,34.446229,-82.635428,SFR,1970.0,,,1319.0,0.496,248500.0,2025-06-02,Resale,188.4,24860,"Greenville-Anderson-Greer, SC"
2693833,45007,145-03-01-038,"504 COVINGTON CT, ANDERSON, SC 29621",29621,SC,34.590516,-82.624167,SFR,1986.0,,,2316.0,0.532,238465.0,2023-06-30,Resale,102.96,24860,"Greenville-Anderson-Greer, SC"
2693840,45007,145-08-03-024,"402 HOPEWELL RDG, ANDERSON, SC 29621",29621,SC,34.588080,-82.615596,SFR,1995.0,4.0,,2505.0,0.817,425000.0,2025-11-20,Resale,169.66,24860,"Greenville-Anderson-Greer, SC"
2693845,45007,145-12-01-003,"105 DANDELION TRL, ANDERSON, SC 29621",29621,SC,34.600938,-82.627111,SFR,1999.0,3.0,,2797.0,0.7,440000.0,2025-06-05,Resale,157.31,24860,"Greenville-Anderson-Greer, SC"
2699071,45007,176-11-04-010,"116 LEON DR, ANDERSON, SC 29621",29621,SC,34.487571,-82.592247,SFR,,3.0,,1322.0,0.413,,2026-04-10,Resale,,24860,"Greenville-Anderson-Greer, SC"
2699083,45007,121-16-01-013,"103 REED PL, ANDERSON, SC 29621",29621,SC,34.543551,-82.649491,SFR,1994.0,,,2044.0,0.162,324900.0,2024-02-23,Resale,158.95,24860,"Greenville-Anderson-Greer, SC"
2699087,45007,150-02-13-004,"1310 HIGH ST, ANDERSON, SC 29624",29624,SC,34.492980,-82.640528,TAX EXEMPT,,,,,0.14,20000.0,2026-03-13,Resale,,24860,"Greenville-Anderson-Greer, SC"
2699088,45007,151-01-06-001,"212 E SHOCKLEY FERRY RD, ANDERSON, SC 29624",29624,SC,34.481119,-82.642919,SFR,2005.0,,,1308.0,0.295,,2024-04-11,Resale,,24860,"Greenville-Anderson-Greer, SC"
2699089,45007,151-01-06-013,"127 AVONDALE RD, ANDERSON, SC 29624",29624,SC,34.478932,-82.642236,SFR,,,,1392.0,0.374,172000.0,2024-10-31,Resale,123.56,24860,"Greenville-Anderson-Greer, SC"
2702145,45007,238-00-06-016,"1216 WHITE RD, PIEDMONT, SC 29673",29673,SC,34.749729,-82.476834,SFR,2001.0,3.0,,2826.0,1.27,585000.0,2025-12-11,Resale,207.01,24860,"Greenville-Anderson-Greer, SC"
2702149,45007,239-04-01-003,"108 SHERMAN CT, PIEDMONT, SC 29673",29673,SC,34.731202,-82.473625,SFR,,,,1599.0,0.844,270000.0,2023-09-27,Resale,168.86,24860,"Greenville-Anderson-Greer, SC"
2702151,45007,239-11-01-004,"107 MADISON RIDGE RD, PIEDMONT, SC 29673",29673,SC,34.729150,-82.474294,SFR,1999.0,3.0,,1676.0,0.575,300000.0,2025-02-14,Resale,179.0,24860,"Greenville-Anderson-Greer, SC"
2703553,45007,241-02-02-008,"204 S CIRCLE DR, PIEDMONT, SC 29673",29673,SC,34.697978,-82.471817,SFR,,,,1152.0,0.57,215000.0,2024-05-08,Resale,186.63,24860,"Greenville-Anderson-Greer, SC"
2703554,45007,240-01-08-001,"10 TRANSYLVANIA ST, PIEDMONT, SC 29673",29673,SC,34.701831,-82.466607,SFR,,3.0,,1680.0,0.202,219100.0,2025-02-13,Resale,130.42,24860,"Greenville-Anderson-Greer, SC"
2703557,45007,241-01-04-012,"9 ARCHIE ST, PIEDMONT, SC 29673",29673,SC,34.697960,-82.464890,SFR,,,,1257.0,0.263,239900.0,2025-04-30,Resale,190.85,24860,"Greenville-Anderson-Greer, SC"
2703558,45007,241-01-04-014,"5 ARCHIE ST, PIEDMONT, SC 29673",29673,SC,34.697988,-82.465522,SFR,,,,1052.0,0.282,51000.0,2024-06-11,Resale,48.48,24860,"Greenville-Anderson-Greer, SC"
2703561,45007,240-01-06-006,"2 HARDEMAN ST, PIEDMONT, SC 29673",29673,SC,34.701240,-82.466402,SFR,,,,1927.0,0.267,230000.0,2026-04-10,Resale,119.36,24860,"Greenville-Anderson-Greer, SC"
2720288,45007,147-16-02-017,"101 BRITTANY PARK, ANDERSON, SC 29621",29621,SC,34.549922,-82.649454,SFR,1997.0,3.0,,3230.0,1.104,,2025-03-17,Resale,,24860,"Greenville-Anderson-Greer, SC"
2737427,45007,120-10-01-026,"330 GREEN HILL DR, ANDERSON, SC 29621",29621,SC,34.573006,-82.673968,SFR,,3.0,,3118.0,0.57,243000.0,2025-07-01,Resale,77.93,24860,"Greenville-Anderson-Greer, SC"
2814489,45007,097-03-03-015,"105 MEADOWBROOK DR, ANDERSON, SC 29626",29626,SC,34.481923,-82.697870,SFR,,2.0,,1140.0,0.64,195000.0,2026-01-23,Resale,171.05,24860,"Greenville-Anderson-Greer, SC"
2848334,45007,149-12-05-001,"502 HUDGENS ST, ANDERSON, SC 29621",29621,SC,34.503889,-82.628334,SFR,,,,1035.0,0.202,110000.0,2023-08-28,Resale,106.28,24860,"Greenville-Anderson-Greer, SC"
2936980,45007,122-20-03-006,"603 CONCORD AVE, ANDERSON, SC 29621",29621,SC,34.535725,-82.655211,SFR,,,,1689.0,0.543,297000.0,2024-11-15,Resale,175.84,24860,"Greenville-Anderson-Greer, SC"
2936986,45007,122-22-05-009,"604 CONCORD AVE, ANDERSON, SC 29621",29621,SC,34.535922,-82.654424,SFR,,3.0,,2119.0,0.46,272000.0,2025-07-25,Resale,128.36,24860,"Greenville-Anderson-Greer, SC"
2982999,45007,177-00-07-016,"305 LAWSON RD, ANDERSON, SC 29621",29621,SC,34.474419,-82.568808,AGRICULTURAL (NEC),,,,,1.56,28000.0,2025-11-05,Resale,,24860,"Greenville-Anderson-Greer, SC"
2983044,45007,130-01-01-008,"104 PETTIGREW RD, STARR, SC 29684",29684,SC,34.372050,-82.656389,MOBILE HOME,1996.0,,,1750.0,4.98,125000.0,2023-09-07,Resale,71.43,24860,"Greenville-Anderson-Greer, SC"
2983048,45007,130-01-01-001,"1134 WILTON E HALL RD, STARR, SC 29684",29684,SC,34.369234,-82.660409,MOBILE HOME,2004.0,,,2048.0,2.02,175000.0,2025-01-13,Resale,85.45,24860,"Greenville-Anderson-Greer, SC"
2983061,45007,097-04-08-004,"109 CLOVERDALE DR, ANDERSON, SC 29626",29626,SC,34.479908,-82.700019,SFR,,3.0,,1349.0,0.496,233500.0,2026-03-03,Resale,173.09,24860,"Greenville-Anderson-Greer, SC"
2983063,45007,097-07-01-030,"606 W PINEDALE RD, ANDERSON, SC 29626",29626,SC,34.478982,-82.721130,SFR,1988.0,,,1011.0,0.402,180000.0,2024-08-19,Resale,178.04,24860,"Greenville-Anderson-Greer, SC"
2983072,45007,226-06-02-017,"511 FOREST LN, BELTON, SC 29627",29627,SC,34.513963,-82.506231,SFR,,3.0,,1426.0,0.446,215000.0,2023-11-20,Resale,150.77,24860,"Greenville-Anderson-Greer, SC"
2983085,45007,149-05-05-014,"108 SHIRLEY ST, ANDERSON, SC 29621",29621,SC,34.503425,-82.632703,SFR,,,,1138.0,0.179,139900.0,2024-02-02,Resale,122.93,24860,"Greenville-Anderson-Greer, SC"
2983089,45007,149-05-05-016,"114 SHIRLEY ST, ANDERSON, SC 29621",29621,SC,34.503804,-82.632534,SFR,,3.0,,1385.0,0.198,159900.0,2024-06-21,Resale,115.45,24860,"Greenville-Anderson-Greer, SC"
2983096,45007,096-17-06-011,"107 MALLARD CT, ANDERSON, SC 29625",29625,SC,34.522146,-82.701928,SFR,1996.0,3.0,,1837.0,0.38,270000.0,2023-05-30,Resale,146.98,24860,"Greenville-Anderson-Greer, SC"
2983098,45007,096-17-06-010,"105 MALLARD CT, ANDERSON, SC 29625",29625,SC,34.521906,-82.701718,SFR,1996.0,3.0,,1954.0,0.33,275000.0,2025-06-05,Resale,140.74,24860,"Greenville-Anderson-Greer, SC"
2983105,45007,096-19-01-008,"115 THORNCLIFF PL, ANDERSON, SC 29625",29625,SC,34.521135,-82.710401,SFR,2003.0,3.0,,2059.0,0.29,285500.0,2024-08-19,Resale,138.66,24860,"Greenville-Anderson-Greer, SC"
3027714,45007,007-03-04-011,"108 BOGGS DR, TOWNVILLE, SC 29689",29689,SC,34.564065,-82.890162,SFR,2005.0,,,1190.0,0.54,130000.0,2026-04-10,Resale,109.24,24860,"Greenville-Anderson-Greer, SC"
3027770,45007,125-14-05-006,"313 MASTERS DR, ANDERSON, SC 29626",29626,SC,34.461634,-82.663650,SFR,,2.0,,1360.0,0.321,154000.0,2024-09-26,Resale,113.24,24860,"Greenville-Anderson-Greer, SC"
3131786,45007,125-21-02-006,"707 WOODMONT CIR, ANDERSON, SC 29624",29624,SC,34.473783,-82.644655,SFR,,3.0,,1202.0,0.211,82500.0,2023-07-07,Resale,68.64,24860,"Greenville-Anderson-Greer, SC"
3131794,45007,148-13-02-017,"108 BRITTANIA CIR, ANDERSON, SC 29621",29621,SC,34.532310,-82.620193,SFR,1991.0,2.0,,1095.0,0.129,222000.0,2025-05-21,Resale,202.74,24860,"Greenville-Anderson-Greer, SC"
3131799,45007,123-06-19-006,"307 GLENN ST, ANDERSON, SC 29625",29625,SC,34.506496,-82.670003,SFR,,2.0,,2142.0,0.607,145000.0,2023-11-14,Resale,67.69,24860,"Greenville-Anderson-Greer, SC"
3131824,45007,149-08-04-021,"1139 SPRINGDALE RD, ANDERSON, SC 29621",29621,SC,34.517534,-82.639888,SFR,,,,1728.0,0.71,,2024-09-17,Resale,,24860,"Greenville-Anderson-Greer, SC"
3131827,45007,068-07-01-014,"125 LAKE FOREST CIR, ANDERSON, SC 29625",29625,SC,34.534206,-82.758032,SFR,,,,1779.0,0.64,300000.0,2025-08-18,Resale,168.63,24860,"Greenville-Anderson-Greer, SC"
3133622,45007,069-25-01-019,"107 GRAYSON CT, ANDERSON, SC 29625",29625,SC,34.511701,-82.744697,SFR,1995.0,3.0,,1414.0,0.47,330500.0,2025-06-13,Resale,233.73,24860,"Greenville-Anderson-Greer, SC"
3133799,45007,147-20-02-008,"403 CANEBRAKE DR, ANDERSON, SC 29621",29621,SC,34.553574,-82.643463,SFR,1994.0,3.0,,1879.0,0.391,315000.0,2025-06-05,Resale,167.64,24860,"Greenville-Anderson-Greer, SC"
3133802,45007,243-02-08-008,"42 SMYTHE ST, PELZER, SC 29669",29669,SC,34.648787,-82.460361,SFR,,,,1196.0,0.212,,2025-07-31,Resale,,24860,"Greenville-Anderson-Greer, SC"
3133803,45007,243-01-14-024,"19 FINLEY ST, PELZER, SC 29669",29669,SC,34.654243,-82.460513,SFR,,,,1076.0,0.218,60000.0,2026-04-09,Resale,55.76,24860,"Greenville-Anderson-Greer, SC"
3133806,45007,069-12-01-089,"111 SUGAR CREEK LN, ANDERSON, SC 29625",29625,SC,34.516394,-82.748046,SFR,1981.0,3.0,,1328.0,0.68,189500.0,2024-05-09,Resale,142.7,24860,"Greenville-Anderson-Greer, SC"
3133818,45007,026-10-01-011,"5192 DAVIS CIR, ANDERSON, SC 29625",29625,SC,34.568567,-82.821813,SFR,,,,1742.0,3.74,260000.0,2025-08-29,Resale,149.25,24860,"Greenville-Anderson-Greer, SC"
3133819,45007,026-08-01-047,"1011 SHADOW LN, ANDERSON, SC 29625",29625,SC,34.564481,-82.810611,SFR,2002.0,3.0,,1472.0,0.58,255000.0,2025-11-06,Resale,173.23,24860,"Greenville-Anderson-Greer, SC"
3148536,45007,039-06-05-003,"319 WOODLAND CIR, PENDLETON, SC 29670",29670,SC,34.663630,-82.786901,SFR,,3.0,,1642.0,0.59,265000.0,2025-08-29,Resale,161.39,24860,"Greenville-Anderson-Greer, SC"
3148541,45007,040-08-03-004,"718 GREENVILLE ST, PENDLETON, SC 29670",29670,SC,34.655873,-82.773879,SFR,,,,,0.27,340000.0,2024-11-14,Resale,,24860,"Greenville-Anderson-Greer, SC"
3148544,45007,039-07-03-006,"206 WESTMINSTER DR, PENDLETON, SC 29670",29670,SC,34.660699,-82.795333,SFR,,4.0,,1883.0,0.37,,2025-01-22,Resale,,24860,"Greenville-Anderson-Greer, SC"
3148547,45007,040-14-02-005,"410 W BLUE RIDGE ST, PENDLETON, SC 29670",29670,SC,34.643223,-82.777268,SFR,,2.0,,876.0,0.176,90000.0,2024-11-27,Resale,102.74,24860,"Greenville-Anderson-Greer, SC"
3155437,45007,093-08-02-027,"4304 LEXINGTON WAY, ANDERSON, SC 29621",29621,SC,34.561446,-82.690056,SFR,1985.0,2.0,,1050.0,0.057,145000.0,2024-09-13,Resale,138.1,24860,"Greenville-Anderson-Greer, SC"
3155440,45007,093-08-02-035,"100 INDEPENDENCE PATH, ANDERSON, SC 29621",29621,SC,34.562131,-82.690563,SFR,1986.0,3.0,,1046.0,0.188,130000.0,2024-11-14,Resale,124.28,24860,"Greenville-Anderson-Greer, SC"
3155446,45007,093-08-02-039,"4316 LEXINGTON WAY, ANDERSON, SC 29621",29621,SC,34.562010,-82.690383,SFR,,,,1046.0,0.103,147000.0,2024-04-05,Resale,140.54,24860,"Greenville-Anderson-Greer, SC"
3155447,45007,121-01-03-001,"504 WOODLAKE RD, ANDERSON, SC 29621",29621,SC,34.561490,-82.682824,SFR,,4.0,,1750.0,0.38,272000.0,2023-09-15,Resale,155.43,24860,"Greenville-Anderson-Greer, SC"
3194599,45007,275-08-09-013,"110 LOUISIANA ST, HONEA PATH, SC 29654",29654,SC,34.449925,-82.387726,SFR,,2.0,,1295.0,0.258,165000.0,2023-12-08,Resale,127.41,24860,"Greenville-Anderson-Greer, SC"
3194607,45007,240-02-04-004,"614 SALUDA DR, PIEDMONT, SC 29673",29673,SC,34.713012,-82.467077,SFR,2004.0,3.0,,1434.0,0.42,235000.0,2024-07-31,Resale,163.88,24860,"Greenville-Anderson-Greer, SC"
3194610,45007,145-10-01-014,"1848 HARRIS BRIDGE RD, ANDERSON, SC 29621",29621,SC,34.594258,-82.638261,SFR,1998.0,3.0,,1764.0,0.459,315000.0,2025-04-25,Resale,178.57,24860,"Greenville-Anderson-Greer, SC"
3197295,45007,129-00-02-049,"510 FARMER ST, STARR, SC 29684",29684,SC,34.394928,-82.656743,SFR,,,,1603.0,2.98,80000.0,2025-12-01,Resale,49.91,24860,"Greenville-Anderson-Greer, SC"
3225250,45007,046-01-22-007,"201 WINDJAMMER WAY, ANDERSON, SC 29626",29626,SC,34.521892,-82.779692,SFR,,,,3057.0,0.548,779000.0,2024-12-09,Resale,254.82,24860,"Greenville-Anderson-Greer, SC"
3225257,45007,046-01-22-008,"110 KENNETH DR, ANDERSON, SC 29626",29626,SC,34.521660,-82.779938,SFR,,,,2843.0,0.46,630000.0,2025-03-03,Resale,221.6,24860,"Greenville-Anderson-Greer, SC"
3225259,45007,046-02-01-066,"237 HARBOR DR, ANDERSON, SC 29625",29625,SC,34.527307,-82.800667,SFR,2000.0,3.0,,1482.0,0.22,121388.0,2024-06-11,Resale,81.91,24860,"Greenville-Anderson-Greer, SC"
3231662,45007,191-01-01-012,"120 WRENFIELD CT, PIEDMONT, SC 29673",29673,SC,34.716173,-82.542106,SFR,1988.0,,,2447.0,0.61,440000.0,2023-07-31,Resale,179.81,24860,"Greenville-Anderson-Greer, SC"
3253859,45007,093-11-07-012,"704 NORTHLAKE DR, ANDERSON, SC 29625",29625,SC,34.565285,-82.707766,CONDOMINIUM,,2.0,,,,176000.0,2025-05-23,Resale,,24860,"Greenville-Anderson-Greer, SC"
3253863,45007,093-11-11-005,"1106 NORTHLAKE DR, ANDERSON, SC 29625",29625,SC,34.564859,-82.707314,CONDOMINIUM,,2.0,,,0.014,157000.0,2025-12-12,Resale,,24860,"Greenville-Anderson-Greer, SC"
3253864,45007,093-11-01-005,"106 NORTHLAKE DR, ANDERSON, SC 29625",29625,SC,34.564761,-82.705368,CONDOMINIUM,1989.0,3.0,,,0.015,182500.0,2024-12-26,Resale,,24860,"Greenville-Anderson-Greer, SC"
3253865,45007,093-11-19-008,"1907 NORTHLAKE DR, ANDERSON, SC 29625",29625,SC,34.563936,-82.707057,CONDOMINIUM,,2.0,,,0.014,165000.0,2024-06-28,Resale,,24860,"Greenville-Anderson-Greer, SC"
3253868,45007,093-11-04-002,"405 NORTHLAKE DR, ANDERSON, SC 29625",29625,SC,34.565550,-82.706627,CONDOMINIUM,1988.0,,,,,180000.0,2025-09-15,Resale,,24860,"Greenville-Anderson-Greer, SC"
3295218,45007,121-16-01-059,"109 BRADLEY PARK, ANDERSON, SC 29621",29621,SC,34.543980,-82.643643,SFR,2000.0,3.0,,2832.0,0.384,407500.0,2026-04-07,Resale,143.89,24860,"Greenville-Anderson-Greer, SC"
3300063,45007,096-19-02-005,"203 HARRINGTON DR, ANDERSON, SC 29625",29625,SC,34.521848,-82.710371,SFR,2001.0,3.0,,1524.0,0.4,262500.0,2025-01-14,Resale,172.24,24860,"Greenville-Anderson-Greer, SC"
3300065,45007,096-19-02-009,"211 HARRINGTON DR, ANDERSON, SC 29625",29625,SC,34.522167,-82.709269,SFR,2001.0,3.0,,1755.0,0.25,270000.0,2025-04-11,Resale,153.85,24860,"Greenville-Anderson-Greer, SC"
3300071,45007,198-00-10-062,"532 BROOKS RD, BELTON, SC 29627",29627,SC,34.565683,-82.568824,SFR,1997.0,3.0,,1702.0,1.64,130000.0,2026-02-19,Resale,76.38,24860,"Greenville-Anderson-Greer, SC"
3314884,45007,096-00-02-013,"105 COFFEE CT, ANDERSON, SC 29625",29625,SC,34.517183,-82.720163,AGRICULTURAL (NEC),,,,,0.9,25000.0,2025-08-26,Resale,,24860,"Greenville-Anderson-Greer, SC"
3314887,45007,171-06-01-008,"104 FOGHORN CT, WILLIAMSTON, SC 29697",29697,SC,34.596326,-82.579506,SFR,2002.0,3.0,,1621.0,1.0,262500.0,2025-11-14,Resale,161.94,24860,"Greenville-Anderson-Greer, SC"
3314888,45007,192-06-01-012,"1009 MCENROE CIR, PIEDMONT, SC 29673",29673,SC,34.684640,-82.551036,SFR,,,,,0.161,177500.0,2025-05-30,Resale,,24860,"Greenville-Anderson-Greer, SC"
3318408,45007,118-02-03-005,"2011 DONALDSON RD, ANDERSON, SC 29621",29621,SC,34.607890,-82.671570,SFR,,,,1117.0,1.0,244000.0,2025-06-16,Resale,218.44,24860,"Greenville-Anderson-Greer, SC"
3318423,45007,171-06-01-020,"104 LIGHTHOUSE DR, WILLIAMSTON, SC 29697",29697,SC,34.596789,-82.581823,SFR,2002.0,4.0,,1454.0,1.09,315000.0,2025-11-05,Resale,216.64,24860,"Greenville-Anderson-Greer, SC"
3342155,45007,172-05-01-022,"243 ANSONBOROUGH, BELTON, SC 29627",29627,SC,34.573302,-82.581067,SFR,2007.0,3.0,,3612.0,1.1,570000.0,2025-07-28,Resale,157.81,24860,"Greenville-Anderson-Greer, SC"
3358809,45007,241-00-06-013,"306 SMITH DR, PIEDMONT, SC 29673",29673,SC,34.683580,-82.472857,MOBILE HOME,1992.0,3.0,,1904.0,1.86,,2024-08-16,Resale,,24860,"Greenville-Anderson-Greer, SC"
3358822,45007,249-02-01-010,"116 GRIFFIN AVE, BELTON, SC 29627",29627,SC,34.531263,-82.493334,SFR,,,,925.0,0.179,165000.0,2023-07-06,Resale,178.38,24860,"Greenville-Anderson-Greer, SC"
3358840,45007,149-17-06-012,"633 FAIRMONT RD, ANDERSON, SC 29621",29621,SC,34.510451,-82.616473,SFR,2002.0,,,1499.0,0.94,264500.0,2024-07-03,Resale,176.45,24860,"Greenville-Anderson-Greer, SC"
3358841,45007,149-17-05-016,"630 FAIRMONT RD, ANDERSON, SC 29621",29621,SC,34.510880,-82.617360,SFR,,,,1299.0,0.344,100000.0,2025-07-29,Resale,76.98,24860,"Greenville-Anderson-Greer, SC"
3358870,45007,126-11-01-018,"3626 KEYS ST, ANDERSON, SC 29624",29624,SC,34.453340,-82.649720,SFR,,,,,0.55,48000.0,2025-10-09,Resale,,24860,"Greenville-Anderson-Greer, SC"
3358874,45007,126-02-04-003,"206 BROOKHAVEN DR, ANDERSON, SC 29624",29624,SC,34.453900,-82.648017,SFR,,3.0,,991.0,0.436,,2024-11-26,Resale,,24860,"Greenville-Anderson-Greer, SC"
3358884,45007,046-05-01-022,"1015 BLUMEFIELD RD, ANDERSON, SC 29625",29625,SC,34.523540,-82.770422,SFR,2002.0,3.0,,1852.0,0.88,295000.0,2024-12-18,New Construction,159.29,24860,"Greenville-Anderson-Greer, SC"
3358885,45007,046-05-01-021,"1013 BLUMEFIELD RD, ANDERSON, SC 29625",29625,SC,34.523218,-82.770370,SFR,2002.0,3.0,,1021.0,0.88,210000.0,2023-12-29,Resale,205.68,24860,"Greenville-Anderson-Greer, SC"
3358888,45007,245-09-04-013,"208 S GREEN ST, WILLIAMSTON, SC 29697",29697,SC,34.617478,-82.471557,SFR,2006.0,2.0,,873.0,0.474,,2024-02-22,Resale,,24860,"Greenville-Anderson-Greer, SC"
3358909,45007,187-05-01-009,"1913 BRUSHY CREEK RD, EASLEY, SC 29642",29642,SC,34.785578,-82.552585,SFR,,,,1960.0,1.13,,2023-08-04,Resale,,24860,"Greenville-Anderson-Greer, SC"
3378648,45007,244-10-04-009,"3 MCCAUGHRIN ST, PELZER, SC 29669",29669,SC,34.639983,-82.452594,SFR,,,,1582.0,0.206,192000.0,2024-01-25,Resale,121.37,24860,"Greenville-Anderson-Greer, SC"
3425515,45007,178-00-11-014,"120 GUEST CIR, ANDERSON, SC 29621",29621,SC,34.462797,-82.598051,SFR,1991.0,3.0,,1253.0,0.6,211000.0,2025-11-01,Resale,168.4,24860,"Greenville-Anderson-Greer, SC"
3448478,45007,245-15-04-012,"22 SPRING ST, WILLIAMSTON, SC 29697",29697,SC,34.602648,-82.479164,SFR,,,,1653.0,0.887,325000.0,2025-12-18,Resale,196.61,24860,"Greenville-Anderson-Greer, SC"
3448485,45007,095-05-01-015,"210 MULBERRY AVE, ANDERSON, SC 29625",29625,SC,34.525015,-82.729775,SFR,,3.0,,1046.0,0.438,175000.0,2023-06-02,Resale,167.3,24860,"Greenville-Anderson-Greer, SC"
3448490,45007,095-03-01-066,"123 WILSON RD, ANDERSON, SC 29625",29625,SC,34.533256,-82.724645,SFR,,3.0,,1714.0,0.633,250000.0,2023-08-24,Resale,145.86,24860,"Greenville-Anderson-Greer, SC"
3479546,45007,122-05-03-001,"803 WHITEHALL RD, ANDERSON, SC 29625",29625,SC,34.529007,-82.680218,SFR,,2.0,,1702.0,0.164,160000.0,2024-02-27,Resale,94.01,24860,"Greenville-Anderson-Greer, SC"
3491372,45007,063-04-01-080,"105 JASMINE LN, PENDLETON, SC 29670",29670,SC,34.628622,-82.761653,SFR,2005.0,3.0,,1516.0,0.57,265500.0,2023-10-12,Resale,175.13,24860,"Greenville-Anderson-Greer, SC"
3491376,45007,063-04-01-081,"107 JASMINE LN, PENDLETON, SC 29670",29670,SC,34.628866,-82.761971,SFR,2005.0,3.0,,1596.0,0.58,325000.0,2025-10-17,Resale,203.63,24860,"Greenville-Anderson-Greer, SC"
3539818,45007,178-07-03-010,"99 VANWOOD DR, ANDERSON, SC 29621",29621,SC,34.457939,-82.576594,SFR,1995.0,2.0,,1479.0,1.0,,2023-12-12,Resale,,24860,"Greenville-Anderson-Greer, SC"
3543568,45007,006-05-03-024,"133 MCBRIDE CIR, FAIR PLAY, SC 29643",29643,SC,34.496125,-82.938887,SFR,,,,,0.46,250000.0,2025-01-08,Resale,,24860,"Greenville-Anderson-Greer, SC"
3543578,45007,006-08-02-034,"1015 CLEARWATER SHORES RD W, FAIR PLAY, SC 29643",29643,SC,34.495793,-82.926811,SFR,,,,,0.347,435000.0,2023-10-16,Resale,,24860,"Greenville-Anderson-Greer, SC"
3543588,45007,121-07-08-003,"201 TANGLEWOOD DR, ANDERSON, SC 29621",29621,SC,34.544102,-82.664899,SFR,,3.0,,2745.0,0.362,15500.0,2025-12-20,Resale,5.65,24860,"Greenville-Anderson-Greer, SC"
3543593,45007,121-07-09-012,"503 ESKEW CIR, ANDERSON, SC 29621",29621,SC,34.544361,-82.667361,SFR,,3.0,,2126.0,0.344,174500.0,2023-11-15,Resale,82.08,24860,"Greenville-Anderson-Greer, SC"
3584098,45007,274-01-02-008,"104 JOE BURTON RD, HONEA PATH, SC 29654",29654,SC,34.472181,-82.391642,MOBILE HOME,2003.0,3.0,,2240.0,1.23,,2024-04-16,Resale,,24860,"Greenville-Anderson-Greer, SC"
3584101,45007,122-07-08-006,"309 WHITEHALL RD, ANDERSON, SC 29625",29625,SC,34.530550,-82.671518,SFR,,3.0,,1513.0,1.0,209000.0,2023-11-27,Resale,138.14,24860,"Greenville-Anderson-Greer, SC"
3584109,45007,122-07-05-019,"304 WHITEHALL RD, ANDERSON, SC 29625",29625,SC,34.531179,-82.671006,SFR,,,,1696.0,0.469,125000.0,2026-01-12,Resale,73.7,24860,"Greenville-Anderson-Greer, SC"
3584116,45007,070-00-04-008,"4019 OLD PORTMAN RD, ANDERSON, SC 29626",29626,SC,34.499925,-82.729105,SFR,2003.0,3.0,,3205.0,0.78,492500.0,2024-07-26,Resale,153.67,24860,"Greenville-Anderson-Greer, SC"
3584119,45007,097-00-04-011,"3885 OLD PORTMAN RD, ANDERSON, SC 29626",29626,SC,34.498742,-82.724100,SFR,1996.0,3.0,,1949.0,6.15,368000.0,2025-05-13,Resale,188.81,24860,"Greenville-Anderson-Greer, SC"
3584130,45007,245-22-02-001,"909 ANDERSON DR, WILLIAMSTON, SC 29697",29697,SC,34.615695,-82.491447,SFR,,,,1882.0,0.568,110504.0,2023-06-12,Resale,58.72,24860,"Greenville-Anderson-Greer, SC"
3584153,45007,153-10-02-008,"1443 AIRLINE RD, ANDERSON, SC 29624",29624,SC,34.439616,-82.636184,MOBILE HOME,1996.0,3.0,,1344.0,3.4,190000.0,2023-10-27,Resale,141.37,24860,"Greenville-Anderson-Greer, SC"
3584173,45007,197-02-01-030,"109 PINEWOOD DR, WILLIAMSTON, SC 29697",29697,SC,34.601638,-82.535261,MOBILE HOME,1983.0,,,980.0,0.745,185000.0,2025-09-04,Resale,188.78,24860,"Greenville-Anderson-Greer, SC"
3584177,45007,197-02-01-027,"103 PINEWOOD DR, WILLIAMSTON, SC 29697",29697,SC,34.602755,-82.535080,SFR,,,,,0.598,,2025-07-15,Resale,,24860,"Greenville-Anderson-Greer, SC"
3584178,45007,197-02-01-047,"6 OAKWOOD CT, WILLIAMSTON, SC 29697",29697,SC,34.599749,-82.537771,MOBILE HOME,1985.0,,,840.0,0.523,12000.0,2023-09-05,Resale,14.29,24860,"Greenville-Anderson-Greer, SC"
3584194,45007,121-07-02-006,"115 TANGLEWOOD DR, ANDERSON, SC 29621",29621,SC,34.541461,-82.666174,SFR,,3.0,,2198.0,0.439,255000.0,2025-10-02,Resale,116.01,24860,"Greenville-Anderson-Greer, SC"
3584195,45007,121-07-01-009,"126 TANGLEWOOD DR, ANDERSON, SC 29621",29621,SC,34.541893,-82.664964,SFR,1977.0,5.0,,3710.0,0.294,365000.0,2025-03-06,Resale,98.38,24860,"Greenville-Anderson-Greer, SC"
3584197,45007,121-07-02-008,"125 TANGLEWOOD DR, ANDERSON, SC 29621",29621,SC,34.541872,-82.665613,SFR,,4.0,,2472.0,0.752,275000.0,2023-12-19,Resale,111.25,24860,"Greenville-Anderson-Greer, SC"
3584198,45007,121-07-02-004,"111 TANGLEWOOD DR, ANDERSON, SC 29621",29621,SC,34.541316,-82.666771,SFR,,3.0,,1658.0,0.376,247500.0,2026-01-08,Resale,149.28,24860,"Greenville-Anderson-Greer, SC"
3584199,45007,176-10-03-011,"205 WOODBINE CIR, ANDERSON, SC 29621",29621,SC,34.489247,-82.599510,SFR,,3.0,,1384.0,0.413,234000.0,2024-04-03,Resale,169.08,24860,"Greenville-Anderson-Greer, SC"
3584212,45007,071-04-02-004,"107 MELJO DR, ANDERSON, SC 29626",29626,SC,34.480595,-82.738377,MOBILE HOME,1995.0,,,1344.0,0.23,,2023-06-14,Resale,,24860,"Greenville-Anderson-Greer, SC"
3584214,45007,071-04-02-003,"105 MELJO DR, ANDERSON, SC 29626",29626,SC,34.480869,-82.738358,SFR,1996.0,,,,0.23,55000.0,2025-09-26,Resale,,24860,"Greenville-Anderson-Greer, SC"
3584223,45007,067-04-02-016,"1811 OLD PEARMAN DAIRY RD, ANDERSON, SC 29625",29625,SC,34.547311,-82.749607,SFR,,,,1343.0,0.554,250000.0,2024-11-26,Resale,186.15,24860,"Greenville-Anderson-Greer, SC"
3584231,45007,067-05-02-012,"121 DIAMOND PT, ANDERSON, SC 29625",29625,SC,34.548603,-82.755793,SFR,2001.0,3.0,,7834.0,0.91,2175000.0,2026-01-12,Resale,277.64,24860,"Greenville-Anderson-Greer, SC"
3634582,45007,123-18-06-005,"1505 TRIBBLE ST, ANDERSON, SC 29625",29625,SC,34.515837,-82.663091,SFR,,,,1454.0,0.33,35000.0,2023-08-21,Resale,24.07,24860,"Greenville-Anderson-Greer, SC"
3634586,45007,100-01-02-006,"202 LEVERETTE LN, STARR, SC 29684",29684,SC,34.434671,-82.688733,RESIDENTIAL - VACANT LAND,,,,,0.74,210000.0,2025-06-10,Resale,,24860,"Greenville-Anderson-Greer, SC"
3634599,45007,249-08-01-006,"425 GLENWOOD ST, BELTON, SC 29627",29627,SC,34.531741,-82.478211,SFR,2021.0,2.0,,1145.0,3.84,280000.0,2025-05-19,Resale,244.54,24860,"Greenville-Anderson-Greer, SC"
3634600,45007,249-08-01-002,"403 GLENWOOD ST, BELTON, SC 29627",29627,SC,34.530381,-82.480049,SFR,,3.0,,1133.0,0.723,215000.0,2025-04-28,Resale,189.76,24860,"Greenville-Anderson-Greer, SC"
3634605,45007,126-02-01-024,"300 BROOKHAVEN CT, ANDERSON, SC 29624",29624,SC,34.455460,-82.643164,SFR,,3.0,,1345.0,0.531,180000.0,2024-04-04,Resale,133.83,24860,"Greenville-Anderson-Greer, SC"
3634622,45007,176-12-04-016,"130 CRYSTAL LN, ANDERSON, SC 29621",29621,SC,34.482083,-82.592620,MOBILE HOME,1998.0,,,1680.0,0.574,38000.0,2025-08-20,Resale,22.62,24860,"Greenville-Anderson-Greer, SC"
3634644,45007,226-03-08-010,"116 MYRTLE AVE, BELTON, SC 29627",29627,SC,34.520151,-82.496486,SFR,2004.0,2.0,,1162.0,0.406,332500.0,2025-02-12,Resale,286.14,24860,"Greenville-Anderson-Greer, SC"
3634645,45007,226-03-08-011,"114 MYRTLE AVE, BELTON, SC 29627",29627,SC,34.520316,-82.496503,SFR,,3.0,,1201.0,0.27,95000.0,2025-05-08,Resale,79.1,24860,"Greenville-Anderson-Greer, SC"
3634648,45007,226-05-01-022,"205 MYRTLE AVE, BELTON, SC 29627",29627,SC,34.519255,-82.496629,SFR,,3.0,,1618.0,1.17,230000.0,2023-08-22,Resale,142.15,24860,"Greenville-Anderson-Greer, SC"
3634669,45007,094-16-01-010,"159 GREEN TREE RD, ANDERSON, SC 29625",29625,SC,34.560846,-82.716973,SFR,,,,,0.979,,2025-03-11,Resale,,24860,"Greenville-Anderson-Greer, SC"
3754550,45007,220-08-01-007,"108 LOCKABY RD, PELZER, SC 29669",29669,SC,34.640883,-82.516687,SFR,2000.0,3.0,,1898.0,0.64,374075.0,2025-05-30,Resale,197.09,24860,"Greenville-Anderson-Greer, SC"
3754574,45007,148-26-01-015,"168 ELLIOTT CIR, ANDERSON, SC 29621",29621,SC,34.531161,-82.628293,SFR,2002.0,,,1844.0,0.18,275000.0,2024-12-03,Resale,149.13,24860,"Greenville-Anderson-Greer, SC"
3754593,45007,123-16-05-009,"1903 DOBBINS AVE, ANDERSON, SC 29625",29625,SC,34.518758,-82.669766,SFR,,2.0,,730.0,0.3,192500.0,2024-12-16,Resale,263.7,24860,"Greenville-Anderson-Greer, SC"
3754597,45007,123-15-03-009,"113 QUINN ST, ANDERSON, SC 29625",29625,SC,34.512295,-82.664578,SFR,,3.0,,1220.0,0.187,,2024-09-03,Resale,,24860,"Greenville-Anderson-Greer, SC"
3754603,45007,123-15-03-021,"127 QUINN ST, ANDERSON, SC 29625",29625,SC,34.511575,-82.663482,SFR,,2.0,,999.0,0.123,139500.0,2024-08-15,Resale,139.64,24860,"Greenville-Anderson-Greer, SC"
3754611,45007,190-00-02-004,"704 RILEY RD, EASLEY, SC 29642",29642,SC,34.735231,-82.566990,SFR,1997.0,2.0,,1444.0,0.71,130000.0,2024-07-18,Resale,90.03,24860,"Greenville-Anderson-Greer, SC"
3754616,45007,190-00-12-001,"621 LAKE RD, EASLEY, SC 29642",29642,SC,34.735111,-82.565610,SFR,,,,2011.0,7.3,529900.0,2024-12-13,Resale,263.5,24860,"Greenville-Anderson-Greer, SC"
3764018,45007,119-05-01-014,"1000 WHISPER WOOD LN, ANDERSON, SC 29621",29621,SC,34.582544,-82.660577,SFR,1998.0,3.0,,3155.0,1.309,581000.0,2026-01-09,Resale,184.15,24860,"Greenville-Anderson-Greer, SC"
3777686,45007,242-04-01-023,"151 EFFIE DR, PIEDMONT, SC 29673",29673,SC,34.675149,-82.458876,MOBILE HOME,1996.0,3.0,,1680.0,1.2,312500.0,2023-11-30,Resale,186.01,24860,"Greenville-Anderson-Greer, SC"
3777688,45007,242-04-02-006,"142 EFFIE DR, PIEDMONT, SC 29673",29673,SC,34.675394,-82.460709,SFR,,,,,1.03,,2024-02-22,Resale,,24860,"Greenville-Anderson-Greer, SC"
3788936,45007,225-12-03-002,"111 JASON DR, BELTON, SC 29627",29627,SC,34.540071,-82.518040,MOBILE HOME,1996.0,3.0,,1848.0,0.165,160000.0,2025-07-03,Resale,86.58,24860,"Greenville-Anderson-Greer, SC"
3788938,45007,225-12-02-007,"1004 BREAZEALE ST, BELTON, SC 29627",29627,SC,34.540360,-82.519357,SFR,,3.0,,2209.0,1.66,,2024-09-17,Resale,,24860,"Greenville-Anderson-Greer, SC"
3788952,45007,124-11-07-011,"408 BROWN ST, ANDERSON, SC 29624",29624,SC,34.498901,-82.665165,SFR,,,,861.0,0.117,70000.0,2024-08-09,Resale,81.3,24860,"Greenville-Anderson-Greer, SC"
3788977,45007,123-20-06-029,"324 H ST, ANDERSON, SC 29625",29625,SC,34.509113,-82.663882,SFR,,,,1048.0,0.195,30000.0,2024-12-18,Resale,28.63,24860,"Greenville-Anderson-Greer, SC"
3788978,45007,123-20-06-028,"322 H ST, ANDERSON, SC 29625",29625,SC,34.508890,-82.663837,SFR,,,,1202.0,0.169,65000.0,2025-07-08,Resale,54.08,24860,"Greenville-Anderson-Greer, SC"
3862048,45007,202-00-05-014,"211 N MAJOR RD, BELTON, SC 29627",29627,SC,34.495697,-82.550212,RESIDENTIAL - VACANT LAND,1967.0,,,672.0,1.04,22500.0,2024-12-20,Resale,33.48,24860,"Greenville-Anderson-Greer, SC"
3862049,45007,126-02-01-010,"303 BROOKHAVEN DR, ANDERSON, SC 29624",29624,SC,34.455272,-82.647036,SFR,,3.0,,1227.0,0.869,18000.0,2025-07-08,Resale,14.67,24860,"Greenville-Anderson-Greer, SC"
3862053,45007,150-07-07-008,"1020 ELIZABETH ST, ANDERSON, SC 29624",29624,SC,34.497406,-82.636752,SFR,2005.0,,,806.0,0.229,125000.0,2023-06-05,Resale,155.09,24860,"Greenville-Anderson-Greer, SC"
3862066,45007,275-02-04-006,"113 SUNSET DR, HONEA PATH, SC 29654",29654,SC,34.451322,-82.408953,SFR,,2.0,,1669.0,0.99,249000.0,2025-06-25,Resale,149.19,24860,"Greenville-Anderson-Greer, SC"
3862075,45007,275-02-02-013,"9 CARLISLE DR, HONEA PATH, SC 29654",29654,SC,34.449341,-82.405847,SFR,,3.0,,2201.0,0.359,,2024-07-08,Resale,,24860,"Greenville-Anderson-Greer, SC"
3862084,45007,096-20-02-009,"206 RIO WAY, ANDERSON, SC 29625",29625,SC,34.515585,-82.696895,SFR,2001.0,3.0,,1892.0,0.313,260000.0,2025-07-30,Resale,137.42,24860,"Greenville-Anderson-Greer, SC"
3900361,45007,150-09-17-004,"1518 MINOR ST, ANDERSON, SC 29624",29624,SC,34.499135,-82.626605,SFR,,,,1101.0,0.181,75000.0,2024-02-19,Resale,68.12,24860,"Greenville-Anderson-Greer, SC"
3900362,45007,150-09-17-003,"1516 MINOR ST, ANDERSON, SC 29624",29624,SC,34.499250,-82.626835,SFR,,,,1262.0,0.184,75000.0,2024-02-19,Resale,59.43,24860,"Greenville-Anderson-Greer, SC"
3900363,45007,150-09-17-002,"1514 MINOR ST, ANDERSON, SC 29624",29624,SC,34.499351,-82.627067,TAX EXEMPT,,,,1063.0,0.167,,2025-06-06,Resale,,24860,"Greenville-Anderson-Greer, SC"
3900366,45007,150-09-03-008,"1521 MINOR ST, ANDERSON, SC 29624",29624,SC,34.498720,-82.626373,TAX EXEMPT,,,,1071.0,0.16,,2025-06-06,Resale,,24860,"Greenville-Anderson-Greer, SC"
3915832,45007,248-11-02-039,"103 SAN LUCAS LN, BELTON, SC 29627",29627,SC,34.550018,-82.484284,AGRICULTURAL (NEC),,,,,0.74,,,,,24860,"Greenville-Anderson-Greer, SC"
3915844,45007,118-02-01-012,"1095 MOUNTAIN SPRINGS RD, ANDERSON, SC 29621",29621,SC,34.607021,-82.674494,SFR,,3.0,,1109.0,0.407,210000.0,2023-07-26,Resale,189.36,24860,"Greenville-Anderson-Greer, SC"
3915874,45007,147-11-04-009,"109 CAMERON WAY, ANDERSON, SC 29621",29621,SC,34.549500,-82.627236,SFR,,,,2695.0,0.587,474000.0,2025-10-16,Resale,175.88,24860,"Greenville-Anderson-Greer, SC"
3915876,45007,147-11-03-002,"102 CAMERON WAY, ANDERSON, SC 29621",29621,SC,34.550304,-82.628639,SFR,,,,2613.0,0.82,500000.0,2024-10-29,Resale,191.35,24860,"Greenville-Anderson-Greer, SC"
3915883,45007,190-09-01-013,"138 WOODSTONE DR, EASLEY, SC 29642",29642,SC,34.729545,-82.572810,SFR,2003.0,3.0,,1774.0,0.577,507500.0,2023-08-18,Resale,286.08,24860,"Greenville-Anderson-Greer, SC"
3915889,45007,187-06-01-036,"144 LONGWOOD LN, EASLEY, SC 29642",29642,SC,34.786014,-82.542163,SFR,2001.0,3.0,,2090.0,0.227,320000.0,2023-08-18,Resale,153.11,24860,"Greenville-Anderson-Greer, SC"
3915890,45007,187-06-01-035,"222 CRESTWOOD CT, EASLEY, SC 29642",29642,SC,34.785857,-82.541795,SFR,2001.0,3.0,,1901.0,0.245,310000.0,2025-06-06,Resale,163.07,24860,"Greenville-Anderson-Greer, SC"
3915908,45007,032-12-03-003,"121 WATERS LN, ANDERSON, SC 29626",29626,SC,34.453896,-82.822910,MOBILE HOME,1988.0,,,1512.0,1.4,,2024-11-18,Resale,,24860,"Greenville-Anderson-Greer, SC"
3931203,45007,122-07-09-013,"621 W FREDERICKS ST, ANDERSON, SC 29625",29625,SC,34.528586,-82.677648,SFR,1975.0,4.0,,1783.0,0.41,270000.0,2024-10-10,Resale,151.43,24860,"Greenville-Anderson-Greer, SC"
3959717,45007,240-01-08-009,"1 HARDEMAN ST, PIEDMONT, SC 29673",29673,SC,34.701679,-82.466227,SFR,,,,1662.0,0.229,98000.0,2023-06-22,Resale,58.97,24860,"Greenville-Anderson-Greer, SC"
3959718,45007,241-05-01-010,"113 ELIZABETH DR, PIEDMONT, SC 29673",29673,SC,34.696595,-82.482333,SFR,,,,1382.0,0.367,252500.0,2024-02-09,Resale,182.71,24860,"Greenville-Anderson-Greer, SC"
3959723,45007,240-01-06-003,"4 TRANSYLVANIA ST, PIEDMONT, SC 29673",29673,SC,34.701072,-82.466994,SFR,,,,1978.0,0.333,,2025-07-15,Resale,,24860,"Greenville-Anderson-Greer, SC"
3959727,45007,240-01-06-004,"6 TRANSYLVANIA ST, PIEDMONT, SC 29673",29673,SC,34.701320,-82.466848,SFR,1999.0,,,1979.0,0.303,215000.0,2023-06-30,Resale,108.64,24860,"Greenville-Anderson-Greer, SC"
3959735,45007,122-07-06-018,"622 W FREDERICKS ST, ANDERSON, SC 29625",29625,SC,34.529074,-82.677926,SFR,,,,1416.0,0.628,230000.0,2025-02-27,Resale,162.43,24860,"Greenville-Anderson-Greer, SC"
3959736,45007,122-07-06-017,"620 W FREDERICKS ST, ANDERSON, SC 29625",29625,SC,34.529170,-82.677628,SFR,,,,1200.0,0.264,196500.0,2025-03-26,Resale,163.75,24860,"Greenville-Anderson-Greer, SC"
3959737,45007,122-07-06-016,"618 W FREDERICKS ST, ANDERSON, SC 29625",29625,SC,34.529225,-82.677405,SFR,,,,1154.0,0.264,221400.0,2025-05-06,Resale,191.85,24860,"Greenville-Anderson-Greer, SC"
3959772,45007,062-07-02-034,"103 WINDWARD CT, PENDLETON, SC 29670",29670,SC,34.644111,-82.767334,SFR,1996.0,,,1370.0,0.17,,,,,24860,"Greenville-Anderson-Greer, SC"
4000296,45007,045-10-01-014,"127 WOODSHORE DR, ANDERSON, SC 29625",29625,SC,34.554000,-82.790673,MOBILE HOME,1998.0,3.0,,1584.0,0.67,368000.0,2024-12-23,Resale,232.32,24860,"Greenville-Anderson-Greer, SC"
4000299,45007,044-18-01-015,"112 BERTHA DR, ANDERSON, SC 29625",29625,SC,34.570153,-82.792719,SFR,2001.0,3.0,,1727.0,0.75,299900.0,2025-07-18,Resale,173.65,24860,"Greenville-Anderson-Greer, SC"
4000304,45007,044-18-01-020,"122 BERTHA DR, ANDERSON, SC 29625",29625,SC,34.570319,-82.790778,SFR,2001.0,3.0,,1413.0,0.58,264900.0,2025-03-07,Resale,187.47,24860,"Greenville-Anderson-Greer, SC"
4044229,45007,154-06-05-007,"121 DARRACOTT DR, ANDERSON, SC 29624",29624,SC,34.413098,-82.617289,SFR,,,,1297.0,6.89,,2024-11-20,Resale,,24860,"Greenville-Anderson-Greer, SC"
4044232,45007,154-06-05-001,"200 PISGAH DR, ANDERSON, SC 29624",29624,SC,34.415025,-82.615941,SFR,,,,1760.0,1.0,110000.0,2026-02-02,Resale,62.5,24860,"Greenville-Anderson-Greer, SC"
4085957,45007,146-09-01-013,"124 RIVENDELL DR, ANDERSON, SC 29621",29621,SC,34.579961,-82.610179,AGRICULTURAL (NEC),,,,,0.57,100000.0,2025-09-03,Resale,,24860,"Greenville-Anderson-Greer, SC"
4085961,45007,146-09-01-052,"121 LOUDWATER DR, ANDERSON, SC 29621",29621,SC,34.583052,-82.609708,AGRICULTURAL (NEC),,,,,0.55,,2024-03-18,Resale,,24860,"Greenville-Anderson-Greer, SC"
4085965,45007,146-09-01-072,"106 HARLOND DR, ANDERSON, SC 29621",29621,SC,34.581832,-82.613588,SFR,2006.0,3.0,,3800.0,0.63,750000.0,2026-02-20,Resale,197.37,24860,"Greenville-Anderson-Greer, SC"
4085977,45007,148-33-02-025,"148 AMBERWOOD DR, ANDERSON, SC 29621",29621,SC,34.524540,-82.608867,SFR,2005.0,3.0,,2694.0,0.28,312000.0,2024-09-26,Resale,115.81,24860,"Greenville-Anderson-Greer, SC"
4085984,45007,149-23-01-003,"268 CEDAR RDG, ANDERSON, SC 29621",29621,SC,34.508375,-82.613795,SFR,2005.0,,,1330.0,0.115,160000.0,2025-02-11,Resale,120.3,24860,"Greenville-Anderson-Greer, SC"
4085997,45007,149-23-04-020,"211 CEDAR RDG, ANDERSON, SC 29621",29621,SC,34.506735,-82.609622,RESIDENTIAL - VACANT LAND,,,,,0.448,,2024-01-31,Resale,,24860,"Greenville-Anderson-Greer, SC"
4085999,45007,149-23-01-030,"214 CEDAR RDG, ANDERSON, SC 29621",29621,SC,34.507421,-82.609638,RESIDENTIAL - VACANT LAND,,,,,0.2,14000.0,2024-03-12,Resale,,24860,"Greenville-Anderson-Greer, SC"
4086005,45007,149-23-04-013,"225 CEDAR RDG, ANDERSON, SC 29621",29621,SC,34.507453,-82.610838,MOBILE HOME,1997.0,3.0,,1280.0,0.149,125000.0,2023-08-18,Resale,97.66,24860,"Greenville-Anderson-Greer, SC"
4086009,45007,149-23-04-024,"203 CEDAR RDG, ANDERSON, SC 29621",29621,SC,34.506336,-82.608947,MOBILE HOME,1988.0,,,917.0,0.149,35000.0,2025-03-18,Resale,38.17,24860,"Greenville-Anderson-Greer, SC"
4086010,45007,149-23-04-021,"209 CEDAR RDG, ANDERSON, SC 29621",29621,SC,34.506575,-82.609352,MOBILE HOME,1999.0,,,1440.0,0.149,62000.0,2024-01-10,Resale,43.06,24860,"Greenville-Anderson-Greer, SC"
4086011,45007,149-23-04-025,"351 CEDAR RDG, ANDERSON, SC 29621",29621,SC,34.506232,-82.608796,MOBILE HOME,1993.0,,,1123.0,0.358,33000.0,2024-12-20,Resale,29.39,24860,"Greenville-Anderson-Greer, SC"
4086014,45007,149-23-04-019,"213 CEDAR RDG, ANDERSON, SC 29621",29621,SC,34.506934,-82.609960,MOBILE HOME,,3.0,,1140.0,0.298,5000.0,2023-12-13,Resale,4.39,24860,"Greenville-Anderson-Greer, SC"
4086016,45007,149-23-03-032,"362 CEDAR RDG, ANDERSON, SC 29621",29621,SC,34.505817,-82.608626,MOBILE HOME,1990.0,3.0,,1321.0,0.21,165000.0,2024-01-09,Resale,124.91,24860,"Greenville-Anderson-Greer, SC"
4086019,45007,149-23-04-015,"221 CEDAR RDG, ANDERSON, SC 29621",29621,SC,34.507293,-82.610568,MOBILE HOME,1988.0,,,949.0,0.149,23000.0,2023-08-15,Resale,24.24,24860,"Greenville-Anderson-Greer, SC"
4086035,45007,123-12-07-017,"100 BOSTON ST, ANDERSON, SC 29625",29625,SC,34.513047,-82.672237,SFR,,2.0,,1633.0,0.192,182500.0,2026-04-24,Resale,111.76,24860,"Greenville-Anderson-Greer, SC"
4086047,45007,123-19-06-003,"1011 W END AVE, ANDERSON, SC 29625",29625,SC,34.510922,-82.660466,SFR,,2.0,,980.0,0.215,80000.0,2025-03-28,Resale,81.63,24860,"Greenville-Anderson-Greer, SC"
4086049,45007,123-24-04-001,"507 BLECKLEY ST, ANDERSON, SC 29625",29625,SC,34.509764,-82.659336,SFR,,2.0,,1535.0,0.224,17500.0,2025-04-30,Resale,11.4,24860,"Greenville-Anderson-Greer, SC"
4086052,45007,123-19-05-021,"1004 W END AVE, ANDERSON, SC 29625",29625,SC,34.510684,-82.659597,SFR,,2.0,,1007.0,0.189,7500.0,2024-06-28,Resale,7.45,24860,"Greenville-Anderson-Greer, SC"
4236003,45007,151-08-01-034,"104 MEADOW HILLS DR, ANDERSON, SC 29624",29624,SC,34.475500,-82.634782,MOBILE HOME,1998.0,3.0,,1456.0,0.42,35100.0,2026-04-29,Resale,24.11,24860,"Greenville-Anderson-Greer, SC"
4236009,45007,151-08-03-001,"107A MEADOW HILLS DR, ANDERSON, SC 29624",29624,SC,34.475921,-82.635706,AGRICULTURAL (NEC),,,,,0.65,15000.0,2025-12-15,Resale,,24860,"Greenville-Anderson-Greer, SC"
4266407,45007,193-07-01-026,"111 BRAGG DR, WILLIAMSTON, SC 29697",29697,SC,34.663655,-82.534277,SFR,2003.0,3.0,,1420.0,0.59,247490.0,2023-12-27,Resale,174.29,24860,"Greenville-Anderson-Greer, SC"
4266408,45007,193-07-01-005,"110 BRAGG DR, WILLIAMSTON, SC 29697",29697,SC,34.663786,-82.535398,SFR,2003.0,3.0,,1818.0,0.57,239990.0,2023-11-30,Resale,132.01,24860,"Greenville-Anderson-Greer, SC"
4266412,45007,167-02-01-001,"105 CEDAR GLEN DR, WILLIAMSTON, SC 29697",29697,SC,34.663866,-82.605718,SFR,2006.0,3.0,,1875.0,0.57,,2025-06-10,Resale,,24860,"Greenville-Anderson-Greer, SC"
4266417,45007,166-02-01-015,"103 LAZY WILLOW CT, WILLIAMSTON, SC 29697",29697,SC,34.686274,-82.599101,SFR,2005.0,4.0,,6213.0,2.1,,2024-12-31,Resale,,24860,"Greenville-Anderson-Greer, SC"
4320877,45007,245-14-12-011,"119 W 1ST ST, WILLIAMSTON, SC 29697",29697,SC,34.610238,-82.483565,SFR,,,,1361.0,0.241,160000.0,2023-09-08,Resale,117.56,24860,"Greenville-Anderson-Greer, SC"
4320886,45007,069-24-02-001,"211 SPRINGSIDE CIR, ANDERSON, SC 29625",29625,SC,34.519016,-82.745988,SFR,1988.0,3.0,,1686.0,0.58,,,,,24860,"Greenville-Anderson-Greer, SC"
4329411,45007,125-13-04-007,"2920 CHAMBERS RD, ANDERSON, SC 29626",29626,SC,34.463370,-82.663184,SFR,,3.0,,888.0,0.31,139000.0,2026-01-30,Resale,156.53,24860,"Greenville-Anderson-Greer, SC"
4329413,45007,125-13-04-005,"2910 CHAMBERS RD, ANDERSON, SC 29626",29626,SC,34.463841,-82.662866,SFR,,2.0,,740.0,0.344,30000.0,2023-10-26,Resale,40.54,24860,"Greenville-Anderson-Greer, SC"
4329418,45007,125-13-03-012,"2929 CHAMBERS RD, ANDERSON, SC 29626",29626,SC,34.462470,-82.662877,MOBILE HOME,1996.0,,,1680.0,0.23,8000.0,2023-08-31,Resale,4.76,24860,"Greenville-Anderson-Greer, SC"
4329435,45007,125-15-03-009,"3518 WILMONT ST, ANDERSON, SC 29624",29624,SC,34.463132,-82.656923,SFR,,,,680.0,0.43,60000.0,2026-01-28,Resale,88.24,24860,"Greenville-Anderson-Greer, SC"
4329437,45007,125-16-01-010,"3507 WILMONT ST, ANDERSON, SC 29624",29624,SC,34.463856,-82.655578,SFR,,,,851.0,0.257,55000.0,2024-07-16,Construction Loan/Financing,64.63,24860,"Greenville-Anderson-Greer, SC"
4329443,45007,245-14-13-007,"114 W 1ST ST, WILLIAMSTON, SC 29697",29697,SC,34.610656,-82.483167,SFR,,,,1273.0,0.196,220000.0,2025-08-01,Resale,172.82,24860,"Greenville-Anderson-Greer, SC"
4329446,45007,245-14-13-004,"104 W 1ST ST, WILLIAMSTON, SC 29697",29697,SC,34.610608,-82.482353,SFR,,,,880.0,0.136,31000.0,2025-02-27,Resale,35.23,24860,"Greenville-Anderson-Greer, SC"
4329448,45007,245-14-13-003,"100 W 1ST ST, WILLIAMSTON, SC 29697",29697,SC,34.610591,-82.482036,SFR,,,,974.0,0.076,,2024-12-13,Resale,,24860,"Greenville-Anderson-Greer, SC"
4329458,45007,252-00-01-039,"383 ELLISON RD, BELTON, SC 29627",29627,SC,34.470279,-82.487417,MOBILE HOME,2000.0,,,1344.0,1.93,200000.0,2025-12-23,Resale,148.81,24860,"Greenville-Anderson-Greer, SC"
4329467,45007,122-10-08-016,"2106 WOODSIDE AVE, ANDERSON, SC 29625",29625,SC,34.521881,-82.668594,SFR,,3.0,,1535.0,0.29,230000.0,2025-05-09,Resale,149.84,24860,"Greenville-Anderson-Greer, SC"
4329470,45007,122-10-07-020,"2000 NORTHVIEW AVE, ANDERSON, SC 29625",29625,SC,34.521602,-82.667570,SFR,,3.0,,1854.0,0.227,251000.0,2025-03-19,Resale,135.38,24860,"Greenville-Anderson-Greer, SC"
4329483,45007,153-09-01-007,"138 ROSE DR, ANDERSON, SC 29624",29624,SC,34.444793,-82.642616,RESIDENTIAL - VACANT LAND,,,,,1.0,20000.0,2025-08-15,Resale,,24860,"Greenville-Anderson-Greer, SC"
4329488,45007,153-09-01-018,"106 ROSE DR, ANDERSON, SC 29624",29624,SC,34.443480,-82.639812,MOBILE HOME,1996.0,2.0,,1792.0,0.91,120000.0,2025-09-06,Resale,66.96,24860,"Greenville-Anderson-Greer, SC"
4329493,45007,153-01-01-022,"1023 HAYES RD, ANDERSON, SC 29624",29624,SC,34.428487,-82.639090,SFR,,,,920.0,1.911,112500.0,2024-08-19,Resale,122.28,24860,"Greenville-Anderson-Greer, SC"
4329506,45007,069-24-02-002,"223 SPRINGSIDE CIR, ANDERSON, SC 29625",29625,SC,34.519140,-82.745584,SFR,1990.0,3.0,,1582.0,0.85,279900.0,2025-03-24,Resale,176.93,24860,"Greenville-Anderson-Greer, SC"
4329522,45007,275-09-16-001,"205 KAY ST, HONEA PATH, SC 29654",29654,SC,34.454872,-82.388184,SFR,,2.0,,1019.0,0.236,71225.0,2025-06-27,Resale,69.9,24860,"Greenville-Anderson-Greer, SC"
4354114,45007,240-01-01-003,"3 DONALD ST, PIEDMONT, SC 29673",29673,SC,34.701123,-82.470721,SFR,,,,856.0,0.456,135000.0,2025-08-25,Resale,157.71,24860,"Greenville-Anderson-Greer, SC"
4354121,45007,240-01-02-007,"12 DONALD ST, PIEDMONT, SC 29673",29673,SC,34.702237,-82.470029,SFR,,,,1024.0,0.359,105000.0,2025-06-20,Resale,102.54,24860,"Greenville-Anderson-Greer, SC"
4354122,45007,177-06-01-043,"307 SERENA CIR, ANDERSON, SC 29621",29621,SC,34.466232,-82.590175,SFR,1990.0,3.0,,2200.0,0.483,408000.0,2025-05-09,Resale,185.45,24860,"Greenville-Anderson-Greer, SC"
4354125,45007,177-07-02-001,"103 GILMER RD, ANDERSON, SC 29621",29621,SC,34.466501,-82.588702,AGRICULTURAL LAND,1983.0,,,1640.0,1.03,76000.0,2026-03-13,Resale,46.34,24860,"Greenville-Anderson-Greer, SC"
4354142,45007,249-06-03-007,"720 RIVER ST, BELTON, SC 29627",29627,SC,34.529118,-82.480291,SFR,,3.0,,1299.0,0.544,180000.0,2026-01-30,Resale,138.57,24860,"Greenville-Anderson-Greer, SC"
4430828,45007,125-21-01-009,"734 WOODMONT CIR, ANDERSON, SC 29624",29624,SC,34.474203,-82.647365,SFR,,,,967.0,0.318,161000.0,2023-08-09,Resale,166.49,24860,"Greenville-Anderson-Greer, SC"
4440828,45007,045-10-01-013,"125 WOODSHORE DR, ANDERSON, SC 29625",29625,SC,34.553700,-82.790484,MOBILE HOME,2000.0,,,1680.0,0.132,310000.0,2024-09-16,Resale,184.52,24860,"Greenville-Anderson-Greer, SC"
4459497,45007,147-16-01-034,"506 BRITTANY PARK, ANDERSON, SC 29621",29621,SC,34.549164,-82.652889,SFR,2001.0,3.0,,2207.0,0.317,439900.0,2025-06-27,Resale,199.32,24860,"Greenville-Anderson-Greer, SC"
4463296,45007,149-15-04-017,"106 WILLOW CT, ANDERSON, SC 29621",29621,SC,34.515534,-82.629287,SFR,1995.0,3.0,,1670.0,0.444,,2024-02-14,Resale,,24860,"Greenville-Anderson-Greer, SC"
4464468,45007,237-04-01-058,"101 HOLBORNE DR, EASLEY, SC 29642",29642,SC,34.768417,-82.489251,SFR,1999.0,4.0,,3646.0,0.613,618000.0,2025-06-17,Resale,169.5,24860,"Greenville-Anderson-Greer, SC"
4529767,45007,239-04-01-015,"121 SHERMAN CT, PIEDMONT, SC 29673",29673,SC,34.730177,-82.475575,SFR,,,,2498.0,0.84,276500.0,2025-09-26,Resale,110.69,24860,"Greenville-Anderson-Greer, SC"
4529768,45007,239-13-01-013,"212 CREEKSTONE DR, PIEDMONT, SC 29673",29673,SC,34.731202,-82.482886,MOBILE HOME,2001.0,3.0,,1968.0,0.57,250000.0,2025-07-21,Resale,127.03,24860,"Greenville-Anderson-Greer, SC"
4545385,45007,242-04-01-011,"127 EFFIE DR, PIEDMONT, SC 29673",29673,SC,34.677436,-82.462908,MOBILE HOME,1996.0,,,1456.0,1.08,190000.0,2024-09-19,Resale,130.49,24860,"Greenville-Anderson-Greer, SC"
4559919,45007,048-08-01-018,"111 SUNDOWNER BLVD, ANDERSON, SC 29626",29626,SC,34.483624,-82.781588,SFR,2001.0,3.0,,1563.0,0.57,255500.0,2023-12-06,Resale,163.47,24860,"Greenville-Anderson-Greer, SC"
4563665,45007,049-00-09-002,"1529 OLD ROBERTS CHURCH RD, ANDERSON, SC 29626",29626,SC,34.475508,-82.793663,SFR,,,,3318.0,5.39,390000.0,2024-07-10,Resale,117.54,24860,"Greenville-Anderson-Greer, SC"
4588245,45007,040-21-04-013,"118 GRAND OAK CIR, PENDLETON, SC 29670",29670,SC,34.649031,-82.788252,SFR,1999.0,3.0,,1511.0,0.197,263000.0,2025-09-08,Resale,174.06,24860,"Greenville-Anderson-Greer, SC"
4630921,45007,127-01-01-011,"101 CARSON DR, STARR, SC 29684",29684,SC,34.436171,-82.676727,SFR,,,,1056.0,0.505,180250.0,2023-07-20,Resale,170.69,24860,"Greenville-Anderson-Greer, SC"
4634592,45007,226-04-03-008,"406 ANDERSON ST, BELTON, SC 29627",29627,SC,34.521523,-82.497438,SFR,,3.0,,2419.0,0.39,175000.0,2025-06-09,Resale,72.34,24860,"Greenville-Anderson-Greer, SC"
4637330,45007,149-02-02-001,"501 NORTH ST, ANDERSON, SC 29621",29621,SC,34.512154,-82.643204,SFR,1920.0,3.0,,2151.0,0.257,280000.0,2026-04-13,Resale,130.17,24860,"Greenville-Anderson-Greer, SC"
4647779,45007,148-32-01-059,"205 GEORGE B TIMMERMAN DR, ANDERSON, SC 29621",29621,SC,34.528781,-82.639373,SFR,2004.0,3.0,,2312.0,0.312,369000.0,2024-08-07,Resale,159.6,24860,"Greenville-Anderson-Greer, SC"
4690965,45007,093-11-12-006,"1202 NORTHLAKE DR, ANDERSON, SC 29625",29625,SC,34.565017,-82.706871,CONDOMINIUM,,2.0,,,,140000.0,2025-09-05,Resale,,24860,"Greenville-Anderson-Greer, SC"
4770474,45007,123-26-01-033,"1916 MARTIN AVE, ANDERSON, SC 29625",29625,SC,34.519689,-82.665562,SFR,,2.0,,1368.0,0.288,36000.0,2025-10-17,Resale,26.32,24860,"Greenville-Anderson-Greer, SC"
4770476,45007,192-06-01-072,"109 CONNERS BLVD, PIEDMONT, SC 29673",29673,SC,34.684244,-82.549210,SFR,1994.0,3.0,,1385.0,1.207,256000.0,2023-12-21,Resale,184.84,24860,"Greenville-Anderson-Greer, SC"
4770486,45007,094-12-08-011,"213 OXMOOR DR, ANDERSON, SC 29625",29625,SC,34.537311,-82.728154,SFR,1981.0,3.0,,1724.0,1.09,,2022-05-10,Resale,,24860,"Greenville-Anderson-Greer, SC"
4792882,45007,068-05-02-001,"1951 CENTERVILLE RD, ANDERSON, SC 29625",29625,SC,34.538969,-82.742585,SFR,,,,1738.0,1.6,232000.0,2026-04-27,Resale,133.49,24860,"Greenville-Anderson-Greer, SC"
4792884,45007,044-18-01-009,"3352 CENTERVILLE RD, ANDERSON, SC 29625",29625,SC,34.569767,-82.794219,SFR,2003.0,3.0,,1545.0,0.57,239000.0,2023-08-21,Resale,154.69,24860,"Greenville-Anderson-Greer, SC"
4792887,45007,149-21-01-015,"180 FAIRWAY GRN, ANDERSON, SC 29621",29621,SC,34.504374,-82.603606,SFR,,5.0,,2511.0,0.77,260000.0,2025-01-03,Resale,103.54,24860,"Greenville-Anderson-Greer, SC"
4792891,45007,150-07-05-020,"1015 BROCK ST, ANDERSON, SC 29624",29624,SC,34.499062,-82.635828,SFR,,,,581.0,0.22,125992.0,2024-08-19,Resale,216.85,24860,"Greenville-Anderson-Greer, SC"
4792895,45007,150-07-05-013,"1013 BROCK ST, ANDERSON, SC 29624",29624,SC,34.499145,-82.635981,SFR,,,,581.0,2.201,125992.0,2024-08-19,Resale,216.85,24860,"Greenville-Anderson-Greer, SC"
4792898,45007,149-01-01-012,"605 BOULEVARD, ANDERSON, SC 29621",29621,SC,34.514278,-82.644274,SFR,,3.0,,2923.0,0.276,355000.0,2025-09-22,Resale,121.45,24860,"Greenville-Anderson-Greer, SC"
4807941,45007,045-01-01-025,"116 MIDWOOD DR, ANDERSON, SC 29625",29625,SC,34.534956,-82.813750,SFR,2002.0,3.0,,2686.0,0.574,715000.0,2024-03-15,Resale,266.2,24860,"Greenville-Anderson-Greer, SC"
4807946,45007,123-17-01-013,"1930 DOBBINS AVE, ANDERSON, SC 29625",29625,SC,34.520224,-82.668752,SFR,,2.0,,1346.0,0.035,205500.0,2026-02-20,Resale,152.67,24860,"Greenville-Anderson-Greer, SC"
4807953,45007,044-05-03-007,"211 ROWLAND RD, ANDERSON, SC 29625",29625,SC,34.571128,-82.785409,SFR,2006.0,2.0,,1996.0,0.72,585000.0,2024-06-10,Resale,293.09,24860,"Greenville-Anderson-Greer, SC"
4807961,45007,122-10-04-001,"423 CENTRAL AVE, ANDERSON, SC 29625",29625,SC,34.523632,-82.665658,SFR,,3.0,,2346.0,0.332,370000.0,2023-06-16,Resale,157.72,24860,"Greenville-Anderson-Greer, SC"
4807992,45007,226-04-06-017,"315 WOODLAND DR, BELTON, SC 29627",29627,SC,34.516807,-82.499772,SFR,2001.0,2.0,,1256.0,0.347,,2024-07-25,Resale,,24860,"Greenville-Anderson-Greer, SC"
4808004,45007,148-31-04-029,"909 MEADOWCREEK, ANDERSON, SC 29621",29621,SC,34.542338,-82.613177,SFR,1998.0,3.0,,2551.0,0.234,325000.0,2025-05-21,Resale,127.4,24860,"Greenville-Anderson-Greer, SC"
4808005,45007,148-18-03-009,"416 VAN MARTIN RD, ANDERSON, SC 29621",29621,SC,34.529945,-82.607316,SFR,,,,1415.0,2.6,294900.0,2023-12-01,Resale,208.41,24860,"Greenville-Anderson-Greer, SC"
4859074,45007,156-00-06-037,"225 FAITH LN, IVA, SC 29655",29655,SC,34.369558,-82.624917,SFR,1992.0,,,1686.0,1.16,254500.0,2025-05-07,Resale,150.95,24860,"Greenville-Anderson-Greer, SC"
4928817,45007,221-10-04-023,"721 MCALISTER RD, WILLIAMSTON, SC 29697",29697,SC,34.608683,-82.523454,SFR,1996.0,3.0,,1681.0,0.543,365000.0,2024-03-01,Resale,217.13,24860,"Greenville-Anderson-Greer, SC"
4928821,45007,046-05-01-014,"103 LISSA LN, ANDERSON, SC 29625",29625,SC,34.521657,-82.769682,SFR,2001.0,3.0,,1524.0,0.87,330000.0,2025-10-15,Resale,216.54,24860,"Greenville-Anderson-Greer, SC"
4928825,45007,229-02-02-006,"1607 HIGHWAY 252, BELTON, SC 29627",29627,SC,34.460534,-82.515044,MOBILE HOME,1998.0,3.0,,1680.0,0.73,,2025-02-19,Resale,,24860,"Greenville-Anderson-Greer, SC"
4928830,45007,044-06-01-003,"410 SANDY SPRINGS RD, ANDERSON, SC 29625",29625,SC,34.569222,-82.782196,SFR,,,,1420.0,0.448,178500.0,2023-10-30,Resale,125.7,24860,"Greenville-Anderson-Greer, SC"
4934383,45007,185-01-03-002,"110 HOLT DR, IVA, SC 29655",29655,SC,34.318872,-82.585021,MOBILE HOME,1997.0,,,1232.0,0.434,216000.0,2025-05-21,Resale,175.32,24860,"Greenville-Anderson-Greer, SC"
4934396,45007,221-10-04-016,"141 BREAZEALE DR, WILLIAMSTON, SC 29697",29697,SC,34.611863,-82.525404,SFR,,,,1516.0,0.591,150000.0,2025-03-21,Resale,98.94,24860,"Greenville-Anderson-Greer, SC"
4965089,45007,245-00-06-005,"2 PATTERSON DR, WILLIAMSTON, SC 29697",29697,SC,34.609619,-82.456289,SFR,2007.0,,,3016.0,0.98,,2026-02-05,Resale,,24860,"Greenville-Anderson-Greer, SC"
4965881,45007,122-17-04-011,"2003 COLLEGE AVE, ANDERSON, SC 29621",29621,SC,34.524012,-82.649940,SFR,,3.0,,1567.0,0.409,,2024-12-04,Resale,,24860,"Greenville-Anderson-Greer, SC"
5141909,45007,148-22-01-007,"302 LOWRY RD, ANDERSON, SC 29621",29621,SC,34.528638,-82.605548,SFR,,,,1454.0,1.29,268500.0,2024-07-01,Resale,184.66,24860,"Greenville-Anderson-Greer, SC"
5224431,45007,067-12-02-007,"1021 LAKEWOOD DR, ANDERSON, SC 29625",29625,SC,34.539000,-82.758825,SFR,,,,1600.0,0.5,150000.0,2023-07-19,New Construction,93.75,24860,"Greenville-Anderson-Greer, SC"
5224453,45007,117-03-01-005,"103 PRECIOUS PL, ANDERSON, SC 29621",29621,SC,34.624789,-82.666843,AGRICULTURAL LAND,,,,,0.303,50000.0,2025-04-17,Resale,,24860,"Greenville-Anderson-Greer, SC"
5224455,45007,125-14-01-003,"603 MURPHY ST, ANDERSON, SC 29626",29626,SC,34.460862,-82.667947,RESIDENTIAL - VACANT LAND,,,,,0.299,45000.0,2024-02-16,Resale,,24860,"Greenville-Anderson-Greer, SC"
5228805,45007,165-04-04-016,"101 HAMILTON LN, LIBERTY, SC 29657",29657,SC,34.706710,-82.601496,MOBILE HOME,1998.0,,,1463.0,1.0,220000.0,2025-04-23,Resale,150.38,24860,"Greenville-Anderson-Greer, SC"
5237898,45007,235-00-04-001,"218 RAGSDALE RD, GREENVILLE, SC 29611",29611,SC,34.802576,-82.481322,SFR,,,,1357.0,1.58,145000.0,2025-12-29,Resale,106.85,24860,"Greenville-Anderson-Greer, SC"
5237931,45007,096-05-02-011,"107 REGENCY CIR, ANDERSON, SC 29625",29625,SC,34.519482,-82.709977,SFR,,3.0,,2013.0,0.58,,2024-04-05,Resale,,24860,"Greenville-Anderson-Greer, SC"
5237936,45007,093-11-07-008,"707 NORTHLAKE DR, ANDERSON, SC 29625",29625,SC,34.565312,-82.707888,CONDOMINIUM,,2.0,,,,190000.0,2025-11-25,Resale,,24860,"Greenville-Anderson-Greer, SC"
5237943,45007,093-11-07-007,"711 NORTHLAKE DR, ANDERSON, SC 29625",29625,SC,34.565363,-82.707903,CONDOMINIUM,,2.0,,,,149999.0,2024-02-13,Resale,,24860,"Greenville-Anderson-Greer, SC"
5237944,45007,122-06-01-008,"201 NORTHGATE DR, ANDERSON, SC 29625",29625,SC,34.527057,-82.673503,SFR,1967.0,3.0,,1301.0,0.375,166000.0,2023-10-03,Resale,127.59,24860,"Greenville-Anderson-Greer, SC"
5237947,45007,122-06-04-010,"2501 POPE DR, ANDERSON, SC 29625",29625,SC,34.526177,-82.670427,SFR,1992.0,2.0,,1187.0,0.34,205000.0,2025-03-28,Resale,172.7,24860,"Greenville-Anderson-Greer, SC"
5251916,45007,040-21-05-009,"180 GRAND OAK CIR, PENDLETON, SC 29670",29670,SC,34.649005,-82.790862,SFR,2003.0,3.0,,2655.0,0.165,299900.0,2025-11-21,Resale,112.96,24860,"Greenville-Anderson-Greer, SC"
5251920,45007,040-13-04-018,"208 MAGNOLIA TER, PENDLETON, SC 29670",29670,SC,34.637760,-82.785818,SFR,,,,1590.0,0.402,230000.0,2023-08-22,Resale,144.65,24860,"Greenville-Anderson-Greer, SC"
5309724,45007,123-16-04-028,"211 ONEAL DR, ANDERSON, SC 29625",29625,SC,34.520459,-82.671133,SFR,,4.0,,4562.0,0.629,150000.0,2025-12-01,Resale,32.88,24860,"Greenville-Anderson-Greer, SC"
7058552,45007,225-01-02-016,"29 MCGEE ST, BELTON, SC 29627",29627,SC,34.525473,-82.500347,SFR,,2.0,,781.0,0.159,170000.0,2024-11-12,Resale,217.67,24860,"Greenville-Anderson-Greer, SC"
7058553,45007,225-03-08-014,"5 JACKSON ST, BELTON, SC 29627",29627,SC,34.529414,-82.497831,SFR,,2.0,,1615.0,0.173,229000.0,2026-01-06,Resale,141.8,24860,"Greenville-Anderson-Greer, SC"
7058557,45007,099-07-01-018,"110 SPRING HILL RD, ANDERSON, SC 29626",29626,SC,34.445587,-82.721634,MOBILE HOME,,,,1792.0,1.49,190000.0,2024-07-11,Resale,106.03,24860,"Greenville-Anderson-Greer, SC"
7166922,45007,152-05-01-028,"114 ANGIE DR, ANDERSON, SC 29624",29624,SC,34.444197,-82.617255,MOBILE HOME,1999.0,,,1960.0,1.583,120000.0,2025-09-26,Resale,61.22,24860,"Greenville-Anderson-Greer, SC"
7166924,45007,124-09-01-043,"117 HILLCREST CIR, ANDERSON, SC 29624",29624,SC,34.489886,-82.667502,SFR,,3.0,,1054.0,0.475,198500.0,2024-08-23,Resale,188.33,24860,"Greenville-Anderson-Greer, SC"
7229190,45007,123-20-16-014,"204 M ST, ANDERSON, SC 29625",29625,SC,34.505370,-82.667474,SFR,,2.0,,937.0,0.131,38200.0,2024-06-28,Resale,40.77,24860,"Greenville-Anderson-Greer, SC"
7229213,45007,239-13-01-015,"216 CREEKSTONE DR, PIEDMONT, SC 29673",29673,SC,34.730562,-82.483754,MOBILE HOME,2001.0,3.0,,2280.0,0.61,245000.0,2025-08-26,Resale,107.46,24860,"Greenville-Anderson-Greer, SC"
7229215,45007,163-03-02-004,"351 SHENANDOAH DR, EASLEY, SC 29642",29642,SC,34.752884,-82.584618,SFR,,,,,0.537,132000.0,2024-08-27,Resale,,24860,"Greenville-Anderson-Greer, SC"
7237211,45007,026-11-01-002,"146 CANN RD, ANDERSON, SC 29625",29625,SC,34.578429,-82.817841,MOBILE HOME,1999.0,,,1456.0,0.58,169900.0,2026-02-09,Resale,116.69,24860,"Greenville-Anderson-Greer, SC"
7237212,45007,026-02-01-012,"134 ROBINHOOD RD, TOWNVILLE, SC 29689",29689,SC,34.562913,-82.840470,MARSHLAND,,,,,0.432,36000.0,2025-08-18,Resale,,24860,"Greenville-Anderson-Greer, SC"
7237219,45007,123-17-04-017,"1008 BOGGS ST, ANDERSON, SC 29625",29625,SC,34.516795,-82.667130,RESIDENTIAL - VACANT LAND,,,,,0.238,10000.0,2025-05-01,Resale,,24860,"Greenville-Anderson-Greer, SC"
7237224,45007,224-00-13-010,"148 SHERARD RD, BELTON, SC 29627",29627,SC,34.551932,-82.498086,AGRICULTURAL (NEC),,,,,0.98,34500.0,2024-01-26,Resale,,24860,"Greenville-Anderson-Greer, SC"
7281441,45007,195-03-01-001,"201 CARRAGEEN DR, WILLIAMSTON, SC 29697",29697,SC,34.633840,-82.556573,SFR,2005.0,3.0,,1727.0,0.628,,2023-06-01,Construction Loan/Financing,,24860,"Greenville-Anderson-Greer, SC"
7330955,45007,149-02-04-019,"608 E CALHOUN ST, ANDERSON, SC 29621",29621,SC,34.509617,-82.643201,SFR,,,,1143.0,0.287,,2023-11-28,Resale,,24860,"Greenville-Anderson-Greer, SC"
7330959,45007,150-07-06-009,"504 CAUGHLIN AVE, ANDERSON, SC 29624",29624,SC,34.498100,-82.635874,SFR,,,,754.0,0.14,,2023-05-17,Resale,,24860,"Greenville-Anderson-Greer, SC"
7330960,45007,124-25-04-021,"301 WARDLAW ST, ANDERSON, SC 29624",29624,SC,34.493003,-82.644326,SFR,1993.0,3.0,,1009.0,0.281,185000.0,2025-10-01,Resale,183.35,24860,"Greenville-Anderson-Greer, SC"
7345945,45007,187-06-01-024,"103 ROLLING OAK DR, EASLEY, SC 29642",29642,SC,34.784021,-82.541593,SFR,2002.0,3.0,,1847.0,0.206,294900.0,2024-02-16,Resale,159.66,24860,"Greenville-Anderson-Greer, SC"
7384185,45007,151-10-02-006,"300 LAWRENCE RD, ANDERSON, SC 29624",29624,SC,34.472534,-82.630842,MOBILE HOME,1998.0,,,1792.0,0.56,145000.0,2025-05-16,Resale,80.92,24860,"Greenville-Anderson-Greer, SC"
7384399,45007,153-01-01-009,"106 KNOWLANDWOOD CIR, ANDERSON, SC 29624",29624,SC,34.431662,-82.638186,SFR,,,,1118.0,0.707,207000.0,2025-01-08,Resale,185.15,24860,"Greenville-Anderson-Greer, SC"
7389160,45007,214-07-02-012,"403 JAMESON DR, PIEDMONT, SC 29673",29673,SC,34.754259,-82.509463,SFR,,,,1853.0,0.753,350000.0,2025-02-28,Resale,188.88,24860,"Greenville-Anderson-Greer, SC"
7436613,45007,069-07-01-004,"219 CHERRY SEED RD, ANDERSON, SC 29625",29625,SC,34.516284,-82.765750,SFR,,,,1233.0,0.33,70000.0,2026-03-02,Resale,56.77,24860,"Greenville-Anderson-Greer, SC"
7437751,45007,099-08-01-001,"100 WILLIE MAE CT, ANDERSON, SC 29626",29626,SC,34.447897,-82.697347,MOBILE HOME,2004.0,3.0,,2016.0,0.76,40500.0,2025-05-27,Resale,20.09,24860,"Greenville-Anderson-Greer, SC"
7450836,45007,091-00-02-020,"2722 LEBANON RD, PENDLETON, SC 29670",29670,SC,34.609065,-82.708571,SFR,1988.0,3.0,,1038.0,0.607,182000.0,2023-11-22,Resale,175.34,24860,"Greenville-Anderson-Greer, SC"
7458724,45007,151-01-02-028,"113 ASHLEY AVE, ANDERSON, SC 29624",29624,SC,34.480019,-82.641577,SFR,1955.0,,,1905.0,0.305,157000.0,2024-07-08,Resale,82.41,24860,"Greenville-Anderson-Greer, SC"
7496275,45007,222-00-05-001,"489 BOITER RD, WILLIAMSTON, SC 29697",29697,SC,34.599591,-82.516892,AGRICULTURAL LAND,,,,,1.0,59000.0,2024-08-21,Resale,,24860,"Greenville-Anderson-Greer, SC"
7496281,45007,201-00-03-004,"1337 WHITEN RD, BELTON, SC 29627",29627,SC,34.513594,-82.563023,SFR,,2.0,,1007.0,1.041,187500.0,2023-07-07,Resale,186.2,24860,"Greenville-Anderson-Greer, SC"
7496286,45007,174-02-02-011,"3006 COBBS WAY, ANDERSON, SC 29621",29621,SC,34.549203,-82.597441,SFR,2020.0,3.0,,2413.0,0.497,435900.0,2024-08-05,Resale,180.65,24860,"Greenville-Anderson-Greer, SC"
7496323,45007,124-25-09-007,"1508 S FANT ST, ANDERSON, SC 29624",29624,SC,34.490980,-82.642987,RESIDENTIAL - VACANT LAND,,,,,0.182,185000.0,2025-11-12,Resale,,24860,"Greenville-Anderson-Greer, SC"
7496324,45007,193-05-01-015,"8 THORNWOOD DR, WILLIAMSTON, SC 29697",29697,SC,34.668765,-82.545592,MOBILE HOME,1989.0,2.0,,1344.0,0.756,,2026-04-07,Resale,,24860,"Greenville-Anderson-Greer, SC"
7497375,45007,069-19-01-013,"114 PEARTREE LN, ANDERSON, SC 29625",29625,SC,34.514964,-82.753078,SFR,1990.0,3.0,,2669.0,2.0,474000.0,2025-12-23,Resale,177.59,24860,"Greenville-Anderson-Greer, SC"
7497376,45007,070-03-02-003,"102 COUNTRY GARDEN LN, ANDERSON, SC 29626",29626,SC,34.490439,-82.747034,SFR,1996.0,3.0,,2199.0,0.802,335000.0,2025-11-18,Resale,152.34,24860,"Greenville-Anderson-Greer, SC"
7497379,45007,243-01-05-003,"1013 ORR ST, PELZER, SC 29669",29669,SC,34.652455,-82.462187,SFR,,,,1026.0,0.232,,2023-11-27,Resale,,24860,"Greenville-Anderson-Greer, SC"
7497396,45007,123-17-01-049,"712 BLAIR ST, ANDERSON, SC 29625",29625,SC,34.519830,-82.667727,SFR,,2.0,,732.0,0.505,46500.0,2023-07-19,Resale,63.52,24860,"Greenville-Anderson-Greer, SC"
7497405,45007,148-31-03-020,"215 SAVANNAH DR, ANDERSON, SC 29621",29621,SC,34.543855,-82.612986,SFR,2003.0,3.0,,1984.0,0.289,330000.0,2026-02-11,Resale,166.33,24860,"Greenville-Anderson-Greer, SC"
7497411,45007,245-09-04-021,"400 S GREEN ST, WILLIAMSTON, SC 29697",29697,SC,34.616235,-82.471460,SFR,,3.0,,1897.0,0.85,180000.0,2024-07-02,Resale,94.89,24860,"Greenville-Anderson-Greer, SC"
7497417,45007,094-12-03-003,"110 SUSSEX WAY, ANDERSON, SC 29625",29625,SC,34.538836,-82.724708,SFR,1996.0,3.0,,1769.0,0.612,319900.0,2025-03-28,Resale,180.84,24860,"Greenville-Anderson-Greer, SC"
7497427,45007,094-03-01-022,"1012 CHANTILLY LN, ANDERSON, SC 29625",29625,SC,34.562620,-82.727097,SFR,2002.0,3.0,,2833.0,0.57,,2024-06-04,Resale,,24860,"Greenville-Anderson-Greer, SC"
7497438,45007,124-13-02-002,"110 MAXWELL AVE, ANDERSON, SC 29624",29624,SC,34.501727,-82.663320,SFR,,,,3203.0,0.422,295000.0,2025-06-20,Resale,92.1,24860,"Greenville-Anderson-Greer, SC"
7497446,45007,150-09-16-002,"208 S GOSSETT ST, ANDERSON, SC 29624",29624,SC,34.498919,-82.628942,SFR,,,,1152.0,0.43,50000.0,2025-06-25,Resale,43.4,24860,"Greenville-Anderson-Greer, SC"
7497463,45007,226-04-06-015,"311 WOODLAND DR, BELTON, SC 29627",29627,SC,34.517147,-82.499432,SFR,,2.0,,1101.0,0.269,178000.0,2024-02-20,Resale,161.67,24860,"Greenville-Anderson-Greer, SC"
7504528,45007,124-27-05-009,"219 GUY ST, ANDERSON, SC 29624",29624,SC,34.485178,-82.644372,TAX EXEMPT,,,,1047.0,0.271,,2025-06-06,Resale,,24860,"Greenville-Anderson-Greer, SC"
7513410,45007,249-04-03-005,"101 CRESCENT AVE, BELTON, SC 29627",29627,SC,34.526583,-82.484071,SFR,,3.0,,1131.0,0.36,215000.0,2024-07-12,Resale,190.1,24860,"Greenville-Anderson-Greer, SC"
7513411,45007,125-08-05-007,"3007 NEW POND RD, ANDERSON, SC 29626",29626,SC,34.477349,-82.659543,SFR,,2.0,,1035.0,0.737,140000.0,2023-10-12,Resale,135.27,24860,"Greenville-Anderson-Greer, SC"
7543268,45007,014-11-01-013,"124 SUE ELLA CT, TOWNVILLE, SC 29689",29689,SC,34.559663,-82.884287,AGRICULTURAL LAND,,,,,0.614,175000.0,2026-04-28,Resale,,24860,"Greenville-Anderson-Greer, SC"
7612005,45007,189-00-10-029,"320 WATSON RD, EASLEY, SC 29642",29642,SC,34.744704,-82.562404,SFR,2000.0,4.0,,4569.0,5.24,880000.0,2024-09-27,Resale,192.6,24860,"Greenville-Anderson-Greer, SC"
7697112,45007,105-03-01-001,"1861 BROWN RD, STARR, SC 29684",29684,SC,34.331013,-82.723085,SFR,,,,,0.76,,2025-02-07,Resale,,24860,"Greenville-Anderson-Greer, SC"
7714458,45007,104-01-08-026,"1200 MOUCHET CIR, STARR, SC 29684",29684,SC,34.359031,-82.691961,SFR,1981.0,3.0,,1091.0,0.517,,2025-06-13,Resale,,24860,"Greenville-Anderson-Greer, SC"
7714467,45007,162-00-02-012,"312 E CHURCH RD, EASLEY, SC 29642",29642,SC,34.769283,-82.584532,SFR,,,,1057.0,0.687,33000.0,2026-01-07,Resale,31.22,24860,"Greenville-Anderson-Greer, SC"
7714469,45007,117-00-08-015,"207 EXETER CT, ANDERSON, SC 29621",29621,SC,34.625740,-82.668642,AGRICULTURAL (NEC),,,,,0.92,65000.0,2024-10-11,Resale,,24860,"Greenville-Anderson-Greer, SC"
7815861,45007,199-00-03-022,"107 MCCOMBS RD, BELTON, SC 29627",29627,SC,34.564916,-82.547971,AGRICULTURAL (NEC),,,,,5.19,73400.0,2023-10-20,Resale,,24860,"Greenville-Anderson-Greer, SC"
7830675,45007,148-23-01-037,"203 LANCASTER DR, ANDERSON, SC 29621",29621,SC,34.542058,-82.647194,SFR,,,,2122.0,0.58,425000.0,2025-06-06,Resale,200.28,24860,"Greenville-Anderson-Greer, SC"
7836637,45007,145-14-01-018,"100 CROSSCREEK DR, ANDERSON, SC 29621",29621,SC,34.597735,-82.619140,SFR,2000.0,3.0,,2151.0,0.444,350000.0,2025-08-11,Resale,162.72,24860,"Greenville-Anderson-Greer, SC"
7841083,45007,187-04-01-033,"126 RED MAPLE CIR, EASLEY, SC 29642",29642,SC,34.786140,-82.546414,SFR,2001.0,3.0,,2464.0,0.418,412000.0,2024-06-28,Resale,167.21,24860,"Greenville-Anderson-Greer, SC"
7843606,45007,236-02-01-010,"239 COTTON GIN RD, PIEDMONT, SC 29673",29673,SC,34.778727,-82.486311,SFR,1993.0,3.0,,2028.0,0.944,200000.0,2025-10-28,Resale,98.62,24860,"Greenville-Anderson-Greer, SC"
7855920,45007,212-01-03-007,"221 TIMBROOKE WAY, EASLEY, SC 29642",29642,SC,34.783055,-82.514028,SFR,,,,2773.0,0.689,398000.0,2024-02-15,Resale,143.53,24860,"Greenville-Anderson-Greer, SC"
7858531,45007,124-11-05-001,"1206 W FRANKLIN ST, ANDERSON, SC 29624",29624,SC,34.498829,-82.668219,SFR,,,,755.0,0.176,111500.0,2025-07-23,Resale,147.68,24860,"Greenville-Anderson-Greer, SC"
7861121,45007,166-02-01-038,"209 CHESTNUT SPRINGS WAY, WILLIAMSTON, SC 29697",29697,SC,34.685460,-82.602299,SFR,2006.0,4.0,,2944.0,2.09,,2024-12-31,Resale,,24860,"Greenville-Anderson-Greer, SC"
7865597,45007,201-00-14-011,"906 N MAJOR RD, BELTON, SC 29627",29627,SC,34.511442,-82.557474,SFR,,3.0,,1089.0,0.46,165000.0,2023-09-15,Resale,151.52,24860,"Greenville-Anderson-Greer, SC"
7868538,45007,172-00-02-028,"2815 WACCAMAW TRL, ANDERSON, SC 29621",29621,SC,34.565960,-82.598900,SFR,,4.0,,2040.0,0.9,343000.0,2025-08-15,Resale,168.14,24860,"Greenville-Anderson-Greer, SC"
7868986,45007,122-12-12-009,"2403 GATES ST, ANDERSON, SC 29625",29625,SC,34.527372,-82.661526,SFR,,5.0,,1582.0,0.152,129250.0,2025-03-07,Resale,81.7,24860,"Greenville-Anderson-Greer, SC"
7869112,45007,213-08-04-016,"106 HORNBUCKLE DR, EASLEY, SC 29642",29642,SC,34.772329,-82.515617,SFR,1998.0,4.0,,2454.0,0.57,428000.0,2026-04-07,Resale,174.41,24860,"Greenville-Anderson-Greer, SC"
7872520,45007,237-04-01-019,"1202 KENSINGTON LAKE DR, EASLEY, SC 29642",29642,SC,34.769560,-82.493746,SFR,1998.0,,,6006.0,0.568,,2025-08-18,Resale,,24860,"Greenville-Anderson-Greer, SC"
7876008,45007,120-10-01-024,"334 GREEN HILL DR, ANDERSON, SC 29621",29621,SC,34.572581,-82.674389,SFR,1988.0,5.0,,3516.0,0.57,1150000.0,2025-05-16,Resale,327.08,24860,"Greenville-Anderson-Greer, SC"
7876624,45007,043-00-04-003,"2001 BURNS BRIDGE RD, ANDERSON, SC 29625",29625,SC,34.586812,-82.772980,SFR,2011.0,,,2906.0,11.68,750000.0,2025-10-10,Resale,258.09,24860,"Greenville-Anderson-Greer, SC"
7882136,45007,188-03-01-017,"310 CAMPERDOWN CT, EASLEY, SC 29642",29642,SC,34.776509,-82.549246,SFR,1996.0,3.0,,1955.0,0.545,365000.0,2024-12-30,Resale,186.7,24860,"Greenville-Anderson-Greer, SC"
7882438,45007,147-21-02-013,"200 OAKMONT DR, ANDERSON, SC 29621",29621,SC,34.555554,-82.617587,SFR,2004.0,3.0,,5271.0,0.66,619000.0,2025-06-13,Resale,117.44,24860,"Greenville-Anderson-Greer, SC"
7883061,45007,121-28-01-017,"115 KINGSGATE WAY, ANDERSON, SC 29621",29621,SC,34.556574,-82.658277,SFR,2002.0,2.0,,908.0,0.234,250000.0,2025-11-12,Resale,275.33,24860,"Greenville-Anderson-Greer, SC"
7895038,45007,097-04-03-027,"122 CLOVERDALE DR, ANDERSON, SC 29626",29626,SC,34.477520,-82.699241,SFR,2002.0,3.0,,1404.0,0.783,248500.0,2024-07-22,Resale,176.99,24860,"Greenville-Anderson-Greer, SC"
7895986,45007,148-10-01-027,"216 HOLLY RIDGE DR, ANDERSON, SC 29621",29621,SC,34.538770,-82.636557,SFR,1988.0,,,2430.0,0.472,447000.0,2025-12-09,Resale,183.95,24860,"Greenville-Anderson-Greer, SC"
7896140,45007,192-10-01-029,"107 BIRCH MEADOW DR, PIEDMONT, SC 29673",29673,SC,34.693935,-82.548609,SFR,2006.0,3.0,,2671.0,0.733,622000.0,2025-05-05,Resale,232.87,24860,"Greenville-Anderson-Greer, SC"
7922394,45007,148-29-01-052,"156 SOREN LN, ANDERSON, SC 29621",29621,SC,34.531763,-82.611967,SFR,2001.0,3.0,,1425.0,0.19,132500.0,2023-10-10,Resale,92.98,24860,"Greenville-Anderson-Greer, SC"
7924387,45007,149-19-03-007,"1001 WILLIAMSTON RD, ANDERSON, SC 29621",29621,SC,34.504123,-82.613735,SFR,,2.0,,1387.0,0.75,,2025-09-05,Resale,,24860,"Greenville-Anderson-Greer, SC"
7928475,45007,118-00-02-006,"5131 SLATER RD, ANDERSON, SC 29621",29621,SC,34.612204,-82.658491,SFR,,,,1160.0,0.65,223143.0,2024-01-25,Resale,192.36,24860,"Greenville-Anderson-Greer, SC"
7939702,45007,068-01-03-022,"228 BRIDGEVIEW DR, ANDERSON, SC 29625",29625,SC,34.522344,-82.766970,SFR,2001.0,3.0,,1264.0,0.467,235000.0,2025-07-03,Resale,185.92,24860,"Greenville-Anderson-Greer, SC"
7950732,45007,049-00-10-003,"922 OLD WEBB RD, ANDERSON, SC 29626",29626,SC,34.475687,-82.789369,SFR,1991.0,4.0,,2652.0,2.0,409000.0,2026-04-27,Resale,154.22,24860,"Greenville-Anderson-Greer, SC"
7964913,45007,218-00-16-034,"101 LESLEY RD, PELZER, SC 29669",29669,SC,34.669363,-82.531464,SFR,2001.0,3.0,,1130.0,0.57,245000.0,2023-10-31,Resale,216.81,24860,"Greenville-Anderson-Greer, SC"
7970002,45007,150-06-01-009,"1118 E RIVER ST, ANDERSON, SC 29624",29624,SC,34.495650,-82.636076,SFR,,3.0,,3128.0,0.529,,2024-01-18,Resale,,24860,"Greenville-Anderson-Greer, SC"
7970567,45007,123-27-21-001,"104 ROBERTS ST, ANDERSON, SC 29621",29621,SC,34.513978,-82.652302,SFR,,2.0,,1377.0,0.162,212000.0,2024-10-04,Resale,153.96,24860,"Greenville-Anderson-Greer, SC"
7970792,45007,175-01-01-001,"2216 SNOW RD, ANDERSON, SC 29621",29621,SC,34.518777,-82.605134,SFR,,3.0,,1316.0,0.73,,2024-02-27,Construction Loan/Financing,,24860,"Greenville-Anderson-Greer, SC"
7971051,45007,249-03-11-004,"119 ONEAL ST, BELTON, SC 29627",29627,SC,34.522766,-82.492288,COMMERCIAL (NEC),,,,1612.0,0.17,600000.0,2025-05-06,Resale,372.21,24860,"Greenville-Anderson-Greer, SC"
7971577,45007,190-05-02-007,"7 MERRY OAK TRL, PIEDMONT, SC 29673",29673,SC,34.728723,-82.544478,SFR,1985.0,,,4136.0,0.574,580000.0,2023-07-20,Resale,140.23,24860,"Greenville-Anderson-Greer, SC"
7972111,45007,069-06-02-025,"324 CHERRY DR, ANDERSON, SC 29625",29625,SC,34.515765,-82.764327,SFR,,,,1184.0,0.442,170000.0,2025-01-17,Resale,143.58,24860,"Greenville-Anderson-Greer, SC"
7972149,45007,149-02-03-007,"703 E CALHOUN ST, ANDERSON, SC 29621",29621,SC,34.510758,-82.642966,SFR,,,,2351.0,0.226,,2025-11-25,Resale,,24860,"Greenville-Anderson-Greer, SC"
7979119,45007,027-11-01-076,"208 STARBOARD SIDE, ANDERSON, SC 29625",29625,SC,34.557662,-82.823074,SFR,1997.0,5.0,,2752.0,1.61,570000.0,2024-01-15,Resale,207.12,24860,"Greenville-Anderson-Greer, SC"
7979177,45007,133-01-02-005,"109 MEADOWBROOK DR, IVA, SC 29655",29655,SC,34.309240,-82.671046,SFR,1958.0,,,1077.0,0.282,65000.0,2025-08-21,Resale,60.35,24860,"Greenville-Anderson-Greer, SC"
7980395,45007,099-00-02-011,"304 CLEVELAND RD, ANDERSON, SC 29626",29626,SC,34.451888,-82.706128,SFR,,,,1549.0,5.4,,,,,24860,"Greenville-Anderson-Greer, SC"
7988252,45007,125-15-04-011,"3015 BURSON RD, ANDERSON, SC 29624",29624,SC,34.461387,-82.661779,SFR,,,,904.0,0.34,201000.0,2025-02-28,Resale,222.35,24860,"Greenville-Anderson-Greer, SC"
7990393,45007,192-10-01-018,"108 MUSCADINE LN, PIEDMONT, SC 29673",29673,SC,34.697021,-82.546951,SFR,2006.0,4.0,,2720.0,1.39,575000.0,2024-04-12,Resale,211.4,24860,"Greenville-Anderson-Greer, SC"
7990751,45007,093-01-02-006,"111 APPIAN WAY, ANDERSON, SC 29625",29625,SC,34.568352,-82.726660,MOBILE HOME,,,,720.0,0.057,40000.0,2026-02-27,Resale,55.56,24860,"Greenville-Anderson-Greer, SC"
7994819,45007,070-01-01-033,"1038 WINDMILL TRL, ANDERSON, SC 29626",29626,SC,34.495749,-82.757318,SFR,1989.0,,,1267.0,0.629,202000.0,2024-02-27,Resale,159.43,24860,"Greenville-Anderson-Greer, SC"
7997778,45007,006-06-02-058,"322 SUNRISE CIR, FAIR PLAY, SC 29643",29643,SC,34.494384,-82.936233,SFR,2006.0,3.0,,1864.0,0.204,670000.0,2025-05-29,Resale,359.44,24860,"Greenville-Anderson-Greer, SC"
8011174,45007,123-12-10-014,"104 JACKSON ST, ANDERSON, SC 29625",29625,SC,34.514181,-82.667948,SFR,,2.0,,1183.0,0.219,45000.0,2023-10-30,Resale,38.04,24860,"Greenville-Anderson-Greer, SC"
8036749,45007,123-01-04-025,"407 STONE DR, ANDERSON, SC 29625",29625,SC,34.520684,-82.688792,RESIDENTIAL - VACANT LAND,,,,,0.263,13100.0,2025-02-14,Resale,,24860,"Greenville-Anderson-Greer, SC"
8036799,45007,122-09-09-016,"2414 POPE DR, ANDERSON, SC 29625",29625,SC,34.525323,-82.669746,SFR,,,,1368.0,0.178,,2023-11-26,Resale,,24860,"Greenville-Anderson-Greer, SC"
8037009,45007,187-04-01-050,"135 RED MAPLE CIR, EASLEY, SC 29642",29642,SC,34.788353,-82.546127,SFR,2001.0,4.0,,4424.0,0.549,625000.0,2024-01-26,Resale,141.27,24860,"Greenville-Anderson-Greer, SC"
8039453,45007,200-00-05-021,"109 MATTHEW DR, BELTON, SC 29627",29627,SC,34.536859,-82.532055,SFR,2001.0,3.0,,2391.0,0.97,335000.0,2026-04-10,Resale,140.11,24860,"Greenville-Anderson-Greer, SC"
8041409,45007,187-08-01-012,"127 LEDGEWOOD WAY, EASLEY, SC 29642",29642,SC,34.786085,-82.544749,SFR,2004.0,3.0,,1645.0,0.024,294900.0,2025-08-12,Resale,179.27,24860,"Greenville-Anderson-Greer, SC"
8042350,45007,148-36-01-027,"128 ABIGAIL LN, ANDERSON, SC 29621",29621,SC,34.533117,-82.619819,SFR,2006.0,,,1399.0,0.11,,2023-09-26,Resale,,24860,"Greenville-Anderson-Greer, SC"
8043430,45007,180-00-02-040,"848 DUE WEST HWY, ANDERSON, SC 29621",29621,SC,34.412680,-82.578251,MOBILE HOME,2004.0,,,2176.0,1.0,179000.0,2024-02-28,Resale,82.26,24860,"Greenville-Anderson-Greer, SC"
8045471,45007,249-11-06-023,"208 HILLCREST AVE, BELTON, SC 29627",29627,SC,34.522953,-82.483487,SFR,,4.0,,1419.0,0.975,,2025-01-14,Resale,,24860,"Greenville-Anderson-Greer, SC"
8046883,45007,245-02-04-010,"5 SALUDA RD, WILLIAMSTON, SC 29697",29697,SC,34.619436,-82.456805,RESIDENTIAL - VACANT LAND,,,,,0.264,318000.0,2023-11-14,Resale,,24860,"Greenville-Anderson-Greer, SC"
8051694,45007,123-04-01-022,"2513 STANDRIDGE RD, ANDERSON, SC 29625",29625,SC,34.511017,-82.683873,RESIDENTIAL - VACANT LAND,,,,,0.07,325000.0,2024-08-08,Resale,,24860,"Greenville-Anderson-Greer, SC"
8058243,45007,193-07-01-024,"117 BRAGG DR, WILLIAMSTON, SC 29697",29697,SC,34.663314,-82.533993,SFR,2003.0,3.0,,1102.0,0.57,274000.0,2025-11-07,Resale,248.64,24860,"Greenville-Anderson-Greer, SC"
8060412,45007,238-00-01-071,"109 HARRISON RD, EASLEY, SC 29642",29642,SC,34.757845,-82.494457,SFR,2006.0,3.0,,1232.0,1.16,409000.0,2023-11-08,Resale,331.98,24860,"Greenville-Anderson-Greer, SC"
8091169,45007,119-00-04-012,"1317 HARRIS BRIDGE RD, ANDERSON, SC 29621",29621,SC,34.597873,-82.665516,SFR,2006.0,3.0,,1528.0,2.19,324900.0,2024-09-18,Resale,212.63,24860,"Greenville-Anderson-Greer, SC"
8094952,45007,187-01-01-011,"125 WHITE OAK DR, EASLEY, SC 29642",29642,SC,34.781016,-82.540094,SFR,1977.0,,,1703.0,0.676,422500.0,2025-08-20,Resale,248.09,24860,"Greenville-Anderson-Greer, SC"
8098498,45007,214-00-05-029,"200 MERRITT RD, PIEDMONT, SC 29673",29673,SC,34.747237,-82.504450,SFR,,,,1704.0,1.0,330000.0,2023-12-28,Resale,193.66,24860,"Greenville-Anderson-Greer, SC"
8100267,45007,189-10-01-008,"1112 OLD MILL RD, EASLEY, SC 29642",29642,SC,34.747921,-82.567069,SFR,1992.0,3.0,,1627.0,1.028,286000.0,2025-06-17,Resale,175.78,24860,"Greenville-Anderson-Greer, SC"
8100723,45007,194-04-01-023,"112 STEVENS CT, WILLIAMSTON, SC 29697",29697,SC,34.662005,-82.536195,SFR,2006.0,3.0,,1828.0,0.72,288000.0,2024-02-12,Resale,157.55,24860,"Greenville-Anderson-Greer, SC"
8106864,45007,123-26-01-025,"1710 MARTIN AVE, ANDERSON, SC 29625",29625,SC,34.517374,-82.664791,SFR,,,,1035.0,0.466,185000.0,2025-12-19,Resale,178.74,24860,"Greenville-Anderson-Greer, SC"
8118939,45007,096-16-01-026,"122 LARI LN, ANDERSON, SC 29625",29625,SC,34.505551,-82.701830,OFFICE & RESIDENTIAL,1990.0,,,7331.0,0.297,420000.0,2024-03-28,Resale,57.29,24860,"Greenville-Anderson-Greer, SC"
8120762,45007,045-03-05-013,"400 JACKSON CIR, ANDERSON, SC 29625",29625,SC,34.542115,-82.796980,MOBILE HOME,1991.0,,,1232.0,0.677,155000.0,2023-10-24,Resale,125.81,24860,"Greenville-Anderson-Greer, SC"
8123210,45007,213-09-01-035,"104 BARFIELD DR, EASLEY, SC 29642",29642,SC,34.771973,-82.505070,SFR,2005.0,3.0,,3727.0,0.577,845000.0,2023-12-01,Resale,226.72,24860,"Greenville-Anderson-Greer, SC"
8124159,45007,048-03-01-002,"420 PENINSULA DR, ANDERSON, SC 29626",29626,SC,34.490674,-82.796738,SFR,,,,3932.0,2.9,1050000.0,2025-09-25,Resale,267.04,24860,"Greenville-Anderson-Greer, SC"
8143269,45007,164-00-06-032,"147 PISGAH RD, EASLEY, SC 29642",29642,SC,34.727762,-82.584007,SFR,,,,1881.0,6.43,,2025-12-03,Resale,,24860,"Greenville-Anderson-Greer, SC"
8169111,45007,225-06-01-012,"206 HAND DR, BELTON, SC 29627",29627,SC,34.533197,-82.508895,SFR,,3.0,,2199.0,16.37,371500.0,2024-12-19,Resale,168.94,24860,"Greenville-Anderson-Greer, SC"
8171621,45007,187-06-02-017,"132 LONGWOOD LN, EASLEY, SC 29642",29642,SC,34.784804,-82.542823,SFR,2002.0,3.0,,1647.0,0.185,295000.0,2024-06-26,Resale,179.11,24860,"Greenville-Anderson-Greer, SC"
8204207,45007,200-01-03-009,"128 SYLVIA RD, BELTON, SC 29627",29627,SC,34.539874,-82.531279,SFR,1977.0,3.0,,1347.0,0.459,,,,,24860,"Greenville-Anderson-Greer, SC"
8264984,45007,148-19-02-001,"401 FOX VALLEY RD, ANDERSON, SC 29621",29621,SC,34.534754,-82.607054,SFR,,,,1323.0,0.223,177500.0,2023-08-29,Resale,134.16,24860,"Greenville-Anderson-Greer, SC"
8267649,45007,069-27-02-009,"215 SPRUCE CRK, ANDERSON, SC 29625",29625,SC,34.516489,-82.730823,SFR,2002.0,3.0,,2211.0,1.08,459000.0,2025-10-28,Resale,207.6,24860,"Greenville-Anderson-Greer, SC"
8268455,45007,236-00-02-008,"158 HOOD RD, GREENVILLE, SC 29611",29611,SC,34.798807,-82.485818,SFR,,,,1786.0,1.39,250000.0,2024-10-09,Resale,139.98,24860,"Greenville-Anderson-Greer, SC"
8270536,45007,225-06-03-012,"218 SKYLAND DR, BELTON, SC 29627",29627,SC,34.535212,-82.508538,SFR,,3.0,,1309.0,0.463,260000.0,2025-02-21,Resale,198.62,24860,"Greenville-Anderson-Greer, SC"
8271221,45007,121-28-01-028,"114 SENTRY LN, ANDERSON, SC 29621",29621,SC,34.556881,-82.658795,SFR,2001.0,3.0,,1255.0,0.126,142000.0,2026-02-03,Resale,113.15,24860,"Greenville-Anderson-Greer, SC"
8279343,45007,220-06-01-009,"116 CHIPPEWA LN, WILLIAMSTON, SC 29697",29697,SC,34.638599,-82.526053,WAREHOUSE,2000.0,,,7578.0,0.835,800000.0,2024-09-24,Resale,105.57,24860,"Greenville-Anderson-Greer, SC"
8287188,45007,148-33-01-039,"104 TROY HUNTER CT, ANDERSON, SC 29621",29621,SC,34.523916,-82.609790,SFR,2001.0,3.0,,3053.0,0.3,335000.0,2023-09-14,Resale,109.73,24860,"Greenville-Anderson-Greer, SC"
8288279,45007,123-20-08-004,"211 F ST, ANDERSON, SC 29625",29625,SC,34.506162,-82.662135,SFR,,2.0,,1062.0,0.161,56000.0,2023-06-02,Resale,52.73,24860,"Greenville-Anderson-Greer, SC"
8308559,45007,063-06-01-009,"108 WYNDHAM DR, PENDLETON, SC 29670",29670,SC,34.627290,-82.757669,SFR,2002.0,3.0,,1517.0,0.59,270000.0,2025-04-28,Resale,177.98,24860,"Greenville-Anderson-Greer, SC"
8312700,45007,148-26-02-008,"157 ELLIOTT CIR, ANDERSON, SC 29621",29621,SC,34.529351,-82.628427,SFR,2000.0,,,1335.0,0.14,,2025-10-21,Resale,,24860,"Greenville-Anderson-Greer, SC"
8327781,45007,174-07-03-043,"5006 KING DR, ANDERSON, SC 29621",29621,SC,34.534672,-82.581865,SFR,2001.0,3.0,,1872.0,0.84,,2025-11-13,Resale,,24860,"Greenville-Anderson-Greer, SC"
8328151,45007,093-11-02-008,"207 NORTHLAKE DR, ANDERSON, SC 29625",29625,SC,34.565019,-82.705615,CONDOMINIUM,1989.0,3.0,,,,167500.0,2024-03-01,Resale,,24860,"Greenville-Anderson-Greer, SC"
8328368,45007,122-07-08-012,"2801 POPE DR, ANDERSON, SC 29625",29625,SC,34.530011,-82.670652,SFR,,2.0,,886.0,0.286,220000.0,2025-04-30,Resale,248.31,24860,"Greenville-Anderson-Greer, SC"
8397109,45007,006-00-05-023,"3504 OLD DOBBINS BRIDGE RD, FAIR PLAY, SC 29643",29643,SC,34.498904,-82.934438,MARSHLAND,,,,,1.12,32000.0,2023-12-21,Resale,,24860,"Greenville-Anderson-Greer, SC"
8425796,45007,042-00-01-015,"7107 HIGHWAY 187, ANDERSON, SC 29625",29625,SC,34.611004,-82.794629,SFR,,,,983.0,29.86,1203240.0,2025-08-21,Resale,1224.05,24860,"Greenville-Anderson-Greer, SC"
8470377,45007,146-09-01-096,"109 SHIRE DR, ANDERSON, SC 29621",29621,SC,34.583277,-82.615603,AGRICULTURAL LAND,,,,,0.44,668000.0,2024-01-12,Resale,,24860,"Greenville-Anderson-Greer, SC"
8473474,45007,189-13-01-039,"103 THOM TRL, EASLEY, SC 29642",29642,SC,34.745484,-82.564937,SFR,2003.0,3.0,,2140.0,0.58,440000.0,2023-08-04,Resale,205.61,24860,"Greenville-Anderson-Greer, SC"
8476106,45007,093-08-05-032,"4346 OLD MILL RD, ANDERSON, SC 29621",29621,SC,34.561926,-82.692799,SFR,1985.0,2.0,,1050.0,0.09,200000.0,2024-10-21,Resale,190.48,24860,"Greenville-Anderson-Greer, SC"
8477465,45007,215-00-04-017,"822 OLD WILLIAMSTON RD, PIEDMONT, SC 29673",29673,SC,34.728547,-82.499640,SFR,,,,1483.0,0.61,233500.0,2024-07-02,Resale,157.45,24860,"Greenville-Anderson-Greer, SC"
8492248,45007,159-00-10-009,"204 BURRIS RD, IVA, SC 29655",29655,SC,34.307057,-82.633679,SFR,1991.0,,,2511.0,46.54,7500.0,2025-09-11,Resale,2.99,24860,"Greenville-Anderson-Greer, SC"
8492731,45007,150-01-11-013,"826 BURTS CT, ANDERSON, SC 29624",29624,SC,34.498731,-82.643059,SFR,,,,1445.0,0.152,170000.0,2024-10-29,Resale,117.65,24860,"Greenville-Anderson-Greer, SC"
8557332,45007,196-00-01-014,"1009 PRINCETON RD, WILLIAMSTON, SC 29697",29697,SC,34.618395,-82.565024,SFR,2006.0,4.0,,2441.0,0.75,644000.0,2024-09-25,Resale,263.83,24860,"Greenville-Anderson-Greer, SC"
8557767,45007,143-03-01-014,"102 COURTYARD DR, ANDERSON, SC 29621",29621,SC,34.621974,-82.631888,SFR,1999.0,,,2047.0,0.175,350000.0,2024-09-23,Resale,170.98,24860,"Greenville-Anderson-Greer, SC"
8557786,45007,094-11-03-015,"4300 RIDGE RD, ANDERSON, SC 29625",29625,SC,34.560015,-82.702742,SFR,1993.0,,,1612.0,0.44,105000.0,2025-05-01,Resale,65.14,24860,"Greenville-Anderson-Greer, SC"
8570137,45007,174-13-01-006,"210 GREEN CHASE W, ANDERSON, SC 29621",29621,SC,34.543248,-82.602220,SFR,2004.0,3.0,,2858.0,0.178,448000.0,2024-10-17,Resale,156.75,24860,"Greenville-Anderson-Greer, SC"
8603063,45007,029-03-01-023,"503 BROYLES POINT RD, TOWNVILLE, SC 29689",29689,SC,34.510843,-82.836116,SFR,2008.0,3.0,,3033.0,0.623,,2025-06-18,Resale,,24860,"Greenville-Anderson-Greer, SC"
8614516,45007,123-26-01-008,"1903 EDGEWOOD AVE, ANDERSON, SC 29625",29625,SC,34.519647,-82.664859,SFR,,2.0,,1180.0,0.084,168400.0,2024-10-11,Resale,142.71,24860,"Greenville-Anderson-Greer, SC"
8619172,45007,120-08-02-010,"101 WHISPERING PINES DR, ANDERSON, SC 29621",29621,SC,34.568052,-82.665184,SFR,1991.0,3.0,,1947.0,0.888,350000.0,2024-04-15,Resale,179.76,24860,"Greenville-Anderson-Greer, SC"
8619201,45007,124-26-10-006,"406 NEWTON LN, ANDERSON, SC 29624",29624,SC,34.487370,-82.643239,SFR,,,,1189.0,0.231,205000.0,2025-06-20,Resale,172.41,24860,"Greenville-Anderson-Greer, SC"
8619208,45007,221-13-07-020,"103 HILLCREST DR, WILLIAMSTON, SC 29697",29697,SC,34.623508,-82.528151,SFR,,,,2073.0,0.579,252000.0,2024-04-01,Resale,121.56,24860,"Greenville-Anderson-Greer, SC"
8619330,45007,097-07-03-016,"205 RANGE VIEW RD, ANDERSON, SC 29626",29626,SC,34.480013,-82.718248,SFR,,2.0,,1210.0,0.351,,2023-06-05,Construction Loan/Financing,,24860,"Greenville-Anderson-Greer, SC"
8619417,45007,225-00-02-001,"400 W CALHOUN RD, BELTON, SC 29627",29627,SC,34.542223,-82.501136,SFR,,,,1960.0,10.0,,2023-07-21,Resale,,24860,"Greenville-Anderson-Greer, SC"
8621124,45007,125-15-07-007,"110 W ROOSEVELT DR, ANDERSON, SC 29624",29624,SC,34.465584,-82.658098,SFR,,,,1218.0,0.436,50000.0,2026-04-09,Resale,41.05,24860,"Greenville-Anderson-Greer, SC"
8621139,45007,094-09-01-022,"213 BROOKGREEN DR, ANDERSON, SC 29625",29625,SC,34.556710,-82.697199,SFR,1989.0,3.0,,1583.0,0.667,319000.0,2025-09-17,Resale,201.52,24860,"Greenville-Anderson-Greer, SC"
8621140,45007,120-03-03-008,"407 ARCADIA DR, ANDERSON, SC 29621",29621,SC,34.561887,-82.673225,SFR,,3.0,,1900.0,0.499,285000.0,2023-10-06,Resale,150.0,24860,"Greenville-Anderson-Greer, SC"
8621141,45007,094-11-03-014,"4204 RIDGE RD, ANDERSON, SC 29625",29625,SC,34.559949,-82.702367,SFR,,,,2032.0,0.426,343000.0,2023-12-08,Resale,168.8,24860,"Greenville-Anderson-Greer, SC"
8622135,45007,151-01-04-008,"306 BRENWOOD DR, ANDERSON, SC 29624",29624,SC,34.477397,-82.643219,SFR,,,,1640.0,0.31,213000.0,2024-04-02,Resale,129.88,24860,"Greenville-Anderson-Greer, SC"
8622138,45007,195-03-03-036,"204 CARRAGEEN DR, WILLIAMSTON, SC 29697",29697,SC,34.633944,-82.555343,SFR,2004.0,3.0,,2205.0,0.573,370000.0,2023-09-14,Resale,167.8,24860,"Greenville-Anderson-Greer, SC"
8622521,45007,133-06-02-004,"410 E GREEN ST, IVA, SC 29655",29655,SC,34.304402,-82.657820,SFR,,,,1134.0,0.372,185000.0,2023-11-21,Resale,163.14,24860,"Greenville-Anderson-Greer, SC"
8622901,45007,149-06-01-056,"213 NORTH ST, ANDERSON, SC 29621",29621,SC,34.509730,-82.636877,SFR,,3.0,,2118.0,0.327,270100.0,2024-12-02,Resale,127.53,24860,"Greenville-Anderson-Greer, SC"
8622904,45007,149-11-06-012,"206 SUMTER ST, ANDERSON, SC 29621",29621,SC,34.508081,-82.631776,SFR,,2.0,,833.0,0.163,130000.0,2024-12-31,Resale,156.06,24860,"Greenville-Anderson-Greer, SC"
8622909,45007,225-10-02-005,"102 GRIFFIN RD, BELTON, SC 29627",29627,SC,34.525783,-82.517126,SFR,1938.0,2.0,,820.0,0.47,150000.0,2025-11-10,Resale,182.93,24860,"Greenville-Anderson-Greer, SC"
8622910,45007,120-11-01-020,"602 ASHLEY DOWNS, ANDERSON, SC 29621",29621,SC,34.576339,-82.652090,SFR,,4.0,,1896.0,0.706,357000.0,2024-09-23,Resale,188.29,24860,"Greenville-Anderson-Greer, SC"
8622991,45007,123-09-06-018,"107 STONE DR, ANDERSON, SC 29625",29625,SC,34.518286,-82.681576,SFR,,2.0,,1067.0,0.445,167000.0,2024-09-04,Resale,156.51,24860,"Greenville-Anderson-Greer, SC"
8636635,45007,221-05-05-009,"1005 KEYS DR, WILLIAMSTON, SC 29697",29697,SC,34.615154,-82.501828,SFR,2002.0,3.0,,1418.0,0.576,,2023-09-01,Resale,,24860,"Greenville-Anderson-Greer, SC"
8648329,45007,175-04-03-003,"1603 PRESTON DR, ANDERSON, SC 29621",29621,SC,34.515179,-82.591051,SFR,,2.0,,1241.0,0.257,170000.0,2023-08-18,Resale,136.99,24860,"Greenville-Anderson-Greer, SC"
8674639,45007,239-06-01-043,"1004 TALL OAKS CIR, PIEDMONT, SC 29673",29673,SC,34.737990,-82.472207,SFR,,,,1513.0,0.23,254900.0,2024-12-11,Resale,168.47,24860,"Greenville-Anderson-Greer, SC"
8739056,45007,147-20-02-005,"505 CANEBRAKE DR, ANDERSON, SC 29621",29621,SC,34.553813,-82.644059,SFR,2002.0,3.0,,1972.0,0.29,323000.0,2026-03-05,Resale,163.79,24860,"Greenville-Anderson-Greer, SC"
8759983,45007,070-00-09-006,"607 NEW HOPE RD, ANDERSON, SC 29626",29626,SC,34.492574,-82.748157,SFR,,,,1140.0,0.85,220000.0,2024-02-12,Resale,192.98,24860,"Greenville-Anderson-Greer, SC"
8763712,45007,203-02-01-029,"322 WOODLAKE DR, BELTON, SC 29627",29627,SC,34.478441,-82.551188,MOBILE HOME,1997.0,,,1232.0,1.43,175000.0,2024-06-24,Resale,142.05,24860,"Greenville-Anderson-Greer, SC"
8776292,45007,123-16-01-026,"107 MCCLURE DR, ANDERSON, SC 29625",29625,SC,34.519614,-82.672635,SFR,,2.0,,891.0,0.468,181300.0,2023-11-03,Resale,203.48,24860,"Greenville-Anderson-Greer, SC"
8776491,45007,148-36-01-038,"106 ABIGAIL LN, ANDERSON, SC 29621",29621,SC,34.533591,-82.621500,SFR,2006.0,,,1289.0,0.11,213400.0,2023-09-07,Resale,165.55,24860,"Greenville-Anderson-Greer, SC"
8799356,45007,014-01-02-001,"338 CAMP CREEK RD, TOWNVILLE, SC 29689",29689,SC,34.571952,-82.852288,SFR,2007.0,,,2824.0,1.79,455000.0,2025-06-04,Resale,161.12,24860,"Greenville-Anderson-Greer, SC"
8800154,45007,151-00-09-005,"503 LAWRENCE RD, ANDERSON, SC 29624",29624,SC,34.472148,-82.624013,SFR,,,,3641.0,6.01,500000.0,2026-04-01,Resale,137.32,24860,"Greenville-Anderson-Greer, SC"
8802202,45007,245-00-05-009,"423 MILL ST, WILLIAMSTON, SC 29697",29697,SC,34.614798,-82.468409,SFR,1989.0,3.0,,1297.0,0.5,232000.0,2024-07-29,Resale,178.87,24860,"Greenville-Anderson-Greer, SC"
8813459,45007,123-06-04-003,"117 CHAPEL AVE, ANDERSON, SC 29625",29625,SC,34.504201,-82.678572,SFR,,3.0,,997.0,0.29,94775.0,2023-12-06,Resale,95.06,24860,"Greenville-Anderson-Greer, SC"
8848825,45007,276-01-04-023,"1 MITCHELL ST, HONEA PATH, SC 29654",29654,SC,34.440688,-82.407031,SFR,,,,1778.0,1.42,250000.0,2025-11-20,Resale,140.61,24860,"Greenville-Anderson-Greer, SC"
8850213,45007,173-00-04-025,"2729 HIGHWAY 29 N, ANDERSON, SC 29621",29621,SC,34.545092,-82.580313,SFR,,,,3650.0,109.3,4845000.0,2025-05-08,Resale,1327.4,24860,"Greenville-Anderson-Greer, SC"
8851946,45007,226-18-03-007,"306 PALMETTO PKWY, BELTON, SC 29627",29627,SC,34.512113,-82.502764,SFR,,3.0,,2050.0,0.445,110000.0,2026-03-06,Resale,53.66,24860,"Greenville-Anderson-Greer, SC"
8855334,45007,121-01-01-028,"4104 LIBERTY HWY, ANDERSON, SC 29621",29621,SC,34.559952,-82.685851,STATE PROPERTY,2008.0,,,3839.0,1.2,,2024-10-22,Construction Loan/Financing,,24860,"Greenville-Anderson-Greer, SC"
8863485,45007,214-10-01-018,"319 MONROE DR, PIEDMONT, SC 29673",29673,SC,34.743437,-82.508857,SFR,1989.0,,,2161.0,0.615,399000.0,2025-02-21,Resale,184.64,24860,"Greenville-Anderson-Greer, SC"
8869582,45007,048-01-01-002,"7006 DOBBINS BRIDGE RD, ANDERSON, SC 29626",29626,SC,34.484495,-82.806886,SFR,2000.0,,,1987.0,0.72,350000.0,2023-09-08,Resale,176.14,24860,"Greenville-Anderson-Greer, SC"
8912733,45007,192-02-03-008,"160 RICH DR, PELZER, SC 29669",29669,SC,34.687491,-82.569216,SFR,,,,1089.0,0.623,150000.0,2024-10-21,Resale,137.74,24860,"Greenville-Anderson-Greer, SC"
8914705,45007,125-17-05-032,"220 MOUNT VERNON RD, ANDERSON, SC 29624",29624,SC,34.460545,-82.649153,SFR,2001.0,3.0,,1271.0,0.38,200000.0,2023-10-10,Resale,157.36,24860,"Greenville-Anderson-Greer, SC"
8944190,45007,123-01-06-019,"306 DOGWOOD ST, ANDERSON, SC 29625",29625,SC,34.521900,-82.688714,SFR,,3.0,,940.0,0.237,152000.0,2025-04-14,Resale,161.7,24860,"Greenville-Anderson-Greer, SC"
8955268,45007,149-05-11-008,"925 E WHITNER ST, ANDERSON, SC 29624",29624,SC,34.503623,-82.634182,SFR,1991.0,,,2005.0,0.33,71000.0,2023-06-08,Resale,35.41,24860,"Greenville-Anderson-Greer, SC"
9008392,45007,125-05-02-005,"109 JEAN AVE, ANDERSON, SC 29626",29626,SC,34.472016,-82.671028,MOBILE HOME,1995.0,,,1056.0,0.344,,2025-03-13,Resale,,24860,"Greenville-Anderson-Greer, SC"
9011832,45007,192-07-01-011,"114 MASSEY RD, PIEDMONT, SC 29673",29673,SC,34.688194,-82.560082,SFR,2004.0,3.0,,2834.0,3.35,765000.0,2023-09-12,Resale,269.94,24860,"Greenville-Anderson-Greer, SC"
9109036,45007,068-14-01-004,"107 MCCLAIN LAKE DR, ANDERSON, SC 29625",29625,SC,34.523505,-82.747687,SFR,2001.0,3.0,,1819.0,0.58,309000.0,2023-12-01,Resale,169.87,24860,"Greenville-Anderson-Greer, SC"
9110417,45007,096-12-03-006,"103 TRADD ST, ANDERSON, SC 29625",29625,SC,34.507995,-82.698145,SFR,,,,2399.0,0.859,298000.0,2025-05-14,Resale,124.22,24860,"Greenville-Anderson-Greer, SC"
9113025,45007,162-07-01-008,"314 STONE BRIAR LN, EASLEY, SC 29642",29642,SC,34.767304,-82.579979,SFR,2002.0,3.0,,2417.0,1.04,435000.0,2025-06-03,Resale,179.98,24860,"Greenville-Anderson-Greer, SC"
9115185,45007,148-26-02-012,"147 ELLIOTT CIR, ANDERSON, SC 29621",29621,SC,34.530211,-82.628544,SFR,2000.0,,,1335.0,0.14,260000.0,2024-09-18,Resale,194.76,24860,"Greenville-Anderson-Greer, SC"
9115388,45007,149-11-06-005,"192 SUMTER ST, ANDERSON, SC 29621",29621,SC,34.508818,-82.633014,SFR,1992.0,,,1317.0,0.28,132000.0,2024-04-08,Resale,100.23,24860,"Greenville-Anderson-Greer, SC"
9127996,45007,174-04-03-012,"2425 WARRIORS PATH, ANDERSON, SC 29621",29621,SC,34.538451,-82.595983,SFR,1992.0,3.0,,3445.0,0.96,575000.0,2023-06-15,Resale,166.91,24860,"Greenville-Anderson-Greer, SC"
9128656,45007,276-11-04-034,"21 U ST, HONEA PATH, SC 29654",29654,SC,34.442937,-82.382105,SFR,1945.0,,,3365.0,0.693,215000.0,2025-10-07,Resale,63.89,24860,"Greenville-Anderson-Greer, SC"
9141919,45007,070-03-01-003,"208 MEADOWOOD DR, ANDERSON, SC 29626",29626,SC,34.485784,-82.745469,SFR,1995.0,3.0,,1528.0,0.99,359000.0,2024-07-15,Resale,234.95,24860,"Greenville-Anderson-Greer, SC"
9159829,45007,162-06-01-012,"341 E CHURCH RD, EASLEY, SC 29642",29642,SC,34.766424,-82.583772,MOBILE HOME,1997.0,,,2128.0,5.55,73500.0,2026-01-16,Resale,34.54,24860,"Greenville-Anderson-Greer, SC"
9227244,45007,163-02-01-019,"1100 WINDERMERE CT, EASLEY, SC 29642",29642,SC,34.758337,-82.582052,SFR,1999.0,3.0,,1491.0,2.28,265000.0,2025-11-19,Resale,177.73,24860,"Greenville-Anderson-Greer, SC"
9228388,45007,049-00-07-006,"1208 OLD ROBERTS CHURCH RD, ANDERSON, SC 29626",29626,SC,34.467882,-82.788676,SFR,,,,1830.0,1.98,295000.0,2024-09-06,Resale,161.2,24860,"Greenville-Anderson-Greer, SC"
9237760,45007,096-06-04-006,"403 REGENCY CIR, ANDERSON, SC 29625",29625,SC,34.515041,-82.714970,SFR,,3.0,,2575.0,0.786,347000.0,2024-12-27,Resale,134.76,24860,"Greenville-Anderson-Greer, SC"
9237761,45007,097-03-01-004,"1007 BERN CIR, ANDERSON, SC 29626",29626,SC,34.482446,-82.695127,SFR,,2.0,,1213.0,0.901,58000.0,2026-01-13,Resale,47.82,24860,"Greenville-Anderson-Greer, SC"
9267365,45007,275-04-04-036,"302 HEYWARD AVE, HONEA PATH, SC 29654",29654,SC,34.449752,-82.403751,SFR,,2.0,,1265.0,0.413,65000.0,2024-07-24,Resale,51.38,24860,"Greenville-Anderson-Greer, SC"
9285649,45007,040-21-01-009,"115 GRAND OAK CIR, PENDLETON, SC 29670",29670,SC,34.649425,-82.789029,SFR,2000.0,3.0,,1489.0,0.16,270000.0,2023-06-30,Resale,181.33,24860,"Greenville-Anderson-Greer, SC"
9358187,45007,275-03-06-023,"518 W GREER ST, HONEA PATH, SC 29654",29654,SC,34.444682,-82.406107,SFR,2008.0,2.0,,1224.0,0.5,,2026-01-27,Resale,,24860,"Greenville-Anderson-Greer, SC"
9406467,45007,096-08-09-008,"413 PINE BARK RD, ANDERSON, SC 29625",29625,SC,34.514941,-82.703646,SFR,,,,1588.0,0.468,185000.0,2025-11-17,Resale,116.5,24860,"Greenville-Anderson-Greer, SC"
9484247,45007,240-03-04-040,"122 GOLDFINCH CT, PIEDMONT, SC 29673",29673,SC,34.704426,-82.472527,SFR,2007.0,4.0,,1589.0,0.311,234600.0,2025-05-09,Resale,147.64,24860,"Greenville-Anderson-Greer, SC"
9496492,45007,123-21-07-022,"305 C ST, ANDERSON, SC 29625",29625,SC,34.507648,-82.659780,SFR,,4.0,,1548.0,0.225,30000.0,2025-01-06,Resale,19.38,24860,"Greenville-Anderson-Greer, SC"
9498468,45007,120-14-01-026,"1009 MCBANE CT, ANDERSON, SC 29621",29621,SC,34.573468,-82.662107,SFR,1997.0,3.0,,2331.0,0.78,447000.0,2025-11-05,Resale,191.76,24860,"Greenville-Anderson-Greer, SC"
9513942,45007,250-02-04-017,"201 CARROLL LN, BELTON, SC 29627",29627,SC,34.514316,-82.486022,SFR,,3.0,,1360.0,0.47,200000.0,2024-03-18,Resale,147.06,24860,"Greenville-Anderson-Greer, SC"
9527177,45007,180-00-02-037,"700 DUE WEST HWY, ANDERSON, SC 29621",29621,SC,34.414067,-82.578522,SFR,2000.0,3.0,,2190.0,10.14,35000.0,2025-08-08,Resale,15.98,24860,"Greenville-Anderson-Greer, SC"
9535628,45007,113-01-02-017,"109 MONTCLAIRE CIR, LIBERTY, SC 29657",29657,SC,34.701462,-82.672689,SFR,2009.0,3.0,,3986.0,0.62,,2024-07-25,Resale,,24860,"Greenville-Anderson-Greer, SC"
9572651,45007,243-01-14-018,"7 FINLEY ST, PELZER, SC 29669",29669,SC,34.652771,-82.460175,SFR,,,,873.0,0.196,,2025-07-31,Resale,,24860,"Greenville-Anderson-Greer, SC"
9576405,45007,014-01-03-014,"134 ROCHESTER RD, TOWNVILLE, SC 29689",29689,SC,34.570927,-82.852287,SFR,2007.0,3.0,,1792.0,0.55,643000.0,2025-07-07,Resale,358.82,24860,"Greenville-Anderson-Greer, SC"
9579586,45007,067-03-02-001,"1025 PHILLIPS RD, ANDERSON, SC 29625",29625,SC,34.539804,-82.750338,SFR,,,,2484.0,0.78,350000.0,2026-03-24,Resale,140.9,24860,"Greenville-Anderson-Greer, SC"
9588533,45007,125-20-03-010,"305 DRAKE CIR, ANDERSON, SC 29624",29624,SC,34.471859,-82.649021,SFR,,2.0,,987.0,0.273,,2025-08-25,Resale,,24860,"Greenville-Anderson-Greer, SC"
9605244,45007,177-09-03-005,"110 LINKSIDE DR, ANDERSON, SC 29621",29621,SC,34.460234,-82.588108,SFR,2007.0,4.0,,3222.0,0.58,,2025-02-05,Resale,,24860,"Greenville-Anderson-Greer, SC"
9645314,45007,103-00-14-002,"300 BILL MOUCHET RD, STARR, SC 29684",29684,SC,34.380766,-82.692095,SFR,1990.0,4.0,,1950.0,3.39,207000.0,2025-05-12,Resale,106.15,24860,"Greenville-Anderson-Greer, SC"
9664749,45007,245-15-09-019,"13 SPRING ST, WILLIAMSTON, SC 29697",29697,SC,34.603921,-82.479948,SFR,,,,1310.0,0.31,287000.0,2025-06-20,New Construction,219.08,24860,"Greenville-Anderson-Greer, SC"
9693632,45007,187-04-01-055,"145 RED MAPLE CIR, EASLEY, SC 29642",29642,SC,34.789616,-82.544894,SFR,2001.0,3.0,,2593.0,0.51,535000.0,2025-07-11,Resale,206.32,24860,"Greenville-Anderson-Greer, SC"
9713501,45007,095-05-04-018,"221 MULBERRY AVE, ANDERSON, SC 29625",29625,SC,34.523934,-82.728741,SFR,,,,1310.0,0.367,,2024-09-19,Resale,,24860,"Greenville-Anderson-Greer, SC"
9738333,45007,123-07-01-018,"100 WESTMINSTER AVE, ANDERSON, SC 29625",29625,SC,34.509727,-82.677387,MOBILE HOME,2000.0,3.0,,1792.0,0.341,82500.0,2025-08-05,Resale,46.04,24860,"Greenville-Anderson-Greer, SC"
9741098,45007,254-00-05-005,"17 GRIFFIN FARM RD, HONEA PATH, SC 29654",29654,SC,34.433679,-82.449559,SFR,,,,1147.0,0.59,,2024-01-03,Resale,,24860,"Greenville-Anderson-Greer, SC"
9752618,45007,275-07-01-028,"5 GEORGE ST, HONEA PATH, SC 29654",29654,SC,34.449766,-82.398864,SFR,,2.0,,1414.0,0.39,243000.0,2026-04-27,Resale,171.85,24860,"Greenville-Anderson-Greer, SC"
9754586,45007,243-03-01-006,"401 ANDERSON ST, PELZER, SC 29669",29669,SC,34.648554,-82.462485,SFR,,,,1867.0,1.46,319000.0,2026-03-11,Resale,170.86,24860,"Greenville-Anderson-Greer, SC"
9764328,45007,182-00-04-017,"308 GREER HEIGHTS RD, ANDERSON, SC 29624",29624,SC,34.375515,-82.584741,AGRICULTURAL (NEC),,,,,2.0,27500.0,2024-09-30,Resale,,24860,"Greenville-Anderson-Greer, SC"
9782327,45007,047-01-11-011,"200 EDGEWATER DR, ANDERSON, SC 29626",29626,SC,34.517627,-82.784182,SFR,2001.0,3.0,,1578.0,0.7,300000.0,2025-05-09,Resale,190.11,24860,"Greenville-Anderson-Greer, SC"
9783188,45007,095-08-02-010,"106 MARIA DR, ANDERSON, SC 29625",29625,SC,34.522370,-82.722248,SFR,,3.0,,2209.0,0.89,255000.0,2024-09-03,Resale,115.44,24860,"Greenville-Anderson-Greer, SC"
9783550,45007,045-01-01-036,"134 MIDWOOD DR, ANDERSON, SC 29625",29625,SC,34.536605,-82.811446,MARSHLAND,,,,,0.91,440500.0,2023-09-22,Resale,,24860,"Greenville-Anderson-Greer, SC"
9783699,45007,226-04-01-050,"412 WOODLAND CIR, BELTON, SC 29627",29627,SC,34.518284,-82.499937,SFR,,2.0,,1051.0,0.26,162000.0,2026-01-14,Resale,154.14,24860,"Greenville-Anderson-Greer, SC"
9790313,45007,123-20-13-014,"312 K ST, ANDERSON, SC 29625",29625,SC,34.508804,-82.666328,SFR,,,,1087.0,0.176,70000.0,2024-03-22,Resale,64.4,24860,"Greenville-Anderson-Greer, SC"
9793355,45007,148-15-01-010,"207 KEYSTONE DR, ANDERSON, SC 29621",29621,SC,34.523423,-82.609384,SFR,1988.0,,,1547.0,0.574,290000.0,2026-01-30,Resale,187.46,24860,"Greenville-Anderson-Greer, SC"
9796508,45007,199-00-04-029,"991 GRIFFIN RD, BELTON, SC 29627",29627,SC,34.557536,-82.553077,MOBILE HOME,2001.0,3.0,,1605.0,0.91,45000.0,2023-06-02,Resale,28.04,24860,"Greenville-Anderson-Greer, SC"
9796902,45007,123-19-05-013,"1011 TRIBBLE ST, ANDERSON, SC 29625",29625,SC,34.511168,-82.659368,SFR,,3.0,,1668.0,0.245,38000.0,2025-11-26,Resale,22.78,24860,"Greenville-Anderson-Greer, SC"
9808244,45007,120-17-01-019,"1135 BROWN RD, ANDERSON, SC 29621",29621,SC,34.575554,-82.661910,SFR,1991.0,,,1355.0,0.66,260000.0,2025-10-17,Resale,191.88,24860,"Greenville-Anderson-Greer, SC"
9843326,45007,062-01-01-003,"205 THOMAS ST, PENDLETON, SC 29670",29670,SC,34.648946,-82.767601,SFR,,,,1119.0,0.275,185000.0,2024-03-01,Resale,165.33,24860,"Greenville-Anderson-Greer, SC"
9856431,45007,006-04-02-008,"253 MEREDITH DR, FAIR PLAY, SC 29643",29643,SC,34.496647,-82.954855,SFR,1978.0,3.0,,1808.0,1.169,,2025-03-08,Resale,,24860,"Greenville-Anderson-Greer, SC"
9856464,45007,096-01-03-010,"200 ALICE DR, ANDERSON, SC 29625",29625,SC,34.510397,-82.727447,SFR,2008.0,3.0,,1578.0,1.01,240000.0,2024-10-25,Resale,152.09,24860,"Greenville-Anderson-Greer, SC"
9856693,45007,094-10-01-015,"500 TIMBERLAKE RD, ANDERSON, SC 29625",29625,SC,34.555825,-82.704927,SFR,,,,2242.0,0.496,289900.0,2023-06-15,Resale,129.3,24860,"Greenville-Anderson-Greer, SC"
9856728,45007,276-05-08-010,"400 W HAMPTON AVE, HONEA PATH, SC 29654",29654,SC,34.441697,-82.397503,SFR,,3.0,,1322.0,0.212,212500.0,2024-06-13,Resale,160.74,24860,"Greenville-Anderson-Greer, SC"
9856845,45007,125-17-04-004,"3341 BERRY LN, ANDERSON, SC 29624",29624,SC,34.461636,-82.650280,SFR,1994.0,,,745.0,0.11,,2025-08-11,Resale,,24860,"Greenville-Anderson-Greer, SC"
9856847,45007,134-03-05-001,"805 BETSY ST, IVA, SC 29655",29655,SC,34.302118,-82.668192,SFR,,,,1170.0,0.384,164000.0,2024-04-17,Resale,140.17,24860,"Greenville-Anderson-Greer, SC"
9856864,45007,190-07-03-022,"208 WREN CROSSING LN, EASLEY, SC 29642",29642,SC,34.737460,-82.552066,SFR,1997.0,3.0,,3553.0,1.57,630000.0,2024-07-19,Resale,177.31,24860,"Greenville-Anderson-Greer, SC"
9857001,45007,189-06-01-027,"105 J PEARLE CT, EASLEY, SC 29642",29642,SC,34.760701,-82.556114,SFR,1986.0,,,1774.0,0.267,338000.0,2025-12-11,Resale,190.53,24860,"Greenville-Anderson-Greer, SC"
9857528,45007,090-00-01-012,"1503 LEVIS SMITH RD, PENDLETON, SC 29670",29670,SC,34.626757,-82.707445,SFR,2009.0,,,1137.0,0.88,267000.0,2025-04-15,Resale,234.83,24860,"Greenville-Anderson-Greer, SC"
9857680,45007,221-06-05-002,"7 BEAVERDAM RD, WILLIAMSTON, SC 29697",29697,SC,34.614926,-82.504555,SFR,,,,1312.0,0.17,48000.0,2025-12-18,Resale,36.59,24860,"Greenville-Anderson-Greer, SC"
9857709,45007,204-00-02-008,"1320 SHIRLEY STORE RD, ANDERSON, SC 29621",29621,SC,34.450873,-82.550982,SFR,,,,2847.0,2.5,335000.0,2023-12-29,Resale,117.67,24860,"Greenville-Anderson-Greer, SC"
9857728,45007,175-03-03-005,"226 WHITEN RD, ANDERSON, SC 29621",29621,SC,34.517320,-82.592537,SFR,,2.0,,1069.0,0.672,,2023-07-27,Resale,,24860,"Greenville-Anderson-Greer, SC"
9857817,45007,148-29-01-073,"114 SOREN LN, ANDERSON, SC 29621",29621,SC,34.533003,-82.613320,SFR,2004.0,3.0,,2006.0,0.19,90000.0,2023-08-08,Resale,44.87,24860,"Greenville-Anderson-Greer, SC"
9857971,45007,148-18-02-010,"218 MAPLE DR, ANDERSON, SC 29621",29621,SC,34.532305,-82.606878,SFR,1997.0,3.0,,1158.0,0.325,227000.0,2025-05-13,Resale,196.03,24860,"Greenville-Anderson-Greer, SC"
9858442,45007,269-00-02-012,"315 MCADAMS SCHOOL RD, HONEA PATH, SC 29654",29654,SC,34.421322,-82.432493,SFR,2000.0,3.0,,2443.0,1.9,490000.0,2024-04-19,Resale,200.57,24860,"Greenville-Anderson-Greer, SC"
9889976,45007,229-01-01-004,"116 ROOSEVELT THOMPSON RD, ANDERSON, SC 29621",29621,SC,34.459744,-82.518193,MOBILE HOME,1999.0,,,1456.0,0.94,,2025-08-27,Resale,,24860,"Greenville-Anderson-Greer, SC"
9918317,45007,122-16-07-005,"309 MOULTRIE SQ, ANDERSON, SC 29621",29621,SC,34.523039,-82.654128,SFR,,3.0,,1564.0,0.142,296500.0,2025-03-14,Resale,189.58,24860,"Greenville-Anderson-Greer, SC"
9949382,45007,149-16-05-012,"1206 WILLIAMSBURG DR, ANDERSON, SC 29621",29621,SC,34.518054,-82.628447,SFR,,3.0,,2291.0,0.367,180000.0,2025-05-28,Resale,78.57,24860,"Greenville-Anderson-Greer, SC"
9983119,45007,046-04-01-025,"303 PLANTATION PT, ANDERSON, SC 29625",29625,SC,34.528936,-82.767324,SFR,2021.0,3.0,,2339.0,0.8,445000.0,2026-04-27,Resale,190.25,24860,"Greenville-Anderson-Greer, SC"
9984905,45007,032-06-03-019,"132 QUIET WAY, ANDERSON, SC 29626",29626,SC,34.441386,-82.829947,SFR,1996.0,3.0,,1580.0,0.713,555000.0,2023-12-06,Resale,351.27,24860,"Greenville-Anderson-Greer, SC"
10011240,45007,096-12-05-012,"201 LINDEN ST, ANDERSON, SC 29625",29625,SC,34.507027,-82.698017,SFR,,,,1311.0,0.918,257500.0,2025-05-14,Resale,196.41,24860,"Greenville-Anderson-Greer, SC"
10011580,45007,027-09-01-004,"106 LAUREL LN, TOWNVILLE, SC 29689",29689,SC,34.554048,-82.835459,SFR,1997.0,3.0,,2996.0,0.96,705000.0,2024-08-16,Resale,235.31,24860,"Greenville-Anderson-Greer, SC"
10088196,45007,177-09-03-003,"106 LINKSIDE DR, ANDERSON, SC 29621",29621,SC,34.460791,-82.587793,SFR,2007.0,4.0,,2687.0,0.58,399999.0,2026-01-30,Resale,148.86,24860,"Greenville-Anderson-Greer, SC"
10124198,45007,194-00-03-003,"629 SPEARMAN RD, PELZER, SC 29669",29669,SC,34.660314,-82.548931,AGRICULTURAL LAND,1993.0,,,800.0,1.33,489900.0,2025-10-17,Resale,612.38,24860,"Greenville-Anderson-Greer, SC"
10124679,45007,151-02-01-004,"615 CAREY ST, ANDERSON, SC 29624",29624,SC,34.479891,-82.638042,SFR,,,,1777.0,0.685,,2023-06-19,Resale,,24860,"Greenville-Anderson-Greer, SC"
10126115,45007,096-20-02-056,"326 MONTI DR, ANDERSON, SC 29625",29625,SC,34.514706,-82.699818,SFR,2004.0,3.0,,1388.0,0.358,239000.0,2023-12-13,Resale,172.19,24860,"Greenville-Anderson-Greer, SC"
10126185,45007,238-05-01-081,"110 HOMESTEAD DR, PIEDMONT, SC 29673",29673,SC,34.755640,-82.468852,SFR,2009.0,3.0,,4254.0,0.64,589500.0,2024-01-19,Resale,138.58,24860,"Greenville-Anderson-Greer, SC"
10145385,45007,014-11-01-048,"119 CHICOMA DR, TOWNVILLE, SC 29689",29689,SC,34.560443,-82.884587,SFR,2006.0,3.0,,1367.0,0.58,261500.0,2025-04-04,Resale,191.29,24860,"Greenville-Anderson-Greer, SC"
10179372,45007,123-13-06-006,"5 PARK ST, ANDERSON, SC 29625",29625,SC,34.512524,-82.668106,SFR,,,,960.0,0.182,42000.0,2023-10-19,Resale,43.75,24860,"Greenville-Anderson-Greer, SC"
10181275,45007,148-14-05-003,"1503 BABB ST, ANDERSON, SC 29621",29621,SC,34.525584,-82.627816,SFR,,,,991.0,0.407,,2025-06-18,Resale,,24860,"Greenville-Anderson-Greer, SC"
10186168,45007,149-01-12-003,"600 BOULEVARD, ANDERSON, SC 29621",29621,SC,34.514967,-82.643376,SFR,,,,5164.0,0.994,1009000.0,2025-03-03,Resale,195.39,24860,"Greenville-Anderson-Greer, SC"
10238809,45007,176-10-02-002,"225 BROOK FOREST DR, ANDERSON, SC 29621",29621,SC,34.485873,-82.601810,SFR,,2.0,,1210.0,0.459,264000.0,2023-09-08,Resale,218.18,24860,"Greenville-Anderson-Greer, SC"
10251239,45007,194-00-07-016,"445 BALLARD RD, PELZER, SC 29669",29669,SC,34.646400,-82.536998,SFR,1992.0,3.0,,2608.0,1.21,192000.0,2025-12-30,Resale,73.62,24860,"Greenville-Anderson-Greer, SC"
10268374,45007,093-19-02-035,"235 LOOKOVER DR, ANDERSON, SC 29621",29621,SC,34.568675,-82.705448,CONDOMINIUM,2006.0,,,,,178000.0,2025-07-31,Resale,,24860,"Greenville-Anderson-Greer, SC"
10270378,45007,119-07-01-008,"109 BRADFORD WAY, ANDERSON, SC 29621",29621,SC,34.582835,-82.656499,SFR,,,,,0.98,68000.0,2023-08-14,Resale,,24860,"Greenville-Anderson-Greer, SC"
10271690,45007,190-02-01-010,"429 HALL RD, EASLEY, SC 29642",29642,SC,34.726294,-82.566692,SFR,2018.0,4.0,,6237.0,2.65,789000.0,2025-04-30,Resale,126.5,24860,"Greenville-Anderson-Greer, SC"
10287922,45007,175-08-03-002,"113 HAYNIE MILL RD, BELTON, SC 29627",29627,SC,34.514595,-82.576697,SFR,,2.0,,921.0,0.459,141000.0,2024-03-08,Resale,153.09,24860,"Greenville-Anderson-Greer, SC"
10308212,45007,237-02-02-007,"141 CHARLES DR, PIEDMONT, SC 29673",29673,SC,34.777445,-82.479041,SFR,,,,2384.0,1.322,405000.0,2025-07-15,Resale,169.88,24860,"Greenville-Anderson-Greer, SC"
10325188,45007,189-00-09-003,"4207 HIGHWAY 86, EASLEY, SC 29642",29642,SC,34.743727,-82.552637,SFR,2004.0,,,2398.0,2.1,385000.0,2024-12-19,Resale,160.55,24860,"Greenville-Anderson-Greer, SC"
10376161,45007,245-16-09-010,"105 G ST, WILLIAMSTON, SC 29697",29697,SC,34.606604,-82.485541,SFR,,,,1082.0,0.358,225000.0,2025-06-06,Resale,207.95,24860,"Greenville-Anderson-Greer, SC"
10392036,45007,045-11-01-016,"126 TOPSAIL DR, ANDERSON, SC 29625",29625,SC,34.547173,-82.787400,SFR,2005.0,3.0,,4952.0,0.657,5000.0,2024-12-04,Resale,1.01,24860,"Greenville-Anderson-Greer, SC"
10393086,45007,213-00-07-010,"617 CELY RD, EASLEY, SC 29642",29642,SC,34.766703,-82.509161,SFR,,,,2972.0,2.22,515000.0,2026-04-24,Resale,173.28,24860,"Greenville-Anderson-Greer, SC"
10396408,45007,242-02-02-005,"107 MEADOWOOD DR, PELZER, SC 29669",29669,SC,34.670020,-82.488218,SFR,1986.0,,,1496.0,0.574,250000.0,2023-08-31,Resale,167.11,24860,"Greenville-Anderson-Greer, SC"
10397107,45007,164-00-02-098,"9 ANASTASIA CT, EASLEY, SC 29642",29642,SC,34.737641,-82.602198,SFR,2007.0,3.0,,2138.0,0.312,479900.0,2025-05-28,Resale,224.46,24860,"Greenville-Anderson-Greer, SC"
10397291,45007,068-07-01-031,"305 LAKE FOREST CIR, ANDERSON, SC 29625",29625,SC,34.535380,-82.760936,SFR,2006.0,3.0,,1765.0,0.579,295000.0,2023-12-15,Resale,167.14,24860,"Greenville-Anderson-Greer, SC"
10397565,45007,221-10-05-008,"103 ASHLEY DR, WILLIAMSTON, SC 29697",29697,SC,34.610823,-82.521475,SFR,,,,1468.0,0.687,265000.0,2024-05-29,Resale,180.52,24860,"Greenville-Anderson-Greer, SC"
10412324,45007,228-00-06-044,"245 MURPHY LN, BELTON, SC 29627",29627,SC,34.482964,-82.496065,SFR,1995.0,3.0,,2521.0,5.67,540000.0,2025-10-10,Resale,214.2,24860,"Greenville-Anderson-Greer, SC"
10413432,45007,121-02-01-005,", ANDERSON, SC 29621",29621,SC,34.559514,-82.680587,COMMERCIAL ACREAGE,,,,,4.97,,2023-05-22,Resale,,24860,"Greenville-Anderson-Greer, SC"
10414035,45007,146-09-03-027,"107 CHETWOOD DR, ANDERSON, SC 29621",29621,SC,34.581075,-82.604462,SFR,2007.0,4.0,,2466.0,0.57,604900.0,2025-08-29,Resale,245.3,24860,"Greenville-Anderson-Greer, SC"
10414974,45007,093-11-01-011,"108 NORTHLAKE DR, ANDERSON, SC 29625",29625,SC,34.564620,-82.705229,CONDOMINIUM,1989.0,3.0,,,,160000.0,2023-09-27,Resale,,24860,"Greenville-Anderson-Greer, SC"
10415233,45007,122-09-12-001,"417 BOUNDARY ST, ANDERSON, SC 29625",29625,SC,34.526384,-82.666554,SFR,,,,1821.0,0.64,285000.0,2024-10-31,Resale,156.51,24860,"Greenville-Anderson-Greer, SC"
10415970,45007,122-10-03-007,"2307 W NORTH AVE, ANDERSON, SC 29625",29625,SC,34.525341,-82.664029,SFR,,,,4091.0,0.675,300000.0,2024-11-26,Resale,73.33,24860,"Greenville-Anderson-Greer, SC"
10420213,45007,187-06-03-004,"107 LONGWOOD LN, EASLEY, SC 29642",29642,SC,34.783170,-82.543912,SFR,2002.0,3.0,,1903.0,0.185,310000.0,2025-10-17,Resale,162.9,24860,"Greenville-Anderson-Greer, SC"
10420221,45007,189-07-01-023,"105 DEER CREEK CT, EASLEY, SC 29642",29642,SC,34.756450,-82.566828,SFR,1995.0,,,1575.0,0.846,301000.0,2024-05-15,Resale,191.11,24860,"Greenville-Anderson-Greer, SC"
10428551,45007,093-11-04-012,"404 NORTHLAKE DR, ANDERSON, SC 29625",29625,SC,34.565449,-82.706314,CONDOMINIUM,1988.0,3.0,,,0.014,195000.0,2025-10-22,Resale,,24860,"Greenville-Anderson-Greer, SC"
10445507,45007,096-17-08-020,"654 HUNTERS LN, ANDERSON, SC 29625",29625,SC,34.519233,-82.702097,SFR,2002.0,3.0,,1913.0,0.23,33333.0,2024-10-01,Resale,17.42,24860,"Greenville-Anderson-Greer, SC"
10481651,45007,065-02-08-010,"126 MAYS ST, PENDLETON, SC 29670",29670,SC,34.596427,-82.752458,SFR,,,,1239.0,0.32,90000.0,2024-11-19,Resale,72.64,24860,"Greenville-Anderson-Greer, SC"
10498638,45007,236-04-01-002,"1004 SITTON DR, GREENVILLE, SC 29611",29611,SC,34.796146,-82.470686,AGRICULTURAL LAND,,,,,0.56,20000.0,2025-08-08,Resale,,24860,"Greenville-Anderson-Greer, SC"
10513932,45007,113-00-04-010,"2000 BAUGH RD, LIBERTY, SC 29657",29657,SC,34.712165,-82.658641,SFR,2007.0,2.0,,2018.0,10.0,910000.0,2025-09-29,Resale,450.94,24860,"Greenville-Anderson-Greer, SC"
10544429,45007,165-02-01-011,"410 GEORGETOWN DR, LIBERTY, SC 29657",29657,SC,34.711429,-82.605260,MOBILE HOME,1987.0,,,1512.0,1.004,30000.0,2024-11-04,Resale,19.84,24860,"Greenville-Anderson-Greer, SC"
10578492,45007,189-04-01-003,"2100 OLD MILL RD, EASLEY, SC 29642",29642,SC,34.761477,-82.548697,SFR,,,,1660.0,3.51,329900.0,2023-06-29,Resale,198.73,24860,"Greenville-Anderson-Greer, SC"
10585802,45007,245-18-01-028,"26 PARKER ST, WILLIAMSTON, SC 29697",29697,SC,34.611394,-82.487185,SFR,,,,2088.0,0.973,274900.0,2025-12-22,Resale,131.66,24860,"Greenville-Anderson-Greer, SC"
10623589,45007,225-04-01-026,"120 ELLISON ST, BELTON, SC 29627",29627,SC,34.530522,-82.505857,SFR,,2.0,,857.0,0.275,145000.0,2025-01-02,Resale,169.19,24860,"Greenville-Anderson-Greer, SC"
10626744,45007,125-03-06-015,"3908 SEMINOLE AVE, ANDERSON, SC 29626",29626,SC,34.466246,-82.671867,SFR,,3.0,,1448.0,0.661,162000.0,2023-10-16,Resale,111.88,24860,"Greenville-Anderson-Greer, SC"
10653130,45007,125-08-04-014,"608 EMMA ST, ANDERSON, SC 29626",29626,SC,34.475593,-82.659872,DUPLEX,,2.0,,1758.0,0.392,155000.0,2025-01-13,Resale,88.17,24860,"Greenville-Anderson-Greer, SC"
10653486,45007,122-09-09-008,"700 WESTVIEW AVE, ANDERSON, SC 29625",29625,SC,34.524712,-82.668948,SFR,,4.0,,2463.0,0.281,235000.0,2023-10-26,Resale,95.41,24860,"Greenville-Anderson-Greer, SC"
10655470,45007,153-04-01-025,"401 MCKENZIE DR, ANDERSON, SC 29624",29624,SC,34.425963,-82.619362,MOBILE HOME,1980.0,3.0,,1728.0,3.4,60000.0,2022-12-15,Resale,34.72,24860,"Greenville-Anderson-Greer, SC"
10664396,45007,150-06-02-001,"1213 WHITE ST, ANDERSON, SC 29624",29624,SC,34.494399,-82.638116,SFR,,3.0,,1443.0,1.683,184900.0,2024-06-26,Resale,128.14,24860,"Greenville-Anderson-Greer, SC"
10664399,45007,124-17-01-011,"612 CRESCENT DR, ANDERSON, SC 29624",29624,SC,34.488441,-82.661374,SFR,,2.0,,740.0,0.3,128000.0,2024-08-12,Resale,172.97,24860,"Greenville-Anderson-Greer, SC"
10675997,45007,124-18-02-002,"311 LYONSWOOD DR, ANDERSON, SC 29624",29624,SC,34.485033,-82.659125,SFR,,,,1333.0,0.46,245000.0,2024-02-19,Resale,183.8,24860,"Greenville-Anderson-Greer, SC"
10684648,45007,125-15-05-013,"105 GILLWOOD DR, ANDERSON, SC 29624",29624,SC,34.462669,-82.659683,MOBILE HOME,,,,720.0,0.207,38000.0,2024-08-16,Resale,52.78,24860,"Greenville-Anderson-Greer, SC"
10684652,45007,123-19-05-031,"1003 TRIBBLE ST, ANDERSON, SC 29625",29625,SC,34.510585,-82.658938,SFR,,3.0,,920.0,0.09,139000.0,2025-04-14,Resale,151.09,24860,"Greenville-Anderson-Greer, SC"
10690313,45007,245-20-01-003,"103 BRUCE ST, WILLIAMSTON, SC 29697",29697,SC,34.618273,-82.491388,SFR,,,,1301.0,0.59,28000.0,2024-09-05,Resale,21.52,24860,"Greenville-Anderson-Greer, SC"
10710320,45007,147-24-05-024,"48 FAWN HILL DR, ANDERSON, SC 29621",29621,SC,34.553591,-82.616308,SFR,2007.0,3.0,,3125.0,0.28,370000.0,2023-06-29,Resale,118.4,24860,"Greenville-Anderson-Greer, SC"
10710979,45007,147-24-02-008,"108 HERD PARK CT, ANDERSON, SC 29621",29621,SC,34.546721,-82.616843,SFR,2007.0,3.0,,2412.0,0.19,300000.0,2024-01-03,Resale,124.38,24860,"Greenville-Anderson-Greer, SC"
10710987,45007,147-24-03-031,"160 EASY GAP RD, ANDERSON, SC 29621",29621,SC,34.553553,-82.615416,SFR,2007.0,3.0,,2669.0,0.41,,2025-08-05,Resale,,24860,"Greenville-Anderson-Greer, SC"
10729537,45007,063-04-01-120,"114 MORNING GLORY PL, PENDLETON, SC 29670",29670,SC,34.630697,-82.761969,SFR,2003.0,4.0,,1557.0,0.6,280000.0,2024-03-25,Resale,179.83,24860,"Greenville-Anderson-Greer, SC"
10744456,45007,063-04-01-124,"106 MORNING GLORY PL, PENDLETON, SC 29670",29670,SC,34.630078,-82.760455,SFR,2003.0,3.0,,1436.0,0.58,250000.0,2025-01-10,Resale,174.09,24860,"Greenville-Anderson-Greer, SC"
10747729,45007,095-03-02-002,"1533 GERRARD RD, ANDERSON, SC 29625",29625,SC,34.531377,-82.721360,SFR,1992.0,3.0,,2638.0,0.62,305000.0,2025-05-14,Resale,115.62,24860,"Greenville-Anderson-Greer, SC"
10751513,45007,218-00-14-013,"1124 EASLEY HWY, PELZER, SC 29669",29669,SC,34.667951,-82.519644,SFR,,,,898.0,1.03,30000.0,2023-10-27,Resale,33.41,24860,"Greenville-Anderson-Greer, SC"
10751514,45007,117-02-01-001,"1208 FIVE FORKS RD, PENDLETON, SC 29670",29670,SC,34.639773,-82.662334,SFR,1992.0,3.0,,1060.0,0.68,213500.0,2025-10-30,Resale,201.42,24860,"Greenville-Anderson-Greer, SC"
10788284,45007,245-10-02-011,"21 RIDGE CT, WILLIAMSTON, SC 29697",29697,SC,34.611551,-82.472547,SFR,,,,1013.0,0.275,240000.0,2025-03-26,Resale,236.92,24860,"Greenville-Anderson-Greer, SC"
10802794,45007,245-16-07-004,"109 L ST, WILLIAMSTON, SC 29697",29697,SC,34.608031,-82.487037,SFR,,,,1310.0,0.193,,2026-04-23,Resale,,24860,"Greenville-Anderson-Greer, SC"
10819358,45007,070-00-02-008,"725 NEW HOPE RD, ANDERSON, SC 29626",29626,SC,34.496253,-82.747311,SFR,,,,1946.0,0.861,,2023-06-20,Resale,,24860,"Greenville-Anderson-Greer, SC"
10819396,45007,249-03-05-008,"401 ONEAL ST, BELTON, SC 29627",29627,SC,34.523664,-82.489560,SFR,,2.0,,1788.0,0.202,256000.0,2023-10-16,Resale,143.18,24860,"Greenville-Anderson-Greer, SC"
10828803,45007,151-01-02-017,"507 DIXIE DR, ANDERSON, SC 29624",29624,SC,34.478502,-82.639824,SFR,,,,1102.0,0.48,175000.0,2025-02-26,Resale,158.8,24860,"Greenville-Anderson-Greer, SC"
10883346,45007,160-00-04-001,"1320 E BROAD ST, IVA, SC 29655",29655,SC,34.293722,-82.620914,SFR,,,,2544.0,27.97,2100.0,2024-05-28,Resale,0.83,24860,"Greenville-Anderson-Greer, SC"
10900059,45007,096-20-02-042,"351 MONTI DR, ANDERSON, SC 29625",29625,SC,34.515761,-82.700604,SFR,2005.0,3.0,,1267.0,0.127,234250.0,2023-07-18,Resale,184.89,24860,"Greenville-Anderson-Greer, SC"
10916926,45007,268-02-01-007,"18 PINE ST, HONEA PATH, SC 29654",29654,SC,34.441840,-82.411567,MOBILE HOME,1998.0,,,1920.0,1.11,,2025-12-09,Resale,,24860,"Greenville-Anderson-Greer, SC"
10923124,45007,122-06-04-012,"2415 POPE DR, ANDERSON, SC 29625",29625,SC,34.525725,-82.670437,SFR,,3.0,,1240.0,0.607,186000.0,2023-08-04,Resale,150.0,24860,"Greenville-Anderson-Greer, SC"
10925558,45007,176-03-03-009,"105 SMITH DR, BELTON, SC 29627",29627,SC,34.503050,-82.578921,SFR,,3.0,,1006.0,0.583,175000.0,2025-12-17,Resale,173.96,24860,"Greenville-Anderson-Greer, SC"
10943615,45007,045-08-02-002,"2808 CENTERVILLE RD, ANDERSON, SC 29625",29625,SC,34.556007,-82.773261,SFR,1990.0,,,1350.0,1.52,270000.0,2024-12-12,Resale,200.0,24860,"Greenville-Anderson-Greer, SC"
10945342,45007,188-08-02-020,"108 BRECKEN CT, EASLEY, SC 29642",29642,SC,34.770073,-82.569695,SFR,2007.0,4.0,,2857.0,0.57,472000.0,2023-10-17,Resale,165.21,24860,"Greenville-Anderson-Greer, SC"
10945608,45007,275-12-03-012,"821 E GREER ST, HONEA PATH, SC 29654",29654,SC,34.446758,-82.379005,SFR,,2.0,,1501.0,0.98,,2025-08-22,Resale,,24860,"Greenville-Anderson-Greer, SC"
10974163,45007,096-22-06-003,"128 CALEB CT, ANDERSON, SC 29625",29625,SC,34.520566,-82.705935,SFR,2006.0,2.0,,1107.0,0.083,,2025-08-04,Resale,,24860,"Greenville-Anderson-Greer, SC"
10975650,45007,093-12-23-006,"106 CAPTAINS WAY, ANDERSON, SC 29625",29625,SC,34.569216,-82.722237,CONDOMINIUM,,,,,0.017,2000.0,2025-12-31,Resale,,24860,"Greenville-Anderson-Greer, SC"
10975676,45007,096-17-08-011,"613 HUNTERS LN, ANDERSON, SC 29625",29625,SC,34.520410,-82.703978,SFR,2002.0,3.0,,1233.0,0.28,226000.0,2024-05-23,Resale,183.29,24860,"Greenville-Anderson-Greer, SC"
10975820,45007,185-01-03-003,"108A HOLT DR, IVA, SC 29655",29655,SC,34.318678,-82.584915,SFR,2016.0,1.0,,1906.0,0.28,453000.0,2025-07-25,Resale,237.67,24860,"Greenville-Anderson-Greer, SC"
10984650,45007,093-11-08-009,"803 NORTHLAKE DR, ANDERSON, SC 29625",29625,SC,34.565065,-82.708322,CONDOMINIUM,,2.0,,,0.014,200000.0,2024-06-19,Resale,,24860,"Greenville-Anderson-Greer, SC"
11015942,45007,119-02-01-022,"717 SUNNY SHORE LN, ANDERSON, SC 29621",29621,SC,34.582696,-82.671037,SFR,2002.0,3.0,,1725.0,0.574,346500.0,2024-01-09,Resale,200.87,24860,"Greenville-Anderson-Greer, SC"
11054232,45007,094-12-06-022,"404 SUSSEX WAY, ANDERSON, SC 29625",29625,SC,34.539368,-82.729615,SFR,1991.0,3.0,,2736.0,0.429,,2025-08-30,Resale,,24860,"Greenville-Anderson-Greer, SC"
11056586,45007,276-13-02-006,"110 BROOKSIDE CIR, HONEA PATH, SC 29654",29654,SC,34.436482,-82.403073,SFR,2007.0,3.0,,1258.0,0.59,282000.0,2025-07-01,Resale,224.17,24860,"Greenville-Anderson-Greer, SC"
11082767,45007,134-00-08-041,"351 SEIGLER RD, IVA, SC 29655",29655,SC,34.291914,-82.656810,MOBILE HOME,2000.0,3.0,,1824.0,1.35,43000.0,2025-02-13,Resale,23.57,24860,"Greenville-Anderson-Greer, SC"
11104049,45007,197-00-10-016,"354 BOWLAN RD, BELTON, SC 29627",29627,SC,34.593477,-82.572857,SFR,1996.0,3.0,,1425.0,2.0,,2024-10-29,Resale,,24860,"Greenville-Anderson-Greer, SC"
11104050,45007,122-18-03-001,"402 HARDEN RD, ANDERSON, SC 29621",29621,SC,34.529733,-82.654848,SFR,,,,1633.0,0.311,211000.0,2025-07-28,Resale,129.21,24860,"Greenville-Anderson-Greer, SC"
11104055,45007,163-04-01-004,"215 WRENTREE DR, EASLEY, SC 29642",29642,SC,34.757985,-82.579257,MOBILE HOME,2002.0,,,1622.0,0.642,235000.0,2026-03-13,Resale,144.88,24860,"Greenville-Anderson-Greer, SC"
11135037,45007,184-07-01-028,"126 WATERSIDE DR, IVA, SC 29655",29655,SC,34.319251,-82.581541,SFR,2011.0,3.0,,1731.0,1.0,550000.0,2025-09-25,Resale,317.74,24860,"Greenville-Anderson-Greer, SC"
11154325,45007,096-18-01-014,"100 ASHLAWN CT, ANDERSON, SC 29625",29625,SC,34.515073,-82.722171,SFR,2003.0,3.0,,2145.0,0.775,,2025-07-30,Resale,,24860,"Greenville-Anderson-Greer, SC"
11154677,45007,046-01-02-014,"13 HARBOR GATE, ANDERSON, SC 29625",29625,SC,34.524564,-82.779178,CONDOMINIUM,,,,,,389900.0,2025-06-13,Resale,,24860,"Greenville-Anderson-Greer, SC"
11156373,45007,248-00-03-063,"903 RECTOR RD, BELTON, SC 29627",29627,SC,34.564430,-82.458739,MOBILE HOME,1997.0,3.0,,2053.0,1.46,154450.0,2025-10-14,Resale,75.23,24860,"Greenville-Anderson-Greer, SC"
11159408,45007,132-01-03-001,"708 SEXTON GIN RD, IVA, SC 29655",29655,SC,34.343675,-82.648495,SFR,,3.0,,926.0,1.306,,2023-10-12,Resale,,24860,"Greenville-Anderson-Greer, SC"
11175235,45007,245-02-02-003,"6 RIVER DRIVE EXT, WILLIAMSTON, SC 29697",29697,SC,34.618449,-82.455554,SFR,1969.0,,,1540.0,0.43,431375.0,2025-05-20,Resale,280.11,24860,"Greenville-Anderson-Greer, SC"
11186713,45007,236-00-02-009,"160 HOOD RD, GREENVILLE, SC 29611",29611,SC,34.799472,-82.485415,SFR,,,,2061.0,1.09,,2024-04-09,Resale,,24860,"Greenville-Anderson-Greer, SC"
11186717,45007,235-05-02-005,"421 ROE RD, GREENVILLE, SC 29611",29611,SC,34.804265,-82.490620,MOBILE HOME,1999.0,,,2173.0,0.59,234900.0,2024-09-20,Resale,108.1,24860,"Greenville-Anderson-Greer, SC"
11227856,45007,147-24-03-025,"148 EASY GAP RD, ANDERSON, SC 29621",29621,SC,34.552282,-82.615968,SFR,2007.0,3.0,,2575.0,0.22,369900.0,2025-04-04,Resale,143.65,24860,"Greenville-Anderson-Greer, SC"
11227857,45007,147-24-03-024,"146 EASY GAP RD, ANDERSON, SC 29621",29621,SC,34.552092,-82.616064,SFR,2007.0,3.0,,2872.0,0.22,,2024-11-25,Resale,,24860,"Greenville-Anderson-Greer, SC"
11258157,45007,093-11-16-005,"1606 NORTHLAKE DR, ANDERSON, SC 29625",29625,SC,34.564434,-82.706598,CONDOMINIUM,,2.0,,,,160000.0,2025-02-17,Resale,,24860,"Greenville-Anderson-Greer, SC"
11282182,45007,189-02-01-019,"1205 PINEVIEW DR, EASLEY, SC 29642",29642,SC,34.754676,-82.536066,SFR,,,,1491.0,0.707,220000.0,2024-01-31,Resale,147.55,24860,"Greenville-Anderson-Greer, SC"
11291587,45007,026-13-01-004,"1047 OLD GANTT MILL RD, ANDERSON, SC 29625",29625,SC,34.575430,-82.812134,SFR,2004.0,3.0,,1368.0,0.59,250000.0,2023-11-28,Resale,182.75,24860,"Greenville-Anderson-Greer, SC"
11342389,45007,128-05-02-002,"108 ROSS DR, STARR, SC 29684",29684,SC,34.412683,-82.654573,SFR,,3.0,,1163.0,0.418,204000.0,2025-12-03,Resale,175.41,24860,"Greenville-Anderson-Greer, SC"
11356504,45007,026-08-01-038,"1002 SHADOW LN, ANDERSON, SC 29625",29625,SC,34.565244,-82.808397,SFR,2001.0,3.0,,1455.0,0.61,177000.0,2026-02-25,Resale,121.65,24860,"Greenville-Anderson-Greer, SC"
11434896,45007,242-01-01-003,"104 COUNTRY GLN, PELZER, SC 29669",29669,SC,34.674726,-82.488048,SFR,,,,1445.0,0.57,277000.0,2024-06-26,Resale,191.7,24860,"Greenville-Anderson-Greer, SC"
11445662,45007,243-03-08-016,"1 DORA ST, PELZER, SC 29669",29669,SC,34.644370,-82.459339,SFR,,,,1845.0,0.465,250000.0,2024-12-02,Resale,135.5,24860,"Greenville-Anderson-Greer, SC"
11509658,45007,010-02-05-012,"110 DOGWOOD FARMS CT, TOWNVILLE, SC 29689",29689,SC,34.497595,-82.912999,MOBILE HOME,2000.0,,,2128.0,0.74,,2023-11-14,Resale,,24860,"Greenville-Anderson-Greer, SC"
11514474,45007,240-09-01-051,"102 WIMBERLY CT, PIEDMONT, SC 29673",29673,SC,34.709710,-82.491617,SFR,2007.0,4.0,,2507.0,0.34,314900.0,2023-08-31,Resale,125.61,24860,"Greenville-Anderson-Greer, SC"
11578025,45007,040-07-01-024,"939 CHESTER CIR, PENDLETON, SC 29670",29670,SC,34.660130,-82.769453,SFR,,,,1426.0,0.281,221000.0,2024-03-05,Resale,154.98,24860,"Greenville-Anderson-Greer, SC"
11578686,45007,150-01-01-010,"817 KENNEDY ST, ANDERSON, SC 29624",29624,SC,34.498361,-82.641971,SFR,,,,1726.0,0.189,150000.0,2024-12-11,Resale,86.91,24860,"Greenville-Anderson-Greer, SC"
11624397,45007,190-07-01-027,"119 GREEN RIDGE DR, EASLEY, SC 29642",29642,SC,34.728598,-82.554742,SFR,2005.0,4.0,,3095.0,0.57,630000.0,2024-03-11,Resale,203.55,24860,"Greenville-Anderson-Greer, SC"
11651944,45007,095-09-04-003,"112 STANCIL RD, ANDERSON, SC 29625",29625,SC,34.522176,-82.714932,SFR,,2.0,,1572.0,0.722,235000.0,2024-11-08,Resale,149.49,24860,"Greenville-Anderson-Greer, SC"
11673196,45007,096-16-01-023,"125 LARI LN, ANDERSON, SC 29625",29625,SC,34.505922,-82.701961,OFFICE & RESIDENTIAL,1990.0,,,5012.0,0.23,300000.0,2024-03-28,Resale,59.86,24860,"Greenville-Anderson-Greer, SC"
11698467,45007,096-17-08-018,"658 HUNTERS LN, ANDERSON, SC 29625",29625,SC,34.519729,-82.702213,SFR,2003.0,3.0,,1586.0,0.32,245000.0,2026-02-19,Resale,154.48,24860,"Greenville-Anderson-Greer, SC"
11719518,45007,006-06-02-021,"106 COVE DR, FAIR PLAY, SC 29643",29643,SC,34.495989,-82.932898,MARSHLAND,,,,,0.191,380000.0,2025-07-16,Resale,,24860,"Greenville-Anderson-Greer, SC"
11720522,45007,226-03-05-017,"208 COX DR, BELTON, SC 29627",29627,SC,34.518629,-82.494497,SFR,,2.0,,1168.0,0.382,184000.0,2023-06-20,Resale,157.53,24860,"Greenville-Anderson-Greer, SC"
11873702,45007,239-11-01-015,"108 MADISON RIDGE RD, PIEDMONT, SC 29673",29673,SC,34.729589,-82.475028,SFR,1999.0,3.0,,1637.0,0.559,325000.0,2025-01-31,Resale,198.53,24860,"Greenville-Anderson-Greer, SC"
11896464,45007,221-03-03-025,"236 BELTON DR, WILLIAMSTON, SC 29697",29697,SC,34.613298,-82.492607,SFR,,,,1729.0,0.335,230000.0,2025-05-16,Resale,133.02,24860,"Greenville-Anderson-Greer, SC"
11948017,45007,146-09-01-113,"112 LANGWELL DR, ANDERSON, SC 29621",29621,SC,34.579502,-82.605329,AGRICULTURAL LAND,,,,,0.57,69000.0,2023-09-27,Resale,,24860,"Greenville-Anderson-Greer, SC"
12023029,45007,026-08-01-017,"1322 SHADOW LN, ANDERSON, SC 29625",29625,SC,34.561821,-82.816415,SFR,2004.0,3.0,,1515.0,0.75,395500.0,2026-04-20,Resale,261.06,24860,"Greenville-Anderson-Greer, SC"
12023336,45007,123-16-05-032,"1931 DOBBINS AVE, ANDERSON, SC 29625",29625,SC,34.521073,-82.669057,SFR,2007.0,,,1224.0,0.145,,2023-12-28,Resale,,24860,"Greenville-Anderson-Greer, SC"
12039771,45007,062-07-02-008,"106 MAGNOLIA LN, PENDLETON, SC 29670",29670,SC,34.644253,-82.768927,SFR,1994.0,,,1271.0,0.135,261000.0,2025-12-23,Resale,205.35,24860,"Greenville-Anderson-Greer, SC"
12043255,45007,148-26-02-011,"149 ELLIOTT CIR, ANDERSON, SC 29621",29621,SC,34.530032,-82.628519,SFR,2000.0,,,1324.0,0.14,252900.0,2023-10-27,Resale,191.01,24860,"Greenville-Anderson-Greer, SC"
12062981,45007,221-17-02-007,"204 EVERGREEN ST, WILLIAMSTON, SC 29697",29697,SC,34.614165,-82.512772,SFR,1993.0,3.0,,1821.0,1.045,380000.0,2023-11-09,Resale,208.68,24860,"Greenville-Anderson-Greer, SC"
12111122,45007,226-04-01-003,"702 ANDERSON ST, BELTON, SC 29627",29627,SC,34.520334,-82.502872,RETAIL TRADE,1994.0,,,1679.0,1.67,531915.0,2026-04-07,Resale,316.8,24860,"Greenville-Anderson-Greer, SC"
12134433,45007,241-06-01-002,"100 DREWMAR LN, PIEDMONT, SC 29673",29673,SC,34.693226,-82.472742,SFR,2002.0,3.0,,1263.0,0.528,251000.0,2023-11-08,Resale,198.73,24860,"Greenville-Anderson-Greer, SC"
12152532,45007,229-03-01-007,"112 KIRBY RD, BELTON, SC 29627",29627,SC,34.455613,-82.518487,MOBILE HOME,2002.0,,,2240.0,2.78,255000.0,2025-03-20,Resale,113.84,24860,"Greenville-Anderson-Greer, SC"
12197499,45007,063-04-01-104,"116 JASMINE LN, PENDLETON, SC 29670",29670,SC,34.630749,-82.762664,SFR,2002.0,3.0,,1292.0,0.59,250000.0,2025-01-15,Resale,193.5,24860,"Greenville-Anderson-Greer, SC"
12198601,45007,124-05-01-007,"2521 W WHITNER ST, ANDERSON, SC 29624",29624,SC,34.501980,-82.681000,SFR,,,,1254.0,0.232,92000.0,2025-10-21,Resale,73.37,24860,"Greenville-Anderson-Greer, SC"
12200207,45007,067-02-01-028,"324 HARTVIEW CIR, ANDERSON, SC 29625",29625,SC,34.541321,-82.761087,SFR,1990.0,,,3724.0,0.368,1206000.0,2024-03-20,Resale,323.85,24860,"Greenville-Anderson-Greer, SC"
12215982,45007,151-08-01-018,"307 LAWRENCE RD, ANDERSON, SC 29624",29624,SC,34.472846,-82.629926,MOBILE HOME,1997.0,3.0,,1456.0,0.5,140500.0,2023-07-12,New Construction,96.5,24860,"Greenville-Anderson-Greer, SC"
12215992,45007,246-01-02-008,"1011 DEAN SPRINGS CIR, BELTON, SC 29627",29627,SC,34.596598,-82.473943,MOBILE HOME,1997.0,3.0,,1232.0,0.57,150000.0,2024-10-11,Resale,121.75,24860,"Greenville-Anderson-Greer, SC"
12215993,45007,246-01-02-009,"1013 DEAN SPRINGS CIR, BELTON, SC 29627",29627,SC,34.596293,-82.473734,RESIDENTIAL - VACANT LAND,,,,,0.63,150000.0,2024-10-11,Resale,,24860,"Greenville-Anderson-Greer, SC"
12430580,45007,189-05-01-029,"140 MESA PATH RD, EASLEY, SC 29642",29642,SC,34.750121,-82.552376,SFR,1995.0,4.0,,3551.0,2.63,699000.0,2023-07-31,Resale,196.85,24860,"Greenville-Anderson-Greer, SC"
12434972,45007,216-09-02-022,"142 KINGSLAND WAY, PIEDMONT, SC 29673",29673,SC,34.708276,-82.522439,SFR,2004.0,4.0,,3612.0,0.59,545000.0,2024-05-29,Resale,150.89,24860,"Greenville-Anderson-Greer, SC"
12435777,45007,123-06-13-004,"253 NIXON ST, ANDERSON, SC 29625",29625,SC,34.505718,-82.672221,TAX EXEMPT,,,,1039.0,0.109,,2025-06-06,Resale,,24860,"Greenville-Anderson-Greer, SC"
12450575,45007,067-14-01-004,"1418 HUNTERS TRL, ANDERSON, SC 29625",29625,SC,34.550540,-82.744827,SFR,1995.0,4.0,,3319.0,0.608,1025000.0,2025-07-31,Resale,308.83,24860,"Greenville-Anderson-Greer, SC"
12452700,45007,121-23-01-011,"103 DOWNIE LN, ANDERSON, SC 29621",29621,SC,34.543419,-82.655894,SFR,1991.0,4.0,,2792.0,0.783,550000.0,2025-07-17,Resale,196.99,24860,"Greenville-Anderson-Greer, SC"
12462988,45007,122-09-04-015,"2603 E NORTH AVE, ANDERSON, SC 29625",29625,SC,34.528891,-82.665829,SFR,2002.0,3.0,,2336.0,0.64,322000.0,2024-07-18,Resale,137.84,24860,"Greenville-Anderson-Greer, SC"
12504288,45007,245-23-02-004,"9 SHAW DR, WILLIAMSTON, SC 29697",29697,SC,34.609583,-82.485811,SFR,,,,1345.0,0.17,210000.0,2025-06-30,Resale,156.13,24860,"Greenville-Anderson-Greer, SC"
12671647,45007,276-13-01-002,"119 BROOKSIDE CIR, HONEA PATH, SC 29654",29654,SC,34.436878,-82.404046,SFR,2005.0,3.0,,1537.0,1.24,240000.0,2024-01-02,Resale,156.15,24860,"Greenville-Anderson-Greer, SC"
12672542,45007,148-06-04-005,"1209 RUTLEDGE WAY, ANDERSON, SC 29621",29621,SC,34.521685,-82.639532,SFR,,,,2694.0,0.573,455000.0,2023-11-14,Resale,168.89,24860,"Greenville-Anderson-Greer, SC"
12783316,45007,040-21-02-004,"206 GRAND OAK CIR, PENDLETON, SC 29670",29670,SC,34.648016,-82.790817,SFR,2002.0,3.0,,1384.0,0.137,290000.0,2023-07-28,Resale,209.54,24860,"Greenville-Anderson-Greer, SC"
12830961,45007,226-07-04-019,"125 PALMETTO PKWY, BELTON, SC 29627",29627,SC,34.516230,-82.504457,SFR,1999.0,3.0,,1670.0,0.297,250000.0,2025-09-03,Resale,149.7,24860,"Greenville-Anderson-Greer, SC"
12871705,45007,028-09-03-014,"103 SHIRLEY CIR, ANDERSON, SC 29625",29625,SC,34.532449,-82.804398,SFR,1990.0,,,1872.0,0.768,354000.0,2024-06-28,Resale,189.1,24860,"Greenville-Anderson-Greer, SC"
12900136,45007,119-02-01-031,"720 SUNNY SHORE LN, ANDERSON, SC 29621",29621,SC,34.582153,-82.670043,SFR,1982.0,3.0,,2022.0,0.645,395000.0,2025-09-10,Resale,195.35,24860,"Greenville-Anderson-Greer, SC"
12905950,45007,146-09-01-118,"122 LANGWELL DR, ANDERSON, SC 29621",29621,SC,34.579280,-82.602898,SFR,2007.0,4.0,,3429.0,0.58,700000.0,2025-06-27,Resale,204.14,24860,"Greenville-Anderson-Greer, SC"
12972403,45007,093-11-21-001,"2109 NORTHLAKE DR, ANDERSON, SC 29625",29625,SC,34.563841,-82.707832,CONDOMINIUM,,3.0,,,,155000.0,2024-12-18,Resale,,24860,"Greenville-Anderson-Greer, SC"
12972406,45007,093-11-08-007,"811 NORTHLAKE DR, ANDERSON, SC 29625",29625,SC,34.565170,-82.708322,CONDOMINIUM,,2.0,,,,140000.0,2026-01-30,Resale,,24860,"Greenville-Anderson-Greer, SC"
12972414,45007,093-11-03-006,"302 NORTHLAKE DR, ANDERSON, SC 29625",29625,SC,34.565330,-82.706101,CONDOMINIUM,1989.0,3.0,,,,130000.0,2025-11-21,Resale,,24860,"Greenville-Anderson-Greer, SC"
103376,45045,0514.08-01-036.00,"125 LIONS PARK RD, MARIETTA, SC 29661",29661,SC,35.029069,-82.502911,SFR,1965.0,2.0,1.0,900.0,0.1800046,,2023-08-18,Resale,,24860,"Greenville-Anderson-Greer, SC"
108521,45045,0137.00-03-021.00,"13 HAYNESWORTH ST, GREENVILLE, SC 29611",29611,SC,34.864208,-82.424102,SFR,1986.0,3.0,1.0,1200.0,0.1679982,50359.0,2024-05-13,Resale,41.97,24860,"Greenville-Anderson-Greer, SC"
108614,45045,0602.04-01-159.00,"514 GOLDEN PINE CT, PIEDMONT, SC 29673",29673,SC,34.710437,-82.396660,MOBILE HOME,,,,,0.3399908,194900.0,2025-11-05,Resale,,24860,"Greenville-Anderson-Greer, SC"
113603,45045,0122.00-05-010.00,"22 2ND ST, GREENVILLE, SC 29611",29611,SC,34.850910,-82.428622,SFR,1950.0,2.0,1.0,1260.0,0.2093664,210000.0,2023-07-12,Resale,166.67,24860,"Greenville-Anderson-Greer, SC"
114643,45045,0600.01-01-007.18,"185 MOUNTAIN CREEK RD, HONEA PATH, SC 29654",29654,SC,34.526134,-82.355134,MOBILE HOME,1987.0,,2.0,1344.0,2.5,1612500.0,2025-06-27,Resale,1199.78,24860,"Greenville-Anderson-Greer, SC"
125159,45045,0122.00-10-018.00,"516 SPRING ST, GREENVILLE, SC 29611",29611,SC,34.851930,-82.432979,SFR,1950.0,2.0,1.0,1012.0,0.3260101,135000.0,2025-11-12,Resale,133.4,24860,"Greenville-Anderson-Greer, SC"
126004,45045,0610.09-01-080.00,"204 MANSION CIR, PIEDMONT, SC 29673",29673,SC,34.701694,-82.436577,MOBILE HOME,,,,,,,2024-03-07,Resale,,24860,"Greenville-Anderson-Greer, SC"
126007,45045,0279.04-01-078.00,"2530 E NORTH ST, GREENVILLE, SC 29615",29615,SC,34.869093,-82.351674,SFR,1984.0,2.0,1.5,980.0,0.012,130000.0,2025-08-29,Resale,132.65,24860,"Greenville-Anderson-Greer, SC"
126012,45045,0198.00-05-019.00,"36 SKYLAND DR, GREENVILLE, SC 29607",29607,SC,34.843638,-82.370261,SFR,1950.0,2.0,1.0,828.0,0.1809917,253000.0,2023-06-07,Resale,305.56,24860,"Greenville-Anderson-Greer, SC"
134601,45045,B002.04-01-021.00,"21 SPINNAKER CT, GREENVILLE, SC 29611",29611,SC,34.858852,-82.481322,SFR,1981.0,2.0,2.5,1386.0,0.023,212000.0,2026-05-12,Resale,152.96,24860,"Greenville-Anderson-Greer, SC"
135555,45045,0567.01-01-007.13,"148 NEW HARRISON BRIDGE RD, SIMPSONVILLE, SC 29680",29680,SC,34.679707,-82.263403,SFR,1998.0,4.0,3.0,2240.0,2.55,399900.0,2023-11-15,Resale,178.53,24860,"Greenville-Anderson-Greer, SC"
144806,45045,0187.00-01-007.00,"301 E HILLCREST DR, GREENVILLE, SC 29609",29609,SC,34.867694,-82.385405,SFR,1961.0,4.0,2.0,4646.0,0.335,,2026-04-16,Resale,,24860,"Greenville-Anderson-Greer, SC"
144807,45045,0559.07-01-056.00,"109 OAK VALLEY DR, SIMPSONVILLE, SC 29681",29681,SC,34.775439,-82.223670,SFR,1991.0,3.0,2.0,1120.0,,238000.0,2024-04-15,Resale,212.5,24860,"Greenville-Anderson-Greer, SC"
144829,45045,0559.07-01-010.00,"315 DUNWOODY DR, SIMPSONVILLE, SC 29681",29681,SC,34.773224,-82.223199,SFR,1994.0,3.0,2.0,1136.0,0.247,218000.0,2023-12-05,Resale,191.9,24860,"Greenville-Anderson-Greer, SC"
148180,45045,0529.05-01-048.00,"403 GRAFTON CT, GREER, SC 29650",29650,SC,34.891575,-82.244577,SFR,2001.0,3.0,2.5,1907.0,0.13,320000.0,2023-12-18,Resale,167.8,24860,"Greenville-Anderson-Greer, SC"
148182,45045,0575.19-01-008.00,"6 SARAH CT, SIMPSONVILLE, SC 29680",29680,SC,34.689420,-82.308023,MOBILE HOME,,,,,0.575,185000.0,2024-02-14,Resale,,24860,"Greenville-Anderson-Greer, SC"
151294,45045,0538.16-01-030.00,"7 N WALDEN PT, TAYLORS, SC 29687",29687,SC,34.893218,-82.311243,SFR,1985.0,3.0,3.0,2724.0,0.1378788,440000.0,2025-10-31,Resale,161.53,24860,"Greenville-Anderson-Greer, SC"
159259,45045,G018.00-02-009.21,"5 SQUIRREL HOLLOW CT, GREER, SC 29651",29651,SC,34.955140,-82.222874,SFR,1997.0,3.0,2.0,1309.0,0.34,,2026-04-30,Resale,,24860,"Greenville-Anderson-Greer, SC"
163302,45045,0439.00-07-004.00,"2 SENATOR PETTUS AVE, GREENVILLE, SC 29617",29617,SC,34.896637,-82.413759,SFR,1966.0,2.0,1.0,968.0,0.146,215000.0,2023-10-13,Resale,222.11,24860,"Greenville-Anderson-Greer, SC"
163303,45045,0632.01-01-029.00,"119 W MCELHANEY RD, TAYLORS, SC 29687",29687,SC,34.965354,-82.302689,SFR,1955.0,2.0,1.0,1110.0,0.8100092,197000.0,2024-03-11,Resale,177.48,24860,"Greenville-Anderson-Greer, SC"
163304,45045,0428.00-01-252.00,"5 BROOMFIELD DR, GREENVILLE, SC 29617",29617,SC,34.909241,-82.442589,SFR,1967.0,4.0,2.0,2166.0,0.3399908,295000.0,2025-03-27,Resale,136.2,24860,"Greenville-Anderson-Greer, SC"
163306,45045,0197.00-03-021.00,"303 BEECHWOOD AVE, GREENVILLE, SC 29607",29607,SC,34.845997,-82.373964,SFR,1947.0,3.0,2.0,1146.0,0.2120064,400000.0,2024-03-27,Resale,349.04,24860,"Greenville-Anderson-Greer, SC"
163308,45045,0603.04-01-019.00,"506 MONTBROOK CT, PELZER, SC 29669",29669,SC,34.671075,-82.402186,MOBILE HOME,2001.0,,2.0,2432.0,,234500.0,2024-11-26,Resale,96.42,24860,"Greenville-Anderson-Greer, SC"
163315,45045,0151.00-11-013.00,"107 CONYERS ST, GREENVILLE, SC 29609",29609,SC,34.870091,-82.407103,SFR,1955.0,2.0,2.0,1016.0,0.1600092,210000.0,2025-11-20,Resale,206.69,24860,"Greenville-Anderson-Greer, SC"
171183,45045,0230.00-07-020.00,"905 GORDON STREET EXT, GREENVILLE, SC 29611",29611,SC,34.837679,-82.447581,SFR,1950.0,3.0,2.0,1268.0,0.1600092,250000.0,2025-03-27,Resale,197.16,24860,"Greenville-Anderson-Greer, SC"
172586,45045,M008.01-01-132.00,"108 KINGSLEY DR, MAULDIN, SC 29662",29662,SC,34.785596,-82.318860,SFR,1972.0,4.0,3.0,2828.0,0.488,560000.0,2026-03-27,Resale,198.02,24860,"Greenville-Anderson-Greer, SC"
183576,45045,WG06.04-01-042.00,"111 CARLY DR, PIEDMONT, SC 29673",29673,SC,34.774626,-82.420376,MOBILE HOME,1999.0,,2.0,1568.0,0.28,,2026-04-07,Resale,,24860,"Greenville-Anderson-Greer, SC"
183592,45045,0319.01-01-050.00,"121 DELMAR DR, SIMPSONVILLE, SC 29680",29680,SC,34.723747,-82.261498,SFR,1974.0,3.0,2.5,2185.0,0.363,295000.0,2024-07-27,Resale,135.01,24860,"Greenville-Anderson-Greer, SC"
183608,45045,0543.02-01-022.00,"205 REDCLIFFE RD, GREENVILLE, SC 29615",29615,SC,34.859065,-82.316145,SFR,1971.0,4.0,2.0,3144.0,1.001,850000.0,2024-06-03,Resale,270.36,24860,"Greenville-Anderson-Greer, SC"
192016,45045,0550.09-01-058.00,"8 DRAKEMONT CT, GREER, SC 29651",29651,SC,34.802309,-82.185726,MOBILE HOME,2000.0,3.0,2.0,2432.0,,285000.0,2025-02-26,Resale,117.19,24860,"Greenville-Anderson-Greer, SC"
195401,45045,0523.05-01-012.00,"47 POPLAR VALLEY LN, TRAVELERS REST, SC 29690",29690,SC,35.050280,-82.433372,MOBILE HOME,,,,,2.0,120000.0,2025-01-31,Resale,,24860,"Greenville-Anderson-Greer, SC"
195404,45045,M013.02-01-026.00,"12 FOWLER CIR, GREENVILLE, SC 29607",29607,SC,34.774282,-82.326234,SFR,1965.0,3.0,2.0,2200.0,0.9,368000.0,2025-07-28,Resale,167.27,24860,"Greenville-Anderson-Greer, SC"
196888,45045,0134.00-03-012.00,"101 CRANE AVE, GREENVILLE, SC 29617",29617,SC,34.864147,-82.440915,SFR,1980.0,3.0,2.0,1518.0,0.4489899,,2025-09-19,Resale,,24860,"Greenville-Anderson-Greer, SC"
196890,45045,M008.08-01-005.00,"3 CRESTBROOK DR, GREENVILLE, SC 29607",29607,SC,34.781624,-82.327342,SFR,2002.0,3.0,2.0,1703.0,0.1719927,299900.0,2024-08-05,Resale,176.1,24860,"Greenville-Anderson-Greer, SC"
196896,45045,0574.22-01-081.00,"1 DEPFORD CT, SIMPSONVILLE, SC 29680",29680,SC,34.724207,-82.302687,SFR,1998.0,3.0,2.0,1750.0,,178000.0,2025-08-29,Resale,101.71,24860,"Greenville-Anderson-Greer, SC"
199564,45045,0529.07-01-046.00,"100 CHARTWELL DR, GREER, SC 29650",29650,SC,34.886270,-82.240568,SFR,2002.0,3.0,3.0,1560.0,0.1199954,270000.0,2023-11-07,Resale,173.08,24860,"Greenville-Anderson-Greer, SC"
199565,45045,0117.00-01-064.00,"226 VIRGINIA AVE, GREENVILLE, SC 29611",29611,SC,34.841843,-82.435354,SFR,1986.0,2.0,1.0,1040.0,0.2399908,190150.0,2024-08-01,Resale,182.84,24860,"Greenville-Anderson-Greer, SC"
209520,45045,0550.09-01-004.00,"1419 ANDERSON RIDGE RD, GREER, SC 29651",29651,SC,34.804738,-82.187623,MOBILE HOME,1999.0,,1.0,1680.0,1.505,89777.0,2024-03-19,Resale,53.44,24860,"Greenville-Anderson-Greer, SC"
213197,45045,B002.04-01-086.00,"86 TOPSAIL CT, GREENVILLE, SC 29611",29611,SC,34.859610,-82.479335,SFR,1981.0,3.0,3.0,1360.0,,190000.0,2023-06-30,Resale,139.71,24860,"Greenville-Anderson-Greer, SC"
213995,45045,0231.00-02-012.02,"1 BRADLEY ST, GREENVILLE, SC 29611",29611,SC,34.842071,-82.446339,MOBILE HOME,,,,,0.384,,2026-04-21,Resale,,24860,"Greenville-Anderson-Greer, SC"
213997,45045,M011.03-01-077.00,"1406 WENWOOD CT, GREENVILLE, SC 29607",29607,SC,34.799059,-82.346625,SFR,1983.0,3.0,2.0,1845.0,0.043,185000.0,2023-07-18,Resale,100.27,24860,"Greenville-Anderson-Greer, SC"
214002,45045,0576.03-01-008.12,"119 KIMBLE DR, SIMPSONVILLE, SC 29680",29680,SC,34.645286,-82.289326,MOBILE HOME,1987.0,,1.0,1440.0,5.1,201000.0,2024-02-13,Resale,139.58,24860,"Greenville-Anderson-Greer, SC"
227132,45045,0550.09-01-021.00,"121 KENTMONT LN, GREER, SC 29651",29651,SC,34.804276,-82.183158,MOBILE HOME,2000.0,,1.0,1680.0,0.038,170000.0,2026-03-06,Resale,101.19,24860,"Greenville-Anderson-Greer, SC"
230386,45045,0379.00-04-010.00,"117 S ESTATE DR, GREENVILLE, SC 29605",29605,SC,34.780241,-82.379293,SFR,1955.0,3.0,1.0,924.0,0.2609963,225000.0,2025-03-12,Resale,243.51,24860,"Greenville-Anderson-Greer, SC"
230393,45045,0167.00-01-039.00,"209 VON HOLLEN DR, GREENVILLE, SC 29617",29617,SC,34.893564,-82.410488,DUPLEX,1950.0,3.0,2.0,1188.0,0.144146,165000.0,2025-10-30,Resale,138.89,24860,"Greenville-Anderson-Greer, SC"
233177,45045,0153.01-01-012.00,"22 BUFF ST, GREENVILLE, SC 29609",29609,SC,34.873180,-82.415597,SFR,2001.0,3.0,2.0,1320.0,,165000.0,2024-08-29,Resale,125.0,24860,"Greenville-Anderson-Greer, SC"
233189,45045,0337.02-01-042.00,"16 FAWNDALE LN, FOUNTAIN INN, SC 29644",29644,SC,34.696510,-82.224688,SFR,1999.0,3.0,2.0,1261.0,,275000.0,2024-03-27,Resale,218.08,24860,"Greenville-Anderson-Greer, SC"
233192,45045,B008.06-01-035.00,"104 GLENLEA LN, GREENVILLE, SC 29617",29617,SC,34.909191,-82.458847,SFR,2002.0,3.0,2.0,1264.0,0.1149908,,2024-03-07,Resale,,24860,"Greenville-Anderson-Greer, SC"
235917,45045,0640.02-01-006.03,"540 MILFORD CHURCH RD, TAYLORS, SC 29687",29687,SC,34.978122,-82.310377,SFR,1963.0,3.0,2.0,1704.0,0.9,225000.0,2024-05-03,Resale,132.04,24860,"Greenville-Anderson-Greer, SC"
235924,45045,0584.03-01-119.00,"5 CROSSBILL DR, SIMPSONVILLE, SC 29680",29680,SC,34.713084,-82.323841,SFR,2002.0,4.0,3.0,2292.0,0.2350092,320000.0,2023-12-19,Resale,139.62,24860,"Greenville-Anderson-Greer, SC"
239563,45045,0640.13-01-005.00,"116 HOMES POND LN, TAYLORS, SC 29687",29687,SC,34.976705,-82.342986,MOBILE HOME,2002.0,3.0,2.0,1904.0,0.6699954,550000.0,2024-06-27,Resale,288.87,24860,"Greenville-Anderson-Greer, SC"
260573,45045,G013.00-02-018.00,"918 W POINSETT ST, GREER, SC 29650",29650,SC,34.942655,-82.242470,SFR,,,1.0,2013.0,0.31,316875.0,2024-10-24,Resale,157.41,24860,"Greenville-Anderson-Greer, SC"
260576,45045,0640.13-01-004.00,"112 HOMES POND LN, TAYLORS, SC 29687",29687,SC,34.976955,-82.342920,MOBILE HOME,2003.0,3.0,2.0,1680.0,0.6600092,188900.0,2023-11-02,Resale,112.44,24860,"Greenville-Anderson-Greer, SC"
273246,45045,T034.00-01-051.00,"18 SUNRISE DR, TAYLORS, SC 29687",29687,SC,34.908522,-82.290336,SFR,1983.0,3.0,2.0,1275.0,0.29,270000.0,2023-10-25,Resale,211.76,24860,"Greenville-Anderson-Greer, SC"
276212,45045,0226.00-07-009.00,"19 JAMISON ST, GREENVILLE, SC 29611",29611,SC,34.827475,-82.429898,SFR,1940.0,2.0,1.0,1120.0,0.174,249950.0,2026-05-20,Resale,223.17,24860,"Greenville-Anderson-Greer, SC"
278136,45045,B002.04-01-110.00,"110 ROYAL CT, GREENVILLE, SC 29611",29611,SC,34.858950,-82.477755,SFR,1981.0,2.0,3.0,1218.0,,185000.0,2024-02-23,Resale,151.89,24860,"Greenville-Anderson-Greer, SC"
295583,45045,0222.03-01-012.00,"300 OLD AUGUSTA RD, GREENVILLE, SC 29605",29605,SC,34.807416,-82.383844,SFR,1940.0,2.0,1.0,1334.0,0.2210055,615000.0,2023-09-15,Resale,461.02,24860,"Greenville-Anderson-Greer, SC"
306103,45045,0431.02-01-026.00,"15 TURTLE DOVE CT, GREENVILLE, SC 29617",29617,SC,34.924024,-82.455015,SFR,1998.0,3.0,2.0,1452.0,,,2024-05-03,Resale,,24860,"Greenville-Anderson-Greer, SC"
314156,45045,0363.00-01-013.00,"103 CANNON AVE, FOUNTAIN INN, SC 29644",29644,SC,34.692442,-82.196020,SFR,1965.0,2.0,2.0,1186.0,0.2224518,290000.0,2024-07-17,Resale,244.52,24860,"Greenville-Anderson-Greer, SC"
323667,45045,0546.06-01-070.00,"305 CANEWOOD PL, MAULDIN, SC 29662",29662,SC,34.796605,-82.288552,SFR,2001.0,3.0,3.0,1920.0,,225000.0,2023-12-11,Resale,117.19,24860,"Greenville-Anderson-Greer, SC"
345495,45045,WG06.02-01-168.00,"305 KENMORE DR, PIEDMONT, SC 29673",29673,SC,34.768135,-82.422321,SFR,1966.0,3.0,2.0,1134.0,0.2840909,185000.0,2023-06-30,Resale,163.14,24860,"Greenville-Anderson-Greer, SC"
357255,45045,0279.01-01-101.00,"114 BRIARVIEW CIR, GREENVILLE, SC 29615",29615,SC,34.865121,-82.351538,SFR,1983.0,2.0,3.0,1400.0,0.0219927,177000.0,2024-02-29,Resale,126.43,24860,"Greenville-Anderson-Greer, SC"
357256,45045,0181.00-01-006.00,"17 ARCADIA DR, GREENVILLE, SC 29609",29609,SC,34.878324,-82.389982,SFR,1966.0,3.0,1.5,1601.0,0.288,,,,,24860,"Greenville-Anderson-Greer, SC"
357260,45045,0241.00-01-127.00,"118 WELCOME AVE, GREENVILLE, SC 29611",29611,SC,34.826688,-82.443498,SFR,1986.0,2.0,1.0,1100.0,0.2410468,,2024-07-10,Resale,,24860,"Greenville-Anderson-Greer, SC"
359390,45045,0035.00-02-011.00,"215 ELIZABETH ST, GREENVILLE, SC 29609",29609,SC,34.864072,-82.391542,SFR,1963.0,2.0,2.0,1379.0,0.1390037,429000.0,2025-01-30,Resale,311.09,24860,"Greenville-Anderson-Greer, SC"
360292,45045,M007.07-01-069.00,"8 MCBEE CHAPEL RD, MAULDIN, SC 29662",29662,SC,34.763997,-82.311896,SFR,1993.0,3.0,2.0,1678.0,,320000.0,2023-08-31,Resale,190.7,24860,"Greenville-Anderson-Greer, SC"
361250,45045,0198.00-05-023.00,"113 ACKLEY RD, GREENVILLE, SC 29607",29607,SC,34.845068,-82.372644,SFR,1962.0,4.0,2.0,1687.0,0.5390037,460000.0,2024-08-02,Resale,272.67,24860,"Greenville-Anderson-Greer, SC"
365257,45045,0381.00-04-016.00,"27 TWIN SPRINGS DR, GREENVILLE, SC 29605",29605,SC,34.764290,-82.388379,SFR,1960.0,2.0,1.0,1190.0,0.2780073,180000.0,2024-05-13,Resale,151.26,24860,"Greenville-Anderson-Greer, SC"
365259,45045,0453.00-02-002.00,"1902 OLD PARKER RD, GREENVILLE, SC 29609",29609,SC,34.917016,-82.421275,SFR,1965.0,2.0,1.0,864.0,0.4050046,190000.0,2024-03-08,Resale,219.91,24860,"Greenville-Anderson-Greer, SC"
373017,45045,0508.01-01-014.02,"310 GIBSON DR, GREENVILLE, SC 29617",29617,SC,34.910361,-82.471909,SFR,1995.0,3.0,2.0,1472.0,0.967011,,2024-02-13,Resale,,24860,"Greenville-Anderson-Greer, SC"
373036,45045,0560.04-01-011.00,"311 GOLDSMITH RD, SIMPSONVILLE, SC 29681",29681,SC,34.722081,-82.209677,MOBILE HOME PARK,,,,,25.0,1242000.0,2025-04-29,Resale,,24860,"Greenville-Anderson-Greer, SC"
374951,45045,0548.08-01-040.00,"312 CLEVINGTON WAY, SIMPSONVILLE, SC 29681",29681,SC,34.784126,-82.237430,SFR,1992.0,4.0,3.0,3218.0,,460850.0,2025-02-05,Resale,143.21,24860,"Greenville-Anderson-Greer, SC"
390695,45045,0010.00-01-092.00,"306 W PARK AVE, GREENVILLE, SC 29601",29601,SC,34.859473,-82.400388,SFR,1950.0,3.0,1.0,1206.0,0.1879936,380000.0,2025-01-08,Resale,315.09,24860,"Greenville-Anderson-Greer, SC"
394538,45045,0035.00-06-008.00,"204 E EARLE ST, GREENVILLE, SC 29609",29609,SC,34.861085,-82.388861,SFR,2005.0,4.0,4.0,5168.0,0.282989,1650000.0,2024-04-18,Resale,319.27,24860,"Greenville-Anderson-Greer, SC"
394547,45045,0195.00-01-008.00,"506 LOWNDES HILL RD, GREENVILLE, SC 29607",29607,SC,34.853006,-82.369811,DUPLEX,1998.0,4.0,3.0,2056.0,0.28,,2026-02-24,Resale,,24860,"Greenville-Anderson-Greer, SC"
394549,45045,WG06.04-01-067.00,"104 CARLY DR, PIEDMONT, SC 29673",29673,SC,34.775309,-82.419879,MOBILE HOME,2000.0,,1.0,2496.0,0.2989899,200000.0,2025-06-30,Resale,80.13,24860,"Greenville-Anderson-Greer, SC"
394552,45045,B013.01-01-005.00,"103 BEREA DR, GREENVILLE, SC 29617",29617,SC,34.879380,-82.456334,SFR,1974.0,2.0,2.0,1370.0,1.911,239000.0,2023-06-16,Resale,174.45,24860,"Greenville-Anderson-Greer, SC"
394554,45045,0246.01-01-024.00,"2 CURRENT DR, GREENVILLE, SC 29611",29611,SC,34.811985,-82.472273,MOBILE HOME,1999.0,,2.0,1848.0,0.4,315000.0,2024-07-08,Resale,170.45,24860,"Greenville-Anderson-Greer, SC"
394557,45045,0163.00-02-020.00,"5 BERKLEY AVE, GREENVILLE, SC 29609",29609,SC,34.883772,-82.419922,SFR,1963.0,3.0,2.0,1472.0,0.2611341,322500.0,2025-03-24,Resale,219.09,24860,"Greenville-Anderson-Greer, SC"
399223,45045,0230.00-07-019.00,"907 GORDON STREET EXT, GREENVILLE, SC 29611",29611,SC,34.837518,-82.447786,SFR,1945.0,3.0,2.0,1405.0,0.3210055,180000.0,2023-08-28,Resale,128.11,24860,"Greenville-Anderson-Greer, SC"
399224,45045,0548.39-01-043.00,"6 BATHURST LN, SIMPSONVILLE, SC 29681",29681,SC,34.787216,-82.226458,SFR,1999.0,3.0,2.0,1641.0,0.2,320000.0,2025-04-15,Resale,195.0,24860,"Greenville-Anderson-Greer, SC"
399231,45045,0633.04-01-023.00,"125 WINDWARD PEAK CT, GREER, SC 29651",29651,SC,34.987126,-82.293096,MOBILE HOME,1997.0,3.0,2.0,1848.0,0.7,199350.0,2023-04-28,Resale,107.87,24860,"Greenville-Anderson-Greer, SC"
404605,45045,T008.02-01-019.00,"301 WOOD RIVER WAY, TAYLORS, SC 29687",29687,SC,34.930149,-82.301037,SFR,1998.0,3.0,3.0,2079.0,0.3600092,360000.0,2024-02-21,Resale,173.16,24860,"Greenville-Anderson-Greer, SC"
404610,45045,0373.00-05-006.28,"4 SNOWBIRD LN, GREENVILLE, SC 29605",29605,SC,34.785101,-82.389790,SFR,2000.0,3.0,2.0,1202.0,0.282989,231075.0,2024-09-09,Resale,192.24,24860,"Greenville-Anderson-Greer, SC"
404611,45045,0562.05-01-051.00,"7 ALF CT, FOUNTAIN INN, SC 29644",29644,SC,34.663446,-82.233261,MOBILE HOME,2001.0,,1.0,1816.0,0.7,230000.0,2025-06-23,Resale,126.65,24860,"Greenville-Anderson-Greer, SC"
404620,45045,0548.03-01-026.00,"1214 PLANTATION DR, SIMPSONVILLE, SC 29681",29681,SC,34.787594,-82.239483,SFR,1978.0,4.0,2.5,2492.0,0.304,505000.0,2026-03-03,Resale,202.65,24860,"Greenville-Anderson-Greer, SC"
407466,45045,0616.03-01-060.00,"11 LIBERTY ST, PIEDMONT, SC 29673",29673,SC,34.702180,-82.456182,SFR,1955.0,3.0,1.0,1747.0,,75000.0,2025-11-12,Resale,42.93,24860,"Greenville-Anderson-Greer, SC"
419484,45045,0521.02-01-019.00,"160 CUNNINGHAM RD, TRAVELERS REST, SC 29690",29690,SC,35.016349,-82.459351,SFR,1965.0,2.0,2.0,1424.0,2.05,360000.0,2025-01-29,Resale,252.81,24860,"Greenville-Anderson-Greer, SC"
445035,45045,M007.02-01-060.00,"1 MARSH CREEK DR, MAULDIN, SC 29662",29662,SC,34.761574,-82.319323,SFR,2001.0,4.0,3.0,2352.0,,355000.0,2025-09-18,Resale,150.94,24860,"Greenville-Anderson-Greer, SC"
459803,45045,0379.00-02-040.00,"26 E FAIRFIELD RD, GREENVILLE, SC 29605",29605,SC,34.779364,-82.380280,SFR,1955.0,2.0,1.0,1071.0,0.2506887,220000.0,2024-10-30,Resale,205.42,24860,"Greenville-Anderson-Greer, SC"
468059,45045,0274.04-01-066.00,"120 BROOKSIDE CIR, GREENVILLE, SC 29609",29609,SC,34.874654,-82.371250,SFR,1950.0,2.0,2.0,2184.0,0.2280073,399900.0,2023-09-15,Resale,183.1,24860,"Greenville-Anderson-Greer, SC"
474176,45045,0640.12-01-023.00,"107 WHILEAWAY CT, TAYLORS, SC 29687",29687,SC,34.978038,-82.338768,SFR,2000.0,3.0,2.0,2302.0,0.584,375000.0,2025-08-29,Resale,162.9,24860,"Greenville-Anderson-Greer, SC"
474180,45045,0576.04-01-022.00,"604 ASHFORD OAK WAY, SIMPSONVILLE, SC 29680",29680,SC,34.664706,-82.311655,MOBILE HOME,2000.0,,1.0,1456.0,0.7,27000.0,2025-03-31,Resale,18.54,24860,"Greenville-Anderson-Greer, SC"
495103,45045,0360.01-01-016.00,"106 CATTERICK WAY, FOUNTAIN INN, SC 29644",29644,SC,34.704410,-82.190207,SFR,2005.0,3.0,3.0,2232.0,0.2660009,306277.0,2025-04-29,Resale,137.22,24860,"Greenville-Anderson-Greer, SC"
502161,45045,P040.00-01-014.00,"350 MOUNTAIN CREEK CHURCH RD, GREENVILLE, SC 29609",29609,SC,34.920894,-82.344684,SFR,1980.0,2.0,2.0,1152.0,,183900.0,2023-08-17,Resale,159.64,24860,"Greenville-Anderson-Greer, SC"
505237,45045,0540.24-01-049.00,"101 ATHERTON WAY, GREER, SC 29650",29650,SC,34.868668,-82.283348,SFR,1988.0,3.0,3.0,2084.0,0.1217631,349900.0,2023-09-15,Resale,167.9,24860,"Greenville-Anderson-Greer, SC"
505254,45045,B004.05-01-113.00,"11 NOTCHWOOD CT, GREENVILLE, SC 29611",29611,SC,34.875536,-82.472903,SFR,1978.0,4.0,4.0,2208.0,0.4476584,295000.0,2023-07-25,Resale,133.61,24860,"Greenville-Anderson-Greer, SC"
523687,45045,P016.02-01-049.00,"25 FORESTDALE DR, TAYLORS, SC 29687",29687,SC,34.889546,-82.326215,SFR,1950.0,3.0,2.0,1494.0,0.3213958,330000.0,2025-12-02,Resale,220.88,24860,"Greenville-Anderson-Greer, SC"
523688,45045,0550.10-01-005.00,"6 FARM DELL CT, GREER, SC 29651",29651,SC,34.805930,-82.192732,MOBILE HOME,2001.0,,1.0,1680.0,0.6399908,110100.0,2023-06-28,Resale,65.54,24860,"Greenville-Anderson-Greer, SC"
531902,45045,0204.00-07-005.00,"109 E AUGUSTA PL, GREENVILLE, SC 29605",29605,SC,34.823534,-82.387761,SFR,1966.0,3.0,2.0,1723.0,0.3219927,825000.0,2025-05-19,Resale,478.82,24860,"Greenville-Anderson-Greer, SC"
533989,45045,0372.00-01-014.00,"226 W DORCHESTER BLVD, GREENVILLE, SC 29605",29605,SC,34.788136,-82.388576,SFR,1960.0,3.0,2.0,1689.0,0.2410468,265000.0,2023-06-12,Resale,156.9,24860,"Greenville-Anderson-Greer, SC"
538210,45045,0608.01-01-101.00,"214 MARLENA AVE, PIEDMONT, SC 29673",29673,SC,34.746295,-82.429607,MOBILE HOME,,,,,,169900.0,2024-05-20,Resale,,24860,"Greenville-Anderson-Greer, SC"
541080,45045,0604.04-01-037.00,"8 WOODED GLENN CT, PELZER, SC 29669",29669,SC,34.643971,-82.390673,SFR,2001.0,4.0,3.0,3115.0,0.6129936,425000.0,2025-12-05,Resale,136.44,24860,"Greenville-Anderson-Greer, SC"
544306,45045,0602.04-01-200.00,"143 VALLEY BROOK RD, PIEDMONT, SC 29673",29673,SC,34.711620,-82.394616,MOBILE HOME,2002.0,,2.0,2128.0,0.2699954,195500.0,2024-02-19,Resale,91.87,24860,"Greenville-Anderson-Greer, SC"
544313,45045,0538.01-01-051.00,"206 DELLROSE CIR, TAYLORS, SC 29687",29687,SC,34.888181,-82.314068,SFR,1967.0,4.0,2.0,3352.0,0.5129936,405000.0,2024-10-17,Resale,120.82,24860,"Greenville-Anderson-Greer, SC"
548740,45045,0142.00-13-011.00,"24 MCBETH ST, GREENVILLE, SC 29611",29611,SC,34.868600,-82.428105,SFR,1955.0,2.0,1.0,1453.0,0.1589991,,2024-06-27,Resale,,24860,"Greenville-Anderson-Greer, SC"
548753,45045,0603.03-01-046.00,"304 CHEVY CHASE BLVD, PELZER, SC 29669",29669,SC,34.669468,-82.387497,MOBILE HOME,,,,,,90000.0,2025-05-02,Resale,,24860,"Greenville-Anderson-Greer, SC"
548757,45045,0194.00-01-010.01,"562 LOWNDES HILL RD, GREENVILLE, SC 29607",29607,SC,34.853342,-82.365463,SFR,1920.0,3.0,2.0,1848.0,0.417011,300000.0,2025-09-29,Resale,162.34,24860,"Greenville-Anderson-Greer, SC"
548758,45045,0585.05-01-155.00,"101 BONEFIELD DR, SIMPSONVILLE, SC 29680",29680,SC,34.700035,-82.327256,MOBILE HOME,1999.0,,2.0,1976.0,0.265,44900.0,2026-05-15,Resale,22.72,24860,"Greenville-Anderson-Greer, SC"
556526,45045,0507.05-01-014.00,"413 BRADEN CT, GREENVILLE, SC 29617",29617,SC,34.919931,-82.473563,SFR,2003.0,3.0,2.0,1460.0,0.292,145250.0,2026-04-16,Resale,99.49,24860,"Greenville-Anderson-Greer, SC"
574420,45045,0360.01-01-007.00,"8 ROSEHILL PL, FOUNTAIN INN, SC 29644",29644,SC,34.703429,-82.188797,SFR,2006.0,3.0,3.0,2305.0,0.2929982,322000.0,2023-11-27,Resale,139.7,24860,"Greenville-Anderson-Greer, SC"
579367,45045,B010.00-02-011.09,"613 SULPHUR SPRINGS RD, GREENVILLE, SC 29617",29617,SC,34.887655,-82.451950,SFR,1980.0,4.0,3.0,2682.0,1.47,247500.0,2019-01-07,Resale,92.28,24860,"Greenville-Anderson-Greer, SC"
584585,45045,0535.09-01-037.00,"105 COTTER LN, GREER, SC 29650",29650,SC,34.907438,-82.258984,SFR,1999.0,4.0,2.5,2197.0,0.226,360000.0,2023-09-19,Resale,163.86,24860,"Greenville-Anderson-Greer, SC"
590012,45045,0548.40-01-071.00,"202 WOODRUFF PARK LN, SIMPSONVILLE, SC 29681",29681,SC,34.803212,-82.235572,SFR,1999.0,3.0,2.0,1276.0,0.069,239000.0,2026-04-10,Resale,187.3,24860,"Greenville-Anderson-Greer, SC"
590021,45045,T035.04-01-036.00,"2 KINGSCREEK DR, GREER, SC 29650",29650,SC,34.916660,-82.254506,SFR,2001.0,3.0,3.0,2016.0,,270000.0,2024-09-25,Resale,133.93,24860,"Greenville-Anderson-Greer, SC"
591261,45045,0337.02-01-034.00,"204 FLAGSTAR CT, FOUNTAIN INN, SC 29644",29644,SC,34.695640,-82.225118,SFR,1996.0,3.0,2.0,1656.0,,280000.0,2023-12-18,Resale,169.08,24860,"Greenville-Anderson-Greer, SC"
591263,45045,0290.00-01-003.12,"1816 BETHEL RD, SIMPSONVILLE, SC 29681",29681,SC,34.778781,-82.277595,SFR,1997.0,5.0,4.0,2515.0,0.78,330000.0,2026-02-13,Resale,131.21,24860,"Greenville-Anderson-Greer, SC"
591268,45045,T023.00-01-051.00,"109 LAKESIDE DR, TAYLORS, SC 29687",29687,SC,34.952961,-82.313923,MOBILE HOME,2000.0,3.0,2.0,1960.0,0.629,212750.0,2024-05-15,Resale,108.55,24860,"Greenville-Anderson-Greer, SC"
591280,45045,0624.09-01-012.05,"1015 BUTTER ST, LANDRUM, SC 29356",29356,SC,35.183807,-82.227906,MOBILE HOME,1995.0,3.0,2.0,1568.0,1.1,174900.0,2025-08-06,Resale,111.54,24860,"Greenville-Anderson-Greer, SC"
591281,45045,0512.01-01-012.07,"100 KEELER BRIDGE RD, MARIETTA, SC 29661",29661,SC,34.981962,-82.528721,MOBILE HOME,2000.0,,2.0,2262.0,0.9,,2025-05-16,Resale,,24860,"Greenville-Anderson-Greer, SC"
591283,45045,0574.24-01-026.00,"210 GROTON CT, SIMPSONVILLE, SC 29680",29680,SC,34.711607,-82.300130,SFR,2001.0,3.0,3.0,2381.0,0.2910009,395000.0,2025-04-28,Resale,165.9,24860,"Greenville-Anderson-Greer, SC"
592568,45045,0198.00-04-012.11,"15 HALEY CT, GREENVILLE, SC 29607",29607,SC,34.845530,-82.368112,SFR,1996.0,3.0,2.0,1391.0,0.14,247000.0,2025-05-20,Resale,177.57,24860,"Greenville-Anderson-Greer, SC"
597281,45045,0575.18-01-011.00,"22 DAPPLE GRAY CT, SIMPSONVILLE, SC 29680",29680,SC,34.710327,-82.284331,SFR,2001.0,3.0,3.0,2880.0,,495000.0,2024-08-16,Resale,171.88,24860,"Greenville-Anderson-Greer, SC"
597291,45045,0377.00-07-023.00,"220 PINEFIELD DR, GREENVILLE, SC 29605",29605,SC,34.780456,-82.386182,SFR,1965.0,3.0,1.5,924.0,0.244,93000.0,2026-03-17,Construction Loan/Financing,100.65,24860,"Greenville-Anderson-Greer, SC"
603130,45045,0539.12-01-028.00,"205 WEATHERBY DR, GREENVILLE, SC 29615",29615,SC,34.836435,-82.255744,SFR,1985.0,3.0,4.0,3512.0,,1050000.0,2025-09-22,Resale,298.97,24860,"Greenville-Anderson-Greer, SC"
604100,45045,M006.02-01-118.00,"108 PINEHURST DR, MAULDIN, SC 29662",29662,SC,34.772612,-82.305522,SFR,1969.0,3.0,2.0,1380.0,0.33,280000.0,2025-12-04,Resale,202.9,24860,"Greenville-Anderson-Greer, SC"
605635,45045,0117.00-10-006.00,"67 DORSEY AVE, GREENVILLE, SC 29611",29611,SC,34.838875,-82.430259,RESIDENTIAL - VACANT LAND,1945.0,2.0,1.0,1029.0,0.187,100000.0,2025-01-22,Resale,97.18,24860,"Greenville-Anderson-Greer, SC"
614425,45045,0246.01-01-046.00,"7 CHANNEL DR, GREENVILLE, SC 29611",29611,SC,34.812604,-82.471508,MOBILE HOME,1998.0,3.0,2.0,1960.0,0.3,315000.0,2024-07-08,Resale,160.71,24860,"Greenville-Anderson-Greer, SC"
619052,45045,0585.06-01-017.00,"2537 W GEORGIA RD, PIEDMONT, SC 29673",29673,SC,34.687254,-82.341490,SFR,2002.0,3.0,2.0,1872.0,0.7620064,325000.0,2025-03-25,Resale,173.61,24860,"Greenville-Anderson-Greer, SC"
633855,45045,0513.02-01-104.01,"115 ALTA VISTA CIR, TRAVELERS REST, SC 29690",29690,SC,34.994072,-82.486641,SFR,1967.0,3.0,2.0,1823.0,0.8899908,320000.0,2024-06-07,Resale,175.53,24860,"Greenville-Anderson-Greer, SC"
634799,45045,0117.00-04-015.00,"2 WEST AVE, GREENVILLE, SC 29611",29611,SC,34.837713,-82.432812,SFR,1955.0,3.0,1.0,1580.0,0.2350092,156500.0,2024-05-21,Resale,99.05,24860,"Greenville-Anderson-Greer, SC"
668893,45045,0609.07-01-055.00,"248 FURR RD, PIEDMONT, SC 29673",29673,SC,34.723008,-82.432603,SFR,1993.0,3.0,2.0,1479.0,0.387,250000.0,2023-06-08,Resale,169.03,24860,"Greenville-Anderson-Greer, SC"
677306,45045,T021.05-01-035.00,"111 N SILVER BEECH LN, GREER, SC 29651",29651,SC,34.965787,-82.290980,SFR,1997.0,4.0,2.5,3322.0,0.86,535000.0,2024-04-11,Resale,161.05,24860,"Greenville-Anderson-Greer, SC"
687310,45045,0534.35-01-093.00,"931 MEDORA DR, GREER, SC 29650",29650,SC,34.886572,-82.249781,SFR,2001.0,3.0,3.0,1800.0,,354900.0,2023-08-25,Resale,197.17,24860,"Greenville-Anderson-Greer, SC"
688312,45045,0543.07-01-023.00,"12 INDEPENDENCE DR, GREENVILLE, SC 29615",29615,SC,34.864087,-82.325291,SFR,1969.0,5.0,3.0,2692.0,0.6887052,690000.0,2024-10-25,Resale,256.32,24860,"Greenville-Anderson-Greer, SC"
692859,45045,0241.00-09-008.00,"203 MARY ST, GREENVILLE, SC 29611",29611,SC,34.829929,-82.441499,SFR,1980.0,3.0,2.0,1392.0,0.3801653,253500.0,2024-07-31,Resale,182.11,24860,"Greenville-Anderson-Greer, SC"
715083,45045,0560.04-01-010.10,"363 GOLDSMITH RD, SIMPSONVILLE, SC 29681",29681,SC,34.722003,-82.211170,MOBILE HOME,1999.0,,1.0,2128.0,0.048,400000.0,2023-06-22,Resale,187.97,24860,"Greenville-Anderson-Greer, SC"
715084,45045,0201.00-05-010.00,"23 BRIDWELL AVE, GREENVILLE, SC 29607",29607,SC,34.838528,-82.376551,SFR,1940.0,3.0,1.0,1000.0,0.0989899,253000.0,2025-04-14,Resale,253.0,24860,"Greenville-Anderson-Greer, SC"
715088,45045,0548.28-01-060.00,"313 ASHRIDGE WAY, SIMPSONVILLE, SC 29681",29681,SC,34.800322,-82.219352,SFR,1998.0,3.0,3.0,1634.0,,274000.0,2025-04-16,Resale,167.69,24860,"Greenville-Anderson-Greer, SC"
716034,45045,0117.00-05-034.00,"18 SPRINGSIDE AVE, GREENVILLE, SC 29611",29611,SC,34.839286,-82.432440,SFR,1966.0,2.0,1.0,876.0,0.2117769,368000.0,2025-08-28,Resale,420.09,24860,"Greenville-Anderson-Greer, SC"
722416,45045,0408.01-01-034.00,"214 SUTTERS MILL RD, PIEDMONT, SC 29673",29673,SC,34.750515,-82.404359,MOBILE HOME,2016.0,,1.0,1344.0,,202000.0,2024-12-13,Resale,150.3,24860,"Greenville-Anderson-Greer, SC"
723113,45045,0540.08-01-099.00,"308 SEABURY DR, GREENVILLE, SC 29615",29615,SC,34.860924,-82.308935,SFR,1996.0,3.0,3.0,2827.0,,530000.0,2025-10-30,Resale,187.48,24860,"Greenville-Anderson-Greer, SC"
723114,45045,0541.00-01-085.00,"3706 E NORTH ST, GREENVILLE, SC 29615",29615,SC,34.870869,-82.326159,SFR,1972.0,2.0,1.0,860.0,,70727.0,2025-07-24,Resale,82.24,24860,"Greenville-Anderson-Greer, SC"
723122,45045,0240.01-01-078.01,"12 TANGLEWOOD DR, GREENVILLE, SC 29611",29611,SC,34.825040,-82.456437,SFR,1998.0,3.0,4.0,2992.0,1.54,475900.0,2024-12-10,Resale,159.06,24860,"Greenville-Anderson-Greer, SC"
740794,45045,0574.08-01-104.00,"425 CHEYENNE DR, SIMPSONVILLE, SC 29680",29680,SC,34.728736,-82.275787,SFR,1975.0,3.0,1.5,1672.0,0.335,247500.0,2023-08-30,Resale,148.03,24860,"Greenville-Anderson-Greer, SC"
762570,45045,0559.10-01-007.00,"812 PALOMINO CT, SIMPSONVILLE, SC 29681",29681,SC,34.778837,-82.220962,SFR,2000.0,3.0,2.0,1630.0,0.2679982,329000.0,2025-04-18,Resale,201.84,24860,"Greenville-Anderson-Greer, SC"
782422,45045,0560.04-01-010.16,"362 GOLDSMITH RD, SIMPSONVILLE, SC 29681",29681,SC,34.722589,-82.211430,MOBILE HOME,,,,,0.788,230000.0,2025-07-07,Resale,,24860,"Greenville-Anderson-Greer, SC"
791689,45045,T034.01-05-011.00,"201 PRYOR RD, TAYLORS, SC 29687",29687,SC,34.912536,-82.294909,SFR,1972.0,4.0,3.0,1995.0,0.4407713,245000.0,2024-04-15,Resale,122.81,24860,"Greenville-Anderson-Greer, SC"
797320,45045,0166.00-02-004.00,"215 DUKELAND DR, GREENVILLE, SC 29617",29617,SC,34.893201,-82.413236,SFR,1971.0,3.0,1.0,1643.0,0.4318182,146000.0,2024-04-02,Resale,88.86,24860,"Greenville-Anderson-Greer, SC"
797326,45045,0439.00-07-003.00,"107 EARNSHAW AVE, GREENVILLE, SC 29617",29617,SC,34.896701,-82.413494,SFR,1966.0,2.0,1.0,830.0,0.1489899,215000.0,2023-07-18,Resale,259.04,24860,"Greenville-Anderson-Greer, SC"
797330,45045,0439.00-01-004.00,"601 TINDAL RD, GREENVILLE, SC 29617",29617,SC,34.899569,-82.415506,SFR,1953.0,2.0,1.5,1659.0,0.258,450000.0,2026-03-18,Resale,271.25,24860,"Greenville-Anderson-Greer, SC"
797331,45045,0439.00-01-005.00,"603 TINDAL RD, GREENVILLE, SC 29617",29617,SC,34.899741,-82.415589,SFR,1966.0,3.0,1.0,1290.0,0.268,450000.0,2026-03-18,Resale,348.84,24860,"Greenville-Anderson-Greer, SC"
797332,45045,0439.00-01-006.00,"605 TINDAL RD, GREENVILLE, SC 29617",29617,SC,34.899915,-82.415638,SFR,1966.0,3.0,1.5,1298.0,0.318,450000.0,2026-03-18,Resale,346.69,24860,"Greenville-Anderson-Greer, SC"
797338,45045,0439.00-02-030.00,"136 WOODLAND DR, GREENVILLE, SC 29617",29617,SC,34.898756,-82.417760,SFR,1966.0,2.0,1.0,858.0,0.3,180000.0,2026-02-18,Resale,209.79,24860,"Greenville-Anderson-Greer, SC"
1060581,45045,0559.10-01-010.00,"818 PALOMINO CT, SIMPSONVILLE, SC 29681",29681,SC,34.779424,-82.220882,SFR,2001.0,3.0,2.0,1839.0,0.25,295000.0,2023-09-18,Resale,160.41,24860,"Greenville-Anderson-Greer, SC"
1060582,45045,0559.10-01-011.00,"820 PALOMINO CT, SIMPSONVILLE, SC 29681",29681,SC,34.779663,-82.220804,SFR,2000.0,4.0,2.0,2113.0,0.2730028,335000.0,2024-08-14,Resale,158.54,24860,"Greenville-Anderson-Greer, SC"
1205580,45045,0169.00-01-003.00,"4 PARIS MOUNTAIN AVE, GREENVILLE, SC 29609",29609,SC,34.888587,-82.415285,SFR,1966.0,2.0,2.0,1770.0,0.2672176,350000.0,2025-09-25,Resale,197.74,24860,"Greenville-Anderson-Greer, SC"
1205589,45045,0164.00-06-016.00,"105 RUTLEDGE AVE, GREENVILLE, SC 29617",29617,SC,34.888782,-82.421769,SFR,1963.0,3.0,1.0,1260.0,0.202,289000.0,2026-05-18,Resale,229.37,24860,"Greenville-Anderson-Greer, SC"
1205594,45045,0164.00-06-011.00,"207 W DECATUR ST, GREENVILLE, SC 29617",29617,SC,34.888177,-82.422552,SFR,1963.0,3.0,1.0,926.0,0.2550046,225000.0,2023-07-03,Resale,242.98,24860,"Greenville-Anderson-Greer, SC"
1205605,45045,0604.04-01-028.00,"213 ELLEN WOODSIDE ST, PELZER, SC 29669",29669,SC,34.645150,-82.389898,SFR,2003.0,3.0,3.0,1464.0,0.7230028,322000.0,2024-05-28,Resale,219.95,24860,"Greenville-Anderson-Greer, SC"
1206688,45045,0252.00-01-008.03,"114 SANDRA AVE, GREENVILLE, SC 29611",29611,SC,34.804715,-82.436321,COMMERCIAL (NEC),1940.0,3.0,1.0,1199.0,0.5019972,2075000.0,2024-08-27,Resale,1730.61,24860,"Greenville-Anderson-Greer, SC"
1208544,45045,0266.00-01-004.18,"423 WILLOW SPRINGS DR, GREENVILLE, SC 29607",29607,SC,34.832944,-82.361931,SFR,1972.0,3.0,2.0,1512.0,0.3289945,470000.0,2025-10-22,Resale,310.85,24860,"Greenville-Anderson-Greer, SC"
1208549,45045,0264.00-04-009.00,"206 WILLOW SPRINGS DR, GREENVILLE, SC 29607",29607,SC,34.832656,-82.357517,SFR,1972.0,3.0,2.0,1290.0,0.2149908,507600.0,2025-06-16,Resale,393.49,24860,"Greenville-Anderson-Greer, SC"
1208558,45045,0268.01-05-005.00,"221 PIMLICO RD, GREENVILLE, SC 29607",29607,SC,34.827122,-82.361229,SFR,1982.0,3.0,2.0,2288.0,0.3629936,747000.0,2024-08-12,Resale,326.49,24860,"Greenville-Anderson-Greer, SC"
1208559,45045,0268.03-04-005.00,"519 WEMBLEY RD, GREENVILLE, SC 29607",29607,SC,34.827849,-82.356061,SFR,1972.0,5.0,3.0,3614.0,0.4850092,999607.0,2024-05-02,Resale,276.59,24860,"Greenville-Anderson-Greer, SC"
1209849,45045,0539.10-01-160.00,"6 POPPY MEADOW LN, SIMPSONVILLE, SC 29681",29681,SC,34.806299,-82.250944,SFR,1990.0,3.0,2.0,1232.0,,268000.0,2023-09-22,Resale,217.53,24860,"Greenville-Anderson-Greer, SC"
1212375,45045,0666.02-01-012.01,"177 RIVER RD, MARIETTA, SC 29661",29661,SC,35.093746,-82.468873,SFR,1970.0,3.0,3.0,1750.0,10.258,524900.0,2024-08-09,Resale,299.94,24860,"Greenville-Anderson-Greer, SC"
1216618,45045,0559.09-01-018.00,"501 LAKE LENNOX DR, SIMPSONVILLE, SC 29681",29681,SC,34.776640,-82.215208,SFR,1998.0,3.0,2.0,1498.0,,307900.0,2024-05-22,Resale,205.54,24860,"Greenville-Anderson-Greer, SC"
1216622,45045,0559.09-01-019.00,"503 LAKE LENNOX DR, SIMPSONVILLE, SC 29681",29681,SC,34.776493,-82.215063,SFR,1996.0,3.0,2.0,1386.0,,320000.0,2025-12-15,Resale,230.88,24860,"Greenville-Anderson-Greer, SC"
1216627,45045,0550.04-01-015.00,"203 BRUCE MEADOW RD, SIMPSONVILLE, SC 29681",29681,SC,34.781229,-82.205818,SFR,1996.0,4.0,2.5,1727.0,5.2,750000.0,2026-02-26,Resale,434.28,24860,"Greenville-Anderson-Greer, SC"
1216628,45045,0550.04-01-008.00,"208 BRUCE MEADOW RD, SIMPSONVILLE, SC 29681",29681,SC,34.778756,-82.204534,SFR,1993.0,3.0,3.0,2641.0,4.9,1175000.0,2025-11-03,Resale,444.91,24860,"Greenville-Anderson-Greer, SC"
1217650,45045,0525.13-01-070.00,"108 AMBERJACK CT, TAYLORS, SC 29687",29687,SC,34.931490,-82.338760,SFR,1998.0,4.0,3.0,2104.0,,390000.0,2024-12-19,Resale,185.36,24860,"Greenville-Anderson-Greer, SC"
1217666,45045,0526.02-01-010.00,"116 GINGER LN, TAYLORS, SC 29687",29687,SC,34.926318,-82.340803,SFR,1992.0,3.0,3.0,1762.0,0.3526171,,2025-11-18,Resale,,24860,"Greenville-Anderson-Greer, SC"
1218419,45045,0180.00-03-017.00,"108 MORNINGDALE DR, GREENVILLE, SC 29609",29609,SC,34.873876,-82.386975,SFR,1956.0,4.0,3.0,2824.0,0.4910009,1100000.0,2025-02-11,Resale,389.52,24860,"Greenville-Anderson-Greer, SC"
1218426,45045,0180.00-02-004.00,"103 MORNINGDALE DR, GREENVILLE, SC 29609",29609,SC,34.872964,-82.387418,SFR,1966.0,4.0,3.5,3089.0,0.436,900000.0,2023-06-22,Resale,291.36,24860,"Greenville-Anderson-Greer, SC"
1218428,45045,0180.00-03-010.00,"222 E AVONDALE DR, GREENVILLE, SC 29609",29609,SC,34.875258,-82.386901,SFR,1980.0,2.0,2.0,1920.0,0.367,727000.0,2025-12-12,Resale,378.65,24860,"Greenville-Anderson-Greer, SC"
1218440,45045,0180.00-01-006.00,"1722 N MAIN ST, GREENVILLE, SC 29609",29609,SC,34.874622,-82.388754,SFR,1971.0,4.0,4.0,3514.0,0.5570018,1500000.0,2025-05-01,Resale,426.86,24860,"Greenville-Anderson-Greer, SC"
1248469,45045,0556.04-01-007.00,"109 CHARLIE WAY, FOUNTAIN INN, SC 29644",29644,SC,34.705584,-82.187304,SFR,1997.0,3.0,2.0,1200.0,0.3,272500.0,2025-04-25,Resale,227.08,24860,"Greenville-Anderson-Greer, SC"
1248471,45045,0556.06-01-065.00,"16 SPRING VISTA CT, FOUNTAIN INN, SC 29644",29644,SC,34.706433,-82.185165,SFR,1999.0,3.0,2.0,1807.0,,273000.0,2023-11-06,Resale,151.08,24860,"Greenville-Anderson-Greer, SC"
1248477,45045,0556.06-01-030.00,"607 VERY FINE DR, FOUNTAIN INN, SC 29644",29644,SC,34.705585,-82.184728,SFR,1998.0,3.0,2.0,1931.0,0.258,240000.0,2024-09-09,Resale,124.29,24860,"Greenville-Anderson-Greer, SC"
1248481,45045,0556.07-01-019.00,"1105 AUTUMN LEAF LN, FOUNTAIN INN, SC 29644",29644,SC,34.710139,-82.184821,SFR,2000.0,3.0,2.0,2268.0,0.544,310000.0,2025-08-25,Resale,136.68,24860,"Greenville-Anderson-Greer, SC"
1248485,45045,0556.07-01-018.00,"1201 AUTUMN LEAF LN, FOUNTAIN INN, SC 29644",29644,SC,34.710350,-82.185016,SFR,2000.0,3.0,2.0,1891.0,0.5,280000.0,2024-11-19,Resale,148.07,24860,"Greenville-Anderson-Greer, SC"
1250580,45045,0530.16-01-068.00,"223 ROCK RD, GREER, SC 29651",29651,SC,34.847179,-82.221291,SFR,1994.0,3.0,2.5,2516.0,0.251,540000.0,2026-05-18,Resale,214.63,24860,"Greenville-Anderson-Greer, SC"
1250588,45045,0530.12-01-068.00,"14 WHISTLER DR, GREER, SC 29651",29651,SC,34.846936,-82.220636,RESIDENTIAL - VACANT LAND,1992.0,4.0,2.5,3008.0,0.253,800000.0,2026-02-20,Resale,265.96,24860,"Greenville-Anderson-Greer, SC"
1273039,45045,M006.02-01-429.00,"22 WOODHEDGE CT, MAULDIN, SC 29662",29662,SC,34.767511,-82.307639,SFR,1999.0,3.0,4.0,4160.0,1.34,630000.0,2025-02-10,Resale,151.44,24860,"Greenville-Anderson-Greer, SC"
1273442,45045,0538.12-01-052.00,"1 DOVER DR, TAYLORS, SC 29687",29687,SC,34.883799,-82.301373,SFR,1974.0,2.0,2.0,960.0,0.1454545,195000.0,2023-06-12,Resale,203.13,24860,"Greenville-Anderson-Greer, SC"
1273445,45045,0538.13-01-040.00,"7 BLACKENRIDGE DR, TAYLORS, SC 29687",29687,SC,34.887918,-82.296873,SFR,1975.0,3.0,2.0,1746.0,0.2269972,300000.0,2025-01-08,Resale,171.82,24860,"Greenville-Anderson-Greer, SC"
1273452,45045,0538.13-01-018.00,"104 GAITHBURG SQ, TAYLORS, SC 29687",29687,SC,34.887619,-82.297732,SFR,1978.0,3.0,2.0,1674.0,0.182989,250000.0,2025-04-10,Resale,149.34,24860,"Greenville-Anderson-Greer, SC"
1273453,45045,0538.13-01-069.00,"500 GAITHBURG SQ, TAYLORS, SC 29687",29687,SC,34.886956,-82.295128,SFR,1978.0,3.0,2.0,1573.0,0.1124885,260000.0,2023-10-10,Resale,165.29,24860,"Greenville-Anderson-Greer, SC"
1323794,45045,0538.05-01-046.00,"23 BRUSHY CREEK RDG, TAYLORS, SC 29687",29687,SC,34.896019,-82.292548,SFR,1983.0,3.0,2.0,1616.0,0.392562,,2023-07-25,Resale,,24860,"Greenville-Anderson-Greer, SC"
1323798,45045,0538.13-01-077.00,"1 GUNSTOWN CIR, TAYLORS, SC 29687",29687,SC,34.886009,-82.295685,SFR,1992.0,3.0,2.0,1600.0,0.1879936,293000.0,2025-04-28,Resale,183.13,24860,"Greenville-Anderson-Greer, SC"
1323806,45045,0538.13-01-074.00,"2 BLUFFTON CIR, TAYLORS, SC 29687",29687,SC,34.886628,-82.295345,SFR,2002.0,3.0,2.0,1632.0,0.2269972,289400.0,2025-02-21,Resale,177.33,24860,"Greenville-Anderson-Greer, SC"
1368636,45045,0548.39-01-036.00,"5 BATHURST LN, SIMPSONVILLE, SC 29681",29681,SC,34.786722,-82.226621,SFR,1999.0,4.0,2.5,1944.0,0.2,345000.0,2026-03-16,Resale,177.47,24860,"Greenville-Anderson-Greer, SC"
1368655,45045,0548.43-01-024.00,"135 BATHURST LN, SIMPSONVILLE, SC 29681",29681,SC,34.785293,-82.228227,SFR,2001.0,3.0,3.0,1952.0,0.2089991,327000.0,2025-08-01,Resale,167.52,24860,"Greenville-Anderson-Greer, SC"
1368656,45045,0548.43-01-033.00,"115 BATHURST LN, SIMPSONVILLE, SC 29681",29681,SC,34.786849,-82.227977,SFR,2001.0,3.0,2.0,1726.0,0.2140037,315000.0,2024-09-18,Resale,182.5,24860,"Greenville-Anderson-Greer, SC"
1368674,45045,B008.01-02-007.10,"12 MARINE RD, GREENVILLE, SC 29617",29617,SC,34.904186,-82.460100,SFR,2000.0,3.0,2.0,2213.0,,335000.0,2025-09-09,Resale,151.38,24860,"Greenville-Anderson-Greer, SC"
1368681,45045,B008.01-02-007.04,"121 DUNCAN RD, GREENVILLE, SC 29617",29617,SC,34.904430,-82.457992,SFR,1997.0,3.0,2.0,1432.0,,265000.0,2024-01-12,Resale,185.06,24860,"Greenville-Anderson-Greer, SC"
1368692,45045,0196.00-07-009.00,"12 UNDERWOOD AVE, GREENVILLE, SC 29607",29607,SC,34.849637,-82.376601,SFR,1961.0,3.0,1.5,1333.0,0.168,406500.0,2026-03-12,Resale,304.95,24860,"Greenville-Anderson-Greer, SC"
1368696,45045,0197.00-03-014.00,"114 ACKLEY RD, GREENVILLE, SC 29607",29607,SC,34.845631,-82.373176,SFR,1968.0,3.0,1.0,1102.0,0.2800046,330000.0,2023-11-06,Resale,299.46,24860,"Greenville-Anderson-Greer, SC"
1368702,45045,0200.00-03-014.00,"223 MACO TER, GREENVILLE, SC 29607",29607,SC,34.843133,-82.374034,SFR,1997.0,2.0,1.0,904.0,0.1539945,140000.0,2025-09-24,Resale,154.87,24860,"Greenville-Anderson-Greer, SC"
1368718,45045,0602.04-01-193.00,"157 VALLEY BROOK RD, PIEDMONT, SC 29673",29673,SC,34.712410,-82.396784,MOBILE HOME,2002.0,,1.0,2128.0,0.2710055,201000.0,2024-08-16,Resale,94.45,24860,"Greenville-Anderson-Greer, SC"
1368719,45045,0602.04-01-192.00,"159 VALLEY BROOK RD, PIEDMONT, SC 29673",29673,SC,34.712511,-82.397061,MOBILE HOME,2003.0,,2.0,2128.0,0.2699954,33000.0,2024-11-18,Resale,15.51,24860,"Greenville-Anderson-Greer, SC"
1368724,45045,0187.00-04-018.00,"110 PARKWOOD DR, GREENVILLE, SC 29609",29609,SC,34.866009,-82.385901,SFR,1985.0,2.0,2.0,1332.0,0.2510101,450000.0,2025-01-24,Resale,337.84,24860,"Greenville-Anderson-Greer, SC"
1368731,45045,0035.00-08-006.00,"602 BENNETT ST, GREENVILLE, SC 29609",29609,SC,34.863446,-82.388153,SFR,1963.0,3.0,1.0,1395.0,0.1769972,350000.0,2025-08-29,Resale,250.9,24860,"Greenville-Anderson-Greer, SC"
1368777,45045,0034.00-01-019.00,"7 ROWLEY ST, GREENVILLE, SC 29601",29601,SC,34.858518,-82.394145,SFR,1950.0,2.0,2.0,1376.0,0.119,649950.0,2024-12-30,Resale,472.35,24860,"Greenville-Anderson-Greer, SC"
1368792,45045,0009.00-03-004.00,"12 WILTON ST, GREENVILLE, SC 29601",29601,SC,34.859649,-82.398205,RESIDENTIAL - VACANT LAND,1950.0,3.0,1.0,1474.0,0.244,400000.0,2024-03-14,Resale,271.37,24860,"Greenville-Anderson-Greer, SC"
1368800,45045,0086.00-03-002.01,"503 ANDERSON ST, GREENVILLE, SC 29601",29601,SC,34.837399,-82.413674,SFR,1950.0,2.0,1.0,1444.0,0.088,249000.0,2025-01-31,Resale,172.44,24860,"Greenville-Anderson-Greer, SC"
1368802,45045,0104.00-07-001.00,"116 BIRCHWOOD DR, GREENVILLE, SC 29605",29605,SC,34.823503,-82.416240,SFR,1968.0,3.0,2.0,1108.0,0.27,425000.0,2025-08-08,Resale,383.57,24860,"Greenville-Anderson-Greer, SC"
1368806,45045,0104.00-02-035.00,"112 EDGEWOOD DR, GREENVILLE, SC 29605",29605,SC,34.825447,-82.413766,SFR,1965.0,3.0,2.0,1165.0,0.247,285000.0,2026-05-13,Resale,244.64,24860,"Greenville-Anderson-Greer, SC"
1368827,45045,0103.00-06-014.00,"45 WALLACE ST, GREENVILLE, SC 29605",29605,SC,34.822144,-82.419408,SFR,1955.0,2.0,1.0,935.0,0.2121212,65000.0,2025-05-01,Resale,69.52,24860,"Greenville-Anderson-Greer, SC"
1368828,45045,0104.00-05-019.00,"44 WALLACE ST, GREENVILLE, SC 29605",29605,SC,34.822287,-82.418600,SFR,1965.0,3.0,1.0,900.0,0.2760101,166123.0,2024-02-28,Resale,184.58,24860,"Greenville-Anderson-Greer, SC"
1368842,45045,0337.01-01-056.00,"3 FORTSON WAY, FOUNTAIN INN, SC 29644",29644,SC,34.695504,-82.221895,SFR,1995.0,3.0,2.0,1229.0,,252500.0,2024-09-11,Resale,205.45,24860,"Greenville-Anderson-Greer, SC"
1368850,45045,0337.02-01-048.00,"4 FAWNDALE LN, FOUNTAIN INN, SC 29644",29644,SC,34.695344,-82.224248,SFR,1995.0,3.0,2.0,1419.0,,269000.0,2025-07-10,Resale,189.57,24860,"Greenville-Anderson-Greer, SC"
1368854,45045,0337.02-01-037.00,"7 FAWNDALE LN, FOUNTAIN INN, SC 29644",29644,SC,34.695616,-82.224687,SFR,2000.0,3.0,3.0,1656.0,,278000.0,2025-08-06,Resale,167.87,24860,"Greenville-Anderson-Greer, SC"
1368858,45045,0538.23-03-017.00,"4614 OLD SPARTANBURG RD, TAYLORS, SC 29687",29687,SC,34.884214,-82.306707,SFR,1984.0,2.0,2.0,1154.0,,165500.0,2023-07-27,Resale,143.41,24860,"Greenville-Anderson-Greer, SC"
1368860,45045,0538.03-01-063.00,"608 CUNNINGHAM RD, TAYLORS, SC 29687",29687,SC,34.895091,-82.309953,SFR,1983.0,3.0,2.0,1512.0,0.558,280000.0,2023-06-19,Resale,185.19,24860,"Greenville-Anderson-Greer, SC"
1368865,45045,0538.03-01-218.00,"11 CUNNINGHAM CIR, TAYLORS, SC 29687",29687,SC,34.890082,-82.311585,SFR,1974.0,3.0,2.0,1960.0,0.3787879,260000.0,2023-08-03,Resale,132.65,24860,"Greenville-Anderson-Greer, SC"
1368873,45045,0538.01-01-056.00,"216 DELLROSE CIR, TAYLORS, SC 29687",29687,SC,34.886860,-82.314819,SFR,1968.0,4.0,3.0,2306.0,0.8884298,329000.0,2025-11-07,Resale,142.67,24860,"Greenville-Anderson-Greer, SC"
1412369,45045,G008.00-02-057.00,"108 MARYLAND AVE, GREER, SC 29650",29650,SC,34.938677,-82.239898,SFR,1964.0,2.0,2.0,864.0,0.39,,2026-02-24,Resale,,24860,"Greenville-Anderson-Greer, SC"
1412372,45045,G008.00-02-030.00,"110 VIRGINIA AVE, GREER, SC 29650",29650,SC,34.938536,-82.237337,SFR,1965.0,2.0,2.0,1372.0,0.4097796,225000.0,2024-03-26,Resale,163.99,24860,"Greenville-Anderson-Greer, SC"
1412375,45045,G008.00-05-015.00,"206 CONNECTICUT AVE, GREER, SC 29650",29650,SC,34.935265,-82.236059,SFR,1945.0,3.0,2.0,1820.0,0.1929982,320000.0,2024-11-15,Resale,175.82,24860,"Greenville-Anderson-Greer, SC"
1446687,45045,0574.15-01-021.00,"124 ASHDOWN DR, SIMPSONVILLE, SC 29680",29680,SC,34.715572,-82.273283,SFR,1980.0,3.0,2.0,1162.0,,239000.0,2024-11-08,Resale,205.68,24860,"Greenville-Anderson-Greer, SC"
1446691,45045,0574.15-01-028.00,"138 ASHDOWN DR, SIMPSONVILLE, SC 29680",29680,SC,34.715104,-82.271379,SFR,1981.0,3.0,2.0,1152.0,,255000.0,2025-10-22,Resale,221.35,24860,"Greenville-Anderson-Greer, SC"
1446720,45045,0574.07-01-091.00,"107 BENTBRUSH DR, SIMPSONVILLE, SC 29680",29680,SC,34.727644,-82.271459,SFR,1975.0,3.0,2.0,1080.0,0.375,254000.0,2026-04-20,Resale,235.19,24860,"Greenville-Anderson-Greer, SC"
1481110,45045,0117.00-08-002.00,"1126 BENNETT ST, GREENVILLE, SC 29611",29611,SC,34.840001,-82.430057,SFR,1945.0,2.0,1.0,1288.0,0.1868687,134300.0,2024-01-12,Resale,104.27,24860,"Greenville-Anderson-Greer, SC"
1481117,45045,0229.00-04-009.00,"11 N TEXAS AVE, GREENVILLE, SC 29611",29611,SC,34.836232,-82.440278,RESIDENTIAL - VACANT LAND,,,,,0.3673095,95000.0,2024-12-02,Resale,,24860,"Greenville-Anderson-Greer, SC"
1481123,45045,0228.00-09-005.00,"212 S TEXAS AVE, GREENVILLE, SC 29611",29611,SC,34.832360,-82.438351,SFR,1954.0,2.0,1.0,953.0,0.3076217,185000.0,2025-09-23,Resale,194.12,24860,"Greenville-Anderson-Greer, SC"
1481128,45045,0115.00-09-019.00,"25 PIEDMONT AVE, GREENVILLE, SC 29611",29611,SC,34.834486,-82.434233,SFR,1950.0,3.0,1.0,1104.0,0.207,159000.0,2023-06-22,Resale,144.02,24860,"Greenville-Anderson-Greer, SC"
1485674,45045,0583.06-01-118.00,"41 REEDY RIVER WAY, GREENVILLE, SC 29605",29605,SC,34.738577,-82.326715,SFR,2002.0,3.0,2.0,1090.0,0.219,255000.0,2026-03-04,Resale,233.94,24860,"Greenville-Anderson-Greer, SC"
1485676,45045,0583.05-01-098.00,"102 KETCHITAN CT, GREENVILLE, SC 29605",29605,SC,34.740001,-82.328963,SFR,2003.0,3.0,2.0,1266.0,,287500.0,2025-05-13,Resale,227.09,24860,"Greenville-Anderson-Greer, SC"
1485677,45045,0583.05-01-097.00,"104 KETCHITAN CT, GREENVILLE, SC 29605",29605,SC,34.739859,-82.328861,SFR,2003.0,3.0,2.0,1309.0,0.03,258000.0,2024-03-07,Resale,197.1,24860,"Greenville-Anderson-Greer, SC"
1485678,45045,0583.05-01-096.00,"106 KETCHITAN CT, GREENVILLE, SC 29605",29605,SC,34.739718,-82.328758,SFR,2003.0,3.0,2.0,1218.0,,267000.0,2025-02-26,Resale,219.21,24860,"Greenville-Anderson-Greer, SC"
1485695,45045,0171.00-02-006.00,"206 SUNSHINE AVE, GREENVILLE, SC 29609",29609,SC,34.883304,-82.409149,SFR,1955.0,2.0,1.0,996.0,0.1825069,187500.0,2024-05-15,Resale,188.25,24860,"Greenville-Anderson-Greer, SC"
1485699,45045,0153.01-01-004.00,"6 BUFF ST, GREENVILLE, SC 29609",29609,SC,34.873302,-82.415994,SFR,2002.0,3.0,2.0,1320.0,,,2024-06-28,Resale,,24860,"Greenville-Anderson-Greer, SC"
1485700,45045,0153.01-01-005.00,"8 BUFF ST, GREENVILLE, SC 29609",29609,SC,34.873252,-82.416020,SFR,2002.0,3.0,2.0,1320.0,,155000.0,2023-10-16,New Construction,117.42,24860,"Greenville-Anderson-Greer, SC"
1485711,45045,0170.00-03-011.00,"6 DAVIS ST, GREENVILLE, SC 29609",29609,SC,34.881881,-82.413710,SFR,1950.0,2.0,1.0,884.0,0.1703398,135000.0,2024-02-08,Resale,152.71,24860,"Greenville-Anderson-Greer, SC"
1485729,45045,0574.16-01-037.00,"322 PINONWOOD DR, SIMPSONVILLE, SC 29680",29680,SC,34.714388,-82.273119,SFR,1992.0,3.0,2.0,1198.0,,280000.0,2023-06-26,Resale,233.72,24860,"Greenville-Anderson-Greer, SC"
1485753,45045,M009.04-03-002.00,"3 VINE HILL RD, GREENVILLE, SC 29607",29607,SC,34.815220,-82.309193,SFR,1970.0,3.0,2.0,1600.0,0.4924242,,2023-10-04,Resale,,24860,"Greenville-Anderson-Greer, SC"
1485770,45045,0164.00-01-004.00,"827 N FRANKLIN RD, GREENVILLE, SC 29617",29617,SC,34.891562,-82.420906,SFR,1935.0,3.0,1.0,1276.0,0.2277319,240000.0,2025-06-13,Resale,188.09,24860,"Greenville-Anderson-Greer, SC"
1485780,45045,0146.00-07-013.00,"602 PALMETTO AVE, GREENVILLE, SC 29617",29617,SC,34.874122,-82.431640,SFR,1955.0,2.0,1.0,1462.0,0.1434803,189000.0,2025-03-07,Resale,129.27,24860,"Greenville-Anderson-Greer, SC"
1485816,45045,0415.00-01-056.00,"80 SOUTHWOOD DR, GREENVILLE, SC 29605",29605,SC,34.754276,-82.340450,SFR,2023.0,3.0,2.0,1944.0,1.078,520000.0,2026-02-27,Resale,267.49,24860,"Greenville-Anderson-Greer, SC"
1485853,45045,M007.07-01-061.00,"7 HYDE PARK LN, MAULDIN, SC 29662",29662,SC,34.765482,-82.311871,SFR,1993.0,3.0,3.0,2290.0,,337400.0,2025-07-28,Resale,147.34,24860,"Greenville-Anderson-Greer, SC"
1485862,45045,0241.00-01-186.00,"10 LYNHURST DR, GREENVILLE, SC 29611",29611,SC,34.825192,-82.441969,SFR,1960.0,3.0,2.0,1246.0,0.2754821,275000.0,2023-08-09,Resale,220.71,24860,"Greenville-Anderson-Greer, SC"
1485869,45045,0237.02-02-052.00,"3 LARRY CT, GREENVILLE, SC 29611",29611,SC,34.843433,-82.451829,SFR,1955.0,2.0,1.0,1095.0,0.467011,120000.0,2024-06-21,Resale,109.59,24860,"Greenville-Anderson-Greer, SC"
1485884,45045,0240.04-01-045.00,"1 CURTIS RD, GREENVILLE, SC 29611",29611,SC,34.835321,-82.448668,WAREHOUSE,1997.0,,,,2.7,,2023-08-25,Resale,,24860,"Greenville-Anderson-Greer, SC"
1485893,45045,0602.05-01-027.00,"25 LAWS LN, PIEDMONT, SC 29673",29673,SC,34.704761,-82.419285,SFR,2002.0,3.0,2.0,1008.0,0.26,230000.0,2023-06-05,Resale,228.17,24860,"Greenville-Anderson-Greer, SC"
1485928,45045,M007.05-01-004.00,"106 WHITESTONE AVE, MAULDIN, SC 29662",29662,SC,34.767135,-82.317411,SFR,1978.0,3.0,2.0,1868.0,0.367,300000.0,2026-05-15,Resale,160.6,24860,"Greenville-Anderson-Greer, SC"
1485934,45045,0243.00-03-143.00,"121 VESTA DR, GREENVILLE, SC 29611",29611,SC,34.810562,-82.459223,SFR,1975.0,3.0,2.0,1513.0,0.3030303,220000.0,2023-12-01,Resale,145.41,24860,"Greenville-Anderson-Greer, SC"
1485950,45045,0491.00-04-023.00,"8 MCALLISTER ST, TRAVELERS REST, SC 29690",29690,SC,34.968133,-82.432489,SFR,1964.0,2.0,1.0,988.0,0.5899908,280000.0,2024-11-11,Resale,283.4,24860,"Greenville-Anderson-Greer, SC"
1485963,45045,0490.00-02-004.00,"203 LOVE DR, TRAVELERS REST, SC 29690",29690,SC,34.971888,-82.438071,SFR,1982.0,4.0,2.0,1714.0,,362000.0,2025-04-15,Resale,211.2,24860,"Greenville-Anderson-Greer, SC"
1485967,45045,0490.00-05-010.00,"5 S POINSETT HWY, TRAVELERS REST, SC 29690",29690,SC,34.968939,-82.439415,SFR,1964.0,3.0,2.0,1522.0,0.23,180000.0,2025-11-24,Resale,118.27,24860,"Greenville-Anderson-Greer, SC"
1485969,45045,0318.03-01-089.00,"104 BRENDLE DR, SIMPSONVILLE, SC 29681",29681,SC,34.732976,-82.239792,SFR,1997.0,3.0,2.0,2142.0,0.383,425000.0,2026-05-07,Resale,198.41,24860,"Greenville-Anderson-Greer, SC"
1485989,45045,0560.05-01-001.13,"106 GARFIELD LN, SIMPSONVILLE, SC 29681",29681,SC,34.723768,-82.222327,SFR,2002.0,3.0,3.0,1865.0,0.2859963,296500.0,2023-07-27,Resale,158.98,24860,"Greenville-Anderson-Greer, SC"
1486005,45045,0548.34-01-021.00,"407 GOLDEN LEAF LN, SIMPSONVILLE, SC 29681",29681,SC,34.792384,-82.213654,SFR,1999.0,3.0,2.0,1476.0,0.2,225000.0,2025-06-12,Resale,152.44,24860,"Greenville-Anderson-Greer, SC"
1486026,45045,0603.03-01-087.00,"6 MCKITTRICK DR, PELZER, SC 29669",29669,SC,34.669546,-82.389277,MOBILE HOME,1998.0,,2.0,1904.0,0.3410009,,2023-07-28,Resale,,24860,"Greenville-Anderson-Greer, SC"
1486030,45045,0241.00-08-019.00,"220 MARY ST, GREENVILLE, SC 29611",29611,SC,34.827961,-82.442237,SFR,1950.0,4.0,2.0,1554.0,0.4235537,290000.0,2024-03-04,Resale,186.62,24860,"Greenville-Anderson-Greer, SC"
1486057,45045,M007.02-01-439.00,"306 PARK GROVE DR, MAULDIN, SC 29662",29662,SC,34.764807,-82.323015,SFR,2000.0,3.0,3.0,2099.0,,350000.0,2025-03-10,Resale,166.75,24860,"Greenville-Anderson-Greer, SC"
1486063,45045,M007.02-01-114.00,"508 MARSH CREEK DR, MAULDIN, SC 29662",29662,SC,34.757084,-82.319929,SFR,1995.0,3.0,2.5,2491.0,0.268,368500.0,2023-06-02,Resale,147.93,24860,"Greenville-Anderson-Greer, SC"
1486067,45045,M007.02-01-400.00,"414 BEL ARBOR LN, MAULDIN, SC 29662",29662,SC,34.760048,-82.323973,SFR,1998.0,3.0,2.0,1779.0,,290000.0,2023-11-26,Resale,163.01,24860,"Greenville-Anderson-Greer, SC"
1486076,45045,0584.04-01-002.00,"3 RIVEREEN WAY, SIMPSONVILLE, SC 29680",29680,SC,34.706122,-82.314738,SFR,2004.0,3.0,2.0,1156.0,0.404,268500.0,2026-04-14,Resale,232.27,24860,"Greenville-Anderson-Greer, SC"
1486079,45045,0585.05-01-161.00,"202 LANCASTER ST, SIMPSONVILLE, SC 29680",29680,SC,34.701022,-82.326885,RESIDENTIAL - VACANT LAND,,,,,,,2024-05-24,Resale,,24860,"Greenville-Anderson-Greer, SC"
1486088,45045,0641.06-01-083.00,"10 BLUE WATER TRL, TAYLORS, SC 29687",29687,SC,35.008817,-82.315780,SFR,2004.0,3.0,2.0,2194.0,,525000.0,2025-07-29,Resale,239.29,24860,"Greenville-Anderson-Greer, SC"
1486102,45045,0165.00-02-029.00,"800 N FRANKLIN RD, GREENVILLE, SC 29617",29617,SC,34.891101,-82.417865,SFR,1963.0,3.0,2.0,2492.0,,50000.0,2024-07-05,Resale,20.06,24860,"Greenville-Anderson-Greer, SC"
1486108,45045,0165.00-02-041.00,"123 TINDAL RD, GREENVILLE, SC 29617",29617,SC,34.893890,-82.417102,SFR,1966.0,2.0,1.0,1063.0,0.3129936,258000.0,2023-09-12,Resale,242.71,24860,"Greenville-Anderson-Greer, SC"
1507736,45045,0525.05-01-014.00,"9 SHELLY LN, TAYLORS, SC 29687",29687,SC,34.932346,-82.333248,SFR,1982.0,3.0,2.0,1596.0,0.8398072,330000.0,2024-08-07,Resale,206.77,24860,"Greenville-Anderson-Greer, SC"
1507738,45045,T029.02-01-096.00,"31 RANDY DR, TAYLORS, SC 29687",29687,SC,34.924610,-82.330339,SFR,1964.0,7.0,2.0,1808.0,0.27,10000.0,2025-03-31,Resale,5.53,24860,"Greenville-Anderson-Greer, SC"
1507742,45045,0525.13-01-024.00,"15 ANGEL WING CT, TAYLORS, SC 29687",29687,SC,34.933733,-82.339446,SFR,1998.0,3.0,2.5,1968.0,0.327,342500.0,2024-06-03,Resale,174.03,24860,"Greenville-Anderson-Greer, SC"
1507747,45045,0525.05-01-004.00,"101 RYAN ST, TAYLORS, SC 29687",29687,SC,34.931111,-82.334473,SFR,1985.0,3.0,2.0,1812.0,0.36,297775.0,2026-02-23,Resale,164.33,24860,"Greenville-Anderson-Greer, SC"
1537887,45045,0559.07-01-264.00,"7 GLENROCK LN, SIMPSONVILLE, SC 29681",29681,SC,34.772901,-82.218064,SFR,1995.0,2.0,2.0,1004.0,0.181,215000.0,2026-05-22,Resale,214.14,24860,"Greenville-Anderson-Greer, SC"
1537891,45045,0236.00-07-007.00,"WILLIS AVE, GREENVILLE, SC 29611",29611,SC,34.855717,-82.442336,RESIDENTIAL - VACANT LAND,,3.0,1.0,1321.0,0.3,38000.0,2025-08-18,Resale,28.77,24860,"Greenville-Anderson-Greer, SC"
1537906,45045,0555.02-01-035.00,"20 GREEN HILL DR, SIMPSONVILLE, SC 29681",29681,SC,34.744681,-82.210677,SFR,2006.0,4.0,4.5,3980.0,2.83,950000.0,2024-02-28,Resale,238.69,24860,"Greenville-Anderson-Greer, SC"
1537913,45045,0560.03-01-033.34,"239 HIPPS AVE, SIMPSONVILLE, SC 29681",29681,SC,34.738763,-82.230108,MOBILE HOME,2001.0,3.0,2.0,2240.0,0.379,,2026-05-15,Resale,,24860,"Greenville-Anderson-Greer, SC"
1537914,45045,0560.03-01-033.28,"227 HIPPS AVE, SIMPSONVILLE, SC 29681",29681,SC,34.739437,-82.230045,MOBILE HOME,,,,,0.379,75000.0,2024-07-11,Resale,,24860,"Greenville-Anderson-Greer, SC"
1537919,45045,M009.02-01-030.00,"104 WOODRIDGE CIR, GREENVILLE, SC 29607",29607,SC,34.794887,-82.299637,SFR,1965.0,3.0,2.0,1389.0,0.4568411,,2025-05-29,Resale,,24860,"Greenville-Anderson-Greer, SC"
1537935,45045,M009.02-01-062.00,"106 MIDDLETON LN, GREENVILLE, SC 29607",29607,SC,34.795902,-82.302697,SFR,1969.0,2.0,2.0,1160.0,0.459,242000.0,2026-04-06,Resale,208.62,24860,"Greenville-Anderson-Greer, SC"
1555946,45045,0103.00-11-014.00,"13 SEYLE ST, GREENVILLE, SC 29605",29605,SC,34.823160,-82.424759,SFR,1950.0,3.0,1.0,1377.0,0.1059917,285000.0,2025-03-27,Resale,206.97,24860,"Greenville-Anderson-Greer, SC"
1555948,45045,0103.00-11-012.00,"17 SEYLE ST, GREENVILLE, SC 29605",29605,SC,34.822887,-82.424912,SFR,1945.0,3.0,1.0,1437.0,0.111,323000.0,2024-04-17,Resale,224.77,24860,"Greenville-Anderson-Greer, SC"
1555949,45045,0103.00-11-015.00,"11 SEYLE ST, GREENVILLE, SC 29605",29605,SC,34.823294,-82.424683,SFR,1950.0,3.0,1.0,1437.0,0.104798,300000.0,2025-09-08,Resale,208.77,24860,"Greenville-Anderson-Greer, SC"
1605809,45045,0212.00-05-027.00,"27 BECK AVE, GREENVILLE, SC 29605",29605,SC,34.809074,-82.385723,SFR,1955.0,2.0,1.0,845.0,0.1899908,445000.0,2025-03-28,Resale,526.63,24860,"Greenville-Anderson-Greer, SC"
1605810,45045,0213.00-06-007.00,"16 HIGH HILL ST, GREENVILLE, SC 29605",29605,SC,34.811866,-82.389212,SFR,1945.0,3.0,2.0,1637.0,0.2269972,300000.0,2025-03-01,Resale,183.26,24860,"Greenville-Anderson-Greer, SC"
1605811,45045,0212.00-01-015.00,"13 RICE ST, GREENVILLE, SC 29605",29605,SC,34.814138,-82.385035,SFR,1968.0,2.0,1.0,1019.0,0.3269972,610000.0,2025-06-24,Resale,598.63,24860,"Greenville-Anderson-Greer, SC"
1605812,45045,0213.00-01-008.00,"28 CAMMER AVE, GREENVILLE, SC 29605",29605,SC,34.815043,-82.387174,SFR,1955.0,2.0,2.0,1106.0,0.1800046,394000.0,2023-12-04,Resale,356.24,24860,"Greenville-Anderson-Greer, SC"
1605817,45045,0213.00-06-011.00,"26 HIGH HILL ST, GREENVILLE, SC 29605",29605,SC,34.811348,-82.389753,SFR,1945.0,2.0,2.0,1316.0,0.2800046,495000.0,2024-04-30,Resale,376.14,24860,"Greenville-Anderson-Greer, SC"
1605821,45045,0212.00-04-041.00,"209 RICE ST, GREENVILLE, SC 29605",29605,SC,34.811666,-82.386906,SFR,1955.0,3.0,2.0,2429.0,0.472,1025000.0,2025-12-29,Resale,421.98,24860,"Greenville-Anderson-Greer, SC"
1605827,45045,0222.01-06-013.00,"147 ROCKWOOD DR, GREENVILLE, SC 29605",29605,SC,34.812275,-82.391311,SFR,1968.0,3.0,3.0,2410.0,0.4339991,935000.0,2025-07-17,Resale,387.97,24860,"Greenville-Anderson-Greer, SC"
1614008,45045,0498.04-01-019.00,"504 CYPRESS LINKS WAY, TAYLORS, SC 29687",29687,SC,34.935373,-82.356151,SFR,2007.0,3.0,3.0,2770.0,0.4,715000.0,2025-12-15,Resale,258.12,24860,"Greenville-Anderson-Greer, SC"
1614015,45045,0498.04-01-025.00,"516 CYPRESS LINKS WAY, TAYLORS, SC 29687",29687,SC,34.935110,-82.358323,SFR,2009.0,3.0,4.5,4454.0,0.794,1132000.0,2026-01-16,Resale,254.15,24860,"Greenville-Anderson-Greer, SC"
1614023,45045,0525.06-01-060.00,"302 SASSAFRAS DR, TAYLORS, SC 29687",29687,SC,34.932271,-82.347065,SFR,1980.0,3.0,3.0,3269.0,0.4235537,627500.0,2025-08-01,Resale,191.95,24860,"Greenville-Anderson-Greer, SC"
1614026,45045,0525.06-01-044.00,"303 SASSAFRAS DR, TAYLORS, SC 29687",29687,SC,34.932662,-82.346509,SFR,1975.0,4.0,3.0,4936.0,,350000.0,2024-03-25,Construction Loan/Financing,70.91,24860,"Greenville-Anderson-Greer, SC"
1617429,45045,WG06.03-02-015.00,"108 MARION ST, PIEDMONT, SC 29673",29673,SC,34.765714,-82.418437,RESIDENTIAL - VACANT LAND,,,,,0.3764922,304900.0,2024-05-24,New Construction,,24860,"Greenville-Anderson-Greer, SC"
1617436,45045,0408.01-01-043.00,"211 SUTTERS MILL RD, PIEDMONT, SC 29673",29673,SC,34.750186,-82.404833,MOBILE HOME,,,,,,23000.0,2024-11-22,Resale,,24860,"Greenville-Anderson-Greer, SC"
1630820,45045,0533.23-01-011.00,"122 WATERFORD PARK DR, GREER, SC 29650",29650,SC,34.863919,-82.281465,SFR,1999.0,3.0,3.0,1428.0,,238000.0,2025-01-24,Resale,166.67,24860,"Greenville-Anderson-Greer, SC"
1630833,45045,0533.23-01-125.00,"336 CLAYBROOKE DR, GREER, SC 29650",29650,SC,34.865021,-82.282707,SFR,2000.0,3.0,3.0,1568.0,,243000.0,2024-03-01,Resale,154.97,24860,"Greenville-Anderson-Greer, SC"
1630834,45045,0533.23-01-123.00,"332 CLAYBROOKE DR, GREER, SC 29650",29650,SC,34.865064,-82.282527,SFR,2000.0,3.0,3.0,1568.0,,,2025-03-06,Resale,,24860,"Greenville-Anderson-Greer, SC"
1630835,45045,0533.23-01-126.00,"338 CLAYBROOKE DR, GREER, SC 29650",29650,SC,34.864994,-82.282796,SFR,2000.0,3.0,3.0,1599.0,,260000.0,2025-02-19,Resale,162.6,24860,"Greenville-Anderson-Greer, SC"
1631395,45045,0535.08-01-171.00,"204 RIVERSIDE CHASE CIR, GREER, SC 29650",29650,SC,34.907865,-82.252692,SFR,1997.0,3.0,3.0,1592.0,,300000.0,2025-05-23,Resale,188.44,24860,"Greenville-Anderson-Greer, SC"
1631403,45045,0535.08-01-059.00,"105 FAWNBROOK DR, GREER, SC 29650",29650,SC,34.907670,-82.250165,SFR,1995.0,3.0,2.0,1592.0,,240000.0,2025-03-28,Resale,150.75,24860,"Greenville-Anderson-Greer, SC"
1631408,45045,G006.01-01-047.00,"9 MEADOW SPRINGS LN, GREER, SC 29650",29650,SC,34.920289,-82.254206,SFR,1996.0,4.0,3.0,3250.0,,529900.0,2023-10-20,Resale,163.05,24860,"Greenville-Anderson-Greer, SC"
1640507,45045,0167.00-01-042.00,"203 VON HOLLEN DR, GREENVILLE, SC 29617",29617,SC,34.893141,-82.410229,SFR,1963.0,2.0,1.0,870.0,0.188,145000.0,2025-12-31,Resale,166.67,24860,"Greenville-Anderson-Greer, SC"
1640511,45045,0440.00-03-004.00,"110 COLEMAN CT, GREENVILLE, SC 29609",29609,SC,34.898833,-82.409116,SFR,1962.0,3.0,1.5,1248.0,0.583,,2026-03-06,Resale,,24860,"Greenville-Anderson-Greer, SC"
1640514,45045,0440.00-03-001.00,"116 COLEMAN CT, GREENVILLE, SC 29609",29609,SC,34.899340,-82.408682,SFR,1966.0,3.0,1.0,1268.0,0.25,,2023-10-12,Resale,,24860,"Greenville-Anderson-Greer, SC"
1640515,45045,0440.00-02-011.00,"101 COLEMAN CT, GREENVILLE, SC 29609",29609,SC,34.898234,-82.409804,SFR,1964.0,2.0,1.0,1048.0,0.245,,2023-12-15,Resale,,24860,"Greenville-Anderson-Greer, SC"
1640517,45045,0440.00-02-006.00,"107 COLEMAN CT, GREENVILLE, SC 29609",29609,SC,34.899162,-82.410033,SFR,1964.0,2.0,1.0,1108.0,0.3842975,,2023-12-15,Resale,,24860,"Greenville-Anderson-Greer, SC"
1648589,45045,0373.00-05-006.34,"6 PELICAN PL, GREENVILLE, SC 29605",29605,SC,34.785002,-82.388691,SFR,2002.0,3.0,2.0,1487.0,0.3949954,245000.0,2024-05-24,Resale,164.76,24860,"Greenville-Anderson-Greer, SC"
1648598,45045,WG02.05-01-088.00,"127 CASHMERE DR, GREENVILLE, SC 29605",29605,SC,34.802089,-82.394920,SFR,1969.0,2.0,2.0,1185.0,0.2419651,,2024-06-04,Resale,,24860,"Greenville-Anderson-Greer, SC"
1718856,45045,0234.00-01-027.00,"305 MCDOWELL ST, GREENVILLE, SC 29611",29611,SC,34.848943,-82.439164,SFR,1961.0,2.0,1.0,1006.0,0.71,200000.0,2026-04-02,Resale,198.81,24860,"Greenville-Anderson-Greer, SC"
1718857,45045,0126.00-11-018.00,"22 W 5TH ST, GREENVILLE, SC 29611",29611,SC,34.855529,-82.430190,SFR,1945.0,2.0,2.0,1056.0,0.214876,270000.0,2023-11-17,Resale,255.68,24860,"Greenville-Anderson-Greer, SC"
1718866,45045,0235.00-06-012.00,"210 PENDLETON RD, GREENVILLE, SC 29611",29611,SC,34.847943,-82.441451,SFR,1955.0,2.0,1.0,960.0,0.2010101,160000.0,2023-07-21,Resale,166.67,24860,"Greenville-Anderson-Greer, SC"
1718868,45045,0121.00-10-011.00,"8 CALDER ST, GREENVILLE, SC 29611",29611,SC,34.846484,-82.431816,RESIDENTIAL - VACANT LAND,1950.0,2.0,1.0,970.0,,709329.0,2025-12-04,Resale,731.27,24860,"Greenville-Anderson-Greer, SC"
1718883,45045,0403.00-01-006.00,"14 S FAIRFIELD RD, GREENVILLE, SC 29605",29605,SC,34.761201,-82.392040,SFR,1965.0,3.0,2.0,1118.0,0.8600092,240000.0,2023-07-17,Resale,214.67,24860,"Greenville-Anderson-Greer, SC"
1718888,45045,0394.00-01-013.00,"12 HORSE SHOE CIR, GREENVILLE, SC 29605",29605,SC,34.778563,-82.373420,SFR,1960.0,2.0,1.0,1016.0,0.4815427,190000.0,2024-07-31,Resale,187.01,24860,"Greenville-Anderson-Greer, SC"
1718890,45045,0379.00-04-017.00,"103 S ESTATE DR, GREENVILLE, SC 29605",29605,SC,34.781288,-82.380096,SFR,1955.0,2.0,1.0,1136.0,0.2,,2025-11-13,Resale,,24860,"Greenville-Anderson-Greer, SC"
1718891,45045,0389.00-07-015.00,"46 ECHOLS DR, GREENVILLE, SC 29605",29605,SC,34.785172,-82.369295,SFR,1963.0,3.0,1.0,1275.0,0.2594123,246000.0,2025-04-10,Resale,192.94,24860,"Greenville-Anderson-Greer, SC"
1718896,45045,0381.00-02-012.00,"6 MAYFLOWER AVE, GREENVILLE, SC 29605",29605,SC,34.767940,-82.385617,SFR,1967.0,3.0,1.0,1254.0,0.224,120000.0,2026-04-14,Resale,95.69,24860,"Greenville-Anderson-Greer, SC"
1718931,45045,0008.00-01-019.00,"309 WILTON ST, GREENVILLE, SC 29609",29609,SC,34.864139,-82.398561,SFR,1964.0,3.0,2.0,2253.0,0.1899908,910000.0,2025-04-30,Resale,403.91,24860,"Greenville-Anderson-Greer, SC"
1718949,45045,0452.00-01-007.02,"18 PATROL CLUB RD, GREENVILLE, SC 29609",29609,SC,34.921797,-82.423275,SFR,1971.0,3.0,3.0,2421.0,1.2,355000.0,2025-08-07,Resale,146.63,24860,"Greenville-Anderson-Greer, SC"
1718954,45045,0454.00-01-014.01,"111 MOUNTAIN BROOK TRL, GREENVILLE, SC 29609",29609,SC,34.924481,-82.414541,SFR,1996.0,3.0,2.0,1940.0,0.954,525000.0,2026-03-19,Resale,270.62,24860,"Greenville-Anderson-Greer, SC"
1718956,45045,0460.00-01-019.00,"7 MERRITT VIEW TER, GREENVILLE, SC 29609",29609,SC,34.922732,-82.413405,RESIDENTIAL - VACANT LAND,1963.0,5.0,3.0,3934.0,1.0,180000.0,2025-10-27,Resale,45.75,24860,"Greenville-Anderson-Greer, SC"
1718957,45045,0460.00-01-021.00,"19 MERRITT VIEW TER, GREENVILLE, SC 29609",29609,SC,34.924100,-82.413110,RESIDENTIAL - VACANT LAND,2016.0,3.0,2.0,1812.0,0.1300046,1250000.0,2025-12-15,Resale,689.85,24860,"Greenville-Anderson-Greer, SC"
1718961,45045,0226.00-10-029.00,"326 W WILBURN AVE, GREENVILLE, SC 29611",29611,SC,34.829776,-82.433195,SFR,1956.0,2.0,2.0,1500.0,0.0475666,,2025-06-03,Resale,,24860,"Greenville-Anderson-Greer, SC"
1718969,45045,0111.00-09-002.00,"20 10TH ST, GREENVILLE, SC 29611",29611,SC,34.832286,-82.425365,SFR,1925.0,1.0,1.0,1152.0,0.1462351,118000.0,2025-01-29,Resale,102.43,24860,"Greenville-Anderson-Greer, SC"
1742288,45045,0199.01-02-052.00,"7 CLOVERDALE LN, GREENVILLE, SC 29607",29607,SC,34.840949,-82.370470,SFR,1961.0,3.0,2.0,1772.0,0.4129936,330000.0,2024-12-20,Resale,186.23,24860,"Greenville-Anderson-Greer, SC"
1742290,45045,0197.00-01-005.00,"808 LAURENS RD, GREENVILLE, SC 29607",29607,SC,34.848636,-82.372874,OFFICE & RESIDENTIAL,,3.0,1.0,1232.0,0.1780073,465000.0,2025-02-18,Resale,377.44,24860,"Greenville-Anderson-Greer, SC"
1742298,45045,0199.01-01-001.00,"1300 LAURENS RD, GREENVILLE, SC 29607",29607,SC,34.845214,-82.366808,OFFICE & RESIDENTIAL,1940.0,3.0,1.0,1204.0,0.357989,430000.0,2024-11-21,Resale,357.14,24860,"Greenville-Anderson-Greer, SC"
1818606,45045,T010.02-01-004.28,"1514 CLEMENT RD, GREER, SC 29650",29650,SC,34.924074,-82.270679,SFR,1987.0,3.0,2.0,2677.0,2.5,468000.0,2026-05-11,Resale,174.82,24860,"Greenville-Anderson-Greer, SC"
1820980,45045,0533.23-01-121.00,"703 TREYFORD DR, GREER, SC 29650",29650,SC,34.865075,-82.283519,SFR,2000.0,3.0,2.5,1568.0,0.024,,2026-04-10,Resale,,24860,"Greenville-Anderson-Greer, SC"
1820985,45045,0533.23-01-135.00,"706 TREYFORD DR, GREER, SC 29650",29650,SC,34.865542,-82.283580,SFR,1999.0,3.0,2.5,1567.0,0.024,,2026-04-10,Resale,,24860,"Greenville-Anderson-Greer, SC"
1820987,45045,0533.23-01-130.00,"346 CLAYBROOKE DR, GREER, SC 29650",29650,SC,34.865283,-82.283154,SFR,1999.0,3.0,3.0,1567.0,,255000.0,2024-05-24,Resale,162.73,24860,"Greenville-Anderson-Greer, SC"
1828263,45045,0574.10-01-084.00,"404 TEBBLEWOOD DR, SIMPSONVILLE, SC 29680",29680,SC,34.723351,-82.276812,SFR,1975.0,3.0,2.0,1130.0,,224900.0,2025-12-16,Resale,199.03,24860,"Greenville-Anderson-Greer, SC"
1831737,45045,0164.00-04-008.00,"12 E DECATUR ST, GREENVILLE, SC 29617",29617,SC,34.889426,-82.420394,SFR,1950.0,2.0,1.5,903.0,0.22,160000.0,2026-01-06,Resale,177.19,24860,"Greenville-Anderson-Greer, SC"
1831742,45045,0164.00-04-003.01,"109 RODNEY AVE, GREENVILLE, SC 29617",29617,SC,34.890241,-82.419968,SFR,1961.0,2.0,2.0,1584.0,0.1387741,253500.0,2023-08-11,Resale,160.04,24860,"Greenville-Anderson-Greer, SC"
1854110,45045,B008.02-01-196.00,"226 ALICE FARR DR, GREENVILLE, SC 29617",29617,SC,34.897072,-82.455677,SFR,2020.0,3.0,2.5,1674.0,0.382,313500.0,2026-03-30,Resale,187.28,24860,"Greenville-Anderson-Greer, SC"
1854117,45045,0267.00-02-019.01,"134 GLENN RD, GREENVILLE, SC 29607",29607,SC,34.834208,-82.374312,SFR,1955.0,2.0,1.0,951.0,0.2570018,100000.0,2023-07-18,Resale,105.15,24860,"Greenville-Anderson-Greer, SC"
1854126,45045,0201.00-05-004.00,"206 ELDER ST, GREENVILLE, SC 29607",29607,SC,34.838968,-82.376304,SFR,2019.0,3.0,3.0,1400.0,0.107989,310000.0,2023-09-07,Resale,221.43,24860,"Greenville-Anderson-Greer, SC"
1854133,45045,0201.00-06-001.00,"12 BRIDWELL AVE, GREENVILLE, SC 29607",29607,SC,34.839075,-82.377020,RESIDENTIAL - VACANT LAND,1947.0,3.0,1.0,1008.0,0.1,425000.0,2025-12-30,Resale,421.63,24860,"Greenville-Anderson-Greer, SC"
1854174,45045,0535.10-01-022.00,"7 SAUCER CT, GREER, SC 29650",29650,SC,34.910728,-82.258624,SFR,1998.0,3.0,2.0,1742.0,,349900.0,2025-03-07,Resale,200.86,24860,"Greenville-Anderson-Greer, SC"
1854188,45045,0535.09-01-019.00,"128 COTTER LN, GREER, SC 29650",29650,SC,34.908340,-82.256849,SFR,1998.0,4.0,3.0,2264.0,,299300.0,2023-10-05,New Construction,132.2,24860,"Greenville-Anderson-Greer, SC"
1854197,45045,0583.01-01-003.33,"1 NOVATAK CT, GREENVILLE, SC 29605",29605,SC,34.740153,-82.332580,SFR,2003.0,3.0,2.0,1166.0,0.2199954,230000.0,2025-10-09,Resale,197.26,24860,"Greenville-Anderson-Greer, SC"
1854201,45045,0501.05-01-020.00,"2010 TIGERVILLE RD, TRAVELERS REST, SC 29690",29690,SC,35.005590,-82.390184,SFR,2004.0,3.0,2.0,1439.0,0.4,310000.0,2025-01-23,Resale,215.43,24860,"Greenville-Anderson-Greer, SC"
1854206,45045,0502.03-01-007.03,"21 BOULDER CREST CT, TRAVELERS REST, SC 29690",29690,SC,35.035137,-82.387187,MOBILE HOME,1992.0,3.0,2.0,1680.0,2.0,257000.0,2025-12-19,Resale,152.98,24860,"Greenville-Anderson-Greer, SC"
1854212,45045,0649.09-01-007.00,"127 COSTER RD, TRAVELERS REST, SC 29690",29690,SC,35.034716,-82.375539,MOBILE HOME,1996.0,3.0,2.0,1456.0,1.4,,2025-11-10,Resale,,24860,"Greenville-Anderson-Greer, SC"
1854213,45045,0649.09-01-003.00,"143 COSTER RD, TRAVELERS REST, SC 29690",29690,SC,35.036253,-82.376913,MOBILE HOME,1996.0,,2.0,1708.0,1.0,1325000.0,2024-06-04,Resale,775.76,24860,"Greenville-Anderson-Greer, SC"
1854217,45045,P015.08-04-057.00,"6 SUTTON DR, TAYLORS, SC 29687",29687,SC,34.900867,-82.326976,SFR,1961.0,3.0,1.0,1222.0,0.26,,2026-05-20,Resale,,24860,"Greenville-Anderson-Greer, SC"
1854227,45045,P015.08-03-007.00,"8 TIPPERARY LN, TAYLORS, SC 29687",29687,SC,34.900075,-82.325351,SFR,1964.0,2.0,1.0,1048.0,0.258,225000.0,2024-05-10,Resale,214.69,24860,"Greenville-Anderson-Greer, SC"
1854228,45045,T031.00-03-156.00,"108 HARTSVILLE DR, TAYLORS, SC 29687",29687,SC,34.907898,-82.323269,SFR,1967.0,3.0,2.0,1924.0,0.3305785,216000.0,2024-08-14,Resale,112.27,24860,"Greenville-Anderson-Greer, SC"
1854231,45045,P015.05-03-017.00,"107 MAYFLOWER ST, TAYLORS, SC 29687",29687,SC,34.904995,-82.330112,SFR,1964.0,2.0,1.0,1095.0,0.1205234,199050.0,2024-04-26,Resale,181.78,24860,"Greenville-Anderson-Greer, SC"
1866062,45045,0117.00-05-035.00,"20 SPRINGSIDE AVE, GREENVILLE, SC 29611",29611,SC,34.839474,-82.432497,SFR,1959.0,3.0,2.0,912.0,0.1896235,164816.0,2023-08-26,Resale,180.72,24860,"Greenville-Anderson-Greer, SC"
1866070,45045,0117.00-04-011.09,"17 SPRINGSIDE AVE, GREENVILLE, SC 29611",29611,SC,34.839043,-82.432879,SFR,1955.0,2.0,1.0,1342.0,0.1899908,85000.0,2025-10-15,Resale,63.34,24860,"Greenville-Anderson-Greer, SC"
1866327,45045,0354.03-01-065.00,"421 QUAIL RUN CIR, FOUNTAIN INN, SC 29644",29644,SC,34.704321,-82.208761,SFR,1990.0,3.0,3.0,2084.0,0.997,220000.0,2026-02-23,Resale,105.57,24860,"Greenville-Anderson-Greer, SC"
1920788,45045,0548.35-01-118.00,"209 KARSTEN CREEK DR, SIMPSONVILLE, SC 29681",29681,SC,34.798248,-82.216686,SFR,1999.0,3.0,2.0,1766.0,0.3,308000.0,2025-08-14,Resale,174.41,24860,"Greenville-Anderson-Greer, SC"
1920802,45045,0550.11-01-013.00,"10 PASTURE PL, SIMPSONVILLE, SC 29681",29681,SC,34.793405,-82.197691,SFR,2000.0,3.0,3.0,2080.0,0.2100092,311900.0,2024-05-24,Resale,149.95,24860,"Greenville-Anderson-Greer, SC"
1920808,45045,0548.35-01-139.00,"115 INNISBROOK LN, SIMPSONVILLE, SC 29681",29681,SC,34.799277,-82.216024,SFR,2000.0,3.0,3.0,1974.0,0.2190083,375000.0,2025-06-10,Resale,189.97,24860,"Greenville-Anderson-Greer, SC"
1949398,45045,0535.05-01-054.00,"102 W HACKNEY RD, GREER, SC 29650",29650,SC,34.899375,-82.277339,SFR,1991.0,4.0,4.0,3127.0,,639900.0,2025-10-24,Resale,204.64,24860,"Greenville-Anderson-Greer, SC"
1949411,45045,0538.21-01-053.00,"111 FIRETHORNE CT, GREER, SC 29650",29650,SC,34.897816,-82.276615,SFR,1997.0,4.0,3.0,2652.0,0.3401974,560000.0,2025-08-22,Resale,211.16,24860,"Greenville-Anderson-Greer, SC"
1949626,45045,0479.01-01-008.00,"100 NORTHCLIFF WAY, GREENVILLE, SC 29617",29617,SC,34.943163,-82.446384,SFR,1998.0,3.0,2.5,2048.0,0.218,445000.0,2025-04-08,Resale,217.29,24860,"Greenville-Anderson-Greer, SC"
1963917,45045,0540.06-01-026.00,"306 SEABURY DR, GREENVILLE, SC 29615",29615,SC,34.860970,-82.309418,SFR,1978.0,4.0,2.5,2378.0,0.618,375000.0,2024-04-01,Resale,157.7,24860,"Greenville-Anderson-Greer, SC"
1963933,45045,0537.18-01-016.00,"310 SAINT CROIX CT, GREER, SC 29651",29651,SC,34.968894,-82.239961,SFR,2001.0,3.0,3.0,2216.0,0.3320018,385000.0,2025-11-19,Resale,173.74,24860,"Greenville-Anderson-Greer, SC"
1963937,45045,T018.01-03-007.00,"210 MONTCLAIR RD, GREER, SC 29651",29651,SC,34.954304,-82.259103,SFR,1967.0,4.0,3.0,2546.0,0.477,440000.0,2024-05-23,Resale,172.82,24860,"Greenville-Anderson-Greer, SC"
1963968,45045,T027.00-01-055.00,"1015 CENTER RD, TAYLORS, SC 29687",29687,SC,34.935731,-82.318268,RESIDENTIAL - VACANT LAND,,,,,2.0,120000.0,2023-06-30,Resale,,24860,"Greenville-Anderson-Greer, SC"
1963974,45045,0525.03-01-080.00,"118 MONARCH PL, TAYLORS, SC 29687",29687,SC,34.933658,-82.334956,SFR,1995.0,3.0,2.0,1756.0,0.3181818,335000.0,2025-10-10,Resale,190.77,24860,"Greenville-Anderson-Greer, SC"
1964015,45045,B013.03-01-006.05,"6310 WHITE HORSE RD, GREENVILLE, SC 29611",29611,SC,34.861407,-82.462155,OFFICE BUILDING,,,,,0.3100092,,2025-07-02,Resale,,24860,"Greenville-Anderson-Greer, SC"
1964018,45045,0241.00-02-022.00,"7 FLORA AVE, GREENVILLE, SC 29611",29611,SC,34.826825,-82.446048,SFR,1997.0,3.0,1.0,1256.0,0.3673095,,2023-08-28,Resale,,24860,"Greenville-Anderson-Greer, SC"
1964019,45045,0242.01-03-012.00,"17 COLE RD, GREENVILLE, SC 29611",29611,SC,34.821372,-82.448249,SFR,1961.0,3.0,1.0,1218.0,0.446281,241000.0,2024-07-19,Resale,197.87,24860,"Greenville-Anderson-Greer, SC"
1964031,45045,0240.01-01-067.00,"1 TANGLEWOOD DR, GREENVILLE, SC 29611",29611,SC,34.824169,-82.456596,SFR,1963.0,2.0,2.0,1990.0,0.3899908,281500.0,2023-12-13,Resale,141.46,24860,"Greenville-Anderson-Greer, SC"
2029866,45045,0602.05-01-008.00,"16 LAWS LN, PIEDMONT, SC 29673",29673,SC,34.704137,-82.418322,SFR,2004.0,3.0,2.5,1655.0,0.22,260000.0,2026-03-12,Resale,157.1,24860,"Greenville-Anderson-Greer, SC"
2034527,45045,0198.00-04-012.06,"5 HALEY CT, GREENVILLE, SC 29607",29607,SC,34.845226,-82.368979,SFR,1996.0,3.0,2.0,1150.0,0.1379936,371000.0,2024-07-29,Resale,322.61,24860,"Greenville-Anderson-Greer, SC"
2034529,45045,0198.00-04-012.00,"10 HALEY CT, GREENVILLE, SC 29607",29607,SC,34.845110,-82.368354,SFR,1996.0,3.0,2.0,1448.0,0.208,265000.0,2025-10-23,Resale,183.01,24860,"Greenville-Anderson-Greer, SC"
2058411,45045,0039.03-02-007.00,"430 SPARTANBURG ST, GREENVILLE, SC 29607",29607,SC,34.859520,-82.384787,RESIDENTIAL - VACANT LAND,1950.0,2.0,1.0,472.0,0.48,,2025-04-22,Resale,,24860,"Greenville-Anderson-Greer, SC"
2058414,45045,0191.00-05-026.00,"100 WOODVILLE AVE, GREENVILLE, SC 29607",29607,SC,34.855310,-82.378414,SFR,1961.0,2.0,1.0,832.0,0.172,290000.0,2026-05-13,Resale,348.56,24860,"Greenville-Anderson-Greer, SC"
2058421,45045,0190.00-02-029.00,"1511 E NORTH ST, GREENVILLE, SC 29607",29607,SC,34.859734,-82.379165,SFR,1975.0,3.0,1.5,1356.0,0.383,371000.0,2026-04-08,Resale,273.6,24860,"Greenville-Anderson-Greer, SC"
2058963,45045,P015.02-02-014.00,"105 BAHAN ST, TAYLORS, SC 29687",29687,SC,34.898054,-82.348739,SFR,1965.0,3.0,1.0,1281.0,,329819.0,2025-02-18,Resale,257.47,24860,"Greenville-Anderson-Greer, SC"
2058967,45045,P015.03-03-005.00,"300 DONNAN RD, TAYLORS, SC 29687",29687,SC,34.902042,-82.345353,SFR,1965.0,3.0,2.0,1590.0,0.316,240000.0,2024-05-10,Resale,150.94,24860,"Greenville-Anderson-Greer, SC"
2058972,45045,P015.03-05-014.00,"222 MERIDIAN AVE, TAYLORS, SC 29687",29687,SC,34.901155,-82.342524,SFR,1965.0,3.0,1.5,1098.0,0.504,274000.0,2026-05-05,Resale,249.54,24860,"Greenville-Anderson-Greer, SC"
2058974,45045,P015.03-04-026.00,"223 MERIDIAN AVE, TAYLORS, SC 29687",29687,SC,34.901253,-82.343307,SFR,1965.0,3.0,2.0,1402.0,0.4190083,251000.0,2023-06-30,Resale,179.03,24860,"Greenville-Anderson-Greer, SC"
2058978,45045,P015.02-03-044.00,"5 SEVIER CT, TAYLORS, SC 29687",29687,SC,34.898827,-82.347095,SFR,1964.0,2.0,1.0,840.0,0.2626263,219900.0,2023-12-06,Resale,261.79,24860,"Greenville-Anderson-Greer, SC"
2065965,45045,0359.00-01-025.00,"200 WOODFIELD AVE, FOUNTAIN INN, SC 29644",29644,SC,34.701402,-82.187115,SFR,1970.0,3.0,1.0,1316.0,0.459,,2026-04-01,Resale,,24860,"Greenville-Anderson-Greer, SC"
2146206,45045,M006.02-01-158.00,"107 PINEHURST DR, MAULDIN, SC 29662",29662,SC,34.772217,-82.304933,SFR,1970.0,4.0,3.0,2777.0,0.3305785,359000.0,2025-07-08,Resale,129.28,24860,"Greenville-Anderson-Greer, SC"
2153240,45045,0631.13-01-011.00,"505 BRIGHTFIELD LN, GREER, SC 29651",29651,SC,34.998031,-82.246470,SFR,2004.0,3.0,2.0,1327.0,0.57,261900.0,2026-04-09,Resale,197.36,24860,"Greenville-Anderson-Greer, SC"
2153248,45045,0618.04-01-014.35,"3518 JUG FACTORY RD, GREER, SC 29651",29651,SC,35.001617,-82.240109,MOBILE HOME,,,,,0.66,,2026-02-23,Resale,,24860,"Greenville-Anderson-Greer, SC"
2173907,45045,0566.06-01-016.00,"630 FAIRVIEW LAKE WAY, SIMPSONVILLE, SC 29680",29680,SC,34.696758,-82.248496,SFR,2000.0,3.0,3.0,2042.0,0.2059917,302000.0,2025-10-22,Resale,147.89,24860,"Greenville-Anderson-Greer, SC"
2173910,45045,0566.05-01-076.00,"6 FAIRVIEW LAKE WAY, SIMPSONVILLE, SC 29680",29680,SC,34.701174,-82.256193,SFR,1996.0,3.0,2.0,1441.0,0.2199954,274000.0,2024-11-27,Resale,190.15,24860,"Greenville-Anderson-Greer, SC"
2173919,45045,0566.05-01-119.00,"104 CROSSVIEW DR, SIMPSONVILLE, SC 29680",29680,SC,34.699817,-82.253524,SFR,1998.0,3.0,3.0,2035.0,,295000.0,2024-09-19,Resale,144.96,24860,"Greenville-Anderson-Greer, SC"
2177249,45045,0117.00-01-006.02,"303 WEST AVE, GREENVILLE, SC 29611",29611,SC,34.842334,-82.434775,SFR,1955.0,3.0,1.0,1255.0,0.3,161000.0,2025-01-23,Resale,128.29,24860,"Greenville-Anderson-Greer, SC"
2177251,45045,0117.00-02-001.00,"206 WEST AVE, GREENVILLE, SC 29611",29611,SC,34.842240,-82.434349,SFR,1992.0,3.0,2.0,864.0,0.2,225870.0,2025-05-30,Resale,261.42,24860,"Greenville-Anderson-Greer, SC"
2177252,45045,0117.00-02-009.00,"6 WACO ST, GREENVILLE, SC 29611",29611,SC,34.841707,-82.433212,SFR,1945.0,2.0,1.0,1072.0,0.2019972,10000.0,2025-03-28,Resale,9.33,24860,"Greenville-Anderson-Greer, SC"
2218493,45045,0323.00-01-039.00,"110 CANEBREAK LN, SIMPSONVILLE, SC 29681",29681,SC,34.727604,-82.244819,SFR,1977.0,3.0,2.0,1628.0,0.1929982,68604.0,2024-06-06,Resale,42.14,24860,"Greenville-Anderson-Greer, SC"
2218506,45045,0323.00-01-065.00,"104 BRANDON CT, SIMPSONVILLE, SC 29681",29681,SC,34.726657,-82.246428,SFR,1980.0,3.0,2.0,1626.0,0.2699954,230000.0,2024-10-10,Resale,141.45,24860,"Greenville-Anderson-Greer, SC"
2219313,45045,0125.00-03-027.00,"42 E 8TH ST, GREENVILLE, SC 29611",29611,SC,34.857535,-82.425457,SFR,1950.0,3.0,2.0,2048.0,0.1763085,250000.0,2024-01-26,Resale,122.07,24860,"Greenville-Anderson-Greer, SC"
2219314,45045,0125.00-03-002.00,"57 E 7TH ST, GREENVILLE, SC 29611",29611,SC,34.857271,-82.424730,SFR,1940.0,3.0,2.0,1455.0,0.157,275000.0,2026-02-13,Resale,189.0,24860,"Greenville-Anderson-Greer, SC"
2230477,45045,0540.03-01-009.24,"417 PHILLIPS LN, GREER, SC 29650",29650,SC,34.873318,-82.287274,SFR,2009.0,3.0,2.0,4480.0,0.7600092,340000.0,2025-06-25,Resale,75.89,24860,"Greenville-Anderson-Greer, SC"
2252178,45045,0187.00-11-027.01,"302 MCDONALD ST, GREENVILLE, SC 29609",29609,SC,34.866892,-82.388228,SFR,1961.0,2.0,1.0,1131.0,0.3350092,387750.0,2025-04-24,Resale,342.84,24860,"Greenville-Anderson-Greer, SC"
2257241,45045,0268.03-08-004.00,"115 BUCKINGHAM RD, GREENVILLE, SC 29607",29607,SC,34.828376,-82.357200,SFR,1972.0,4.0,3.0,2691.0,0.43,980000.0,2025-02-03,Construction Loan/Financing,364.18,24860,"Greenville-Anderson-Greer, SC"
2265757,45045,0534.12-01-012.00,"211 WYCLIFFE DR, GREER, SC 29650",29650,SC,34.874263,-82.279364,SFR,1987.0,4.0,2.5,2320.0,0.316,560000.0,2024-09-13,Resale,241.38,24860,"Greenville-Anderson-Greer, SC"
2270788,45045,T029.05-01-063.00,"204 OLD MILL RD, TAYLORS, SC 29687",29687,SC,34.927923,-82.323715,SFR,1964.0,4.0,3.0,2816.0,0.5262856,210000.0,2025-06-06,Resale,74.57,24860,"Greenville-Anderson-Greer, SC"
2270805,45045,T029.03-01-188.00,"220 EDWARDS MILL RD, TAYLORS, SC 29687",29687,SC,34.924481,-82.319959,SFR,1996.0,3.0,3.0,2369.0,0.5831038,425000.0,2025-03-27,Resale,179.4,24860,"Greenville-Anderson-Greer, SC"
2270809,45045,T002.01-01-048.00,"5 E WOODBURN DR, TAYLORS, SC 29687",29687,SC,34.922253,-82.317815,SFR,1972.0,4.0,3.0,2200.0,0.3181818,372000.0,2025-05-02,Resale,169.09,24860,"Greenville-Anderson-Greer, SC"
2323147,45045,T021.00-01-104.07,"229 N RUTHERFORD RD, GREER, SC 29651",29651,SC,34.967368,-82.283115,SFR,2001.0,3.0,2.0,1861.0,1.01,340000.0,2024-12-30,Resale,182.7,24860,"Greenville-Anderson-Greer, SC"
2323153,45045,T009.02-01-014.01,"274 FAIRHAVEN DR, GREER, SC 29651",29651,SC,34.950550,-82.291209,SFR,1972.0,3.0,2.0,2175.0,1.18,475000.0,2025-04-04,Resale,218.39,24860,"Greenville-Anderson-Greer, SC"
2323156,45045,T021.04-01-022.00,"300 N SILVER RIDGE DR, GREER, SC 29651",29651,SC,34.965061,-82.291819,SFR,1995.0,4.0,3.0,2673.0,,,2025-05-14,Resale,,24860,"Greenville-Anderson-Greer, SC"
2323157,45045,T021.05-01-033.00,"123 N SILVER BEECH LN, GREER, SC 29651",29651,SC,34.966681,-82.291218,SFR,2003.0,4.0,2.5,2734.0,0.871,,2026-05-07,Resale,,24860,"Greenville-Anderson-Greer, SC"
2323165,45045,0543.06-01-080.04,"8 PRESTIGE CT, GREENVILLE, SC 29615",29615,SC,34.860319,-82.318827,SFR,1998.0,5.0,3.0,2874.0,0.4,772100.0,2026-04-17,Resale,268.65,24860,"Greenville-Anderson-Greer, SC"
2323187,45045,0274.03-01-040.00,"502 DELLWOOD DR, GREENVILLE, SC 29609",29609,SC,34.879367,-82.369769,SFR,1963.0,3.0,1.0,1284.0,0.2760101,245000.0,2025-10-29,Resale,190.81,24860,"Greenville-Anderson-Greer, SC"
2323211,45045,0538.29-01-048.00,"2 RUNNING SPRINGS CT, GREER, SC 29650",29650,SC,34.881687,-82.280070,SFR,1996.0,4.0,3.0,3318.0,0.4300046,775000.0,2025-06-03,Resale,233.57,24860,"Greenville-Anderson-Greer, SC"
2323212,45045,0534.03-01-105.00,"400 STONE RIDGE RD, GREER, SC 29650",29650,SC,34.881278,-82.271662,SFR,1978.0,4.0,3.0,2996.0,0.43,738000.0,2026-02-13,Resale,246.33,24860,"Greenville-Anderson-Greer, SC"
2323214,45045,0534.03-01-381.00,"104 BERRYWOOD CT, GREER, SC 29650",29650,SC,34.882714,-82.275672,SFR,1975.0,4.0,2.5,2535.0,0.337,475000.0,2023-12-29,Resale,187.38,24860,"Greenville-Anderson-Greer, SC"
2323218,45045,0534.03-01-376.00,"105 BERRYWOOD CT, GREER, SC 29650",29650,SC,34.882629,-82.276320,SFR,1979.0,4.0,2.5,2518.0,0.319,575000.0,2026-05-01,Resale,228.36,24860,"Greenville-Anderson-Greer, SC"
2323255,45045,0534.34-01-009.00,"304 ROCKBROOK CT, GREER, SC 29650",29650,SC,34.872363,-82.249546,SFR,1999.0,3.0,3.0,1674.0,,300000.0,2025-02-13,Resale,179.21,24860,"Greenville-Anderson-Greer, SC"
2323257,45045,0534.34-01-007.00,"300 ROCKBROOK CT, GREER, SC 29650",29650,SC,34.872255,-82.249731,SFR,2000.0,3.0,3.0,1296.0,,140000.0,2023-08-25,Resale,108.02,24860,"Greenville-Anderson-Greer, SC"
2327799,45045,0153.01-01-017.00,"32 BUFF ST, GREENVILLE, SC 29609",29609,SC,34.872948,-82.415714,SFR,2002.0,3.0,2.0,1320.0,,175000.0,2024-09-25,Resale,132.58,24860,"Greenville-Anderson-Greer, SC"
2327802,45045,0156.00-05-001.00,"3009 OLD BUNCOMBE RD, GREENVILLE, SC 29609",29609,SC,34.881703,-82.419112,SFR,1955.0,3.0,1.0,1096.0,0.2424242,,2025-02-21,Resale,,24860,"Greenville-Anderson-Greer, SC"
2327808,45045,0156.00-05-035.00,"504 MCCRARY ST, GREENVILLE, SC 29609",29609,SC,34.877923,-82.421759,SFR,1955.0,2.0,1.0,1272.0,0.1721763,262500.0,2025-02-26,Resale,206.37,24860,"Greenville-Anderson-Greer, SC"
2342743,45045,0345.00-04-013.00,"113 3RD ST, FOUNTAIN INN, SC 29644",29644,SC,34.690424,-82.203291,SFR,1960.0,2.0,2.0,768.0,0.1050046,205000.0,2025-02-28,Resale,266.93,24860,"Greenville-Anderson-Greer, SC"
2342779,45045,0574.15-01-057.00,"907 DAVENPORT RD, SIMPSONVILLE, SC 29680",29680,SC,34.717365,-82.274176,SFR,1980.0,3.0,2.0,1248.0,,275000.0,2024-03-28,Resale,220.35,24860,"Greenville-Anderson-Greer, SC"
2342780,45045,0574.13-01-087.00,"1307 E YELLOW WOOD DR, SIMPSONVILLE, SC 29680",29680,SC,34.721433,-82.275593,SFR,1977.0,3.0,3.0,1715.0,0.303,262000.0,2023-07-13,Resale,152.77,24860,"Greenville-Anderson-Greer, SC"
2346087,45045,0533.20-01-034.00,"416 MILSTEAD WAY, GREENVILLE, SC 29615",29615,SC,34.841965,-82.259500,SFR,1998.0,2.0,2.0,1279.0,,230000.0,2025-03-25,Resale,179.83,24860,"Greenville-Anderson-Greer, SC"
2346090,45045,0533.07-01-043.00,"308 LAKESIDE TER, GREENVILLE, SC 29615",29615,SC,34.847398,-82.265842,SFR,1988.0,1.0,1.0,994.0,,130000.0,2025-02-19,Resale,130.78,24860,"Greenville-Anderson-Greer, SC"
2346092,45045,0533.19-01-038.00,"104 SUMMERSIDE DR, GREENVILLE, SC 29615",29615,SC,34.842010,-82.261335,SFR,1996.0,3.0,2.0,2050.0,0.25,400000.0,2025-09-24,Resale,195.12,24860,"Greenville-Anderson-Greer, SC"
2352838,45045,0208.00-03-022.00,"25 CLUB DR, GREENVILLE, SC 29605",29605,SC,34.811577,-82.380086,SFR,1945.0,4.0,4.0,3962.0,0.2780073,1335000.0,2025-05-30,Resale,336.95,24860,"Greenville-Anderson-Greer, SC"
2352839,45045,0212.00-04-046.00,"11 WAVERLY CT, GREENVILLE, SC 29605",29605,SC,34.811794,-82.385779,SFR,1955.0,3.0,2.0,1388.0,0.2309917,540000.0,2025-06-25,Resale,389.05,24860,"Greenville-Anderson-Greer, SC"
2352840,45045,0365.00-03-018.00,"18 MILTON DR, GREENVILLE, SC 29605",29605,SC,34.802882,-82.383122,SFR,1950.0,3.0,1.0,1173.0,0.389,215000.0,2026-04-27,Resale,183.29,24860,"Greenville-Anderson-Greer, SC"
2352846,45045,0222.03-04-003.00,"17 PROSPERITY CT, GREENVILLE, SC 29605",29605,SC,34.802064,-82.387281,SFR,1964.0,2.0,1.0,1025.0,0.4379936,275000.0,2025-07-11,Resale,268.29,24860,"Greenville-Anderson-Greer, SC"
2352852,45045,0222.03-04-002.00,"19 PROSPERITY CT, GREENVILLE, SC 29605",29605,SC,34.802294,-82.387499,SFR,1965.0,4.0,2.0,1350.0,0.2699954,254374.0,2024-07-19,Resale,188.43,24860,"Greenville-Anderson-Greer, SC"
2353148,45045,0155.00-13-009.00,"412 MCCRARY ST, GREENVILLE, SC 29609",29609,SC,34.877805,-82.421138,SFR,1955.0,3.0,2.0,1178.0,0.1721763,154000.0,2024-05-13,Resale,130.73,24860,"Greenville-Anderson-Greer, SC"
2358927,45045,0575.10-01-097.00,"311 WINDY MEADOW WAY, SIMPSONVILLE, SC 29680",29680,SC,34.696394,-82.282872,SFR,1994.0,3.0,2.0,1297.0,,160000.0,2024-01-09,Resale,123.36,24860,"Greenville-Anderson-Greer, SC"
2358931,45045,0575.07-01-011.00,"412 WILD HORSE CREEK DR, SIMPSONVILLE, SC 29680",29680,SC,34.703776,-82.291008,SFR,1993.0,3.0,2.5,1952.0,0.362,373000.0,2023-12-12,Resale,191.09,24860,"Greenville-Anderson-Greer, SC"
2358936,45045,0575.07-01-048.00,"403 WILD HORSE CREEK DR, SIMPSONVILLE, SC 29680",29680,SC,34.702534,-82.290641,SFR,1994.0,3.0,3.0,2069.0,0.3469927,445000.0,2024-05-07,Resale,215.08,24860,"Greenville-Anderson-Greer, SC"
2358937,45045,0575.07-01-044.00,"411 WILD HORSE CREEK DR, SIMPSONVILLE, SC 29680",29680,SC,34.703222,-82.291366,SFR,1992.0,3.0,3.0,1888.0,,350000.0,2025-06-24,Resale,185.38,24860,"Greenville-Anderson-Greer, SC"
2361768,45045,M007.02-01-276.00,"3 CROFTSTONE CT, MAULDIN, SC 29662",29662,SC,34.757401,-82.316488,SFR,1996.0,4.0,2.0,2036.0,,,2025-09-26,Resale,,24860,"Greenville-Anderson-Greer, SC"
2361774,45045,M007.08-01-094.00,"4 OLD HASTINGS CT, MAULDIN, SC 29662",29662,SC,34.762653,-82.317153,SFR,1999.0,3.0,2.5,1646.0,0.2,299500.0,2026-03-23,Resale,181.96,24860,"Greenville-Anderson-Greer, SC"
2367575,45045,0525.13-01-068.00,"104 AMBERJACK CT, TAYLORS, SC 29687",29687,SC,34.931951,-82.338856,SFR,1999.0,3.0,2.0,2144.0,,418000.0,2025-01-31,Resale,194.96,24860,"Greenville-Anderson-Greer, SC"
2367579,45045,0525.13-01-026.00,"19 ANGEL WING CT, TAYLORS, SC 29687",29687,SC,34.934160,-82.339162,SFR,2000.0,3.0,3.0,2196.0,0.2879936,375000.0,2023-12-08,Resale,170.77,24860,"Greenville-Anderson-Greer, SC"
2372205,45045,0534.35-01-098.00,"102 DURAND CT, GREER, SC 29650",29650,SC,34.886115,-82.249363,SFR,2002.0,4.0,3.0,2376.0,,450000.0,2023-11-30,Resale,189.39,24860,"Greenville-Anderson-Greer, SC"
2372541,45045,0548.35-01-145.00,"114 INNISBROOK LN, SIMPSONVILLE, SC 29681",29681,SC,34.799647,-82.216618,SFR,2000.0,3.0,2.0,1766.0,0.2620064,340000.0,2024-09-04,Resale,192.53,24860,"Greenville-Anderson-Greer, SC"
2379272,45045,0205.00-03-009.00,"71 WOODVALE AVE, GREENVILLE, SC 29605",29605,SC,34.821567,-82.379997,SFR,1972.0,4.0,4.0,2448.0,0.2550046,1521000.0,2024-01-26,Resale,621.32,24860,"Greenville-Anderson-Greer, SC"
2379278,45045,0204.00-03-001.30,"6 STONE HOLW, GREENVILLE, SC 29605",29605,SC,34.826619,-82.386658,SFR,1992.0,5.0,4.5,3386.0,0.738,1400000.0,2026-03-12,Resale,413.47,24860,"Greenville-Anderson-Greer, SC"
2379288,45045,0098.00-02-034.00,"452 LONGVIEW TER, GREENVILLE, SC 29605",29605,SC,34.828058,-82.384274,SFR,1966.0,3.0,2.0,1624.0,0.2969927,835000.0,2024-04-09,Resale,514.16,24860,"Greenville-Anderson-Greer, SC"
2382360,45045,0540.01-01-002.29,"131 WINDSTONE DR, GREENVILLE, SC 29615",29615,SC,34.852816,-82.316013,SFR,1995.0,4.0,3.0,2460.0,0.205,473700.0,2023-08-25,Resale,192.56,24860,"Greenville-Anderson-Greer, SC"
2382363,45045,0279.00-01-007.59,"419 FALLING ROCK WAY, GREENVILLE, SC 29615",29615,SC,34.866864,-82.344750,SFR,2002.0,3.0,2.0,1778.0,,391000.0,2025-05-27,Resale,219.91,24860,"Greenville-Anderson-Greer, SC"
2382372,45045,0543.07-01-029.00,"109 PROVIDENCE SQ, GREENVILLE, SC 29615",29615,SC,34.862992,-82.327364,SFR,1970.0,5.0,3.0,3009.0,0.7327824,615000.0,2024-04-30,Resale,204.39,24860,"Greenville-Anderson-Greer, SC"
2383749,45045,0578.03-01-007.09,"114 COKER RD, FOUNTAIN INN, SC 29644",29644,SC,34.619539,-82.292228,SFR,2002.0,3.0,2.0,1487.0,8.0,413000.0,2023-06-07,Resale,277.74,24860,"Greenville-Anderson-Greer, SC"
2386757,45045,0036.00-02-007.00,"211 E PARK AVE, GREENVILLE, SC 29601",29601,SC,34.857634,-82.392030,SFR,1955.0,4.0,4.0,4251.0,0.2800046,,2025-02-21,Resale,,24860,"Greenville-Anderson-Greer, SC"
2423192,45045,0189.01-10-004.00,"110 RIDGECREST DR, GREENVILLE, SC 29609",29609,SC,34.869356,-82.379740,SFR,1971.0,3.0,2.0,1481.0,0.3,429500.0,2025-04-24,Resale,290.01,24860,"Greenville-Anderson-Greer, SC"
2423197,45045,0189.01-05-017.00,"101 RIDGECREST DR, GREENVILLE, SC 29609",29609,SC,34.869122,-82.380502,SFR,1963.0,3.0,2.0,2872.0,0.3719927,363000.0,2023-08-04,Resale,126.39,24860,"Greenville-Anderson-Greer, SC"
2427532,45045,T033.00-01-015.00,"15 WOOD CIR, TAYLORS, SC 29687",29687,SC,34.911182,-82.311484,SFR,1976.0,3.0,2.0,1372.0,0.815,180000.0,2025-08-22,Resale,131.2,24860,"Greenville-Anderson-Greer, SC"
2427535,45045,T002.00-04-105.00,"405 BROOK GLENN RD, TAYLORS, SC 29687",29687,SC,34.914347,-82.309367,SFR,1965.0,3.0,2.0,1524.0,0.3787879,340000.0,2025-11-17,Resale,223.1,24860,"Greenville-Anderson-Greer, SC"
2427540,45045,T033.00-02-136.00,"7 OAKWOOD AVE, TAYLORS, SC 29687",29687,SC,34.908912,-82.307680,SFR,1965.0,3.0,2.0,1525.0,0.3600092,260000.0,2025-02-25,Resale,170.49,24860,"Greenville-Anderson-Greer, SC"
2427541,45045,T033.00-02-137.00,"9 OAKWOOD AVE, TAYLORS, SC 29687",29687,SC,34.908817,-82.307959,SFR,1965.0,3.0,2.0,2452.0,0.3615702,255000.0,2025-03-17,Resale,104.0,24860,"Greenville-Anderson-Greer, SC"
2427545,45045,T033.00-02-122.00,"2 OAKWOOD AVE, TAYLORS, SC 29687",29687,SC,34.909768,-82.307147,SFR,1970.0,3.0,2.0,1570.0,0.3600092,273500.0,2023-07-20,Resale,174.2,24860,"Greenville-Anderson-Greer, SC"
2444363,45045,0575.16-01-042.00,"309 SCHOONER CT, SIMPSONVILLE, SC 29680",29680,SC,34.705639,-82.305762,SFR,2002.0,3.0,3.0,2130.0,0.3019972,353000.0,2025-09-24,Resale,165.73,24860,"Greenville-Anderson-Greer, SC"
2444370,45045,0574.24-01-039.00,"408 COTTON HALL CT, SIMPSONVILLE, SC 29680",29680,SC,34.711624,-82.299298,SFR,2000.0,3.0,2.0,2028.0,0.2859963,355000.0,2025-07-14,Resale,175.05,24860,"Greenville-Anderson-Greer, SC"
2444377,45045,0574.24-01-013.00,"108 PRONGHORN CT, SIMPSONVILLE, SC 29680",29680,SC,34.711977,-82.301290,SFR,2001.0,3.0,3.0,1942.0,0.2859963,345000.0,2024-12-27,Resale,177.65,24860,"Greenville-Anderson-Greer, SC"
2457071,45045,0539.15-01-022.00,"708 PINEAPPLE POINTE, GREENVILLE, SC 29607",29607,SC,34.805090,-82.264835,SFR,1985.0,3.0,3.0,1868.0,0.3443526,352500.0,2023-06-28,Resale,188.7,24860,"Greenville-Anderson-Greer, SC"
2457188,45045,0241.00-09-009.00,"201 MARY ST, GREENVILLE, SC 29611",29611,SC,34.830126,-82.441693,SFR,1962.0,2.0,2.0,858.0,0.2300046,200000.0,2023-09-20,Resale,233.1,24860,"Greenville-Anderson-Greer, SC"
2457681,45045,0542.02-01-094.00,"115 MUSTANG CIR, SIMPSONVILLE, SC 29681",29681,SC,34.784558,-82.273609,SFR,1972.0,3.0,3.0,3328.0,3.15,450000.0,2025-08-12,Resale,135.22,24860,"Greenville-Anderson-Greer, SC"
2458592,45045,0539.03-01-033.04,"5 CHARLESTONPLACE CT, GREENVILLE, SC 29615",29615,SC,34.835571,-82.250499,SFR,2003.0,5.0,4.0,4892.0,0.6100092,925000.0,2023-06-15,Resale,189.08,24860,"Greenville-Anderson-Greer, SC"
2458595,45045,0539.03-01-082.00,"116 BLOCK HOUSE RD, GREENVILLE, SC 29615",29615,SC,34.835825,-82.247402,SFR,1990.0,4.0,3.5,3750.0,0.94,820000.0,2024-03-22,Resale,218.67,24860,"Greenville-Anderson-Greer, SC"
2461183,45045,0534.35-01-037.00,"15 COULTER CT, GREER, SC 29650",29650,SC,34.886585,-82.251317,SFR,2002.0,3.0,2.0,1758.0,,350000.0,2025-10-14,Resale,199.09,24860,"Greenville-Anderson-Greer, SC"
2466907,45045,0534.03-01-103.00,"205 OAK RIDGE CT, GREER, SC 29650",29650,SC,34.881011,-82.272322,SFR,1974.0,4.0,3.5,3647.0,0.336,,2024-04-25,Resale,,24860,"Greenville-Anderson-Greer, SC"
2475990,45045,P015.13-01-010.00,"21 NORMANDY RD, GREENVILLE, SC 29615",29615,SC,34.885546,-82.333292,SFR,1980.0,4.0,3.0,3080.0,0.7070707,850000.0,2025-01-31,Resale,275.97,24860,"Greenville-Anderson-Greer, SC"
2475995,45045,P016.03-05-007.00,"12 MELBOURNE LN, GREENVILLE, SC 29615",29615,SC,34.881781,-82.327970,SFR,1968.0,4.0,2.0,2046.0,0.651,442500.0,2025-12-19,Resale,216.28,24860,"Greenville-Anderson-Greer, SC"
2476006,45045,P016.02-01-218.00,"206 ROSEMARY LN, GREENVILLE, SC 29615",29615,SC,34.885345,-82.323991,SFR,1967.0,3.0,2.0,2188.0,0.38,480000.0,2023-12-29,Resale,219.38,24860,"Greenville-Anderson-Greer, SC"
2476012,45045,P016.02-01-215.00,"200 ROSEMARY LN, GREENVILLE, SC 29615",29615,SC,34.885594,-82.325091,SFR,1968.0,4.0,2.5,2704.0,0.424,492500.0,2026-03-20,Resale,182.14,24860,"Greenville-Anderson-Greer, SC"
2480240,45045,P015.14-01-097.00,"815 EDWARDS RD UNIT 93, GREENVILLE, SC 29615",29615,SC,34.884091,-82.345538,SFR,1987.0,2.0,2.0,1080.0,,181000.0,2025-10-06,Resale,167.59,24860,"Greenville-Anderson-Greer, SC"
2480253,45045,P015.13-01-137.00,"313 WILMINGTON RD, GREENVILLE, SC 29615",29615,SC,34.890320,-82.335225,SFR,1970.0,4.0,4.0,4200.0,0.6313131,850000.0,2023-11-22,Resale,202.38,24860,"Greenville-Anderson-Greer, SC"
2480254,45045,P015.13-01-138.00,"309 WILMINGTON RD, GREENVILLE, SC 29615",29615,SC,34.890688,-82.335433,SFR,1970.0,3.0,2.0,3927.0,0.7620064,,2025-05-07,Resale,,24860,"Greenville-Anderson-Greer, SC"
2480257,45045,P015.13-01-139.00,"305 WILMINGTON RD, GREENVILLE, SC 29615",29615,SC,34.891018,-82.335727,SFR,1970.0,3.0,3.0,3145.0,0.657,,2026-01-02,Resale,,24860,"Greenville-Anderson-Greer, SC"
2497133,45045,0246.01-01-001.00,"200 STALLINGS RD, GREENVILLE, SC 29611",29611,SC,34.813694,-82.470494,MOBILE HOME,1998.0,,2.0,1960.0,0.2,115000.0,2023-08-22,Resale,58.67,24860,"Greenville-Anderson-Greer, SC"
2549904,45045,M004.01-01-144.00,"109 PAXTON ST, MAULDIN, SC 29662",29662,SC,34.776561,-82.295186,SFR,1972.0,3.0,1.0,1512.0,0.4017447,264500.0,2023-07-07,Resale,174.93,24860,"Greenville-Anderson-Greer, SC"
2549907,45045,M004.01-01-143.00,"111 PAXTON ST, MAULDIN, SC 29662",29662,SC,34.776501,-82.294857,SFR,1972.0,3.0,1.5,1225.0,0.394,175000.0,2024-10-07,Resale,142.86,24860,"Greenville-Anderson-Greer, SC"
2549910,45045,M004.01-01-166.00,"106 PAXTON ST, MAULDIN, SC 29662",29662,SC,34.775938,-82.295234,SFR,1967.0,3.0,2.0,1340.0,0.3334481,305000.0,2025-11-20,Resale,227.61,24860,"Greenville-Anderson-Greer, SC"
2620788,45045,0135.00-03-008.00,"5 COBB ST, GREENVILLE, SC 29611",29611,SC,34.862482,-82.433487,SFR,1958.0,3.0,2.0,1040.0,0.2038567,145000.0,2026-01-13,Resale,139.42,24860,"Greenville-Anderson-Greer, SC"
2646327,45045,T012.00-01-092.00,"32 MICHELL DR, TAYLORS, SC 29687",29687,SC,34.932040,-82.279302,SFR,1996.0,3.0,2.0,1384.0,,250000.0,2023-08-18,Resale,180.64,24860,"Greenville-Anderson-Greer, SC"
2646330,45045,T009.03-01-036.02,"32 CIRCLEVIEW DR, TAYLORS, SC 29687",29687,SC,34.942327,-82.277756,SFR,1997.0,3.0,2.0,1280.0,,220750.0,2025-07-22,Resale,172.46,24860,"Greenville-Anderson-Greer, SC"
2646335,45045,0192.00-03-004.00,"604 OVERBROOK RD, GREENVILLE, SC 29607",29607,SC,34.859011,-82.373663,SFR,1961.0,3.0,3.0,1957.0,0.2910009,490000.0,2024-06-21,Resale,250.38,24860,"Greenville-Anderson-Greer, SC"
2659849,45045,0498.01-01-040.00,"3506 STATE PARK RD, GREENVILLE, SC 29609",29609,SC,34.938377,-82.357241,RESIDENTIAL - VACANT LAND,1930.0,1.0,1.0,574.0,1.5,775000.0,2026-04-15,Resale,1350.17,24860,"Greenville-Anderson-Greer, SC"
2659851,45045,0498.09-01-007.00,"11 OVERLOOK CT, GREENVILLE, SC 29609",29609,SC,34.941107,-82.366905,SFR,1997.0,4.0,3.0,3232.0,3.0,725000.0,2025-01-09,Resale,224.32,24860,"Greenville-Anderson-Greer, SC"
2659861,45045,0531.09-01-134.00,"24 HALEHAVEN DR, SIMPSONVILLE, SC 29681",29681,SC,34.827960,-82.222699,SFR,1996.0,3.0,3.0,2406.0,,430000.0,2024-03-22,Resale,178.72,24860,"Greenville-Anderson-Greer, SC"
2659864,45045,0531.12-01-030.00,"226 N ORCHARD FARMS AVE, SIMPSONVILLE, SC 29681",29681,SC,34.827195,-82.220632,SFR,2000.0,4.0,3.0,2699.0,0.286,450000.0,2026-05-22,Resale,166.73,24860,"Greenville-Anderson-Greer, SC"
2659889,45045,0594.01-01-017.02,"595 REEDY FORK RD, PIEDMONT, SC 29673",29673,SC,34.702096,-82.356328,SFR,1997.0,3.0,2.0,1956.0,2.6,375000.0,2023-10-25,Resale,191.72,24860,"Greenville-Anderson-Greer, SC"
2673792,45045,G015.00-05-007.00,"208 GREEN ST, GREER, SC 29650",29650,SC,34.944993,-82.232371,SFR,1997.0,2.0,1.0,616.0,0.1,147000.0,2026-04-02,Resale,238.64,24860,"Greenville-Anderson-Greer, SC"
2673796,45045,G018.00-04-011.05,"103 FINLEY AVE, GREER, SC 29651",29651,SC,34.949386,-82.228232,SFR,1971.0,3.0,2.0,3084.0,0.6887052,385000.0,2024-10-08,Construction Loan/Financing,124.84,24860,"Greenville-Anderson-Greer, SC"
2673802,45045,0220.00-01-059.00,"505 TEAL TRL, GREENVILLE, SC 29605",29605,SC,34.821173,-82.403263,SFR,1990.0,2.0,2.0,1863.0,0.1190083,520000.0,2024-06-26,Resale,279.12,24860,"Greenville-Anderson-Greer, SC"
2673806,45045,0220.00-01-037.00,"209 SANDPIPER WAY, GREENVILLE, SC 29605",29605,SC,34.822368,-82.404324,SFR,1983.0,2.0,2.0,1412.0,0.1239899,375000.0,2023-12-27,Resale,265.58,24860,"Greenville-Anderson-Greer, SC"
2678633,45045,P011.00-02-114.00,"35 N ACRES DR, GREENVILLE, SC 29609",29609,SC,34.891496,-82.366610,SFR,1965.0,2.0,1.0,957.0,0.195,205500.0,2024-11-15,Resale,214.73,24860,"Greenville-Anderson-Greer, SC"
2679865,45045,B003.02-05-001.00,"1423 E SALUDA LAKE RD, GREENVILLE, SC 29611",29611,SC,34.866578,-82.479004,SFR,1944.0,2.0,1.0,1082.0,2.0,125000.0,2024-11-15,Resale,115.53,24860,"Greenville-Anderson-Greer, SC"
2679881,45045,0539.21-01-027.00,"8 GALLANT FOX WAY, GREENVILLE, SC 29615",29615,SC,34.834439,-82.241227,SFR,1992.0,5.0,4.0,3772.0,1.0,1100000.0,2024-11-01,Resale,291.62,24860,"Greenville-Anderson-Greer, SC"
2685329,45045,B008.01-02-080.00,"11 FAIRHOPE LN, GREENVILLE, SC 29617",29617,SC,34.911751,-82.451765,SFR,1995.0,3.0,2.0,1260.0,,250000.0,2025-03-19,Resale,198.41,24860,"Greenville-Anderson-Greer, SC"
2685337,45045,0431.02-01-006.00,"4 AMBERLY CT, GREENVILLE, SC 29617",29617,SC,34.925119,-82.451953,SFR,1992.0,4.0,2.0,1708.0,0.5199954,430000.0,2023-06-20,Resale,251.76,24860,"Greenville-Anderson-Greer, SC"
2702199,45045,0634.05-01-029.00,"3639 PENNINGTON RD, GREER, SC 29651",29651,SC,35.011423,-82.288811,MOBILE HOME,2001.0,,2.0,1848.0,0.97,260000.0,2025-04-14,Resale,140.69,24860,"Greenville-Anderson-Greer, SC"
2702202,45045,WG06.02-01-079.00,"113 GAYLE ST, PIEDMONT, SC 29673",29673,SC,34.769647,-82.422568,SFR,1968.0,3.0,2.0,1150.0,0.367,252000.0,2026-04-23,Resale,219.13,24860,"Greenville-Anderson-Greer, SC"
2702212,45045,WG06.01-01-047.08,"510 OLD GROVE RD, PIEDMONT, SC 29673",29673,SC,34.775321,-82.417197,SFR,1930.0,2.0,1.0,1288.0,2.3,,2023-10-26,Resale,,24860,"Greenville-Anderson-Greer, SC"
2702222,45045,0525.06-01-133.00,"18 HOPPIN JOHN LN, TAYLORS, SC 29687",29687,SC,34.929917,-82.341848,SFR,1988.0,6.0,4.0,3636.0,0.5344353,590000.0,2025-08-29,Resale,162.27,24860,"Greenville-Anderson-Greer, SC"
2710930,45045,0566.05-01-026.00,"303 FAIRVIEW LAKE WAY, SIMPSONVILLE, SC 29680",29680,SC,34.701388,-82.251141,SFR,1997.0,3.0,3.0,1820.0,,,2025-03-19,Resale,,24860,"Greenville-Anderson-Greer, SC"
2720135,45045,0584.04-01-017.00,"19 OXBOW CT, SIMPSONVILLE, SC 29680",29680,SC,34.704128,-82.314061,SFR,1998.0,3.0,2.0,2016.0,,290000.0,2025-01-27,Resale,143.85,24860,"Greenville-Anderson-Greer, SC"
2720136,45045,0575.11-01-149.00,"401 WALKINGSTICK WAY, SIMPSONVILLE, SC 29680",29680,SC,34.704217,-82.306132,SFR,1999.0,3.0,2.0,1822.0,0.2,320000.0,2025-02-27,Resale,175.63,24860,"Greenville-Anderson-Greer, SC"
2720137,45045,0574.20-01-061.00,"34 WINDING CREEK WAY, SIMPSONVILLE, SC 29680",29680,SC,34.735800,-82.304432,SFR,1996.0,3.0,2.0,1234.0,,250350.0,2024-03-26,Resale,202.88,24860,"Greenville-Anderson-Greer, SC"
2737383,45045,0270.01-01-011.00,"1123 PARKINS MILL RD, GREENVILLE, SC 29607",29607,SC,34.818049,-82.364841,SFR,1982.0,4.0,4.0,5556.0,0.9199954,917500.0,2023-06-06,Resale,165.14,24860,"Greenville-Anderson-Greer, SC"
2737404,45045,0203.00-09-002.01,"108 LANNEAU DR, GREENVILLE, SC 29605",29605,SC,34.829372,-82.390771,SFR,1971.0,3.0,3.0,2604.0,0.157989,1050000.0,2023-09-11,Resale,403.23,24860,"Greenville-Anderson-Greer, SC"
2737408,45045,0204.00-06-001.01,"119 OREGON ST, GREENVILLE, SC 29605",29605,SC,34.824778,-82.387654,SFR,1971.0,2.0,2.0,1536.0,0.1690083,569000.0,2024-03-01,Resale,370.44,24860,"Greenville-Anderson-Greer, SC"
2737410,45045,0203.00-06-004.00,"10 LONGVIEW TER, GREENVILLE, SC 29605",29605,SC,34.828687,-82.387779,SFR,1938.0,4.0,4.0,6012.0,0.6489899,2445000.0,2025-01-17,Resale,406.69,24860,"Greenville-Anderson-Greer, SC"
2759609,45045,0215.00-05-031.00,"315 WACCAMAW AVE, GREENVILLE, SC 29605",29605,SC,34.816904,-82.394967,SFR,1964.0,2.0,2.0,1311.0,0.5839991,340000.0,2015-07-10,Resale,259.34,24860,"Greenville-Anderson-Greer, SC"
2759628,45045,0239.01-08-009.00,"116 KNOLLVIEW DR, GREENVILLE, SC 29611",29611,SC,34.835794,-82.481284,SFR,1963.0,3.0,2.0,2336.0,0.8539945,430000.0,2025-12-08,Resale,184.08,24860,"Greenville-Anderson-Greer, SC"
2759633,45045,0239.01-05-006.00,"11 KNOLLVIEW DR, GREENVILLE, SC 29611",29611,SC,34.835088,-82.480916,RESIDENTIAL - VACANT LAND,,,,,0.395,75000.0,2025-11-07,Construction Loan/Financing,,24860,"Greenville-Anderson-Greer, SC"
2759641,45045,0216.01-01-026.00,"100 LEWIS DR, GREENVILLE, SC 29605",29605,SC,34.824507,-82.398924,SFR,1958.0,2.0,1.0,832.0,,225000.0,2025-09-22,Resale,270.43,24860,"Greenville-Anderson-Greer, SC"
2759645,45045,0216.01-01-075.00,"100 LEWIS DR, GREENVILLE, SC 29605",29605,SC,34.825944,-82.400232,SFR,1958.0,1.0,1.0,459.0,,121300.0,2024-03-03,Resale,264.27,24860,"Greenville-Anderson-Greer, SC"
2759646,45045,0216.01-01-044.00,"100 LEWIS DR, GREENVILLE, SC 29605",29605,SC,34.824367,-82.399616,SFR,1958.0,2.0,1.0,832.0,,237000.0,2025-07-31,Resale,284.86,24860,"Greenville-Anderson-Greer, SC"
2759654,45045,0219.00-08-027.00,"15 ARTHUR AVE, GREENVILLE, SC 29605",29605,SC,34.827957,-82.405011,SFR,1949.0,4.0,3.0,2598.0,0.2440083,675000.0,2024-03-15,Resale,259.82,24860,"Greenville-Anderson-Greer, SC"
2759655,45045,0219.00-13-016.00,"115 BROOKWAY DR, GREENVILLE, SC 29605",29605,SC,34.826970,-82.407209,SFR,1964.0,4.0,3.0,1965.0,0.2230028,650000.0,2025-03-24,Resale,330.79,24860,"Greenville-Anderson-Greer, SC"
2772536,45045,0535.08-01-150.00,"133 FAWNBROOK DR, GREER, SC 29650",29650,SC,34.909673,-82.252227,SFR,1996.0,3.0,2.0,1956.0,0.17,385000.0,2026-05-01,Resale,196.83,24860,"Greenville-Anderson-Greer, SC"
2772543,45045,0429.00-01-040.01,"19 ENGEL DR, GREENVILLE, SC 29617",29617,SC,34.916033,-82.445604,SFR,1966.0,3.0,3.0,2170.0,0.4017447,425000.0,2024-07-17,Resale,195.85,24860,"Greenville-Anderson-Greer, SC"
2772556,45045,0413.04-01-006.00,"17 BROCKMORE DR, GREENVILLE, SC 29605",29605,SC,34.751742,-82.350019,SFR,2000.0,4.0,3.0,1979.0,0.2760101,320000.0,2024-05-06,Resale,161.7,24860,"Greenville-Anderson-Greer, SC"
2777374,45045,0556.07-01-027.00,"1705 MORNING MEADOW DR, FOUNTAIN INN, SC 29644",29644,SC,34.710369,-82.183856,SFR,2000.0,3.0,2.0,1212.0,0.2,250000.0,2023-12-05,Resale,206.27,24860,"Greenville-Anderson-Greer, SC"
2777381,45045,0540.36-01-005.00,"17 WEYBRIDGE CT, GREENVILLE, SC 29615",29615,SC,34.849170,-82.300486,SFR,1997.0,3.0,3.0,2919.0,,569000.0,2023-08-31,Resale,194.93,24860,"Greenville-Anderson-Greer, SC"
2777392,45045,0290.03-01-026.00,"210 BOOTHBAY CT, SIMPSONVILLE, SC 29681",29681,SC,34.771780,-82.285111,SFR,2003.0,3.0,3.0,1795.0,,321800.0,2025-10-20,Resale,179.28,24860,"Greenville-Anderson-Greer, SC"
2777405,45045,0210.00-03-056.00,"101 BROOKSIDE WAY, GREENVILLE, SC 29605",29605,SC,34.810874,-82.373056,SFR,1950.0,6.0,3.0,3549.0,0.6269972,1863888.0,2025-05-20,Resale,525.19,24860,"Greenville-Anderson-Greer, SC"
2777417,45045,0575.11-01-018.00,"35 CROSSVINE WAY, SIMPSONVILLE, SC 29680",29680,SC,34.700744,-82.303258,SFR,1994.0,3.0,3.0,2064.0,,320000.0,2023-08-07,Resale,155.04,24860,"Greenville-Anderson-Greer, SC"
2777427,45045,0537.07-01-060.00,"2 BIRCH TREE RD, GREER, SC 29651",29651,SC,34.973130,-82.241945,SFR,1998.0,3.0,2.0,1753.0,0.5899908,332000.0,2025-07-10,Resale,189.39,24860,"Greenville-Anderson-Greer, SC"
2777434,45045,0506.08-01-021.00,"12 RAWOOD DR, TRAVELERS REST, SC 29690",29690,SC,34.982172,-82.453596,SFR,1966.0,3.0,2.0,1225.0,0.4993113,230000.0,2023-12-13,Resale,187.76,24860,"Greenville-Anderson-Greer, SC"
2777439,45045,T027.01-01-201.00,"1013 HAVELOCK DR, TAYLORS, SC 29687",29687,SC,34.935209,-82.322075,SFR,1988.0,3.0,2.0,1300.0,0.2341598,295000.0,2025-12-19,Resale,226.92,24860,"Greenville-Anderson-Greer, SC"
2777453,45045,0511.02-01-011.05,"200 FRANK BROWN RD, TRAVELERS REST, SC 29690",29690,SC,34.963054,-82.507126,SFR,1967.0,3.0,1.0,1422.0,5.0,275000.0,2024-03-25,Resale,193.39,24860,"Greenville-Anderson-Greer, SC"
2794590,45045,0492.00-01-018.01,"5803 STATE PARK RD, TRAVELERS REST, SC 29690",29690,SC,34.967610,-82.419822,SFR,1955.0,3.0,1.0,944.0,0.6446281,125000.0,2024-07-10,Resale,132.42,24860,"Greenville-Anderson-Greer, SC"
2794594,45045,0575.09-01-052.00,"10 BROOK RUN CT, SIMPSONVILLE, SC 29680",29680,SC,34.708314,-82.290343,SFR,1995.0,4.0,3.0,2590.0,,450000.0,2024-06-03,Resale,173.75,24860,"Greenville-Anderson-Greer, SC"
2794609,45045,0535.12-01-029.00,"36 BAILESS CT, GREER, SC 29650",29650,SC,34.899540,-82.253783,SFR,2001.0,3.0,2.0,1012.0,,40000.0,2024-08-21,Resale,39.53,24860,"Greenville-Anderson-Greer, SC"
2794614,45045,0532.00-03-001.00,"111 WOOD DR, GREER, SC 29651",29651,SC,34.912704,-82.235569,SFR,1964.0,1.0,1.0,1356.0,0.4183884,70000.0,2025-11-12,Resale,51.62,24860,"Greenville-Anderson-Greer, SC"
2794619,45045,0535.12-01-025.00,"44 BAILESS CT, GREER, SC 29650",29650,SC,34.899804,-82.253382,SFR,2001.0,2.0,2.0,1068.0,0.024,234900.0,2026-02-24,Resale,219.94,24860,"Greenville-Anderson-Greer, SC"
2794630,45045,0539.19-01-067.00,"2 MIDDLECREEK WAY, GREENVILLE, SC 29607",29607,SC,34.804373,-82.269034,SFR,1991.0,4.0,3.0,2135.0,,390000.0,2025-05-13,Resale,182.67,24860,"Greenville-Anderson-Greer, SC"
2794643,45045,0372.00-01-089.00,"101 LANCASTER LN, GREENVILLE, SC 29605",29605,SC,34.789262,-82.390914,SFR,1960.0,3.0,2.0,2136.0,0.257,355000.0,2026-02-02,Resale,166.2,24860,"Greenville-Anderson-Greer, SC"
2811722,45045,0539.03-01-007.21,"12 GERMANDER CT, GREENVILLE, SC 29615",29615,SC,34.828535,-82.257828,SFR,1998.0,3.0,2.0,2256.0,,515615.0,2025-12-08,Resale,228.55,24860,"Greenville-Anderson-Greer, SC"
2821332,45045,0159.00-05-003.00,"101 BUD ST, GREENVILLE, SC 29617",29617,SC,34.885071,-82.430597,SFR,1956.0,3.0,2.0,1461.0,0.3450413,355000.0,2024-06-27,New Construction,242.98,24860,"Greenville-Anderson-Greer, SC"
2821350,45045,B004.04-01-063.01,"589 CLUB DR, GREENVILLE, SC 29611",29611,SC,34.879745,-82.488814,MOBILE HOME,,,,,0.344,250000.0,2026-02-26,Resale,,24860,"Greenville-Anderson-Greer, SC"
2821352,45045,B005.01-01-016.25,"408 WINDING BROOK CT, GREENVILLE, SC 29617",29617,SC,34.908212,-82.471784,RESIDENTIAL - VACANT LAND,,,,,0.7,89000.0,2026-04-07,Resale,,24860,"Greenville-Anderson-Greer, SC"
2821353,45045,B005.01-01-016.10,"315 WINDING BROOK CT, GREENVILLE, SC 29617",29617,SC,34.907047,-82.469408,SFR,2004.0,5.0,3.0,2988.0,0.5019972,490000.0,2025-06-23,Resale,163.99,24860,"Greenville-Anderson-Greer, SC"
2928426,45045,0135.00-03-013.00,"6 FORTNER ST, GREENVILLE, SC 29611",29611,SC,34.862082,-82.433572,SFR,1950.0,2.0,1.0,856.0,0.2038567,128000.0,2023-08-31,Resale,149.53,24860,"Greenville-Anderson-Greer, SC"
3027752,45045,0296.00-01-056.00,"110 ROBIN RD, SIMPSONVILLE, SC 29681",29681,SC,34.762678,-82.263156,SFR,1993.0,3.0,2.0,2244.0,0.8264463,439900.0,2025-05-15,Resale,196.03,24860,"Greenville-Anderson-Greer, SC"
3027771,45045,0574.20-01-010.00,"203 GREAT OAKS WAY, SIMPSONVILLE, SC 29680",29680,SC,34.736694,-82.306013,SFR,1996.0,3.0,2.0,1426.0,,260000.0,2025-09-12,Resale,182.33,24860,"Greenville-Anderson-Greer, SC"
3027781,45045,0574.20-01-029.00,"511 GREAT OAKS WAY, SIMPSONVILLE, SC 29680",29680,SC,34.737772,-82.301999,SFR,1994.0,3.0,2.0,1442.0,,290000.0,2025-03-04,Resale,201.11,24860,"Greenville-Anderson-Greer, SC"
3039746,45045,0370.00-04-008.00,"11 FOXHALL RD, GREENVILLE, SC 29605",29605,SC,34.786450,-82.380046,SFR,1955.0,3.0,1.5,1072.0,0.6,205000.0,2026-03-10,Resale,191.23,24860,"Greenville-Anderson-Greer, SC"
3056237,45045,0533.18-01-030.00,"21 WOODTRACE CIR, GREENVILLE, SC 29615",29615,SC,34.840448,-82.268182,SFR,1993.0,3.0,2.0,1607.0,,400000.0,2025-05-30,Resale,248.91,24860,"Greenville-Anderson-Greer, SC"
3056238,45045,0533.12-01-020.00,"22 CREEKDALE CT, GREENVILLE, SC 29615",29615,SC,34.841894,-82.268457,SFR,1990.0,3.0,2.0,1528.0,0.282989,350000.0,2024-09-06,Resale,229.06,24860,"Greenville-Anderson-Greer, SC"
3056240,45045,0533.07-01-040.00,"236 LAKESIDE CIR, GREENVILLE, SC 29615",29615,SC,34.847112,-82.265389,SFR,1987.0,2.0,2.0,1293.0,,170000.0,2024-04-22,Resale,131.48,24860,"Greenville-Anderson-Greer, SC"
3056250,45045,B013.01-01-008.00,"117 BEREA DR, GREENVILLE, SC 29617",29617,SC,34.878470,-82.457573,RESIDENTIAL - VACANT LAND,1962.0,3.0,1.0,1414.0,3.062,126453.0,2025-12-31,Resale,89.43,24860,"Greenville-Anderson-Greer, SC"
3056266,45045,P025.00-03-018.08,"135 GREENVISTA LN, GREENVILLE, SC 29609",29609,SC,34.911438,-82.369616,SFR,1992.0,3.0,2.0,1627.0,0.5399908,322000.0,2024-12-16,Resale,197.91,24860,"Greenville-Anderson-Greer, SC"
3056273,45045,P027.00-06-010.00,"1 LINNET DR, GREENVILLE, SC 29609",29609,SC,34.907440,-82.368276,SFR,1955.0,2.0,1.0,1063.0,0.321,,2025-10-10,Resale,,24860,"Greenville-Anderson-Greer, SC"
3096904,45045,0549.04-01-065.00,"202 GOLDENSTAR LN, GREER, SC 29651",29651,SC,34.816079,-82.202148,SFR,2005.0,4.0,5.0,3287.0,0.7899908,753900.0,2024-05-20,Resale,229.36,24860,"Greenville-Anderson-Greer, SC"
3096905,45045,0549.04-01-036.00,"108 GOLDENSTAR LN, GREER, SC 29651",29651,SC,34.816599,-82.202815,SFR,2004.0,4.0,3.0,2708.0,0.858,575000.0,2026-02-24,Resale,212.33,24860,"Greenville-Anderson-Greer, SC"
3096907,45045,M002.01-02-002.13,"52 RIDGESTONE CIR, MAULDIN, SC 29662",29662,SC,34.787235,-82.307879,SFR,2003.0,2.0,3.0,1200.0,0.0129936,,2024-08-13,Resale,,24860,"Greenville-Anderson-Greer, SC"
3096918,45045,G015.00-02-007.00,"203 GREEN ST, GREER, SC 29650",29650,SC,34.944095,-82.233202,SFR,1940.0,2.0,1.0,848.0,0.3,229900.0,2026-04-21,Resale,271.11,24860,"Greenville-Anderson-Greer, SC"
3096921,45045,G018.00-05-014.00,"113 VILLAGE CT, GREER, SC 29651",29651,SC,34.952688,-82.232731,SFR,1983.0,3.0,2.0,1408.0,0.1629936,150000.0,2024-10-31,Resale,106.53,24860,"Greenville-Anderson-Greer, SC"
3096924,45045,G015.00-02-004.02,"110 EDWARDS AVE, GREER, SC 29650",29650,SC,34.945281,-82.233779,SFR,1999.0,3.0,2.0,1260.0,0.17,265000.0,2026-03-30,Resale,210.32,24860,"Greenville-Anderson-Greer, SC"
3096925,45045,T029.04-01-263.00,"302 STONINGTON WAY, TAYLORS, SC 29687",29687,SC,34.920934,-82.328392,SFR,2001.0,3.0,2.0,1738.0,0.2699954,370000.0,2024-06-06,Resale,212.89,24860,"Greenville-Anderson-Greer, SC"
3096927,45045,T029.04-01-244.00,"403 PHEASANT RIDGE DR, TAYLORS, SC 29687",29687,SC,34.920105,-82.329109,SFR,2002.0,3.0,2.0,1330.0,0.27,268500.0,2024-11-01,Resale,201.88,24860,"Greenville-Anderson-Greer, SC"
3096930,45045,T029.04-01-243.00,"402 PHEASANT RIDGE DR, TAYLORS, SC 29687",29687,SC,34.919870,-82.328622,SFR,2001.0,3.0,2.0,1478.0,0.2399908,295000.0,2024-08-01,Resale,199.59,24860,"Greenville-Anderson-Greer, SC"
3096935,45045,T029.04-01-112.00,"10 PHEASANT RIDGE DR, TAYLORS, SC 29687",29687,SC,34.916017,-82.327054,SFR,1998.0,3.0,2.0,1753.0,0.307,345000.0,2023-10-12,Resale,196.81,24860,"Greenville-Anderson-Greer, SC"
3107641,45045,0184.00-01-106.01,"11 TABOR ST, GREENVILLE, SC 29609",29609,SC,34.880023,-82.382033,SFR,1966.0,2.0,1.0,832.0,0.1890037,394000.0,2024-06-04,Resale,473.56,24860,"Greenville-Anderson-Greer, SC"
3107646,45045,0563.01-01-020.01,"1050 NASH MILL ROAD EXT, FOUNTAIN INN, SC 29644",29644,SC,34.630431,-82.240843,SFR,1978.0,3.0,2.0,1930.0,1.0,,2025-09-10,Resale,,24860,"Greenville-Anderson-Greer, SC"
3107657,45045,0558.01-01-063.00,"2 WINDROW LN, FOUNTAIN INN, SC 29644",29644,SC,34.659311,-82.209677,SFR,2005.0,3.0,2.0,2597.0,0.6,470000.0,2023-12-06,Resale,180.98,24860,"Greenville-Anderson-Greer, SC"
3107674,45045,0166.00-06-017.00,"600 N FRANKLIN RD, GREENVILLE, SC 29609",29609,SC,34.888977,-82.415925,SFR,1971.0,3.0,2.0,1595.0,0.2391185,434300.0,2024-05-09,Resale,272.29,24860,"Greenville-Anderson-Greer, SC"
3107677,45045,0235.00-09-017.00,"106 S OLD WHITE HORSE RD, GREENVILLE, SC 29611",29611,SC,34.848197,-82.446945,SFR,1930.0,2.0,2.0,740.0,0.12,80000.0,2025-09-29,Resale,108.11,24860,"Greenville-Anderson-Greer, SC"
3107682,45045,0575.08-01-022.00,"1 FOXGLEN CT, SIMPSONVILLE, SC 29680",29680,SC,34.703055,-82.281573,SFR,1994.0,3.0,3.0,3116.0,,555000.0,2025-10-28,Resale,178.11,24860,"Greenville-Anderson-Greer, SC"
3107684,45045,0575.15-01-023.00,"408 WORCHESTER PL, SIMPSONVILLE, SC 29680",29680,SC,34.706592,-82.281005,SFR,1999.0,4.0,3.0,2901.0,,484000.0,2024-07-18,Resale,166.84,24860,"Greenville-Anderson-Greer, SC"
3107685,45045,0575.14-01-030.00,"6 BRIGHTLEAF CT, SIMPSONVILLE, SC 29680",29680,SC,34.705936,-82.285189,SFR,1998.0,3.0,3.0,2480.0,,474900.0,2024-05-06,Resale,191.49,24860,"Greenville-Anderson-Greer, SC"
3113102,45045,0548.32-01-018.00,"221 TROTTERS RIDGE LN, SIMPSONVILLE, SC 29681",29681,SC,34.780196,-82.245501,SFR,1998.0,3.0,2.0,1897.0,,392000.0,2023-11-03,Resale,206.64,24860,"Greenville-Anderson-Greer, SC"
3113105,45045,0548.32-01-003.00,"100 TROTTERS RIDGE LN, SIMPSONVILLE, SC 29681",29681,SC,34.779556,-82.247985,SFR,1997.0,3.0,2.0,1995.0,0.248,365000.0,2024-03-08,Resale,182.96,24860,"Greenville-Anderson-Greer, SC"
3113121,45045,0331.01-01-056.00,"502 WATERSTONE WAY, SIMPSONVILLE, SC 29680",29680,SC,34.699262,-82.246635,SFR,2000.0,3.0,3.0,2758.0,,400000.0,2025-03-26,Resale,145.03,24860,"Greenville-Anderson-Greer, SC"
3118663,45045,T008.01-01-005.00,"103 STONE RIVER WAY, TAYLORS, SC 29687",29687,SC,34.932620,-82.298069,SFR,1999.0,3.0,3.0,2294.0,0.2600092,380000.0,2024-07-19,Resale,165.65,24860,"Greenville-Anderson-Greer, SC"
3118666,45045,T009.06-01-078.01,"5 WILLIAMS RD, TAYLORS, SC 29687",29687,SC,34.940115,-82.297929,SFR,1963.0,2.0,2.0,1623.0,0.4,268000.0,2023-08-17,Resale,165.13,24860,"Greenville-Anderson-Greer, SC"
3118673,45045,0551.02-01-005.00,"141 KINGSWOOD CIR, SIMPSONVILLE, SC 29681",29681,SC,34.786935,-82.170879,SFR,1994.0,3.0,3.0,1892.0,1.33,510000.0,2025-03-06,Resale,269.56,24860,"Greenville-Anderson-Greer, SC"
3118679,45045,0506.06-01-028.00,"334 WILLIAMS RD, TRAVELERS REST, SC 29690",29690,SC,34.980166,-82.448543,SFR,1978.0,3.0,2.0,1400.0,0.6508264,,2024-06-12,Resale,,24860,"Greenville-Anderson-Greer, SC"
3118682,45045,0583.01-01-002.03,"2 PAGE LN, GREENVILLE, SC 29607",29607,SC,34.749775,-82.324568,SFR,1970.0,3.0,4.0,5133.0,1.063,595800.0,2023-12-15,Resale,116.07,24860,"Greenville-Anderson-Greer, SC"
3118690,45045,0559.07-01-231.00,"9 FIELDCREST CT, SIMPSONVILLE, SC 29681",29681,SC,34.774763,-82.218602,SFR,1994.0,3.0,2.0,1253.0,,291000.0,2025-05-02,Resale,232.24,24860,"Greenville-Anderson-Greer, SC"
3118691,45045,0559.09-01-048.00,"100 GROVETON CT, SIMPSONVILLE, SC 29681",29681,SC,34.774404,-82.215371,SFR,2001.0,3.0,2.0,1353.0,,298000.0,2023-12-28,Resale,220.25,24860,"Greenville-Anderson-Greer, SC"
3118696,45045,0332.02-01-023.00,"6 ARBORDALE LN, SIMPSONVILLE, SC 29680",29680,SC,34.710010,-82.268218,SFR,1995.0,3.0,2.5,1958.0,0.044,311000.0,2024-09-03,Resale,158.84,24860,"Greenville-Anderson-Greer, SC"
3118721,45045,0274.03-01-104.00,"212 DELLWOOD DR, GREENVILLE, SC 29609",29609,SC,34.876242,-82.369131,SFR,1963.0,3.0,2.0,1170.0,0.2559917,290000.0,2023-08-16,Resale,247.86,24860,"Greenville-Anderson-Greer, SC"
3133641,45045,0538.03-01-002.31,"16 DANCHRIS CT, TAYLORS, SC 29687",29687,SC,34.899824,-82.311477,SFR,1997.0,3.0,3.0,1270.0,,290000.0,2025-07-03,Resale,228.35,24860,"Greenville-Anderson-Greer, SC"
3133642,45045,P016.01-01-334.00,"14 HAMPSHIRE DR, TAYLORS, SC 29687",29687,SC,34.897471,-82.316793,SFR,1967.0,3.0,2.0,1387.0,0.4132231,280000.0,2024-07-18,Resale,201.87,24860,"Greenville-Anderson-Greer, SC"
3135333,45045,0537.01-06-010.00,"209 CLEARVIEW DRIVE EXT, GREER, SC 29651",29651,SC,34.958877,-82.247970,SFR,1968.0,3.0,2.0,2125.0,0.4981635,265000.0,2024-05-31,Resale,124.71,24860,"Greenville-Anderson-Greer, SC"
3135334,45045,0631.05-01-013.09,"15 BECKY GIBSON RD, GREER, SC 29651",29651,SC,34.993850,-82.240712,SFR,1999.0,3.0,2.0,1096.0,0.5739899,260000.0,2025-10-16,Resale,237.23,24860,"Greenville-Anderson-Greer, SC"
3140108,45045,0337.01-01-037.00,"9 FLANNERY CT, FOUNTAIN INN, SC 29644",29644,SC,34.698167,-82.222762,SFR,1995.0,3.0,2.0,1155.0,,235000.0,2023-09-22,Resale,203.46,24860,"Greenville-Anderson-Greer, SC"
3140112,45045,0213.00-06-005.00,"12 HIGH HILL ST, GREENVILLE, SC 29605",29605,SC,34.812109,-82.388946,SFR,1955.0,2.0,1.0,819.0,0.215,380000.0,2026-04-10,Resale,463.98,24860,"Greenville-Anderson-Greer, SC"
3148575,45045,P015.13-01-216.00,"113 RIVIERA DR, GREENVILLE, SC 29615",29615,SC,34.880760,-82.330178,SFR,1974.0,4.0,2.0,1972.0,0.379,491000.0,2024-07-05,Resale,248.99,24860,"Greenville-Anderson-Greer, SC"
3148577,45045,0277.04-01-094.00,"327 MIMOSA DR, GREENVILLE, SC 29615",29615,SC,34.876187,-82.332658,SFR,1967.0,3.0,2.0,1703.0,0.3832645,399000.0,2025-04-08,Resale,234.29,24860,"Greenville-Anderson-Greer, SC"
3148581,45045,0534.33-01-096.00,"205 ASCOT RIDGE LN, GREER, SC 29650",29650,SC,34.880430,-82.259902,SFR,2000.0,4.0,4.0,3845.0,0.2550046,647500.0,2025-08-29,Resale,168.4,24860,"Greenville-Anderson-Greer, SC"
3148583,45045,0534.26-01-054.00,"9 CRIMSON CT, GREER, SC 29650",29650,SC,34.873826,-82.256076,SFR,2001.0,4.0,4.0,4107.0,,1095000.0,2024-05-22,Resale,266.62,24860,"Greenville-Anderson-Greer, SC"
3148600,45045,B009.01-01-023.00,"24 SULPHUR SPRINGS DR, GREENVILLE, SC 29617",29617,SC,34.890907,-82.445092,SFR,1960.0,3.0,2.0,1118.0,1.7,,2023-09-28,Resale,,24860,"Greenville-Anderson-Greer, SC"
3148604,45045,B009.01-02-012.10,"100 SULPHUR SPRINGS DR, GREENVILLE, SC 29617",29617,SC,34.889090,-82.444381,SFR,1982.0,4.0,2.0,1152.0,,225000.0,2025-07-03,Resale,195.31,24860,"Greenville-Anderson-Greer, SC"
3148607,45045,0574.21-01-078.00,"402 GOLDENRAIN WAY, SIMPSONVILLE, SC 29680",29680,SC,34.741285,-82.299184,SFR,1997.0,3.0,2.0,2292.0,0.45,325000.0,2024-04-05,Resale,141.8,24860,"Greenville-Anderson-Greer, SC"
3148610,45045,0574.18-01-030.00,"131 W LONG CREEK CT, SIMPSONVILLE, SC 29680",29680,SC,34.735950,-82.300574,SFR,1993.0,3.0,2.0,1512.0,,280000.0,2025-04-03,Resale,185.19,24860,"Greenville-Anderson-Greer, SC"
3148613,45045,0574.18-01-009.00,"7 E LONG CREEK CT, SIMPSONVILLE, SC 29680",29680,SC,34.735982,-82.296338,SFR,1992.0,3.0,2.0,1260.0,,237000.0,2025-10-16,Resale,188.1,24860,"Greenville-Anderson-Greer, SC"
3152915,45045,0534.24-01-017.00,"2 STONE VALLEY CT, GREER, SC 29650",29650,SC,34.892542,-82.260032,SFR,1995.0,4.0,4.0,2846.0,,601000.0,2024-03-18,Resale,211.17,24860,"Greenville-Anderson-Greer, SC"
3152919,45045,0535.11-01-048.00,"19 ENOREE VIEW DR, GREER, SC 29650",29650,SC,34.896342,-82.256659,SFR,1999.0,2.0,2.0,1144.0,,240000.0,2024-03-04,Resale,209.79,24860,"Greenville-Anderson-Greer, SC"
3152923,45045,0534.15-01-057.00,"107 RIVER OAKS RD, GREER, SC 29650",29650,SC,34.893556,-82.264112,SFR,1989.0,3.0,3.0,2270.0,,650000.0,2024-10-30,Resale,286.34,24860,"Greenville-Anderson-Greer, SC"
3152924,45045,0535.11-01-056.00,"6 ENOREE VIEW DR, GREER, SC 29650",29650,SC,34.896897,-82.256876,SFR,1999.0,2.0,2.0,1144.0,,242000.0,2025-09-27,Resale,211.54,24860,"Greenville-Anderson-Greer, SC"
3155451,45045,0291.00-01-002.19,"118 CEDAR RIDGE LN, SIMPSONVILLE, SC 29681",29681,SC,34.773626,-82.270811,SFR,1990.0,3.0,2.0,1517.0,,262500.0,2024-06-03,Resale,173.04,24860,"Greenville-Anderson-Greer, SC"
3159715,45045,B005.02-01-016.00,"1051 W DUNCAN RD, GREENVILLE, SC 29617",29617,SC,34.894810,-82.469744,SFR,1984.0,2.0,2.0,1164.0,0.37,215000.0,2026-04-02,Resale,184.71,24860,"Greenville-Anderson-Greer, SC"
3159720,45045,0548.29-01-031.00,"221 ASHRIDGE WAY, SIMPSONVILLE, SC 29681",29681,SC,34.802368,-82.218592,SFR,1996.0,3.0,2.0,1500.0,,250000.0,2025-09-04,Resale,166.67,24860,"Greenville-Anderson-Greer, SC"
3188797,45045,0663.04-01-010.00,"204 LAKE HILLS LN, TRAVELERS REST, SC 29690",29690,SC,35.135111,-82.441501,SFR,2007.0,3.0,2.0,4168.0,1.12,1475000.0,2025-04-14,Resale,353.89,24860,"Greenville-Anderson-Greer, SC"
3188813,45045,0538.14-01-096.00,"614 GRAY FOX SQ, TAYLORS, SC 29687",29687,SC,34.899069,-82.300557,SFR,1983.0,3.0,2.0,1812.0,0.269,355000.0,2026-03-02,Resale,195.92,24860,"Greenville-Anderson-Greer, SC"
3188814,45045,0538.14-01-091.00,"604 GRAY FOX SQ, TAYLORS, SC 29687",29687,SC,34.900105,-82.299271,SFR,1983.0,3.0,2.0,1844.0,0.3641414,350000.0,2025-12-11,Resale,189.8,24860,"Greenville-Anderson-Greer, SC"
3188821,45045,0538.05-01-052.00,"5 BRUSHY CREEK RDG, TAYLORS, SC 29687",29687,SC,34.895970,-82.290715,SFR,1986.0,3.0,2.0,1498.0,0.4483471,337000.0,2025-09-26,Resale,224.97,24860,"Greenville-Anderson-Greer, SC"
3188830,45045,M007.02-01-385.00,"110 PEACH GROVE PL, MAULDIN, SC 29662",29662,SC,34.765386,-82.320958,SFR,2003.0,3.0,2.0,1555.0,,358000.0,2024-11-22,Resale,230.23,24860,"Greenville-Anderson-Greer, SC"
3188835,45045,0574.19-01-023.00,"405 TWIN FALLS DR, SIMPSONVILLE, SC 29680",29680,SC,34.733173,-82.302970,SFR,1993.0,3.0,2.0,1057.0,,,2024-07-06,Resale,,24860,"Greenville-Anderson-Greer, SC"
3188837,45045,0574.19-01-012.00,"221 TWIN FALLS DR, SIMPSONVILLE, SC 29680",29680,SC,34.732320,-82.300435,SFR,1993.0,3.0,2.0,1223.0,0.271,,2026-02-16,REO (Real Estate-Owned),,24860,"Greenville-Anderson-Greer, SC"
3188839,45045,0537.18-01-004.00,"206 SAINT CROIX CT, GREER, SC 29651",29651,SC,34.966625,-82.240592,SFR,2004.0,3.0,2.0,2019.0,0.2780073,340000.0,2025-01-15,Resale,168.4,24860,"Greenville-Anderson-Greer, SC"
3194655,45045,0630.04-01-055.00,"201 AMARILLO TRL, GREER, SC 29651",29651,SC,35.020331,-82.263410,MOBILE HOME,1990.0,,2.0,960.0,,,2025-08-26,Resale,,24860,"Greenville-Anderson-Greer, SC"
3194665,45045,0584.04-01-003.00,"5 RIVEREEN WAY, SIMPSONVILLE, SC 29680",29680,SC,34.706222,-82.314526,SFR,2001.0,3.0,2.0,1191.0,0.472,269000.0,2026-03-12,Resale,225.86,24860,"Greenville-Anderson-Greer, SC"
3194668,45045,0170.00-04-044.04,"221 CHURCH ST, GREENVILLE, SC 29609",29609,SC,34.881364,-82.414011,SFR,1980.0,2.0,1.0,836.0,0.1190083,199900.0,2023-08-01,Resale,239.11,24860,"Greenville-Anderson-Greer, SC"
3194676,45045,0290.01-01-111.00,"108 SETTERS CT, MAULDIN, SC 29662",29662,SC,34.777389,-82.284657,SFR,1985.0,3.0,2.0,2208.0,0.254,312000.0,2026-01-19,Resale,141.3,24860,"Greenville-Anderson-Greer, SC"
3194683,45045,B004.01-01-113.00,"16 COUNTY CORK DR, GREENVILLE, SC 29611",29611,SC,34.893920,-82.475270,SFR,1970.0,3.0,2.0,1196.0,0.3646924,315000.0,2025-12-01,Resale,263.38,24860,"Greenville-Anderson-Greer, SC"
3194691,45045,0516.00-06-010.00,"112 BATSON AVE, MARIETTA, SC 29661",29661,SC,35.020730,-82.504029,SFR,1950.0,2.0,1.0,942.0,0.3443526,,2023-04-24,Resale,,24860,"Greenville-Anderson-Greer, SC"
3194695,45045,P023.00-01-005.16,"7 CREEK VIEW CT, GREENVILLE, SC 29609",29609,SC,34.924175,-82.350764,SFR,1987.0,4.0,3.0,2613.0,,484000.0,2023-06-29,Resale,185.23,24860,"Greenville-Anderson-Greer, SC"
3194696,45045,P023.05-01-037.00,"100 SANDTRAP CT, GREENVILLE, SC 29609",29609,SC,34.919154,-82.345958,SFR,1999.0,3.0,2.0,2586.0,0.235,516000.0,2026-05-19,Resale,199.54,24860,"Greenville-Anderson-Greer, SC"
3194713,45045,0533.26-01-012.00,"648 IVYBROOKE AVE, GREENVILLE, SC 29615",29615,SC,34.851149,-82.265382,SFR,2001.0,3.0,2.0,1858.0,0.068,,2026-04-22,Resale,,24860,"Greenville-Anderson-Greer, SC"
3194722,45045,0535.19-01-022.00,"9 ALLENWOOD LN, GREER, SC 29650",29650,SC,34.897654,-82.260003,SFR,1999.0,2.0,2.0,1077.0,0.0399908,183000.0,2024-07-16,Resale,169.92,24860,"Greenville-Anderson-Greer, SC"
3200061,45045,0534.05-01-039.00,"103 BURGOYNE CT, GREER, SC 29650",29650,SC,34.885409,-82.257019,SFR,1983.0,3.0,2.0,1567.0,0.1951331,345000.0,2025-04-04,Resale,220.17,24860,"Greenville-Anderson-Greer, SC"
3200064,45045,0540.14-01-164.00,"605 HEDGEWOOD TER, GREER, SC 29650",29650,SC,34.868568,-82.303481,SFR,1980.0,3.0,2.0,1985.0,0.3609963,375000.0,2024-05-28,Resale,188.92,24860,"Greenville-Anderson-Greer, SC"
3202912,45045,0537.01-04-012.00,"331 ENDLESS DR, GREER, SC 29651",29651,SC,34.961073,-82.248635,SFR,1998.0,3.0,2.0,1176.0,0.379,253000.0,2024-03-21,Resale,215.14,24860,"Greenville-Anderson-Greer, SC"
3202917,45045,0309.00-01-006.00,"210 S MAIN ST, SIMPSONVILLE, SC 29681",29681,SC,34.734091,-82.255355,SFR,1962.0,3.0,1.0,1296.0,0.6199954,150000.0,2025-04-02,Resale,115.74,24860,"Greenville-Anderson-Greer, SC"
3202919,45045,0321.00-02-006.02,"408 W FERNWOOD RD, SIMPSONVILLE, SC 29681",29681,SC,34.732381,-82.253368,SFR,1945.0,2.0,1.0,1014.0,0.2890037,190000.0,2025-09-19,Resale,187.38,24860,"Greenville-Anderson-Greer, SC"
3202921,45045,0212.00-06-026.00,"21 GATLING AVE, GREENVILLE, SC 29605",29605,SC,34.808193,-82.385075,SFR,1945.0,3.0,1.0,900.0,0.292,,2026-05-07,Resale,,24860,"Greenville-Anderson-Greer, SC"
3202922,45045,0212.00-01-010.00,"11 TYLER ST, GREENVILLE, SC 29605",29605,SC,34.813431,-82.385158,SFR,1964.0,3.0,2.0,1492.0,0.2129936,560625.0,2023-11-21,Resale,375.75,24860,"Greenville-Anderson-Greer, SC"
3206032,45045,0428.00-01-178.00,"318 COVINGTON RD, GREENVILLE, SC 29617",29617,SC,34.906361,-82.433809,SFR,1974.0,3.0,3.0,3836.0,0.738,,2026-05-11,Resale,,24860,"Greenville-Anderson-Greer, SC"
3231129,45045,0525.06-01-285.00,"2 BLACKBERRY CT, TAYLORS, SC 29687",29687,SC,34.932211,-82.351713,SFR,1981.0,3.0,3.0,1642.0,0.1131772,265300.0,2024-06-12,Resale,161.57,24860,"Greenville-Anderson-Greer, SC"
3231131,45045,0525.09-01-018.00,"5 BELLFORT CT, TAYLORS, SC 29687",29687,SC,34.937754,-82.346979,SFR,1989.0,4.0,4.0,2863.0,,525000.0,2025-08-29,Construction Loan/Financing,183.37,24860,"Greenville-Anderson-Greer, SC"
3231133,45045,0526.03-01-042.00,"106 PEBBLE CREEK WAY, TAYLORS, SC 29687",29687,SC,34.915496,-82.348240,SFR,1990.0,3.0,,2522.0,0.236,410000.0,2024-07-05,Resale,162.57,24860,"Greenville-Anderson-Greer, SC"
3231175,45045,0281.00-02-188.00,"116 CORRINE DR, GREENVILLE, SC 29607",29607,SC,34.866520,-82.367660,SFR,1963.0,3.0,2.0,1850.0,0.4789945,560000.0,2025-12-12,Resale,302.7,24860,"Greenville-Anderson-Greer, SC"
3233804,45045,0616.03-01-083.00,"16 HAMMETT ST, PIEDMONT, SC 29673",29673,SC,34.703119,-82.456338,SFR,1945.0,4.0,1.0,1632.0,0.3399908,269000.0,2025-03-03,Resale,164.83,24860,"Greenville-Anderson-Greer, SC"
3233805,45045,0616.02-01-043.00,"3 HAMMETT ST, PIEDMONT, SC 29673",29673,SC,34.704848,-82.456526,SFR,1955.0,3.0,1.0,1773.0,,129900.0,2024-04-17,Resale,73.27,24860,"Greenville-Anderson-Greer, SC"
3233809,45045,0103.00-11-004.00,"50 HUTCHINS ST, GREENVILLE, SC 29605",29605,SC,34.824021,-82.424691,SFR,1940.0,3.0,1.0,1598.0,0.092,160000.0,2025-08-28,Resale,100.13,24860,"Greenville-Anderson-Greer, SC"
3238189,45045,0539.32-01-017.00,"408 ASHBY PARK LN, GREENVILLE, SC 29607",29607,SC,34.811920,-82.273114,SFR,2001.0,3.0,2.0,2325.0,0.3370064,500000.0,2025-03-25,Resale,215.05,24860,"Greenville-Anderson-Greer, SC"
3238194,45045,0539.02-01-003.29,"102 WINEBERRY WAY, GREENVILLE, SC 29615",29615,SC,34.828968,-82.266295,SFR,2002.0,3.0,2.5,2391.0,0.157,495000.0,2026-03-09,Resale,207.03,24860,"Greenville-Anderson-Greer, SC"
3238195,45045,0539.27-01-021.00,"102 BOUCHILLION DR, GREENVILLE, SC 29615",29615,SC,34.826438,-82.271007,SFR,1998.0,3.0,2.0,2265.0,0.239,475000.0,2026-04-17,Resale,209.71,24860,"Greenville-Anderson-Greer, SC"
3238201,45045,B002.03-02-012.00,"2 DEBSYL WAY, GREENVILLE, SC 29611",29611,SC,34.855375,-82.481611,SFR,1985.0,2.0,1.0,940.0,0.2739899,200000.0,2023-07-11,Resale,212.77,24860,"Greenville-Anderson-Greer, SC"
3238203,45045,B002.04-01-046.00,"46 JIB CT, GREENVILLE, SC 29611",29611,SC,34.859022,-82.480602,SFR,1980.0,2.0,3.0,1218.0,,209900.0,2025-04-25,Resale,172.33,24860,"Greenville-Anderson-Greer, SC"
3238205,45045,B002.05-01-087.00,"9 DEBSYL WAY, GREENVILLE, SC 29611",29611,SC,34.854637,-82.481368,SFR,1981.0,3.0,2.0,1528.0,,275000.0,2024-04-04,Resale,179.97,24860,"Greenville-Anderson-Greer, SC"
3252841,45045,0548.22-01-007.00,"27 STAFFORDSHIRE WAY, SIMPSONVILLE, SC 29681",29681,SC,34.790324,-82.229191,SFR,1995.0,3.0,3.0,1536.0,,335000.0,2024-12-27,Resale,218.1,24860,"Greenville-Anderson-Greer, SC"
3271881,45045,0503.03-01-025.03,"909 TUBBS MOUNTAIN RD, TRAVELERS REST, SC 29690",29690,SC,34.991325,-82.438733,SFR,2022.0,2.0,2.0,1727.0,2.7,60000.0,2024-09-10,Resale,34.74,24860,"Greenville-Anderson-Greer, SC"
3271883,45045,0503.03-01-043.01,"941 TUBBS MOUNTAIN RD, TRAVELERS REST, SC 29690",29690,SC,34.992109,-82.439340,SFR,1965.0,3.0,1.0,1404.0,2.96,424500.0,2025-02-06,Resale,302.35,24860,"Greenville-Anderson-Greer, SC"
3271886,45045,0503.03-01-026.06,"840 TUBBS MOUNTAIN RD, TRAVELERS REST, SC 29690",29690,SC,34.990124,-82.437780,SFR,1996.0,4.0,3.0,1912.0,1.6,80000.0,2025-11-20,Resale,41.84,24860,"Greenville-Anderson-Greer, SC"
3271887,45045,0503.03-01-025.08,"831 TUBBS MOUNTAIN RD, TRAVELERS REST, SC 29690",29690,SC,34.989684,-82.439325,SFR,1993.0,3.0,2.0,1550.0,2.33,560000.0,2025-11-12,Resale,361.29,24860,"Greenville-Anderson-Greer, SC"
3295228,45045,0117.00-01-038.00,"1102 EASLEY BRIDGE RD, GREENVILLE, SC 29611",29611,SC,34.837304,-82.433313,SFR,1963.0,3.0,1.0,1228.0,0.1924931,75238.0,2024-06-27,Resale,61.27,24860,"Greenville-Anderson-Greer, SC"
3295231,45045,0538.03-02-057.00,"5 WAPPOO CT, TAYLORS, SC 29687",29687,SC,34.891035,-82.306237,SFR,1997.0,,3.0,1760.0,,325000.0,2024-02-01,Resale,184.66,24860,"Greenville-Anderson-Greer, SC"
3295232,45045,0538.03-02-040.00,"121 LEGRAE LN, TAYLORS, SC 29687",29687,SC,34.890110,-82.308072,SFR,1997.0,,3.0,2475.0,,449000.0,2025-07-21,Resale,181.41,24860,"Greenville-Anderson-Greer, SC"
3295238,45045,T009.09-01-052.00,"20 FISHING RUN CT, TAYLORS, SC 29687",29687,SC,34.950917,-82.296117,SFR,1999.0,3.0,2.0,1904.0,,310000.0,2023-09-07,Resale,162.82,24860,"Greenville-Anderson-Greer, SC"
3295244,45045,B013.04-02-004.00,"1 OAKDALE DR, GREENVILLE, SC 29617",29617,SC,34.869984,-82.443130,SFR,1973.0,4.0,3.0,1694.0,0.2809917,259500.0,2023-08-28,Resale,153.19,24860,"Greenville-Anderson-Greer, SC"
3295247,45045,B011.00-02-031.00,"201 GARDENIA DR, GREENVILLE, SC 29617",29617,SC,34.879083,-82.439149,SFR,1967.0,3.0,1.0,1404.0,0.2177686,231000.0,2025-09-10,Resale,164.53,24860,"Greenville-Anderson-Greer, SC"
3483141,45045,0159.00-04-011.00,"13 STEPHENSON AVE, GREENVILLE, SC 29617",29617,SC,34.883840,-82.429512,SFR,1955.0,3.0,2.5,1501.0,0.185,,,,,24860,"Greenville-Anderson-Greer, SC"
3485619,45045,0540.06-01-062.00,"51 HILLSBOROUGH DR, GREENVILLE, SC 29615",29615,SC,34.863160,-82.310951,SFR,1971.0,3.0,2.0,2424.0,0.4,650000.0,2025-04-03,Resale,268.15,24860,"Greenville-Anderson-Greer, SC"
3485620,45045,0539.36-01-010.00,"345 SURRYWOOD DR, GREENVILLE, SC 29607",29607,SC,34.808525,-82.272602,SFR,2003.0,3.0,2.0,2007.0,0.2629936,375000.0,2025-05-12,Resale,186.85,24860,"Greenville-Anderson-Greer, SC"
3485624,45045,0534.03-01-140.00,"103 OAK RIDGE CT, GREER, SC 29650",29650,SC,34.882249,-82.271069,SFR,1977.0,4.0,2.0,2822.0,0.3939394,560000.0,2024-03-22,Resale,198.44,24860,"Greenville-Anderson-Greer, SC"
3524352,45045,0535.08-01-077.00,"434 RIVERSIDE CHASE CIR, GREER, SC 29650",29650,SC,34.908182,-82.249532,SFR,1995.0,3.0,3.0,1676.0,,260000.0,2025-08-05,Resale,155.13,24860,"Greenville-Anderson-Greer, SC"
3537687,45045,0177.00-12-003.00,"227 BUIST AVE, GREENVILLE, SC 29609",29609,SC,34.869318,-82.402250,SFR,1956.0,2.0,1.0,771.0,0.1859963,,2024-12-16,Resale,,24860,"Greenville-Anderson-Greer, SC"
3537689,45045,0151.00-07-011.00,"201 ORDERS ST, GREENVILLE, SC 29609",29609,SC,34.869469,-82.405849,SFR,1950.0,2.0,1.0,964.0,0.0570018,235000.0,2025-04-14,Resale,243.78,24860,"Greenville-Anderson-Greer, SC"
3584285,45045,B008.05-01-043.00,"103 CREEKPOINT DR, GREENVILLE, SC 29617",29617,SC,34.903140,-82.458261,SFR,1991.0,2.0,2.0,836.0,,,2025-01-03,Resale,,24860,"Greenville-Anderson-Greer, SC"
3584286,45045,B008.05-01-041.00,"107 CREEKPOINT DR, GREENVILLE, SC 29617",29617,SC,34.903027,-82.458015,SFR,1991.0,3.0,2.0,1140.0,,232000.0,2025-03-04,Resale,203.51,24860,"Greenville-Anderson-Greer, SC"
3584293,45045,B008.05-01-004.00,"104 CREEKPOINT DR, GREENVILLE, SC 29617",29617,SC,34.902693,-82.458558,SFR,1991.0,3.0,2.0,1188.0,0.161,245000.0,2024-03-10,Resale,206.23,24860,"Greenville-Anderson-Greer, SC"
3584300,45045,B002.05-01-052.00,"33 SHORE DR, GREENVILLE, SC 29611",29611,SC,34.853962,-82.480443,SFR,1991.0,3.0,2.0,1232.0,0.3067034,,2024-11-03,Resale,,24860,"Greenville-Anderson-Greer, SC"
3584307,45045,0538.04-01-017.41,"208 JONES RD, TAYLORS, SC 29687",29687,SC,34.899589,-82.294374,SFR,2002.0,3.0,2.0,1779.0,0.2300046,320000.0,2025-12-10,Resale,179.88,24860,"Greenville-Anderson-Greer, SC"
3584310,45045,0538.04-01-154.00,"321 ANGIE DR, TAYLORS, SC 29687",29687,SC,34.899856,-82.295642,SFR,1986.0,3.0,3.0,1094.0,,200000.0,2025-05-23,Resale,182.82,24860,"Greenville-Anderson-Greer, SC"
3584316,45045,0538.04-01-110.00,"203 ANGIE DR, TAYLORS, SC 29687",29687,SC,34.897689,-82.295912,SFR,1988.0,3.0,2.5,1762.0,0.156,290000.0,2023-07-27,Resale,164.59,24860,"Greenville-Anderson-Greer, SC"
3584319,45045,0538.04-01-017.22,"1 BRUTON CT, TAYLORS, SC 29687",29687,SC,34.899599,-82.293564,SFR,1999.0,3.0,2.0,1521.0,0.247,328000.0,2026-03-27,Resale,215.65,24860,"Greenville-Anderson-Greer, SC"
3584327,45045,0246.01-01-056.00,"5 STAGE CT, GREENVILLE, SC 29611",29611,SC,34.812790,-82.470495,MOBILE HOME,,,,,0.2,,2025-04-16,Resale,,24860,"Greenville-Anderson-Greer, SC"
3584330,45045,0246.01-01-051.00,"4 STAGE CT, GREENVILLE, SC 29611",29611,SC,34.813138,-82.471106,MOBILE HOME,1999.0,,1.0,1456.0,0.2679982,170000.0,2025-12-29,Resale,116.76,24860,"Greenville-Anderson-Greer, SC"
3584332,45045,0246.01-01-052.00,"6 STAGE CT, GREENVILLE, SC 29611",29611,SC,34.812899,-82.471071,MOBILE HOME,1998.0,,2.0,1344.0,0.2,197000.0,2025-06-11,Resale,146.58,24860,"Greenville-Anderson-Greer, SC"
3584334,45045,0246.01-01-044.00,"11 CHANNEL DR, GREENVILLE, SC 29611",29611,SC,34.812129,-82.471463,MOBILE HOME,,,,,0.2,,2025-04-16,Resale,,24860,"Greenville-Anderson-Greer, SC"
3661336,45045,0550.15-01-032.00,"5 GINGER GOLD DR, SIMPSONVILLE, SC 29681",29681,SC,34.797285,-82.204921,SFR,2002.0,3.0,3.0,2158.0,0.2210055,385000.0,2024-05-17,Resale,178.41,24860,"Greenville-Anderson-Greer, SC"
3661340,45045,0550.15-01-070.00,"102 SMOKEHOUSE DR, SIMPSONVILLE, SC 29681",29681,SC,34.795618,-82.200546,SFR,2002.0,3.0,3.0,2345.0,,359000.0,2024-06-26,Resale,153.09,24860,"Greenville-Anderson-Greer, SC"
3661345,45045,0550.12-01-031.00,"5 WATERTON CREEK CT, SIMPSONVILLE, SC 29681",29681,SC,34.794156,-82.199922,SFR,2002.0,3.0,3.0,1944.0,0.3,306000.0,2024-12-05,Resale,157.41,24860,"Greenville-Anderson-Greer, SC"
3661357,45045,P015.11-04-023.00,"313 ELAINE AVE, TAYLORS, SC 29687",29687,SC,34.893597,-82.328933,SFR,1965.0,3.0,2.0,1225.0,0.2582645,250000.0,2023-09-12,Resale,204.08,24860,"Greenville-Anderson-Greer, SC"
3661361,45045,P016.01-01-409.00,"109 IKES CT, TAYLORS, SC 29687",29687,SC,34.893045,-82.324622,SFR,1978.0,3.0,2.0,1512.0,0.1366391,277000.0,2024-08-12,Resale,183.2,24860,"Greenville-Anderson-Greer, SC"
3661368,45045,P015.11-01-010.00,"103 BREWSTER DR, TAYLORS, SC 29687",29687,SC,34.895685,-82.329522,SFR,1965.0,3.0,2.0,1150.0,0.3149908,270000.0,2025-07-28,Resale,234.78,24860,"Greenville-Anderson-Greer, SC"
3661375,45045,P016.02-01-092.00,"22 FORESTDALE DR, TAYLORS, SC 29687",29687,SC,34.888892,-82.326693,SFR,1970.0,3.0,1.5,1118.0,0.312,,2026-04-16,Resale,,24860,"Greenville-Anderson-Greer, SC"
3661380,45045,0550.10-01-003.00,"3 FARM DELL CT, GREER, SC 29651",29651,SC,34.806427,-82.193122,MOBILE HOME,2002.0,,1.0,1232.0,0.5699954,175000.0,2024-10-23,Resale,142.05,24860,"Greenville-Anderson-Greer, SC"
3661396,45045,0548.39-01-054.00,"4 HAWKESBURY RD, SIMPSONVILLE, SC 29681",29681,SC,34.788733,-82.225577,SFR,2000.0,3.0,2.0,1472.0,0.268,262000.0,2026-01-09,Resale,177.99,24860,"Greenville-Anderson-Greer, SC"
3661430,45045,P015.07-02-030.00,"6 WILDWOOD RD, GREENVILLE, SC 29615",29615,SC,34.892918,-82.349921,SFR,1967.0,2.0,1.0,1401.0,0.3899908,269500.0,2025-07-30,Resale,192.36,24860,"Greenville-Anderson-Greer, SC"
3661454,45045,0239.02-07-002.00,"16 RISON RD, GREENVILLE, SC 29611",29611,SC,34.823726,-82.464923,SFR,1964.0,2.0,2.0,972.0,0.597,275000.0,2026-03-04,Resale,282.92,24860,"Greenville-Anderson-Greer, SC"
3661469,45045,P027.00-03-014.00,"10 STADIUM DR, GREENVILLE, SC 29609",29609,SC,34.904296,-82.369412,SFR,1962.0,4.0,1.0,2240.0,0.7,284900.0,2025-02-25,Resale,127.19,24860,"Greenville-Anderson-Greer, SC"
3661477,45045,0276.00-03-120.01,"7 DREXEL AVE, GREENVILLE, SC 29615",29615,SC,34.877131,-82.349873,SFR,1968.0,3.0,3.0,2915.0,0.5136593,445000.0,2024-12-17,Resale,152.66,24860,"Greenville-Anderson-Greer, SC"
3661492,45045,0277.00-02-078.00,"223 LAKE FAIRFIELD DR, GREENVILLE, SC 29615",29615,SC,34.877718,-82.345839,SFR,1968.0,4.0,3.0,2384.0,0.4393939,240000.0,2024-08-22,Resale,100.67,24860,"Greenville-Anderson-Greer, SC"
3661495,45045,0103.00-09-010.00,"57 ALLEN ST, GREENVILLE, SC 29605",29605,SC,34.822268,-82.423146,SFR,1950.0,1.0,1.0,1020.0,0.24,250000.0,2026-02-13,Resale,245.1,24860,"Greenville-Anderson-Greer, SC"
3661496,45045,0103.00-19-013.00,"79 WALLACE ST, GREENVILLE, SC 29605",29605,SC,34.818915,-82.421143,SFR,1950.0,2.0,1.0,1120.0,0.1414141,265000.0,2024-05-28,Resale,236.61,24860,"Greenville-Anderson-Greer, SC"
3661501,45045,0103.00-14-008.00,"72 SMYTHE AVE, GREENVILLE, SC 29605",29605,SC,34.821121,-82.424420,SFR,1956.0,3.0,1.0,1556.0,0.2653811,315000.0,2025-07-03,Resale,202.44,24860,"Greenville-Anderson-Greer, SC"
3661510,45045,0162.00-03-010.00,"13 S HAVEN DR, GREENVILLE, SC 29617",29617,SC,34.890796,-82.429941,SFR,1962.0,3.0,1.0,720.0,0.297865,35126.0,2023-09-20,Resale,48.79,24860,"Greenville-Anderson-Greer, SC"
3661516,45045,0162.00-03-007.00,"7 S HAVEN DR, GREENVILLE, SC 29617",29617,SC,34.890770,-82.430682,SFR,1955.0,3.0,1.0,1015.0,0.298,240000.0,2026-02-23,Resale,236.45,24860,"Greenville-Anderson-Greer, SC"
3661529,45045,T033.00-03-095.00,"130 AVON DR, TAYLORS, SC 29687",29687,SC,34.900913,-82.312143,SFR,1980.0,3.0,2.0,1624.0,0.3562902,255750.0,2024-03-01,Resale,157.48,24860,"Greenville-Anderson-Greer, SC"
3661563,45045,0640.01-01-015.10,"136 EDITH DR, TAYLORS, SC 29687",29687,SC,34.971482,-82.317228,SFR,1988.0,3.0,2.0,1582.0,0.9800046,325000.0,2025-08-01,Resale,205.44,24860,"Greenville-Anderson-Greer, SC"
3661570,45045,0213.00-06-015.00,"229 CAMMER AVE, GREENVILLE, SC 29605",29605,SC,34.811556,-82.390285,SFR,1945.0,2.0,1.5,1008.0,0.227,1150000.0,2023-07-05,Resale,1140.87,24860,"Greenville-Anderson-Greer, SC"
3661573,45045,0222.04-01-035.00,"9 TASHA DR, GREENVILLE, SC 29605",29605,SC,34.802100,-82.390471,SFR,1962.0,3.0,1.0,1096.0,0.3440083,270000.0,2025-03-28,Resale,246.35,24860,"Greenville-Anderson-Greer, SC"
3661574,45045,0222.04-01-034.00,"15 TASHA DR, GREENVILLE, SC 29605",29605,SC,34.801944,-82.390713,SFR,1962.0,3.0,1.0,1160.0,0.298,155000.0,2026-04-22,Resale,133.62,24860,"Greenville-Anderson-Greer, SC"
3661580,45045,0222.03-06-001.00,"13 PASADENA AVE, GREENVILLE, SC 29605",29605,SC,34.802288,-82.389403,SFR,2020.0,3.0,2.0,1503.0,0.1859963,379900.0,2024-10-18,Resale,252.76,24860,"Greenville-Anderson-Greer, SC"
3661587,45045,0609.02-01-163.00,"407 CARDINGTON AVE, PIEDMONT, SC 29673",29673,SC,34.730405,-82.440955,SFR,1972.0,3.0,2.0,1232.0,0.2929982,218000.0,2025-06-11,Resale,176.95,24860,"Greenville-Anderson-Greer, SC"
3661610,45045,0257.00-08-050.00,"17 SIMMONS AVE, GREENVILLE, SC 29607",29607,SC,34.840385,-82.356017,SFR,2000.0,3.0,2.0,1733.0,0.2379936,435000.0,2025-04-16,Resale,251.01,24860,"Greenville-Anderson-Greer, SC"
3661611,45045,0257.00-07-002.21,"30 SIMMONS AVE, GREENVILLE, SC 29607",29607,SC,34.840305,-82.354781,SFR,1965.0,3.0,1.0,1020.0,0.3769972,360000.0,2025-03-27,Resale,352.94,24860,"Greenville-Anderson-Greer, SC"
3661617,45045,0257.00-07-026.00,"16 EASTWOOD CT, GREENVILLE, SC 29607",29607,SC,34.839386,-82.355430,SFR,1965.0,2.0,1.0,850.0,0.2190083,175000.0,2024-11-27,Resale,205.88,24860,"Greenville-Anderson-Greer, SC"
3661623,45045,0257.00-07-031.00,"7 EASTWOOD CT, GREENVILLE, SC 29607",29607,SC,34.839155,-82.354615,SFR,1965.0,2.0,1.0,988.0,0.2339991,430000.0,2025-02-20,Resale,435.22,24860,"Greenville-Anderson-Greer, SC"
3661654,45045,0369.00-07-008.00,"32 RIDGEWAY DR, GREENVILLE, SC 29605",29605,SC,34.788023,-82.383032,SFR,1967.0,3.0,1.0,1040.0,0.2479339,232170.0,2025-01-28,Resale,223.24,24860,"Greenville-Anderson-Greer, SC"
3661663,45045,0166.00-03-002.00,"221 MCMAKIN DR, GREENVILLE, SC 29617",29617,SC,34.891780,-82.414133,SFR,1963.0,3.0,1.0,1330.0,0.2720386,235000.0,2025-12-11,Resale,176.69,24860,"Greenville-Anderson-Greer, SC"
3661664,45045,0169.00-06-007.00,"623 PERRY RD, GREENVILLE, SC 29609",29609,SC,34.888551,-82.409840,SFR,1950.0,2.0,1.0,1064.0,0.1210055,265000.0,2025-12-19,Resale,249.06,24860,"Greenville-Anderson-Greer, SC"
3661665,45045,0169.00-06-009.00,"619 PERRY RD, GREENVILLE, SC 29609",29609,SC,34.888320,-82.410128,SFR,1963.0,2.0,1.0,988.0,0.136,248000.0,2024-08-29,Resale,251.01,24860,"Greenville-Anderson-Greer, SC"
3661672,45045,0168.00-11-008.00,"616 PERRY RD, GREENVILLE, SC 29609",29609,SC,34.887875,-82.409758,SFR,1961.0,3.0,1.0,1312.0,0.198,279000.0,2023-07-13,Resale,212.65,24860,"Greenville-Anderson-Greer, SC"
3661692,45045,0534.04-01-056.00,"211 DUQUESNE DR, GREER, SC 29650",29650,SC,34.888396,-82.261344,SFR,1983.0,3.0,2.0,1628.0,0.3145087,330000.0,2023-06-02,Resale,202.7,24860,"Greenville-Anderson-Greer, SC"
3661697,45045,0535.09-01-008.00,"106 COTTER LN, GREER, SC 29650",29650,SC,34.906813,-82.259204,SFR,1998.0,3.0,2.5,2422.0,0.052,400000.0,2025-12-31,Resale,165.15,24860,"Greenville-Anderson-Greer, SC"
3661698,45045,0535.09-01-059.00,"7 AGER CT, GREER, SC 29650",29650,SC,34.909514,-82.258767,SFR,1998.0,3.0,3.0,2025.0,,335000.0,2023-11-30,Resale,165.43,24860,"Greenville-Anderson-Greer, SC"
3661715,45045,0550.17-01-040.00,"606 GREENING DR, SIMPSONVILLE, SC 29681",29681,SC,34.796147,-82.207176,SFR,2003.0,4.0,2.5,2690.0,0.179,395000.0,2026-01-05,Resale,146.84,24860,"Greenville-Anderson-Greer, SC"
3661718,45045,0550.17-01-033.00,"607 GREENING DR, SIMPSONVILLE, SC 29681",29681,SC,34.796518,-82.206815,SFR,2003.0,4.0,2.5,2620.0,0.174,387000.0,2026-04-30,Resale,147.71,24860,"Greenville-Anderson-Greer, SC"
3661722,45045,B013.02-01-081.00,"5 LILAC ST, GREENVILLE, SC 29617",29617,SC,34.869900,-82.453107,SFR,1973.0,4.0,3.0,2352.0,0.392562,317000.0,2025-11-12,Resale,134.78,24860,"Greenville-Anderson-Greer, SC"
3682675,45045,0566.05-01-167.00,"8 WOODMORE CT, SIMPSONVILLE, SC 29680",29680,SC,34.700908,-82.252419,SFR,1997.0,3.0,3.0,1892.0,,310000.0,2023-07-25,Resale,163.85,24860,"Greenville-Anderson-Greer, SC"
3682680,45045,0566.05-01-163.00,"9 WOODMORE CT, SIMPSONVILLE, SC 29680",29680,SC,34.700431,-82.251914,SFR,1999.0,3.0,2.0,2010.0,,325000.0,2023-09-07,Resale,161.69,24860,"Greenville-Anderson-Greer, SC"
3682694,45045,0155.00-03-037.00,"332 BAILEY ST, GREENVILLE, SC 29609",29609,SC,34.880643,-82.417930,SFR,1945.0,2.0,2.0,1332.0,0.1899908,299000.0,2024-12-19,Resale,224.47,24860,"Greenville-Anderson-Greer, SC"
3682696,45045,0155.00-03-038.00,"334 BAILEY ST, GREENVILLE, SC 29609",29609,SC,34.880796,-82.418024,DUPLEX,1945.0,1.0,1.0,516.0,0.1600092,421500.0,2025-02-25,Resale,816.86,24860,"Greenville-Anderson-Greer, SC"
3682703,45045,0250.00-02-050.00,"115 OAK DR, GREENVILLE, SC 29611",29611,SC,34.821336,-82.439572,SFR,1967.0,3.0,1.5,1100.0,0.39,20000.0,2026-05-11,Resale,18.18,24860,"Greenville-Anderson-Greer, SC"
3682723,45045,0372.00-01-016.00,"230 W DORCHESTER BLVD, GREENVILLE, SC 29605",29605,SC,34.787755,-82.388521,SFR,1960.0,3.0,2.0,1307.0,0.2410009,,2025-05-19,Resale,,24860,"Greenville-Anderson-Greer, SC"
3682733,45045,P015.11-06-018.01,"206 CARDINAL DR, TAYLORS, SC 29687",29687,SC,34.896405,-82.327831,SFR,1961.0,2.0,1.0,990.0,0.466,245000.0,2026-04-22,Resale,247.47,24860,"Greenville-Anderson-Greer, SC"
3682735,45045,P015.11-06-020.00,"200 CARDINAL DR, TAYLORS, SC 29687",29687,SC,34.897096,-82.328214,SFR,1967.0,2.0,1.0,1290.0,0.289,309000.0,2026-05-22,Resale,239.53,24860,"Greenville-Anderson-Greer, SC"
3682737,45045,P015.11-06-023.00,"107 CARDINAL DR, TAYLORS, SC 29687",29687,SC,34.897565,-82.327772,SFR,1967.0,3.0,2.0,1260.0,0.251,312500.0,2024-10-10,Resale,248.02,24860,"Greenville-Anderson-Greer, SC"
3682741,45045,0149.00-10-001.00,"23 PATTERSON ST, GREENVILLE, SC 29601",29601,SC,34.869748,-82.417880,SFR,1945.0,2.0,1.0,768.0,0.5649908,,2024-08-05,Resale,,24860,"Greenville-Anderson-Greer, SC"
3682747,45045,0153.01-01-006.00,"10 BUFF ST, GREENVILLE, SC 29609",29609,SC,34.873207,-82.416042,SFR,2001.0,3.0,1.5,1056.0,0.023,165000.0,2025-02-18,Resale,156.25,24860,"Greenville-Anderson-Greer, SC"
3702098,45045,0123.00-14-035.00,"4 JULIAN ST, GREENVILLE, SC 29611",29611,SC,34.848074,-82.423173,SFR,1980.0,2.0,1.0,696.0,0.1140037,64080.0,2025-01-06,Resale,92.07,24860,"Greenville-Anderson-Greer, SC"
3702101,45045,0123.00-14-038.00,"10 JULIAN ST, GREENVILLE, SC 29611",29611,SC,34.848193,-82.423538,SFR,2022.0,3.0,2.0,1593.0,0.1100092,359000.0,2023-06-21,Resale,225.36,24860,"Greenville-Anderson-Greer, SC"
3702104,45045,0123.00-14-040.00,"14 JULIAN ST, GREENVILLE, SC 29611",29611,SC,34.848277,-82.423786,SFR,1925.0,3.0,1.0,1129.0,0.104,278490.0,2026-04-22,Resale,246.67,24860,"Greenville-Anderson-Greer, SC"
3703523,45045,0610.10-01-070.00,"415 RUDD RD, PIEDMONT, SC 29673",29673,SC,34.704295,-82.439542,SFR,2023.0,3.0,2.0,1810.0,0.2,258550.0,2024-03-28,New Construction,142.85,24860,"Greenville-Anderson-Greer, SC"
3764091,45045,0602.02-01-009.11,"433 N FLAT ROCK RD, PIEDMONT, SC 29673",29673,SC,34.690638,-82.412726,SFR,1995.0,3.0,2.0,1734.0,3.3,371250.0,2025-03-06,Resale,214.1,24860,"Greenville-Anderson-Greer, SC"
3766268,45045,0208.00-03-024.00,"19 CLUB DR, GREENVILLE, SC 29605",29605,SC,34.811396,-82.380558,SFR,1968.0,2.0,1.0,1740.0,0.286,705000.0,2026-05-20,Resale,405.17,24860,"Greenville-Anderson-Greer, SC"
3766269,45045,0205.00-01-085.00,"27 OAK CREST CT, GREENVILLE, SC 29605",29605,SC,34.822191,-82.387561,SFR,1985.0,3.0,3.0,1866.0,0.1839991,550000.0,2024-12-18,Resale,294.75,24860,"Greenville-Anderson-Greer, SC"
3766270,45045,0217.00-05-011.00,"411 JONES AVE, GREENVILLE, SC 29605",29605,SC,34.827938,-82.396362,SFR,1966.0,3.0,2.0,1932.0,0.2989899,764000.0,2023-08-04,Resale,395.45,24860,"Greenville-Anderson-Greer, SC"
3789018,45045,0610.02-01-036.01,"251 WILLIAMS RD, PIEDMONT, SC 29673",29673,SC,34.702490,-82.446308,SFR,1950.0,3.0,1.0,2223.0,1.41,98000.0,2025-10-03,Resale,44.08,24860,"Greenville-Anderson-Greer, SC"
3789047,45045,M007.02-01-449.00,"303 PARK GROVE DR, MAULDIN, SC 29662",29662,SC,34.764271,-82.323524,SFR,1999.0,4.0,3.0,2342.0,,342000.0,2025-09-17,Resale,146.03,24860,"Greenville-Anderson-Greer, SC"
3789054,45045,G001.00-02-004.00,"104 ALBERT ST, GREER, SC 29651",29651,SC,34.931980,-82.223880,SFR,1961.0,2.0,1.0,912.0,0.237,140000.0,2025-06-16,Resale,153.51,24860,"Greenville-Anderson-Greer, SC"
3789067,45045,G002.00-03-049.01,"108 MADISON AVE, GREER, SC 29651",29651,SC,34.926743,-82.228773,SFR,1952.0,2.0,1.0,698.0,0.1641414,100000.0,2025-09-25,Resale,143.27,24860,"Greenville-Anderson-Greer, SC"
3789070,45045,0192.00-08-017.00,"205 BRIARCLIFF DR, GREENVILLE, SC 29607",29607,SC,34.855804,-82.373293,SFR,1950.0,2.0,1.0,1136.0,0.1679982,340000.0,2025-01-08,Resale,299.3,24860,"Greenville-Anderson-Greer, SC"
3789071,45045,0048.00-02-002.00,"124 EBAUGH AVE, GREENVILLE, SC 29607",29607,SC,34.852481,-82.383038,SFR,1940.0,3.0,2.0,1232.0,0.192011,465000.0,2024-12-06,Resale,377.44,24860,"Greenville-Anderson-Greer, SC"
3789072,45045,0196.00-08-013.00,"12 MCADOO AVE, GREENVILLE, SC 29607",29607,SC,34.849884,-82.377729,SFR,1961.0,3.0,1.0,1148.0,0.1730028,430000.0,2024-01-16,Resale,374.56,24860,"Greenville-Anderson-Greer, SC"
3789093,45045,0437.00-04-016.00,"104 MONTIS DR, GREENVILLE, SC 29617",29617,SC,34.899138,-82.423841,SFR,1967.0,2.0,1.5,1197.0,0.321,40000.0,2026-04-10,Resale,33.42,24860,"Greenville-Anderson-Greer, SC"
3789112,45045,0096.00-03-009.00,"22 LADSON ST, GREENVILLE, SC 29605",29605,SC,34.831893,-82.408490,SFR,1935.0,3.0,2.0,1618.0,0.1690083,,2024-02-21,Resale,,24860,"Greenville-Anderson-Greer, SC"
3789119,45045,0136.00-03-008.00,"24 MOODY ST, GREENVILLE, SC 29611",29611,SC,34.864244,-82.429116,SFR,1986.0,2.0,2.0,924.0,0.2703398,200000.0,2025-07-31,Resale,216.45,24860,"Greenville-Anderson-Greer, SC"
3789121,45045,0142.00-22-011.00,"16 BEATTIE ST, GREENVILLE, SC 29611",29611,SC,34.866059,-82.430851,SFR,1955.0,3.0,1.0,1148.0,0.174472,247500.0,2025-05-02,Resale,215.59,24860,"Greenville-Anderson-Greer, SC"
3789123,45045,0142.00-22-013.00,"20 BEATTIE ST, GREENVILLE, SC 29611",29611,SC,34.866499,-82.430837,SFR,1955.0,2.0,1.0,1148.0,0.192011,179900.0,2025-01-06,Resale,156.71,24860,"Greenville-Anderson-Greer, SC"
3789131,45045,M004.03-01-052.00,"601 CENTRAL AVE, MAULDIN, SC 29662",29662,SC,34.777880,-82.291074,SFR,1970.0,3.0,2.0,3188.0,1.09,,2023-12-08,Resale,,24860,"Greenville-Anderson-Greer, SC"
3789136,45045,0290.00-01-085.00,"106 ARCHDALE DR, MAULDIN, SC 29662",29662,SC,34.781019,-82.286972,SFR,1967.0,3.0,2.0,1566.0,0.5,,,,,24860,"Greenville-Anderson-Greer, SC"
3789145,45045,0556.05-01-021.00,"4 REAGAN WAY, FOUNTAIN INN, SC 29644",29644,SC,34.712008,-82.182638,SFR,2000.0,3.0,3.0,1592.0,0.3,265000.0,2025-03-06,Resale,166.46,24860,"Greenville-Anderson-Greer, SC"
3789159,45045,0550.10-01-013.00,"113 WINDY OAK WAY, GREER, SC 29651",29651,SC,34.804280,-82.195550,MOBILE HOME,2000.0,,1.0,1782.0,0.5,235000.0,2024-11-21,Resale,131.87,24860,"Greenville-Anderson-Greer, SC"
3900404,45045,G018.00-02-025.00,"102 AMERICAN LEGION RD, GREER, SC 29651",29651,SC,34.954496,-82.224045,SFR,1978.0,2.0,1.0,1437.0,0.505,295000.0,2024-11-15,Resale,205.29,24860,"Greenville-Anderson-Greer, SC"
3900426,45045,T027.02-01-007.00,"1013 SUNDOWN CIR, TAYLORS, SC 29687",29687,SC,34.934596,-82.329101,SFR,1972.0,3.0,2.0,2142.0,0.165,390000.0,2023-10-19,Resale,182.07,24860,"Greenville-Anderson-Greer, SC"
3900443,45045,0574.17-01-008.00,"102 W FALL RIVER WAY, SIMPSONVILLE, SC 29680",29680,SC,34.735276,-82.297660,SFR,1991.0,3.0,2.5,1248.0,0.24,269000.0,2026-03-09,Resale,215.54,24860,"Greenville-Anderson-Greer, SC"
3900447,45045,0574.18-01-017.00,"105 W LONG CREEK CT, SIMPSONVILLE, SC 29680",29680,SC,34.735668,-82.298004,SFR,1993.0,3.0,2.0,1143.0,0.171,240000.0,2023-12-28,Resale,209.97,24860,"Greenville-Anderson-Greer, SC"
3900451,45045,0448.00-02-008.00,"104 DAVIDSON RD, GREENVILLE, SC 29609",29609,SC,34.910928,-82.415413,SFR,1983.0,2.0,2.0,2107.0,0.4679982,430000.0,2025-06-07,Resale,204.08,24860,"Greenville-Anderson-Greer, SC"
3900459,45045,0448.00-03-007.00,"35 CRESTLINE RD, GREENVILLE, SC 29609",29609,SC,34.908976,-82.414640,SFR,2001.0,3.0,3.0,2483.0,0.4240358,546900.0,2025-04-22,Resale,220.26,24860,"Greenville-Anderson-Greer, SC"
3900467,45045,0453.00-02-005.00,"9 MAULDIN CIR, GREENVILLE, SC 29609",29609,SC,34.917445,-82.420717,SFR,1967.0,3.0,2.0,2099.0,0.2754821,425000.0,2025-12-04,Resale,202.48,24860,"Greenville-Anderson-Greer, SC"
3900469,45045,0453.00-01-022.00,"8 MAULDIN CIR, GREENVILLE, SC 29609",29609,SC,34.917014,-82.420111,SFR,1967.0,3.0,1.5,1907.0,0.424,200000.0,2026-04-09,Resale,104.88,24860,"Greenville-Anderson-Greer, SC"
3915938,45045,0560.07-01-053.00,"208 SYCAMORE RIDGE DR, SIMPSONVILLE, SC 29681",29681,SC,34.739951,-82.215976,SFR,2004.0,4.0,6.0,4920.0,0.5870064,965000.0,2025-03-31,Resale,196.14,24860,"Greenville-Anderson-Greer, SC"
3915940,45045,0560.08-01-018.00,"101 IRONWOOD RD, SIMPSONVILLE, SC 29681",29681,SC,34.725092,-82.211087,MOBILE HOME,,,,,0.289,189000.0,2025-12-31,Resale,,24860,"Greenville-Anderson-Greer, SC"
3915941,45045,0560.08-01-017.00,"105 IRONWOOD RD, SIMPSONVILLE, SC 29681",29681,SC,34.725353,-82.210940,MOBILE HOME,,,,,0.2890037,200000.0,2024-11-25,Resale,,24860,"Greenville-Anderson-Greer, SC"
3915947,45045,0560.08-01-010.00,"132 IRONWOOD RD, SIMPSONVILLE, SC 29681",29681,SC,34.726924,-82.209466,MOBILE HOME,,,,,0.275,,2026-03-30,Resale,,24860,"Greenville-Anderson-Greer, SC"
3915951,45045,0108.00-02-006.00,"6 ALLEN ST, GREENVILLE, SC 29605",29605,SC,34.827403,-82.419554,SFR,1950.0,2.0,1.0,1109.0,0.2399908,175000.0,2024-12-20,Resale,157.8,24860,"Greenville-Anderson-Greer, SC"
3915953,45045,0108.00-02-011.00,"5 BLAKE ST, GREENVILLE, SC 29605",29605,SC,34.827208,-82.419080,SFR,1955.0,2.0,2.0,1314.0,0.252,297500.0,2024-10-31,Resale,226.41,24860,"Greenville-Anderson-Greer, SC"
3915956,45045,0108.00-02-009.00,"1 BLAKE ST, GREENVILLE, SC 29605",29605,SC,34.827631,-82.418884,SFR,1955.0,2.0,1.0,1237.0,0.2629936,249500.0,2023-12-01,Resale,201.7,24860,"Greenville-Anderson-Greer, SC"
3915961,45045,0103.00-13-026.00,"61 SMYTHE AVE, GREENVILLE, SC 29605",29605,SC,34.822202,-82.424460,SFR,1955.0,2.0,2.0,1472.0,0.1660009,,2025-11-11,Resale,,24860,"Greenville-Anderson-Greer, SC"
3915962,45045,0103.00-13-027.00,"59 SMYTHE AVE, GREENVILLE, SC 29605",29605,SC,34.822375,-82.424362,SFR,1945.0,3.0,1.0,1364.0,0.161,140000.0,2025-09-26,Construction Loan/Financing,102.64,24860,"Greenville-Anderson-Greer, SC"
3915968,45045,0103.00-13-008.00,"32 SEYLE ST, GREENVILLE, SC 29605",29605,SC,34.821700,-82.425139,SFR,1955.0,3.0,1.0,1465.0,0.11,285000.0,2025-06-17,Resale,194.54,24860,"Greenville-Anderson-Greer, SC"
3915973,45045,0640.12-01-003.00,"105 HAYLANDS TRL, TAYLORS, SC 29687",29687,SC,34.976169,-82.337879,SFR,2000.0,3.0,3.0,2246.0,0.5839991,420000.0,2023-08-24,Resale,187.0,24860,"Greenville-Anderson-Greer, SC"
3915975,45045,0640.12-01-001.00,"1 WINSOME DR, TAYLORS, SC 29687",29687,SC,34.976008,-82.337119,SFR,2000.0,3.0,2.0,1870.0,0.625,300000.0,2025-08-04,Resale,160.43,24860,"Greenville-Anderson-Greer, SC"
3915977,45045,0640.12-01-037.00,"6 LASSO LN, TAYLORS, SC 29687",29687,SC,34.977175,-82.336543,SFR,2000.0,3.0,2.0,1870.0,0.6280073,406000.0,2024-09-09,Resale,217.11,24860,"Greenville-Anderson-Greer, SC"
3915982,45045,0226.00-05-004.00,"115 JUDSON RD, GREENVILLE, SC 29611",29611,SC,34.829641,-82.431204,SFR,1961.0,2.0,1.0,960.0,0.298,290000.0,2025-01-10,Resale,302.08,24860,"Greenville-Anderson-Greer, SC"
3915989,45045,0226.00-05-009.00,"103 JUDSON RD, GREENVILLE, SC 29611",29611,SC,34.829173,-82.430430,SFR,1963.0,3.0,1.0,940.0,0.2066116,155000.0,2023-09-15,Resale,164.89,24860,"Greenville-Anderson-Greer, SC"
3915996,45045,0486.00-01-014.00,"25 MCELHANEY RD, TRAVELERS REST, SC 29690",29690,SC,34.965511,-82.445343,SFR,1965.0,2.0,1.0,900.0,0.3527089,306000.0,2025-05-30,Resale,340.0,24860,"Greenville-Anderson-Greer, SC"
3916023,45045,0290.00-01-262.00,"2 BETHEL OAKS CT, MAULDIN, SC 29662",29662,SC,34.778106,-82.282029,SFR,1996.0,3.0,3.0,1911.0,0.2,282000.0,2025-10-02,New Construction,147.57,24860,"Greenville-Anderson-Greer, SC"
3916026,45045,0290.00-01-256.00,"9 BETHEL OAKS CT, MAULDIN, SC 29662",29662,SC,34.778843,-82.282471,SFR,1995.0,3.0,2.5,2170.0,0.4,320000.0,2026-03-25,Resale,147.47,24860,"Greenville-Anderson-Greer, SC"
3916033,45045,0133.00-02-009.00,"13 ALBERTA AVE, GREENVILLE, SC 29617",29617,SC,34.868809,-82.440532,SFR,1965.0,3.0,1.0,1164.0,0.2820018,245000.0,2025-08-28,Resale,210.48,24860,"Greenville-Anderson-Greer, SC"
3993772,45045,0574.08-01-059.00,"412 SELLWOOD CIR, SIMPSONVILLE, SC 29680",29680,SC,34.730169,-82.274217,SFR,1975.0,3.0,2.0,1715.0,,232000.0,2025-08-28,Resale,135.28,24860,"Greenville-Anderson-Greer, SC"
3993774,45045,0574.07-01-008.00,"405 SEMINOLE DR, SIMPSONVILLE, SC 29680",29680,SC,34.731021,-82.270966,RESIDENTIAL - VACANT LAND,1975.0,3.0,2.0,1162.0,0.4850092,5000.0,2025-04-10,Resale,4.3,24860,"Greenville-Anderson-Greer, SC"
3993776,45045,0574.07-01-012.00,"413 SEMINOLE DR, SIMPSONVILLE, SC 29680",29680,SC,34.730710,-82.270683,SFR,1975.0,3.0,2.0,1980.0,1.3,242500.0,2023-08-25,Resale,122.47,24860,"Greenville-Anderson-Greer, SC"
4000376,45045,0610.10-01-007.00,"105 LABONTE DR, PIEDMONT, SC 29673",29673,SC,34.705650,-82.443138,SFR,2006.0,4.0,2.0,1560.0,0.3,234900.0,2024-07-24,Resale,150.58,24860,"Greenville-Anderson-Greer, SC"
4000377,45045,0610.10-01-006.00,"103 LABONTE DR, PIEDMONT, SC 29673",29673,SC,34.705419,-82.443385,SFR,2006.0,4.0,2.0,1560.0,0.3,220000.0,2024-02-07,Resale,141.03,24860,"Greenville-Anderson-Greer, SC"
4003139,45045,0196.00-06-025.00,"21 UNDERWOOD AVE, GREENVILLE, SC 29607",29607,SC,34.848953,-82.376139,SFR,1961.0,2.0,2.0,1620.0,0.1730028,447150.0,2024-02-20,Resale,276.02,24860,"Greenville-Anderson-Greer, SC"
4149022,45045,B004.04-01-110.01,"18 GLEN HAVEN CT, GREENVILLE, SC 29611",29611,SC,34.877091,-82.478061,SFR,1972.0,3.0,2.0,1500.0,0.6600092,220000.0,2024-06-28,Resale,146.67,24860,"Greenville-Anderson-Greer, SC"
4149023,45045,B004.04-01-114.00,"10 GLEN HAVEN CT, GREENVILLE, SC 29611",29611,SC,34.877374,-82.477138,SFR,1975.0,3.0,1.5,1344.0,0.363,240000.0,2026-02-27,Resale,178.57,24860,"Greenville-Anderson-Greer, SC"
4149024,45045,B004.04-01-115.00,"8 GLEN HAVEN CT, GREENVILLE, SC 29611",29611,SC,34.877464,-82.476869,SFR,1965.0,3.0,1.5,1394.0,0.71,230000.0,2026-02-20,Resale,164.99,24860,"Greenville-Anderson-Greer, SC"
4149026,45045,B004.04-01-116.00,"6 GLEN HAVEN CT, GREENVILLE, SC 29611",29611,SC,34.877548,-82.476576,SFR,1975.0,3.0,2.0,1090.0,0.3202479,261600.0,2025-09-02,Resale,240.0,24860,"Greenville-Anderson-Greer, SC"
4180353,45045,0198.00-05-004.00,"107 ACKLEY RD, GREENVILLE, SC 29607",29607,SC,34.845355,-82.372262,SFR,1961.0,3.0,1.0,1290.0,0.1379936,385000.0,2025-06-02,Resale,298.45,24860,"Greenville-Anderson-Greer, SC"
4383753,45045,0615.02-01-014.00,"413 OSTEEN RD, PIEDMONT, SC 29673",29673,SC,34.738491,-82.447882,SFR,1961.0,3.0,1.0,1246.0,4.2,280000.0,2026-04-30,Resale,224.72,24860,"Greenville-Anderson-Greer, SC"
4383754,45045,0615.01-01-019.01,"204 MOODY RD, PIEDMONT, SC 29673",29673,SC,34.739167,-82.445708,MOBILE HOME,1997.0,,2.0,1836.0,0.6,210000.0,2023-10-13,Resale,114.38,24860,"Greenville-Anderson-Greer, SC"
4383757,45045,0615.01-01-019.02,"200 MOODY RD, PIEDMONT, SC 29673",29673,SC,34.739017,-82.446349,SFR,2023.0,3.0,2.0,1200.0,0.6,279900.0,2025-07-10,Resale,233.25,24860,"Greenville-Anderson-Greer, SC"
4383758,45045,0615.01-01-022.01,"208 MOODY RD, PIEDMONT, SC 29673",29673,SC,34.739566,-82.445019,SFR,1997.0,2.0,2.0,1200.0,0.4,240000.0,2025-11-21,Resale,200.0,24860,"Greenville-Anderson-Greer, SC"
4383772,45045,0413.04-01-028.00,"61 BROCKMORE DR, GREENVILLE, SC 29605",29605,SC,34.754452,-82.346602,SFR,2000.0,3.0,2.0,1850.0,0.3530073,,2024-11-25,Resale,,24860,"Greenville-Anderson-Greer, SC"
4383774,45045,0413.04-01-002.00,"7 BROCKMORE DR, GREENVILLE, SC 29605",29605,SC,34.751203,-82.350589,SFR,2000.0,3.0,2.0,1642.0,0.292011,303000.0,2025-05-23,Resale,184.53,24860,"Greenville-Anderson-Greer, SC"
4383788,45045,0583.01-01-020.01,"2558 STANDING SPRINGS RD, GREENVILLE, SC 29605",29605,SC,34.723845,-82.327572,SFR,1955.0,4.0,2.0,1604.0,6.5,,2025-10-06,Resale,,24860,"Greenville-Anderson-Greer, SC"
4450710,45045,0602.02-01-001.01,"15 CEDAR DR, PIEDMONT, SC 29673",29673,SC,34.678871,-82.418697,SFR,1950.0,3.0,1.0,1076.0,1.1,45000.0,2023-09-28,Resale,41.82,24860,"Greenville-Anderson-Greer, SC"
4461715,45045,0564.01-01-055.00,"6 DUCK POND LN, FOUNTAIN INN, SC 29644",29644,SC,34.627645,-82.245690,SFR,1996.0,3.0,2.0,1294.0,,,2025-03-19,Resale,,24860,"Greenville-Anderson-Greer, SC"
4464458,45045,0550.15-01-006.00,"10 CRITERION DR, SIMPSONVILLE, SC 29681",29681,SC,34.798708,-82.205262,SFR,2003.0,3.0,2.5,2294.0,0.256,275000.0,2026-01-07,Resale,119.88,24860,"Greenville-Anderson-Greer, SC"
4464460,45045,0539.06-01-026.00,"202 LAUREL TREE LN, SIMPSONVILLE, SC 29681",29681,SC,34.810340,-82.255125,SFR,1982.0,4.0,3.0,2470.0,0.2964876,212000.0,2024-11-26,Resale,85.83,24860,"Greenville-Anderson-Greer, SC"
4466429,45045,0575.10-01-039.00,"120 SADDLEMOUNT LN, SIMPSONVILLE, SC 29680",29680,SC,34.697032,-82.284189,SFR,1997.0,3.0,2.0,1840.0,0.176,299950.0,2024-06-14,Resale,163.02,24860,"Greenville-Anderson-Greer, SC"
4468027,45045,P041.00-01-055.00,"210 THREE FORKS PL, GREENVILLE, SC 29609",29609,SC,34.904195,-82.379199,SFR,1989.0,3.0,2.5,1788.0,0.243,325000.0,2026-02-11,Resale,181.77,24860,"Greenville-Anderson-Greer, SC"
4536658,45045,0539.40-01-044.00,"17 CANTERA CIR, GREENVILLE, SC 29615",29615,SC,34.830338,-82.269719,SFR,2004.0,3.0,2.0,1735.0,0.1690083,365400.0,2024-10-04,Resale,210.61,24860,"Greenville-Anderson-Greer, SC"
4538304,45045,P041.00-01-142.00,"301 BRIGHT WATER LN, GREENVILLE, SC 29609",29609,SC,34.903377,-82.379087,SFR,1995.0,3.0,2.0,1834.0,,359900.0,2023-07-12,Resale,196.24,24860,"Greenville-Anderson-Greer, SC"
4602187,45045,B004.06-01-094.00,"1206 GREEN FERN DR, GREENVILLE, SC 29611",29611,SC,34.871747,-82.475197,SFR,1986.0,3.0,3.0,1664.0,0.3133609,,2024-02-29,Resale,,24860,"Greenville-Anderson-Greer, SC"
4625064,45045,T008.02-01-024.00,"38 RIVER PARK LN, TAYLORS, SC 29687",29687,SC,34.931249,-82.301492,SFR,1998.0,4.0,2.0,1850.0,,340000.0,2025-06-13,Resale,183.78,24860,"Greenville-Anderson-Greer, SC"
4668007,45045,0540.33-01-041.00,"2 SPANISH OAK DR, GREENVILLE, SC 29615",29615,SC,34.873868,-82.315832,SFR,1996.0,4.0,4.0,2952.0,,,2024-07-31,Resale,,24860,"Greenville-Anderson-Greer, SC"
4672790,45045,0531.01-01-056.00,"15 GRIFFITH CREEK DR, GREER, SC 29651",29651,SC,34.834616,-82.215864,SFR,2004.0,4.0,4.0,3389.0,0.6300046,745000.0,2023-07-07,Resale,219.83,24860,"Greenville-Anderson-Greer, SC"
4673067,45045,0541.06-01-021.00,"7 BENDINGWOOD CIR, TAYLORS, SC 29687",29687,SC,34.889307,-82.318146,SFR,1984.0,4.0,3.0,2816.0,0.3380395,440000.0,2025-07-03,Resale,156.25,24860,"Greenville-Anderson-Greer, SC"
4673733,45045,0239.02-03-003.00,"101 RISON RD, GREENVILLE, SC 29611",29611,SC,34.824674,-82.465172,SFR,1962.0,3.0,2.0,1786.0,0.2167815,278000.0,2025-12-12,Resale,155.66,24860,"Greenville-Anderson-Greer, SC"
4683087,45045,0540.01-01-117.00,"2 HITCHING POST LN, GREENVILLE, SC 29615",29615,SC,34.851287,-82.306506,SFR,1975.0,4.0,3.0,2070.0,0.4769972,411000.0,2024-08-16,Resale,198.55,24860,"Greenville-Anderson-Greer, SC"
4726400,45045,0548.08-01-026.00,"324 CHENOWETH DR, SIMPSONVILLE, SC 29681",29681,SC,34.784726,-82.235388,SFR,1991.0,4.0,2.5,2152.0,0.36,435000.0,2023-01-31,Resale,202.14,24860,"Greenville-Anderson-Greer, SC"
4730123,45045,0548.27-01-072.00,"109 SUMMERWALK PL, SIMPSONVILLE, SC 29681",29681,SC,34.781608,-82.236814,SFR,1996.0,3.0,3.0,2253.0,,375000.0,2024-11-15,Resale,166.44,24860,"Greenville-Anderson-Greer, SC"
4730225,45045,0337.01-01-081.00,"7 FITZPATRICK CT, FOUNTAIN INN, SC 29644",29644,SC,34.696148,-82.221323,SFR,1994.0,3.0,2.0,1364.0,0.179,295000.0,2026-03-26,Resale,216.28,24860,"Greenville-Anderson-Greer, SC"
4730227,45045,0336.00-01-001.03,"300 PUTMAN RD, FOUNTAIN INN, SC 29644",29644,SC,34.692224,-82.221081,RESIDENTIAL - VACANT LAND,1947.0,3.0,1.0,1297.0,2.19,400000.0,2026-05-20,Resale,308.4,24860,"Greenville-Anderson-Greer, SC"
4730259,45045,P012.00-02-121.00,"4 MILLBROOKE CIR, GREENVILLE, SC 29609",29609,SC,34.890886,-82.360473,SFR,1985.0,3.0,2.0,1348.0,0.2410468,,2024-11-14,Resale,,24860,"Greenville-Anderson-Greer, SC"
4730262,45045,P012.00-02-108.00,"10 HAMPTON CT, GREENVILLE, SC 29609",29609,SC,34.890758,-82.358278,SFR,1972.0,3.0,2.0,1756.0,0.612,252000.0,2026-04-16,Resale,143.51,24860,"Greenville-Anderson-Greer, SC"
4730289,45045,0574.12-01-033.00,"204 PINE BARK CT, SIMPSONVILLE, SC 29680",29680,SC,34.730927,-82.279650,SFR,1980.0,3.0,2.0,1680.0,0.36,317500.0,2024-05-10,Resale,188.99,24860,"Greenville-Anderson-Greer, SC"
4730306,45045,B010.00-02-011.03,"637 SULPHUR SPRINGS RD, GREENVILLE, SC 29617",29617,SC,34.886271,-82.454035,SFR,1958.0,2.0,1.0,1476.0,2.53,335625.0,2024-08-23,Resale,227.39,24860,"Greenville-Anderson-Greer, SC"
4753120,45045,P015.08-02-020.00,"503 TIFFANY LN, TAYLORS, SC 29687",29687,SC,34.899351,-82.324937,SFR,1945.0,3.0,2.0,1000.0,0.1738981,130000.0,2024-05-14,Resale,130.0,24860,"Greenville-Anderson-Greer, SC"
4754035,45045,P014.00-02-063.00,"2 BURGUNDY DR, GREENVILLE, SC 29615",29615,SC,34.882802,-82.349157,SFR,1972.0,3.0,2.0,1548.0,0.449,291000.0,2026-05-12,Resale,187.98,24860,"Greenville-Anderson-Greer, SC"
4757698,45045,0615.05-01-044.00,"318 GOLDEN GROVE CIR, PIEDMONT, SC 29673",29673,SC,34.722642,-82.457396,SFR,1972.0,4.0,2.5,2240.0,0.564,328000.0,2026-02-27,Resale,146.43,24860,"Greenville-Anderson-Greer, SC"
4757862,45045,M006.02-01-433.00,"6 WOODHEDGE CT, MAULDIN, SC 29662",29662,SC,34.766654,-82.308702,SFR,1995.0,3.0,3.0,1970.0,0.4,,2025-02-25,Resale,,24860,"Greenville-Anderson-Greer, SC"
4781239,45045,P038.00-01-087.00,"4 PARKSTONE DR, GREENVILLE, SC 29609",29609,SC,34.900372,-82.394774,SFR,1982.0,3.0,2.0,1232.0,0.2199954,267500.0,2025-05-07,Resale,217.13,24860,"Greenville-Anderson-Greer, SC"
4813355,45045,0534.22-01-014.00,"16 BELFREY DR, GREER, SC 29650",29650,SC,34.880736,-82.254244,SFR,1995.0,5.0,6.0,5106.0,,960000.0,2023-06-01,Resale,188.01,24860,"Greenville-Anderson-Greer, SC"
4865226,45045,0426.00-02-015.00,"28 LONG FOREST DR, GREENVILLE, SC 29617",29617,SC,34.903087,-82.435201,SFR,1964.0,2.0,1.0,1004.0,0.4199954,235000.0,2023-09-11,Resale,234.06,24860,"Greenville-Anderson-Greer, SC"
4872899,45045,0609.02-01-131.00,"500 CARDINGTON AVE, PIEDMONT, SC 29673",29673,SC,34.730969,-82.440723,SFR,1972.0,3.0,2.0,1272.0,,244500.0,2025-04-25,Resale,192.22,24860,"Greenville-Anderson-Greer, SC"
4877205,45045,0413.04-01-008.00,"21 BROCKMORE DR, GREENVILLE, SC 29605",29605,SC,34.752015,-82.349789,SFR,1999.0,3.0,2.5,1686.0,0.2,301500.0,2025-02-05,Resale,178.83,24860,"Greenville-Anderson-Greer, SC"
4882137,45045,0615.04-01-073.00,"522 PIEDMONT HWY, PIEDMONT, SC 29673",29673,SC,34.730161,-82.448503,SFR,1967.0,2.0,2.0,1517.0,,255000.0,2025-02-20,Resale,168.09,24860,"Greenville-Anderson-Greer, SC"
4882138,45045,0615.04-01-065.00,"506 PIEDMONT HWY, PIEDMONT, SC 29673",29673,SC,34.728354,-82.449769,SFR,1955.0,3.0,2.0,1056.0,,220000.0,2025-07-31,Resale,208.33,24860,"Greenville-Anderson-Greer, SC"
4943086,45045,0547.06-01-027.00,"128 PINE GATE DR, GREENVILLE, SC 29607",29607,SC,34.809936,-82.293149,SFR,1990.0,3.0,3.0,1835.0,0.2582645,370000.0,2023-09-27,Resale,201.63,24860,"Greenville-Anderson-Greer, SC"
4943087,45045,M009.01-01-065.00,"111 BOULDER RD, GREENVILLE, SC 29607",29607,SC,34.804029,-82.301618,SFR,1985.0,3.0,2.0,1745.0,0.3535354,450000.0,2025-03-14,Resale,257.88,24860,"Greenville-Anderson-Greer, SC"
5040261,45045,0548.34-01-035.00,"28 ACKLEN DR, SIMPSONVILLE, SC 29681",29681,SC,34.792728,-82.214614,SFR,1999.0,3.0,2.0,1482.0,0.2,294000.0,2024-06-28,Resale,198.38,24860,"Greenville-Anderson-Greer, SC"
5040354,45045,0556.08-01-052.00,"1914 COUNTRY APPLE CT, FOUNTAIN INN, SC 29644",29644,SC,34.713333,-82.187183,SFR,2002.0,3.0,2.0,1471.0,0.2199954,245000.0,2024-07-30,Resale,166.55,24860,"Greenville-Anderson-Greer, SC"
5044598,45045,0243.00-03-099.00,"118 MARK DR, GREENVILLE, SC 29611",29611,SC,34.814858,-82.454031,SFR,1965.0,3.0,2.0,1456.0,0.464348,,2025-09-26,Resale,,24860,"Greenville-Anderson-Greer, SC"
5044758,45045,T006.00-15-002.88,"207 WINDING WILLOW TRL, TAYLORS, SC 29687",29687,SC,34.915732,-82.297942,SFR,2002.0,3.0,2.0,1132.0,0.4519972,275000.0,2025-12-18,Resale,242.93,24860,"Greenville-Anderson-Greer, SC"
5050331,45045,0163.00-03-051.01,"214 BERKLEY AVE, GREENVILLE, SC 29609",29609,SC,34.886091,-82.417107,SFR,1963.0,2.0,2.0,1024.0,0.292,247000.0,2023-12-18,Resale,241.21,24860,"Greenville-Anderson-Greer, SC"
5068675,45045,0155.00-02-015.00,"303 BAILEY ST, GREENVILLE, SC 29609",29609,SC,34.878616,-82.418020,SFR,1955.0,3.0,2.0,1160.0,0.17,,,,,24860,"Greenville-Anderson-Greer, SC"
5077468,45045,0535.21-01-048.00,"1 KEELIN LN, GREER, SC 29650",29650,SC,34.909798,-82.261803,SFR,2006.0,5.0,2.5,2114.0,0.213,330000.0,2023-11-27,Resale,156.1,24860,"Greenville-Anderson-Greer, SC"
5077472,45045,0542.29-01-004.00,"8 PARANOR DR, SIMPSONVILLE, SC 29681",29681,SC,34.770542,-82.255613,SFR,2005.0,3.0,3.0,2536.0,0.1480028,350000.0,2025-02-20,Resale,138.01,24860,"Greenville-Anderson-Greer, SC"
5147489,45045,WG02.03-01-094.00,"11 PINE CREEK CT, GREENVILLE, SC 29605",29605,SC,34.787206,-82.393366,SFR,1964.0,3.0,2.0,1989.0,0.3562902,326000.0,2023-08-22,Resale,163.9,24860,"Greenville-Anderson-Greer, SC"
5180267,45045,0179.00-03-002.00,"309 SUMMIT DR, GREENVILLE, SC 29609",29609,SC,34.872111,-82.384486,SFR,1966.0,3.0,2.0,3434.0,0.2679982,670000.0,2025-12-01,Resale,195.11,24860,"Greenville-Anderson-Greer, SC"
5180268,45045,T009.08-01-019.00,"108 MEADOW HILL WAY, TAYLORS, SC 29687",29687,SC,34.933030,-82.277732,SFR,1998.0,3.0,2.0,1496.0,0.2,250000.0,2023-06-16,Resale,167.11,24860,"Greenville-Anderson-Greer, SC"
5210210,45045,0602.04-01-132.00,"104 PINE NEEDLE RD, PIEDMONT, SC 29673",29673,SC,34.711645,-82.395770,SFR,2004.0,3.0,2.0,1360.0,0.248,222500.0,2024-01-15,Resale,163.6,24860,"Greenville-Anderson-Greer, SC"
5210212,45045,0602.04-01-139.00,"118 PINE NEEDLE RD, PIEDMONT, SC 29673",29673,SC,34.712332,-82.397671,SFR,2005.0,4.0,2.0,1232.0,,250000.0,2023-07-12,Resale,202.92,24860,"Greenville-Anderson-Greer, SC"
5212010,45045,0537.15-01-013.00,"103 OAK WIND CIR, GREER, SC 29651",29651,SC,34.963982,-82.238453,SFR,1998.0,3.0,3.0,3692.0,0.2899908,490000.0,2025-08-28,Resale,132.72,24860,"Greenville-Anderson-Greer, SC"
5212011,45045,0536.06-01-010.00,"2 HASKELL CT, GREER, SC 29651",29651,SC,34.965682,-82.223491,SFR,2001.0,3.0,3.0,1650.0,0.2339991,205000.0,2023-07-20,Resale,124.24,24860,"Greenville-Anderson-Greer, SC"
5212012,45045,0536.06-01-005.00,"9 FRITZSIMONS CT, GREER, SC 29651",29651,SC,34.965973,-82.224724,SFR,2002.0,3.0,2.5,1810.0,0.182,273000.0,2024-02-06,Resale,150.83,24860,"Greenville-Anderson-Greer, SC"
5212040,45045,M008.07-01-007.00,"513 WATERBROOK DR, GREENVILLE, SC 29607",29607,SC,34.776472,-82.326649,SFR,2000.0,3.0,2.5,1373.0,0.04,219000.0,2026-04-14,Resale,159.5,24860,"Greenville-Anderson-Greer, SC"
5243736,45045,0497.00-02-001.00,"301 N POINSETT HWY, TRAVELERS REST, SC 29690",29690,SC,34.973426,-82.433186,SFR,1964.0,2.0,1.0,910.0,0.0019972,2500.0,2024-04-19,Resale,2.75,24860,"Greenville-Anderson-Greer, SC"
5253006,45045,0675.02-01-043.00,"109 COOL RIVER DR, MARIETTA, SC 29661",29661,SC,35.121046,-82.537621,SFR,1961.0,2.0,1.0,734.0,1.0,150000.0,2025-02-28,Resale,204.36,24860,"Greenville-Anderson-Greer, SC"
5295775,45045,0128.00-03-054.00,"220 CLEMSON AVE, GREENVILLE, SC 29611",29611,SC,34.852801,-82.439310,SFR,1986.0,3.0,2.0,1352.0,1.078,,,,,24860,"Greenville-Anderson-Greer, SC"
5299249,45045,0530.16-01-032.00,"226 ROCK RD, GREER, SC 29651",29651,SC,34.846696,-82.221694,SFR,1993.0,3.0,3.0,2348.0,0.305,500000.0,2026-01-08,Resale,212.95,24860,"Greenville-Anderson-Greer, SC"
5300396,45045,0547.04-01-039.00,"620 ROPER MOUNTAIN RD, GREENVILLE, SC 29615",29615,SC,34.845643,-82.302446,SFR,1978.0,4.0,6.0,4499.0,2.282,1760000.0,2026-01-14,Resale,391.2,24860,"Greenville-Anderson-Greer, SC"
5308905,45045,0574.24-01-117.00,"9 ROSEMOSS CT, SIMPSONVILLE, SC 29680",29680,SC,34.714007,-82.300854,SFR,2003.0,3.0,2.5,1998.0,0.208,336000.0,2024-01-31,Resale,168.17,24860,"Greenville-Anderson-Greer, SC"
5309501,45045,0559.10-01-072.00,"1 ARABIAN WAY, SIMPSONVILLE, SC 29681",29681,SC,34.778489,-82.222920,SFR,2000.0,3.0,2.0,1652.0,0.2910009,318000.0,2024-04-12,Resale,192.49,24860,"Greenville-Anderson-Greer, SC"
7023925,45045,0601.02-01-049.00,"712 PIEDMONT GOLF COURSE RD, PIEDMONT, SC 29673",29673,SC,34.721827,-82.403371,SFR,1970.0,4.0,3.0,2732.0,1.999,520000.0,2023-08-10,Resale,190.34,24860,"Greenville-Anderson-Greer, SC"
7057113,45045,0641.01-01-025.25,"107 BROOK LAUREL LN, TAYLORS, SC 29687",29687,SC,35.003344,-82.322294,SFR,1999.0,3.0,2.0,1996.0,0.9960055,395000.0,2025-04-14,Resale,197.9,24860,"Greenville-Anderson-Greer, SC"
7128684,45045,0542.20-01-020.01,"8 AMSTERDAM LN, SIMPSONVILLE, SC 29681",29681,SC,34.778741,-82.266923,SFR,2002.0,3.0,2.0,1961.0,0.199,388000.0,2025-12-30,Resale,197.86,24860,"Greenville-Anderson-Greer, SC"
7132158,45045,0641.08-01-025.00,"111 BROOKE LEE CIR, TAYLORS, SC 29687",29687,SC,34.998548,-82.319449,SFR,2001.0,3.0,2.5,1742.0,0.74,362000.0,2025-08-29,Resale,207.81,24860,"Greenville-Anderson-Greer, SC"
7173835,45045,0170.00-06-004.00,"113 PERRY RD, GREENVILLE, SC 29609",29609,SC,34.883027,-82.415452,SFR,1963.0,3.0,1.0,1352.0,0.2559917,,2025-12-01,Resale,,24860,"Greenville-Anderson-Greer, SC"
7174243,45045,WG06.01-01-246.00,"15 HOPE ALYSON CT, PIEDMONT, SC 29673",29673,SC,34.773429,-82.423567,MOBILE HOME,2001.0,,1.0,1680.0,0.6600092,70000.0,2024-08-23,Resale,41.67,24860,"Greenville-Anderson-Greer, SC"
7174305,45045,T033.00-02-220.00,"8 CONFEDERATE CIR, TAYLORS, SC 29687",29687,SC,34.904936,-82.308632,SFR,1968.0,3.0,2.0,1809.0,0.3535354,310000.0,2024-07-31,Resale,171.37,24860,"Greenville-Anderson-Greer, SC"
7174357,45045,0486.01-01-013.00,"11 DAUGHTRY CT, TRAVELERS REST, SC 29690",29690,SC,34.960297,-82.448356,SFR,1996.0,3.0,2.0,2033.0,,365000.0,2024-04-18,Resale,179.54,24860,"Greenville-Anderson-Greer, SC"
7174367,45045,0300.00-02-039.00,"102 PALMETTO DR, SIMPSONVILLE, SC 29681",29681,SC,34.747418,-82.257639,SFR,1970.0,4.0,2.0,2671.0,0.45,355000.0,2024-10-04,Resale,132.91,24860,"Greenville-Anderson-Greer, SC"
7174466,45045,0548.31-01-020.00,"29 LAKE VALLEY CT, SIMPSONVILLE, SC 29681",29681,SC,34.804411,-82.237769,SFR,1999.0,3.0,3.0,2614.0,,388500.0,2023-06-06,Resale,148.62,24860,"Greenville-Anderson-Greer, SC"
7225288,45045,P015.09-01-070.01,"4 ELIZABETH DR, GREENVILLE, SC 29615",29615,SC,34.899008,-82.335924,SFR,1964.0,3.0,2.0,1536.0,0.4820018,340000.0,2025-11-17,Resale,221.35,24860,"Greenville-Anderson-Greer, SC"
7243217,45045,T007.00-01-016.00,"6 CENTER ST, TAYLORS, SC 29687",29687,SC,34.924419,-82.284360,SFR,1961.0,3.0,1.0,1320.0,0.25,214000.0,2024-01-08,Resale,162.12,24860,"Greenville-Anderson-Greer, SC"
7276142,45045,0616.03-01-135.00,"12 LANGSTON ST, PIEDMONT, SC 29673",29673,SC,34.700529,-82.456905,SFR,1945.0,2.0,2.0,1104.0,,209900.0,2025-11-21,Resale,190.13,24860,"Greenville-Anderson-Greer, SC"
7327120,45045,0640.09-01-029.00,"22 SUMMIT CT, TAYLORS, SC 29687",29687,SC,34.962641,-82.316109,SFR,1989.0,3.0,2.0,1837.0,0.042,360000.0,2024-12-18,Resale,195.97,24860,"Greenville-Anderson-Greer, SC"
7357956,45045,0147.00-11-011.00,"101 COLONIAL AVE, GREENVILLE, SC 29611",29611,SC,34.870738,-82.424396,SFR,1980.0,3.0,1.0,1790.0,0.2334252,120000.0,2025-11-25,Resale,67.04,24860,"Greenville-Anderson-Greer, SC"
7358174,45045,0548.27-01-043.00,"23 SUMMER GLEN DR, SIMPSONVILLE, SC 29681",29681,SC,34.780648,-82.237515,SFR,1996.0,3.0,3.0,1878.0,,318000.0,2023-09-08,Resale,169.33,24860,"Greenville-Anderson-Greer, SC"
7358193,45045,0531.08-01-006.00,"14 BIG OAK CT, SIMPSONVILLE, SC 29681",29681,SC,34.823283,-82.235107,SFR,1997.0,4.0,2.0,1975.0,,417500.0,2025-04-24,Resale,211.39,24860,"Greenville-Anderson-Greer, SC"
7358208,45045,0575.21-01-159.00,"201 OAKBORO LN, SIMPSONVILLE, SC 29680",29680,SC,34.691951,-82.281322,SFR,2006.0,4.0,2.5,2135.0,0.223,,2026-04-21,Resale,,24860,"Greenville-Anderson-Greer, SC"
7373913,45045,0518.00-01-003.00,"110 WHITNEY ST, SLATER, SC 29683",29683,SC,35.029111,-82.491858,SFR,1960.0,2.0,1.0,1004.0,0.413,206500.0,2023-12-07,Resale,205.68,24860,"Greenville-Anderson-Greer, SC"
7373923,45045,M004.06-01-046.00,"709 SUMMER WOODS DR, MAULDIN, SC 29662",29662,SC,34.786810,-82.293711,SFR,1983.0,2.0,3.0,1092.0,,191000.0,2025-03-31,Resale,174.91,24860,"Greenville-Anderson-Greer, SC"
7384829,45045,0479.02-01-042.00,"14 BLUFF RIDGE CT, GREENVILLE, SC 29617",29617,SC,34.948218,-82.447971,SFR,2000.0,4.0,4.0,3004.0,0.2469927,605000.0,2025-08-05,Resale,201.4,24860,"Greenville-Anderson-Greer, SC"
7384837,45045,0380.00-05-021.01,"112 WOODMONT CIR, GREENVILLE, SC 29605",29605,SC,34.784355,-82.376901,SFR,1965.0,3.0,2.0,1981.0,0.03,294500.0,2026-03-13,Resale,148.66,24860,"Greenville-Anderson-Greer, SC"
7384928,45045,0540.23-01-042.00,"402 ROSEBUD CT, GREER, SC 29650",29650,SC,34.875464,-82.296306,SFR,1988.0,3.0,2.0,1736.0,0.153168,387000.0,2025-07-29,Resale,222.93,24860,"Greenville-Anderson-Greer, SC"
7384943,45045,0631.08-01-015.09,"1904 LAKE CUNNINGHAM RD, GREER, SC 29651",29651,SC,34.985104,-82.269109,MOBILE HOME,1990.0,,2.0,1820.0,0.587,198500.0,2023-08-14,Resale,109.07,24860,"Greenville-Anderson-Greer, SC"
7384948,45045,0538.05-01-057.00,"103 OAK DR, GREENVILLE, SC 29611",29611,SC,34.903546,-82.284608,SFR,1986.0,3.0,2.0,1447.0,0.3595041,275000.0,2024-12-09,Resale,190.05,24860,"Greenville-Anderson-Greer, SC"
7384956,45045,0319.03-01-093.00,"4 HATTERAS LN, SIMPSONVILLE, SC 29680",29680,SC,34.728153,-82.264073,SFR,1993.0,3.0,2.0,1338.0,,239366.0,2023-09-21,Resale,178.9,24860,"Greenville-Anderson-Greer, SC"
7384957,45045,0538.10-01-205.00,"1 WOLSELEY RD, GREENVILLE, SC 29615",29615,SC,34.881621,-82.298120,SFR,1978.0,3.0,2.0,1692.0,0.3379936,317500.0,2025-06-02,Resale,187.65,24860,"Greenville-Anderson-Greer, SC"
7384981,45045,G026.00-03-017.00,"209 WESTFIELD AVE, GREER, SC 29651",29651,SC,34.933722,-82.228239,SFR,1965.0,2.0,2.0,1212.0,0.197,175000.0,2025-12-17,Resale,144.39,24860,"Greenville-Anderson-Greer, SC"
7385017,45045,0574.20-01-073.00,"29 WINDING CREEK WAY, SIMPSONVILLE, SC 29680",29680,SC,34.735178,-82.304821,SFR,1995.0,3.0,2.0,1535.0,,265000.0,2025-03-14,Resale,172.64,24860,"Greenville-Anderson-Greer, SC"
7385019,45045,0556.06-01-042.00,"907 VERY FINE DR, FOUNTAIN INN, SC 29644",29644,SC,34.706860,-82.183797,SFR,1998.0,3.0,2.0,1150.0,,220000.0,2023-10-24,Resale,191.3,24860,"Greenville-Anderson-Greer, SC"
7385021,45045,0548.35-01-134.00,"105 INNISBROOK LN, SIMPSONVILLE, SC 29681",29681,SC,34.800173,-82.215668,SFR,2000.0,3.0,3.0,1671.0,0.2370064,319000.0,2023-09-15,Resale,190.9,24860,"Greenville-Anderson-Greer, SC"
7385035,45045,0575.11-01-115.00,"10 WINGCUP WAY, SIMPSONVILLE, SC 29680",29680,SC,34.703536,-82.305121,SFR,1994.0,4.0,3.0,1740.0,,325000.0,2025-11-11,Resale,186.78,24860,"Greenville-Anderson-Greer, SC"
7385143,45045,0109.00-03-044.00,"34 BAGWELL CIR, GREENVILLE, SC 29605",29605,SC,34.830547,-82.421324,DUPLEX,1935.0,4.0,2.0,1680.0,0.1625344,315000.0,2025-09-10,Resale,187.5,24860,"Greenville-Anderson-Greer, SC"
7385144,45045,WG06.02-01-005.00,"1400 PIEDMONT HWY, PIEDMONT, SC 29673",29673,SC,34.768148,-82.430820,OFFICE BUILDING,1995.0,,,,2.23,835000.0,2025-06-24,Resale,,24860,"Greenville-Anderson-Greer, SC"
7385435,45045,0369.00-03-021.00,"12 HILLSIDE LN, GREENVILLE, SC 29605",29605,SC,34.791972,-82.383723,SFR,1976.0,3.0,2.0,1853.0,0.375,289900.0,2024-11-04,Resale,156.45,24860,"Greenville-Anderson-Greer, SC"
7388884,45045,0370.00-08-001.00,"45 FOXHALL RD, GREENVILLE, SC 29605",29605,SC,34.782984,-82.382989,SFR,1963.0,3.0,2.0,1811.0,0.4658173,,2024-02-21,Resale,,24860,"Greenville-Anderson-Greer, SC"
7389234,45045,B011.00-02-047.00,"5 TIMBER CT, GREENVILLE, SC 29617",29617,SC,34.880786,-82.436998,SFR,1981.0,3.0,2.0,1272.0,0.2940083,249000.0,2023-10-27,Resale,195.75,24860,"Greenville-Anderson-Greer, SC"
7389372,45045,0602.03-01-024.00,"102 KNIGHT PL, PIEDMONT, SC 29673",29673,SC,34.690656,-82.396150,SFR,1964.0,3.0,2.0,1637.0,,,2025-05-19,Resale,,24860,"Greenville-Anderson-Greer, SC"
7389384,45045,0535.01-01-105.00,"384 GRAND TETON DR, GREER, SC 29650",29650,SC,34.913325,-82.242159,SFR,1982.0,3.0,2.0,2127.0,0.3760331,490000.0,2025-11-21,Resale,230.37,24860,"Greenville-Anderson-Greer, SC"
7389387,45045,0535.08-01-002.00,"3 RIVERSIDE CHASE CIR, GREER, SC 29650",29650,SC,34.905561,-82.251701,SFR,1995.0,3.0,2.0,1398.0,,279000.0,2025-11-20,Resale,199.57,24860,"Greenville-Anderson-Greer, SC"
7389391,45045,0535.01-01-169.00,"102 RICHGLEN WAY, GREER, SC 29650",29650,SC,34.912638,-82.248417,SFR,1998.0,3.0,3.0,2592.0,,390000.0,2025-06-11,Resale,150.46,24860,"Greenville-Anderson-Greer, SC"
7389407,45045,T022.00-01-074.00,"163 CARVER RD, TAYLORS, SC 29687",29687,SC,34.949377,-82.307300,SFR,1965.0,3.0,2.0,1272.0,0.517562,,2025-01-30,Resale,,24860,"Greenville-Anderson-Greer, SC"
7389409,45045,T027.01-01-069.00,"1015 WINTERFIELD PL, TAYLORS, SC 29687",29687,SC,34.934114,-82.324007,SFR,1968.0,3.0,2.0,1710.0,0.1193756,260000.0,2024-04-15,Resale,152.05,24860,"Greenville-Anderson-Greer, SC"
7389412,45045,0583.05-01-117.00,"402 TANACROSS WAY, GREENVILLE, SC 29605",29605,SC,34.739732,-82.330068,SFR,2000.0,2.0,2.0,1244.0,,260000.0,2023-10-04,Resale,209.0,24860,"Greenville-Anderson-Greer, SC"
7389414,45045,0583.05-01-055.00,"315 TANACROSS WAY, GREENVILLE, SC 29605",29605,SC,34.739611,-82.331890,SFR,2002.0,3.0,2.0,1260.0,0.187,246000.0,2023-06-21,Resale,195.24,24860,"Greenville-Anderson-Greer, SC"
7389436,45045,0391.00-06-016.00,"204 CHURCHILL CIR, GREENVILLE, SC 29605",29605,SC,34.781464,-82.370239,SFR,1963.0,3.0,1.0,895.0,0.5050505,184900.0,2024-10-11,Resale,206.59,24860,"Greenville-Anderson-Greer, SC"
7389438,45045,0379.00-02-027.00,"118 S ESTATE DR, GREENVILLE, SC 29605",29605,SC,34.779753,-82.379735,SFR,1940.0,3.0,1.0,1140.0,0.264,37337.0,2023-10-10,Resale,32.75,24860,"Greenville-Anderson-Greer, SC"
7389551,45045,0331.01-01-024.00,"107 WATERTON WAY, SIMPSONVILLE, SC 29680",29680,SC,34.702504,-82.245272,SFR,1998.0,3.0,2.5,2328.0,0.31,340000.0,2024-01-10,Resale,146.05,24860,"Greenville-Anderson-Greer, SC"
7389560,45045,0543.03-01-033.02,"10 EDGEWOOD RD, GREENVILLE, SC 29615",29615,SC,34.870941,-82.316599,SFR,1998.0,3.0,2.0,1523.0,,,2024-06-28,Resale,,24860,"Greenville-Anderson-Greer, SC"
7389569,45045,0543.10-01-003.00,"508 PROVIDENCE SQ, GREENVILLE, SC 29615",29615,SC,34.864393,-82.321184,SFR,1975.0,3.0,4.0,3488.0,0.510101,625000.0,2023-10-30,Resale,179.19,24860,"Greenville-Anderson-Greer, SC"
7389585,45045,0574.15-01-054.00,"103 ASHDOWN DR, SIMPSONVILLE, SC 29680",29680,SC,34.717042,-82.274560,SFR,1980.0,3.0,2.0,1280.0,0.3070018,265000.0,2025-02-28,Resale,207.03,24860,"Greenville-Anderson-Greer, SC"
7389588,45045,0538.33-01-037.00,"12 S ANTIGO CT, GREER, SC 29650",29650,SC,34.886776,-82.289248,SFR,1998.0,4.0,3.0,2927.0,0.275,443000.0,2026-05-01,Resale,151.35,24860,"Greenville-Anderson-Greer, SC"
7389607,45045,0540.03-01-020.00,"100 PHILLIPS LN, GREER, SC 29650",29650,SC,34.868038,-82.285424,SFR,1962.0,2.0,1.0,672.0,0.6899908,300000.0,2025-06-12,Resale,446.43,24860,"Greenville-Anderson-Greer, SC"
7389609,45045,0540.24-01-011.00,"1108 DEVENGER RD, GREER, SC 29650",29650,SC,34.867460,-82.285246,SFR,1992.0,3.0,3.0,1649.0,0.2699725,410000.0,2024-12-27,Resale,248.64,24860,"Greenville-Anderson-Greer, SC"
7389620,45045,0585.05-01-072.00,"103 LASALLE PL, SIMPSONVILLE, SC 29680",29680,SC,34.698799,-82.328074,SFR,1955.0,3.0,2.0,1035.0,0.3390037,215000.0,2024-04-10,Resale,207.73,24860,"Greenville-Anderson-Greer, SC"
7389624,45045,0575.12-01-050.00,"5 HAYMAKER CT, SIMPSONVILLE, SC 29680",29680,SC,34.699030,-82.306144,SFR,1996.0,3.0,2.5,2300.0,0.387,,2026-04-07,Resale,,24860,"Greenville-Anderson-Greer, SC"
7389626,45045,0575.11-01-097.00,"100 WINGCUP WAY, SIMPSONVILLE, SC 29680",29680,SC,34.702189,-82.304843,SFR,1994.0,3.0,3.0,1992.0,,355000.0,2024-05-21,Resale,178.21,24860,"Greenville-Anderson-Greer, SC"
7389629,45045,0242.02-06-001.02,"6 TALL OAKS DR, GREENVILLE, SC 29611",29611,SC,34.818211,-82.456207,SFR,2005.0,3.0,2.0,1264.0,0.2800046,243000.0,2024-04-18,Resale,192.25,24860,"Greenville-Anderson-Greer, SC"
7389677,45045,0575.07-01-018.00,"600 WILD HORSE CREEK DR, SIMPSONVILLE, SC 29680",29680,SC,34.704910,-82.292551,SFR,1994.0,3.0,3.0,1987.0,,395000.0,2025-07-17,Resale,198.79,24860,"Greenville-Anderson-Greer, SC"
7389704,45045,0546.06-01-007.00,"103 BRAXTON PL, MAULDIN, SC 29662",29662,SC,34.796093,-82.286947,SFR,1999.0,3.0,4.0,1824.0,,240000.0,2023-10-19,Resale,131.58,24860,"Greenville-Anderson-Greer, SC"
7389720,45045,M006.02-01-171.00,"15 W GOLDEN STRIP DR, MAULDIN, SC 29662",29662,SC,34.767520,-82.302662,SFR,1970.0,4.0,2.0,1794.0,0.862,315000.0,2024-03-15,Resale,175.59,24860,"Greenville-Anderson-Greer, SC"
7389731,45045,0476.00-01-002.00,"6250 OLD BUNCOMBE RD, GREENVILLE, SC 29609",29609,SC,34.938262,-82.433217,SFR,1962.0,2.0,1.0,1050.0,0.5320018,,2025-11-06,Resale,,24860,"Greenville-Anderson-Greer, SC"
7389738,45045,T018.02-01-177.00,"239 SHEFFIELD RD, GREER, SC 29651",29651,SC,34.950985,-82.257680,SFR,1972.0,4.0,2.0,3116.0,0.467,420000.0,2025-03-28,Resale,134.79,24860,"Greenville-Anderson-Greer, SC"
7389754,45045,0231.00-02-033.02,"107 EARLE DR, GREENVILLE, SC 29611",29611,SC,34.844083,-82.448484,SFR,1956.0,2.0,1.0,864.0,0.2210055,160000.0,2023-07-27,Resale,185.19,24860,"Greenville-Anderson-Greer, SC"
7389759,45045,0319.03-01-073.00,"138 HATTERAS LN, SIMPSONVILLE, SC 29680",29680,SC,34.726749,-82.268824,SFR,1995.0,3.0,2.0,1236.0,,245930.0,2025-02-14,Resale,198.97,24860,"Greenville-Anderson-Greer, SC"
7389772,45045,0308.00-02-011.00,"107 S MAPLE ST, SIMPSONVILLE, SC 29681",29681,SC,34.736244,-82.255991,SFR,1955.0,4.0,2.0,2057.0,0.4100092,500000.0,2024-07-30,Resale,243.07,24860,"Greenville-Anderson-Greer, SC"
7389778,45045,0631.06-01-013.47,"1634 LAKE CUNNINGHAM RD, GREER, SC 29651",29651,SC,34.986435,-82.259252,MOBILE HOME,1983.0,,2.0,960.0,1.1,135000.0,2024-05-01,Resale,140.63,24860,"Greenville-Anderson-Greer, SC"
7389780,45045,0560.07-01-116.00,"109 TURNHOUSE LN, SIMPSONVILLE, SC 29681",29681,SC,34.739160,-82.217403,SFR,2005.0,4.0,5.0,3209.0,0.5940083,865000.0,2024-07-29,Resale,269.55,24860,"Greenville-Anderson-Greer, SC"
7389788,45045,0277.00-02-021.00,"20 LAKE FAIRFIELD DR, GREENVILLE, SC 29615",29615,SC,34.881448,-82.347576,SFR,1972.0,3.0,2.0,1468.0,0.379,460000.0,2024-08-28,Resale,313.35,24860,"Greenville-Anderson-Greer, SC"
7389792,45045,P014.03-01-016.00,"501 EDWARDS RD, GREENVILLE, SC 29615",29615,SC,34.881649,-82.351480,SFR,1981.0,2.0,1.5,960.0,0.011,,2025-02-03,Resale,,24860,"Greenville-Anderson-Greer, SC"
7389793,45045,0276.02-01-023.00,"130 GLENBROOKE WAY, GREENVILLE, SC 29615",29615,SC,34.881413,-82.353387,SFR,1983.0,3.0,2.0,2283.0,0.052,475000.0,2026-04-17,Resale,208.06,24860,"Greenville-Anderson-Greer, SC"
7389799,45045,0538.05-01-093.00,"27 CHOSEN CT, GREER, SC 29650",29650,SC,34.904619,-82.287163,SFR,1992.0,3.0,2.0,1404.0,,300000.0,2025-12-12,Resale,213.68,24860,"Greenville-Anderson-Greer, SC"
7389804,45045,0538.05-01-063.00,"119 OAK DR, GREER, SC 29650",29650,SC,34.905526,-82.285473,SFR,1986.0,3.0,2.0,1498.0,0.2238292,320000.0,2023-07-13,Resale,213.62,24860,"Greenville-Anderson-Greer, SC"
7389818,45045,0562.07-01-006.00,"204 CROSSINGTON WAY, FOUNTAIN INN, SC 29644",29644,SC,34.679149,-82.222595,SFR,2003.0,4.0,2.0,2282.0,0.5,410000.0,2023-06-28,Resale,179.67,24860,"Greenville-Anderson-Greer, SC"
7389830,45045,0538.19-01-116.00,"12 W SHEFFORD ST, GREER, SC 29650",29650,SC,34.893682,-82.287111,SFR,1989.0,3.0,3.0,2023.0,0.3172176,450000.0,2023-07-28,Resale,222.44,24860,"Greenville-Anderson-Greer, SC"
7389832,45045,0538.25-01-021.00,"704 E SILVERLEAF ST, GREER, SC 29650",29650,SC,34.894292,-82.280883,SFR,1989.0,4.0,3.0,2788.0,,550000.0,2025-08-19,Resale,197.27,24860,"Greenville-Anderson-Greer, SC"
7389833,45045,0538.10-01-363.00,"300 LADBROKE RD, GREENVILLE, SC 29615",29615,SC,34.880348,-82.294590,SFR,1972.0,3.0,2.0,1937.0,0.1566804,400000.0,2024-06-18,Resale,206.5,24860,"Greenville-Anderson-Greer, SC"
7389851,45045,0428.00-01-342.00,"5 QUAIL MEADOW LN, GREENVILLE, SC 29617",29617,SC,34.912205,-82.438447,SFR,1999.0,3.0,2.0,1800.0,,425000.0,2023-07-10,Resale,236.11,24860,"Greenville-Anderson-Greer, SC"
7389861,45045,T033.01-02-010.00,"20 BUCKINGHAM WAY, TAYLORS, SC 29687",29687,SC,34.899704,-82.306170,SFR,1986.0,3.0,2.0,1595.0,0.345,324999.0,2026-03-11,Resale,203.76,24860,"Greenville-Anderson-Greer, SC"
7389896,45045,0574.21-01-083.00,"405 GOLDENRAIN WAY, SIMPSONVILLE, SC 29680",29680,SC,34.740571,-82.299560,SFR,1997.0,3.0,2.0,1822.0,,325000.0,2025-07-24,Resale,178.38,24860,"Greenville-Anderson-Greer, SC"
7389908,45045,0257.00-07-024.00,"18 SIMMONS AVE, GREENVILLE, SC 29607",29607,SC,34.839813,-82.355648,SFR,1958.0,3.0,1.0,1014.0,0.228,317500.0,2023-12-19,Resale,313.12,24860,"Greenville-Anderson-Greer, SC"
7389914,45045,M008.05-01-012.00,"219 PINECREST DR, MAULDIN, SC 29662",29662,SC,34.781117,-82.316688,SFR,1985.0,3.0,3.0,1600.0,,500000.0,2023-09-21,Resale,312.5,24860,"Greenville-Anderson-Greer, SC"
7389920,45045,M008.05-01-028.00,"119 WOOD CREEK RD, MAULDIN, SC 29662",29662,SC,34.779596,-82.318431,SFR,1986.0,4.0,3.0,2148.0,0.37,300000.0,2026-05-01,Resale,139.66,24860,"Greenville-Anderson-Greer, SC"
7389921,45045,M008.05-01-009.00,"213 PINECREST DR, MAULDIN, SC 29662",29662,SC,34.780470,-82.316478,SFR,1986.0,4.0,3.0,2214.0,,363000.0,2025-07-10,Resale,163.96,24860,"Greenville-Anderson-Greer, SC"
7390100,45045,B007.00-01-067.00,"13 STRAWBERRY DR, GREENVILLE, SC 29617",29617,SC,34.891157,-82.459540,SFR,1958.0,3.0,1.5,1135.0,0.29,230000.0,2025-07-02,Resale,202.64,24860,"Greenville-Anderson-Greer, SC"
7390127,45045,B004.03-01-024.00,"109 PEMBERTON DR, GREENVILLE, SC 29611",29611,SC,34.884715,-82.479441,SFR,1972.0,3.0,2.0,1562.0,0.742,232237.0,2024-01-02,Resale,148.68,24860,"Greenville-Anderson-Greer, SC"
7390606,45045,0538.01-01-015.00,"202 TERRAMONT DR, GREENVILLE, SC 29615",29615,SC,34.877557,-82.311434,SFR,1978.0,3.0,3.0,2949.0,0.823921,645000.0,2024-06-27,Resale,218.72,24860,"Greenville-Anderson-Greer, SC"
7423660,45045,0263.00-01-072.00,"12 CARTER DR, GREENVILLE, SC 29607",29607,SC,34.822143,-82.348024,SFR,1962.0,3.0,1.0,950.0,0.2539945,235000.0,2025-08-11,Resale,247.37,24860,"Greenville-Anderson-Greer, SC"
7423661,45045,0270.01-01-025.00,"27 PONDEROSA RD, GREENVILLE, SC 29607",29607,SC,34.815615,-82.362249,SFR,1970.0,5.0,3.5,3173.0,0.769,1299607.0,2026-02-27,Resale,409.58,24860,"Greenville-Anderson-Greer, SC"
7481551,45045,0509.06-01-017.00,"2 STERN CT, GREENVILLE, SC 29617",29617,SC,34.904888,-82.495497,MOBILE HOME,2002.0,,1.0,2560.0,0.9699954,336000.0,2025-11-19,New Construction,131.25,24860,"Greenville-Anderson-Greer, SC"
7483478,45045,0618.03-01-039.00,"408 COPPER CT, GREER, SC 29651",29651,SC,35.017884,-82.242826,SFR,2004.0,3.0,2.0,2591.0,1.438,365000.0,2023-10-13,Resale,140.87,24860,"Greenville-Anderson-Greer, SC"
7484328,45045,0539.10-01-027.00,"103 REBEL CT, SIMPSONVILLE, SC 29681",29681,SC,34.810117,-82.253466,SFR,1983.0,3.0,2.0,1246.0,0.2995868,265000.0,2025-10-15,Resale,212.68,24860,"Greenville-Anderson-Greer, SC"
7513167,45045,0548.43-01-041.00,"214 MORELL DR, SIMPSONVILLE, SC 29681",29681,SC,34.785707,-82.227715,SFR,2000.0,3.0,2.5,1918.0,0.2,334500.0,2023-12-12,Resale,174.4,24860,"Greenville-Anderson-Greer, SC"
7534809,45045,0514.08-01-067.00,"111 BEAVER CREEK CT, MARIETTA, SC 29661",29661,SC,35.023342,-82.505831,SFR,1992.0,3.0,2.0,1125.0,0.4239899,235000.0,2024-01-18,Resale,208.89,24860,"Greenville-Anderson-Greer, SC"
7534814,45045,P026.00-03-006.08,"105 E BELVUE RD, TAYLORS, SC 29687",29687,SC,34.907243,-82.361035,SFR,1998.0,3.0,2.0,1232.0,0.3,255000.0,2026-04-23,Resale,206.98,24860,"Greenville-Anderson-Greer, SC"
7535098,45045,0274.01-01-050.00,"234 STONE LAKE DR, GREENVILLE, SC 29609",29609,SC,34.882885,-82.374880,SFR,1963.0,4.0,3.0,3276.0,0.6309917,820000.0,2023-07-31,Resale,250.31,24860,"Greenville-Anderson-Greer, SC"
7536104,45045,T027.03-01-023.00,"102 HICKORY VALLEY WAY, TAYLORS, SC 29687",29687,SC,34.930895,-82.320133,SFR,2005.0,3.0,2.0,1770.0,0.1699954,,2024-11-22,Resale,,24860,"Greenville-Anderson-Greer, SC"
7610891,45045,0548.35-01-033.00,"106 GRAYHAWK WAY, SIMPSONVILLE, SC 29681",29681,SC,34.798568,-82.218859,SFR,1999.0,3.0,2.5,1708.0,0.411,308000.0,2024-04-17,Resale,180.33,24860,"Greenville-Anderson-Greer, SC"
7611906,45045,P038.01-01-025.00,"107 MOUNTAINSIDE WAY, GREENVILLE, SC 29609",29609,SC,34.905447,-82.395187,SFR,1998.0,3.0,3.0,1992.0,,405000.0,2024-12-16,Resale,203.31,24860,"Greenville-Anderson-Greer, SC"
7612021,45045,T009.03-01-027.17,"119 FAIRVIEW PL, GREER, SC 29651",29651,SC,34.947546,-82.272402,SFR,1992.0,3.0,2.0,1537.0,,304000.0,2024-07-22,Resale,197.79,24860,"Greenville-Anderson-Greer, SC"
7693389,45045,0535.08-01-132.00,"138 FAWNBROOK DR, GREER, SC 29650",29650,SC,34.910445,-82.252358,SFR,1996.0,3.0,3.0,1676.0,,300000.0,2025-03-24,Resale,179.0,24860,"Greenville-Anderson-Greer, SC"
7707659,45045,0548.21-01-060.00,"15 CHARIOT LN, SIMPSONVILLE, SC 29681",29681,SC,34.800007,-82.236160,SFR,1995.0,3.0,3.0,2092.0,,425000.0,2025-04-14,Resale,203.15,24860,"Greenville-Anderson-Greer, SC"
7707996,45045,M008.07-01-037.00,"920 GOLDENDALE CT, GREENVILLE, SC 29607",29607,SC,34.777512,-82.326355,SFR,2001.0,3.0,2.5,1462.0,0.033,223000.0,2024-10-08,Resale,152.53,24860,"Greenville-Anderson-Greer, SC"
7793355,45045,0574.21-01-028.00,"122 EAGLESTON LN, SIMPSONVILLE, SC 29680",29680,SC,34.743470,-82.298636,SFR,2002.0,3.0,3.0,1804.0,,326000.0,2024-04-19,Resale,180.71,24860,"Greenville-Anderson-Greer, SC"
7797476,45045,0539.13-01-028.00,"206 S CHANCELOR DR, SIMPSONVILLE, SC 29681",29681,SC,34.817591,-82.257142,SFR,1986.0,3.0,2.5,1914.0,0.279,323000.0,2024-07-03,Resale,168.76,24860,"Greenville-Anderson-Greer, SC"
7816477,45045,0640.09-01-035.00,"25 MIDLAND CT, TAYLORS, SC 29687",29687,SC,34.962385,-82.317499,SFR,1988.0,4.0,3.0,2267.0,,435000.0,2025-05-16,Resale,191.88,24860,"Greenville-Anderson-Greer, SC"
7824196,45045,G008.00-11-008.00,"4 HAYNES ST, GREER, SC 29650",29650,SC,34.933899,-82.237720,SFR,1945.0,2.0,2.0,980.0,0.1987603,260000.0,2024-08-16,Resale,265.31,24860,"Greenville-Anderson-Greer, SC"
7824995,45045,0274.03-01-218.00,"109 LAKE FOREST DR, GREENVILLE, SC 29609",29609,SC,34.878732,-82.373822,SFR,1950.0,3.0,2.0,2350.0,0.35,571500.0,2023-08-09,Resale,243.19,24860,"Greenville-Anderson-Greer, SC"
7825290,45045,0117.00-05-013.00,"101 LEDBETTER ST, GREENVILLE, SC 29611",29611,SC,34.838690,-82.431774,SFR,1945.0,2.0,1.0,1148.0,0.221,200000.0,2025-04-28,Resale,174.22,24860,"Greenville-Anderson-Greer, SC"
7829707,45045,T021.07-01-018.00,"612 DILLS FARM WAY, GREER, SC 29651",29651,SC,34.960309,-82.281346,SFR,2002.0,3.0,3.0,2576.0,0.7440083,540000.0,2023-11-27,Resale,209.63,24860,"Greenville-Anderson-Greer, SC"
7830537,45045,0556.04-01-016.00,"7 LAWRENCE WARD CT, FOUNTAIN INN, SC 29644",29644,SC,34.704482,-82.185990,SFR,1997.0,3.0,2.0,1263.0,0.2,283000.0,2026-04-17,Resale,224.07,24860,"Greenville-Anderson-Greer, SC"
7840086,45045,0538.17-01-057.00,"202 S LADY SLIPPER LN, GREER, SC 29650",29650,SC,34.884313,-82.285121,SFR,1983.0,4.0,2.5,2533.0,0.3,510000.0,2023-11-30,Resale,201.34,24860,"Greenville-Anderson-Greer, SC"
7842031,45045,M004.02-02-091.00,"926 FARGO ST, MAULDIN, SC 29662",29662,SC,34.786030,-82.288910,SFR,1983.0,3.0,2.0,1303.0,0.3787879,205000.0,2025-07-08,Resale,157.33,24860,"Greenville-Anderson-Greer, SC"
7844544,45045,0585.07-01-014.00,"5 HIDDEN POND CT, SIMPSONVILLE, SC 29680",29680,SC,34.689510,-82.327240,MOBILE HOME,1996.0,,1.0,1976.0,,160000.0,2025-07-24,Resale,80.97,24860,"Greenville-Anderson-Greer, SC"
7844943,45045,0547.08-01-016.00,"5 BROOKFORD CT, GREENVILLE, SC 29615",29615,SC,34.829607,-82.273511,SFR,1993.0,3.0,3.0,1687.0,,323500.0,2024-04-19,Resale,191.76,24860,"Greenville-Anderson-Greer, SC"
7846353,45045,0114.00-08-015.00,"106 3RD ST, GREENVILLE, SC 29611",29611,SC,34.836109,-82.425212,SFR,1940.0,2.0,1.0,769.0,0.117011,75950.0,2023-12-30,Resale,98.76,24860,"Greenville-Anderson-Greer, SC"
7846553,45045,0645.07-01-006.01,"3 HIGH ROCK RIDGE DR, LANDRUM, SC 29356",29356,SC,35.140384,-82.318900,SFR,1996.0,3.0,3.0,2931.0,2.9,940000.0,2025-06-23,Resale,320.71,24860,"Greenville-Anderson-Greer, SC"
7851323,45045,B014.00-01-001.12,"225 EASTBOURNE RD, GREENVILLE, SC 29611",29611,SC,34.862858,-82.470083,SFR,1978.0,3.0,2.0,1841.0,0.632,376000.0,2024-02-21,Resale,204.24,24860,"Greenville-Anderson-Greer, SC"
7856451,45045,0525.06-01-097.00,"6 TERRAPIN TRL, TAYLORS, SC 29687",29687,SC,34.934495,-82.344060,SFR,2009.0,5.0,6.0,4956.0,0.3781451,975000.0,2025-07-14,Resale,196.73,24860,"Greenville-Anderson-Greer, SC"
7879772,45045,0115.00-07-001.00,"10 4TH AVE, GREENVILLE, SC 29611",29611,SC,34.836234,-82.432492,SFR,1956.0,3.0,1.0,1860.0,0.2277319,145000.0,2023-05-30,Resale,77.96,24860,"Greenville-Anderson-Greer, SC"
7880302,45045,0542.31-01-006.00,"134 FUDORA CIR, SIMPSONVILLE, SC 29681",29681,SC,34.798325,-82.255832,SFR,2005.0,2.0,2.0,1518.0,,385000.0,2025-04-21,Resale,253.62,24860,"Greenville-Anderson-Greer, SC"
7881257,45045,G018.01-01-021.00,"86 HUNTRESS DR, GREER, SC 29651",29651,SC,34.957510,-82.231305,SFR,2000.0,3.0,2.0,1245.0,0.1,,2024-01-03,Resale,,24860,"Greenville-Anderson-Greer, SC"
7891695,45045,0546.06-01-011.00,"111 BRAXTON PL, MAULDIN, SC 29662",29662,SC,34.795867,-82.286993,SFR,1999.0,3.0,2.0,1856.0,,260000.0,2025-10-27,Resale,140.09,24860,"Greenville-Anderson-Greer, SC"
7892699,45045,0332.01-01-063.00,"117 TWO GAIT LN, SIMPSONVILLE, SC 29680",29680,SC,34.708137,-82.263497,SFR,1996.0,3.0,2.0,1891.0,0.315,,2026-04-07,Resale,,24860,"Greenville-Anderson-Greer, SC"
7895357,45045,0574.08-01-077.00,"418 SELLWOOD CIR, SIMPSONVILLE, SC 29680",29680,SC,34.729853,-82.273692,SFR,1975.0,3.0,1.5,1688.0,0.351,270000.0,2024-04-10,Resale,159.95,24860,"Greenville-Anderson-Greer, SC"
7896194,45045,0538.08-01-012.00,"229 ENOREE CIR, GREER, SC 29650",29650,SC,34.907575,-82.282099,SFR,1983.0,4.0,2.0,1288.0,0.4589991,250000.0,2023-11-20,Resale,194.1,24860,"Greenville-Anderson-Greer, SC"
7898476,45045,0548.42-01-015.00,"628 HEATHERCREST CT, SIMPSONVILLE, SC 29681",29681,SC,34.787607,-82.234213,SFR,2002.0,4.0,3.0,2818.0,0.424,615000.0,2025-02-21,Resale,218.24,24860,"Greenville-Anderson-Greer, SC"
7898658,45045,0550.21-01-108.00,"205 WINDING RIVER LN, SIMPSONVILLE, SC 29681",29681,SC,34.787566,-82.175776,SFR,2006.0,4.0,3.0,4489.0,0.2839991,550000.0,2024-10-28,Resale,122.52,24860,"Greenville-Anderson-Greer, SC"
7913976,45045,0675.02-01-008.00,"142 COOL RIVER DR, MARIETTA, SC 29661",29661,SC,35.123672,-82.540174,SFR,1960.0,2.0,1.0,2011.0,2.23,370000.0,2025-09-12,Resale,183.99,24860,"Greenville-Anderson-Greer, SC"
7915678,45045,T034.01-10-104.00,"614 HEATHWOOD DR, TAYLORS, SC 29687",29687,SC,34.905552,-82.297047,SFR,1970.0,3.0,2.0,1379.0,0.344,290000.0,2026-05-06,Resale,210.3,24860,"Greenville-Anderson-Greer, SC"
7921157,45045,0197.00-04-011.00,"121 MACO ST, GREENVILLE, SC 29607",29607,SC,34.844645,-82.375505,SFR,1965.0,2.0,1.0,952.0,0.2899908,,2024-07-01,Resale,,24860,"Greenville-Anderson-Greer, SC"
7922695,45045,0574.15-01-052.00,"109 ASHDOWN DR, SIMPSONVILLE, SC 29680",29680,SC,34.716680,-82.274341,SFR,1980.0,3.0,1.5,1173.0,0.306,235000.0,2024-10-10,Resale,200.34,24860,"Greenville-Anderson-Greer, SC"
7922874,45045,0373.00-05-008.19,"34 UNEEDA DR, GREENVILLE, SC 29605",29605,SC,34.783821,-82.392222,SFR,1999.0,3.0,2.0,1298.0,0.2,129703.0,2024-04-08,Resale,99.93,24860,"Greenville-Anderson-Greer, SC"
7925975,45045,0559.07-01-218.00,"401 FAIRDALE DR, SIMPSONVILLE, SC 29681",29681,SC,34.775279,-82.220964,SFR,1993.0,3.0,2.0,1298.0,0.206,,2024-06-27,Resale,,24860,"Greenville-Anderson-Greer, SC"
7926786,45045,0641.09-01-043.00,"15 KING EIDER WAY, TAYLORS, SC 29687",29687,SC,35.017654,-82.323761,SFR,2001.0,4.0,3.0,3400.0,0.724,585000.0,2024-02-20,Resale,172.06,24860,"Greenville-Anderson-Greer, SC"
7926846,45045,0105.00-03-002.00,"19 HAWTHORNE LN, GREENVILLE, SC 29605",29605,SC,34.824258,-82.409667,SFR,1947.0,2.0,1.0,1012.0,0.182989,335000.0,2024-05-10,Resale,331.03,24860,"Greenville-Anderson-Greer, SC"
7926890,45045,0547.08-01-023.00,"4 BROOKFORD CT, GREENVILLE, SC 29615",29615,SC,34.829503,-82.272803,SFR,1992.0,3.0,3.0,1972.0,,414000.0,2025-07-10,Resale,209.94,24860,"Greenville-Anderson-Greer, SC"
7926895,45045,0542.15-01-049.00,"302 WOODINGTON DR, GREENVILLE, SC 29607",29607,SC,34.797747,-82.260864,SFR,1997.0,3.0,3.0,2010.0,,356000.0,2023-05-19,Resale,177.11,24860,"Greenville-Anderson-Greer, SC"
7926968,45045,0497.00-03-013.00,"114 TUBBS MOUNTAIN RD, TRAVELERS REST, SC 29690",29690,SC,34.974089,-82.435018,SFR,1950.0,1.0,1.0,385.0,1.0,155000.0,2024-03-27,Resale,402.6,24860,"Greenville-Anderson-Greer, SC"
7931471,45045,0618.08-01-005.00,"600 NICHOLE PL, GREER, SC 29651",29651,SC,35.003968,-82.234644,SFR,2006.0,3.0,2.5,1995.0,0.481,325000.0,2023-11-07,Resale,162.91,24860,"Greenville-Anderson-Greer, SC"
7933165,45045,0413.02-01-042.00,"128 BONNIE WOODS DR, GREENVILLE, SC 29605",29605,SC,34.750628,-82.348359,SFR,1998.0,3.0,2.5,1749.0,0.361,280000.0,2023-06-14,Resale,160.09,24860,"Greenville-Anderson-Greer, SC"
7933296,45045,0296.00-01-002.03,"717 HIGHWAY 14, SIMPSONVILLE, SC 29681",29681,SC,34.768838,-82.258682,SFR,2002.0,4.0,4.0,5480.0,1.03,985000.0,2023-08-07,Resale,179.74,24860,"Greenville-Anderson-Greer, SC"
7937176,45045,0399.00-01-029.00,"12 FARLEY AVE, GREENVILLE, SC 29605",29605,SC,34.763099,-82.383139,SFR,1955.0,2.0,1.5,1142.0,0.254,220000.0,2024-01-05,Resale,192.64,24860,"Greenville-Anderson-Greer, SC"
7946639,45045,0111.00-15-015.00,"21 8TH ST, GREENVILLE, SC 29611",29611,SC,34.833787,-82.427159,SFR,1955.0,2.0,1.0,1056.0,0.2130854,100000.0,2023-06-27,Resale,94.7,24860,"Greenville-Anderson-Greer, SC"
7960803,45045,0574.24-01-025.00,"208 GROTON CT, SIMPSONVILLE, SC 29680",29680,SC,34.711796,-82.300271,SFR,2001.0,3.0,2.5,2336.0,0.286,329000.0,2024-05-20,Resale,140.84,24860,"Greenville-Anderson-Greer, SC"
7968813,45045,0651.02-01-001.02,"9045 N TIGERVILLE RD, TRAVELERS REST, SC 29690",29690,SC,35.103398,-82.374799,SFR,1988.0,3.0,2.0,1232.0,6.5,425000.0,2024-09-13,Resale,344.97,24860,"Greenville-Anderson-Greer, SC"
7971692,45045,0311.00-03-038.00,"306 TOLLGATE RD, SIMPSONVILLE, SC 29681",29681,SC,34.735894,-82.249429,SFR,2001.0,3.0,2.0,1527.0,0.2789945,,2025-04-29,Resale,,24860,"Greenville-Anderson-Greer, SC"
7971694,45045,0507.03-01-017.00,"103 KONNAROCK CIR, GREENVILLE, SC 29617",29617,SC,34.924703,-82.465453,SFR,1972.0,3.0,2.0,1876.0,0.3443526,331000.0,2023-06-08,Resale,176.44,24860,"Greenville-Anderson-Greer, SC"
7971840,45045,0575.11-01-135.00,"516 WALKINGSTICK WAY, SIMPSONVILLE, SC 29680",29680,SC,34.702987,-82.308392,SFR,1999.0,3.0,2.0,2357.0,0.45,316000.0,2025-01-31,Resale,134.07,24860,"Greenville-Anderson-Greer, SC"
7972365,45045,0506.01-01-080.00,"103 MILL ST, TRAVELERS REST, SC 29690",29690,SC,34.978859,-82.465822,SFR,1966.0,2.0,1.0,944.0,0.3992195,,2024-01-03,Resale,,24860,"Greenville-Anderson-Greer, SC"
7972481,45045,B004.01-01-051.00,"23 SHAMROCK CIR, GREENVILLE, SC 29611",29611,SC,34.891624,-82.472105,SFR,1970.0,3.0,2.0,1400.0,0.3760101,225000.0,2024-05-31,Resale,160.71,24860,"Greenville-Anderson-Greer, SC"
7975309,45045,0525.06-01-160.00,"418 ROBERTS RD, TAYLORS, SC 29687",29687,SC,34.930187,-82.339877,SFR,2007.0,3.0,2.0,2382.0,0.188,422500.0,2026-04-23,Resale,177.37,24860,"Greenville-Anderson-Greer, SC"
7975664,45045,0548.27-01-028.00,"2 SUMMER GLEN DR, SIMPSONVILLE, SC 29681",29681,SC,34.781536,-82.235490,SFR,1998.0,3.0,3.0,1870.0,,320000.0,2025-01-30,Resale,171.12,24860,"Greenville-Anderson-Greer, SC"
7976581,45045,0541.07-03-051.00,"231 MCKENNA CIR, GREENVILLE, SC 29615",29615,SC,34.877228,-82.314880,SFR,2003.0,3.0,2.0,1296.0,,215000.0,2025-05-12,Resale,165.9,24860,"Greenville-Anderson-Greer, SC"
7976703,45045,0192.00-01-013.00,"501 OVERBROOK RD, GREENVILLE, SC 29607",29607,SC,34.858626,-82.375257,SFR,1961.0,3.0,2.0,1260.0,0.2690083,552500.0,2025-05-06,Resale,438.49,24860,"Greenville-Anderson-Greer, SC"
125144,45059,326-00-00-003,"139 COURTNEY RD, LAURENS, SC 29360",29360,SC,34.487129,-82.058053,SFR,,,,,,140000.0,2025-04-16,Resale,,24860,"Greenville-Anderson-Greer, SC"
212911,45059,074-00-00-077,"110 WOODFORD PLACE CT, GRAY COURT, SC 29645",29645,SC,34.595580,-82.187644,MOBILE HOME,,,,,,229000.0,2026-01-19,Resale,,24860,"Greenville-Anderson-Greer, SC"
332675,45059,901-08-03-001,"701 E FLORIDA ST, CLINTON, SC 29325",29325,SC,34.472976,-81.870387,SFR,,,,,,,2025-09-05,Resale,,24860,"Greenville-Anderson-Greer, SC"
3265062,45059,903-04-04-057,"309 LAURENS ST, JOANNA, SC 29351",29351,SC,34.407742,-81.815668,SFR,,,,,0.312,75000.0,2025-09-26,Resale,,24860,"Greenville-Anderson-Greer, SC"
3483138,45059,441-00-00-048,"556 VERN CORA RD, LAURENS, SC 29360",29360,SC,34.547685,-81.989043,RESIDENTIAL - VACANT LAND,,,,,2.12,45000.0,2026-01-09,Resale,,24860,"Greenville-Anderson-Greer, SC"
3483139,45059,032-00-00-001,"103 MCKITTRICK BRIDGE ROAD EXT, FOUNTAIN INN, SC 29644",29644,SC,34.595741,-82.227937,SFR,,,,,4.59,420000.0,2023-09-15,Resale,,24860,"Greenville-Anderson-Greer, SC"
4145428,45059,906-05-08-046,"118 OAKLAND HTS, LAURENS, SC 29360",29360,SC,34.507723,-82.030092,SFR,,,,,,30000.0,2024-07-03,Resale,,24860,"Greenville-Anderson-Greer, SC"
4692710,45059,277-05-01-009,"197 WATERLOO SHORES RD, WATERLOO, SC 29384",29384,SC,34.349687,-82.097040,SFR,,,,,1.5,499000.0,2025-04-24,Resale,,24860,"Greenville-Anderson-Greer, SC"
5037316,45059,906-05-01-052,"116 COTTAGE CT, LAURENS, SC 29360",29360,SC,34.495143,-82.037300,SFR,,,,,,249500.0,2024-01-10,Resale,,24860,"Greenville-Anderson-Greer, SC"
7503238,45059,906-13-17-004,"310 CHESTNUT ST, LAURENS, SC 29360",29360,SC,34.496045,-82.018672,SFR,,,,,,55000.0,2025-04-01,Resale,,24860,"Greenville-Anderson-Greer, SC"
7652797,45059,052-00-00-026,"198 WILDWOOD FARMS RD, GRAY COURT, SC 29645",29645,SC,34.578498,-82.210915,MOBILE HOME,,,,,9.04,265000.0,2023-08-04,Resale,,24860,"Greenville-Anderson-Greer, SC"
7826134,45059,906-07-05-011,"831 W MAIN ST, LAURENS, SC 29360",29360,SC,34.493108,-82.029359,SFR,,,,,,685000.0,2023-07-07,Resale,,24860,"Greenville-Anderson-Greer, SC"
7863845,45059,162-00-00-034,"140 MAMA LN, GRAY COURT, SC 29645",29645,SC,34.557054,-82.143958,MOBILE HOME,,,,,,135531.0,2024-04-22,Resale,,24860,"Greenville-Anderson-Greer, SC"
7879925,45059,904-09-01-151,"402 ARIEL CT, FOUNTAIN INN, SC 29644",29644,SC,34.706925,-82.182696,SFR,,,,,,291000.0,2024-09-27,Resale,,24860,"Greenville-Anderson-Greer, SC"
7900940,45059,906-05-06-068,"832 W MAIN ST, LAURENS, SC 29360",29360,SC,34.494521,-82.029317,SFR,,,,,0.475,,2026-05-01,Resale,,24860,"Greenville-Anderson-Greer, SC"
7975780,45059,490-00-00-035,"3245 WATTS BRIDGE RD, CROSS HILL, SC 29332",29332,SC,34.252769,-81.979263,COMMERCIAL (NEC),,,,,7.18,,2025-12-04,Resale,,24860,"Greenville-Anderson-Greer, SC"
8127313,45059,210-00-00-010,"148 CITRUS DR, WATERLOO, SC 29384",29384,SC,34.333942,-82.131009,RURAL HOMESITE,,,,,44.6,392108.0,2024-05-01,Resale,,24860,"Greenville-Anderson-Greer, SC"
8524319,45059,906-16-03-018,"507 FAIRVIEW RD, LAURENS, SC 29360",29360,SC,34.481334,-82.016213,SFR,,,,,,170000.0,2023-08-20,Resale,,24860,"Greenville-Anderson-Greer, SC"
8524404,45059,136-00-00-037,"3569 NEELY FERRY RD, LAURENS, SC 29360",29360,SC,34.477154,-82.162645,MOBILE HOME,,,,,,,2023-12-27,Resale,,24860,"Greenville-Anderson-Greer, SC"
8819329,45059,293-00-00-006,"16 HERMAN RD, LAURENS, SC 29360",29360,SC,34.546789,-82.083372,RURAL HOMESITE,,,,,7.9,535000.0,2026-05-07,Resale,,24860,"Greenville-Anderson-Greer, SC"
8882950,45059,038-00-00-015,"228 DAIRY RD, HONEA PATH, SC 29654",29654,SC,34.501317,-82.233301,RURAL HOMESITE,,,,,5.53,645000.0,2025-12-09,Resale,,24860,"Greenville-Anderson-Greer, SC"
8910703,45059,901-10-01-047,"514 N BROAD ST, CLINTON, SC 29325",29325,SC,34.479965,-81.880551,SFR,,,,,0.67,,2026-04-21,Resale,,24860,"Greenville-Anderson-Greer, SC"
9277298,45059,906-11-02-012,"714 W MAIN ST, LAURENS, SC 29360",29360,SC,34.495985,-82.024484,SFR,,,,,0.628,,2026-05-01,Resale,,24860,"Greenville-Anderson-Greer, SC"
9277367,45059,901-21-15-012,"512 ACADEMY ST, CLINTON, SC 29325",29325,SC,34.476337,-81.887303,SFR,,,,,,70000.0,2023-07-03,Resale,,24860,"Greenville-Anderson-Greer, SC"
9277444,45059,906-13-20-002,"710 S HARPER ST, LAURENS, SC 29360",29360,SC,34.492518,-82.016507,SFR,,,,,,,2025-03-18,Resale,,24860,"Greenville-Anderson-Greer, SC"
9422510,45059,410-00-00-007,"220 QUIET CIRCLE DR, GRAY COURT, SC 29645",29645,SC,34.574366,-81.996754,SFR,,,,,,196054.0,2024-10-09,Resale,,24860,"Greenville-Anderson-Greer, SC"
9766704,45059,074-00-00-103,"307 MONTICELLO CT, GRAY COURT, SC 29645",29645,SC,34.583447,-82.192514,SFR,,,,,,650000.0,2025-09-24,Resale,,24860,"Greenville-Anderson-Greer, SC"
9917215,45059,211-01-01-005,"255 LAIL ST, WATERLOO, SC 29384",29384,SC,34.309944,-82.121333,SFR,,,,,,,2023-09-07,Resale,,24860,"Greenville-Anderson-Greer, SC"
10038012,45059,906-13-15-024,"1010 S HARPER ST, LAURENS, SC 29360",29360,SC,34.489071,-82.017683,SFR,,,,,,349000.0,2025-10-09,Resale,,24860,"Greenville-Anderson-Greer, SC"
10126795,45059,138-00-00-003,"5275 NEELY FERRY RD, LAURENS, SC 29360",29360,SC,34.454445,-82.153718,RURAL HOMESITE,,,,,7.69,,2024-10-02,Resale,,24860,"Greenville-Anderson-Greer, SC"
10356568,45059,231-00-00-031,"215 CAIN RD, LAURENS, SC 29360",29360,SC,34.503923,-82.098719,SFR,,,,,1.57,375000.0,2024-04-22,Resale,,24860,"Greenville-Anderson-Greer, SC"
10624524,45059,263-00-00-034,"131 BOYD RD, LAURENS, SC 29360",29360,SC,34.532101,-82.089133,SFR,,,,,1.06,,2025-10-02,Resale,,24860,"Greenville-Anderson-Greer, SC"
10925110,45059,906-11-02-030,"105 BROOKLYN PARK, LAURENS, SC 29360",29360,SC,34.497128,-82.025633,SFR,,,,,,183000.0,2025-05-16,Resale,,24860,"Greenville-Anderson-Greer, SC"
13008028,45059,906-08-01-043,"611 PINEHAVEN STREET EXT, LAURENS, SC 29360",29360,SC,34.483028,-82.034365,SFR,,,,,,,2025-02-28,Resale,,24860,"Greenville-Anderson-Greer, SC"
13212750,45059,492-00-00-012,"147 HENSON DR, CROSS HILL, SC 29332",29332,SC,34.229504,-81.969090,SFR,,,,,,,2026-03-03,Resale,,24860,"Greenville-Anderson-Greer, SC"
13918718,45059,906-13-13-021,"724 CHESTNUT ST, LAURENS, SC 29360",29360,SC,34.490584,-82.021388,SFR,,,,,,58000.0,2023-12-19,Resale,,24860,"Greenville-Anderson-Greer, SC"
13926971,45059,026-00-00-070,"18511 HIGHWAY 25, WARE SHOALS, SC 29692",29692,SC,34.436400,-82.243302,RURAL HOMESITE,,,,,12.97,135000.0,2023-11-21,Resale,,24860,"Greenville-Anderson-Greer, SC"
14204342,45059,906-08-01-090,"108 LEAR DR, LAURENS, SC 29360",29360,SC,34.482523,-82.032538,SFR,,,,,,281300.0,2023-06-27,Resale,,24860,"Greenville-Anderson-Greer, SC"
14206470,45059,370-00-00-078,"16 PADLOCK DR, CROSS HILL, SC 29332",29332,SC,34.281391,-82.033768,MOBILE HOME,,,,,0.711,250000.0,2026-04-24,Resale,,24860,"Greenville-Anderson-Greer, SC"
15099946,45059,242-00-00-069,"528 HARBOR CREST DR, WATERLOO, SC 29384",29384,SC,34.358666,-82.102764,SFR,,,,,1.034,147000.0,2025-09-18,,,24860,"Greenville-Anderson-Greer, SC"
15432288,45059,901-10-01-042,"600 N BROAD ST, CLINTON, SC 29325",29325,SC,34.481195,-81.880522,SFR,,,,,,,2025-10-10,Resale,,24860,"Greenville-Anderson-Greer, SC"
15573301,45059,906-07-03-024,"102 TODD AVE, LAURENS, SC 29360",29360,SC,34.492613,-82.030935,SFR,,,,,,350000.0,2025-12-05,Resale,,24860,"Greenville-Anderson-Greer, SC"
15643315,45059,152-00-00-097,"124 GOLF LN, FOUNTAIN INN, SC 29644",29644,SC,34.710166,-82.143758,MOBILE HOME,,,,,1.343,200000.0,2025-12-15,Resale,,24860,"Greenville-Anderson-Greer, SC"
15743739,45059,474-00-00-054,"120 WILLOW WINDS DR, LAURENS, SC 29360",29360,SC,34.492225,-81.971156,SFR,,,,,,252972.0,2024-04-03,Resale,,24860,"Greenville-Anderson-Greer, SC"
16394098,45059,118-00-00-034,"4482 HIGHWAY 418, FOUNTAIN INN, SC 29644",29644,SC,34.746060,-82.155682,MOBILE HOME,,,,,,251000.0,2024-09-05,Resale,,24860,"Greenville-Anderson-Greer, SC"
16578346,45059,447-00-00-036,"3263 BURNT MILL CREEK RD, LAURENS, SC 29360",29360,SC,34.448626,-81.992415,SFR,,,,,,60000.0,2025-09-29,Resale,,24860,"Greenville-Anderson-Greer, SC"
16809244,45059,906-14-03-013,"207 PRIDMORE ST, LAURENS, SC 29360",29360,SC,34.486140,-82.011231,SFR,,,,,0.277,,,,,24860,"Greenville-Anderson-Greer, SC"
18352892,45059,904-09-01-018,"209 BRIGHT MORNING LN, FOUNTAIN INN, SC 29644",29644,SC,34.706046,-82.179339,SFR,,,,,,,2025-12-23,Resale,,24860,"Greenville-Anderson-Greer, SC"
18369283,45059,904-09-01-072,"305 COUNTRY GARDENS DR, FOUNTAIN INN, SC 29644",29644,SC,34.708701,-82.180182,SFR,,,,,,242000.0,2024-06-10,Resale,,24860,"Greenville-Anderson-Greer, SC"
19164993,45059,906-08-01-063,"312 LONDON DR, LAURENS, SC 29360",29360,SC,34.483984,-82.031606,SFR,,,,,,165000.0,2023-08-31,Resale,,24860,"Greenville-Anderson-Greer, SC"
19359185,45059,905-02-02-017,"100 MUSKOGEE LN, GRAY COURT, SC 29645",29645,SC,34.613718,-82.116646,VACANT LAND (NEC),,,,,0.276,,2026-04-22,Resale,,24860,"Greenville-Anderson-Greer, SC"
19477607,45059,076-00-00-030,"1079 MAHAFFEY RD, GRAY COURT, SC 29645",29645,SC,34.559717,-82.186242,RURAL HOMESITE,,,,,5.89,,2025-02-06,Resale,,24860,"Greenville-Anderson-Greer, SC"
19716209,45059,048-00-00-083,"114 LISA DR, FOUNTAIN INN, SC 29644",29644,SC,34.628273,-82.217042,SFR,,,,,0.653,295000.0,2023-12-19,Resale,,24860,"Greenville-Anderson-Greer, SC"
20058422,45059,221-00-00-056,"234 QUAIL RD, GRAY COURT, SC 29645",29645,SC,34.633461,-82.103692,RURAL HOMESITE,,,,,6.0,317000.0,2024-05-28,Resale,,24860,"Greenville-Anderson-Greer, SC"
21373783,45059,901-28-01-112,"500 S BELL ST, CLINTON, SC 29325",29325,SC,34.463199,-81.895592,RESIDENTIAL - VACANT LAND,,,,,0.221,10000.0,2026-05-07,Resale,,24860,"Greenville-Anderson-Greer, SC"
21588155,45059,904-05-02-012,"203 ROSEMARY LN, FOUNTAIN INN, SC 29644",29644,SC,34.683664,-82.185791,SFR,,,,,,,2025-09-04,Resale,,24860,"Greenville-Anderson-Greer, SC"
21600122,45059,906-13-17-013,"606 CHESTNUT ST, LAURENS, SC 29360",29360,SC,34.493811,-82.019684,SFR,,,,,,312000.0,2025-01-22,New Construction,,24860,"Greenville-Anderson-Greer, SC"
21954286,45059,906-14-08-059,"911 S HARPER ST, LAURENS, SC 29360",29360,SC,34.489881,-82.016643,SFR,,,,,,456756.0,2024-02-27,New Construction,,24860,"Greenville-Anderson-Greer, SC"
21978503,45059,906-11-05-005,"300 CAROLINE ST, LAURENS, SC 29360",29360,SC,34.499517,-82.015944,SFR,,,,,,241729.0,2024-05-29,Resale,,24860,"Greenville-Anderson-Greer, SC"
21978510,45059,906-13-20-016,"223 IRBY AVE, LAURENS, SC 29360",29360,SC,34.491682,-82.017906,SFR,,,,,,,2025-11-03,Resale,,24860,"Greenville-Anderson-Greer, SC"
22005492,45059,903-03-02-024,"211 SUMTER ST, JOANNA, SC 29351",29351,SC,34.416271,-81.816152,SFR,,,,,,40000.0,2024-11-22,Resale,,24860,"Greenville-Anderson-Greer, SC"
22005501,45059,683-00-00-003,"1191 BUSH RIVER RD, CLINTON, SC 29325",29325,SC,34.383045,-81.837031,RURAL HOMESITE,,,,,8.64,380000.0,2026-02-20,Resale,,24860,"Greenville-Anderson-Greer, SC"
22034436,45059,092-00-00-006,"1484 HIGHWAY 418, FOUNTAIN INN, SC 29644",29644,SC,34.707259,-82.177638,TAX EXEMPT,,,,,,284000.0,2024-11-20,Resale,,24860,"Greenville-Anderson-Greer, SC"
22098371,45059,906-03-02-029,"303 SOUTHVIEW DR, LAURENS, SC 29360",29360,SC,34.511250,-82.030596,SFR,,,,,0.165,,2026-05-08,Resale,,24860,"Greenville-Anderson-Greer, SC"
22101929,45059,906-01-03-024,"408 POWDERHORN RD, LAURENS, SC 29360",29360,SC,34.496164,-82.052705,SFR,,,,,1.006,415000.0,2025-05-16,Resale,,24860,"Greenville-Anderson-Greer, SC"
22434412,45059,244-00-00-081,"3268 RIVERFORK RD, WATERLOO, SC 29384",29384,SC,34.322874,-82.101883,MOBILE HOME,,,,,,90000.0,2025-04-25,New Construction,,24860,"Greenville-Anderson-Greer, SC"
22788311,45059,153-00-00-089,"118 CHOSEN DR, FOUNTAIN INN, SC 29644",29644,SC,34.693787,-82.150495,MOBILE HOME,,,,,,82000.0,2024-07-11,Resale,,24860,"Greenville-Anderson-Greer, SC"
22905706,45059,136-00-00-059,"3415 NEELY FERRY RD, LAURENS, SC 29360",29360,SC,34.479084,-82.158136,RURAL HOMESITE,,,,,17.98,15000.0,2026-04-02,Resale,,24860,"Greenville-Anderson-Greer, SC"
23441427,45059,032-00-00-079,"3884 FAIRVIEW RD, FOUNTAIN INN, SC 29644",29644,SC,34.581836,-82.221579,MOBILE HOME,,,,,,210000.0,2024-04-01,Resale,,24860,"Greenville-Anderson-Greer, SC"
23733608,45059,255-00-00-108,"4648 HIGHWAY 101 N, GRAY COURT, SC 29645",29645,SC,34.639996,-82.093950,COMMERCIAL (NEC),,,,,1.0,100000.0,2023-10-04,Resale,,24860,"Greenville-Anderson-Greer, SC"
23733785,45059,401-00-00-139,"113 E COMMODORE DR, CROSS HILL, SC 29332",29332,SC,34.286750,-82.014230,SFR,,,,,,519000.0,2024-05-30,Resale,,24860,"Greenville-Anderson-Greer, SC"
24039613,45059,903-04-01-041,"517 PICKENS ST, JOANNA, SC 29351",29351,SC,34.408145,-81.821323,SFR,,,,,,,2025-10-29,Resale,,24860,"Greenville-Anderson-Greer, SC"
25086412,45059,093-00-00-022,"294 JONES RD, FOUNTAIN INN, SC 29644",29644,SC,34.696292,-82.178189,SFR,,,,,1.397,240500.0,2026-05-06,Resale,,24860,"Greenville-Anderson-Greer, SC"
25107494,45059,359-00-00-054,"242 LISBON RD, LAURENS, SC 29360",29360,SC,34.440563,-82.043638,RESIDENTIAL - VACANT LAND,,,,,,74486.0,2024-12-16,Resale,,24860,"Greenville-Anderson-Greer, SC"
25483624,45059,074-00-00-083,"204 WINTERWOOD CT, GRAY COURT, SC 29645",29645,SC,34.595290,-82.185099,MOBILE HOME,,,,,,101189.0,2025-02-27,Resale,,24860,"Greenville-Anderson-Greer, SC"
25730888,45059,300-00-00-019,"771 BETHEL CHURCH RD, LAURENS, SC 29360",29360,SC,34.445808,-82.081451,VACANT LAND (NEC),,,,,1.0,31621.0,2025-03-17,Resale,,24860,"Greenville-Anderson-Greer, SC"
25731045,45059,901-28-01-099,"312 DILLON DR, CLINTON, SC 29325",29325,SC,34.467023,-81.902929,RESIDENTIAL - VACANT LAND,,,,,,35000.0,2024-04-17,Resale,,24860,"Greenville-Anderson-Greer, SC"
26308459,45059,906-18-06-016,"517 E MAIN ST, LAURENS, SC 29360",29360,SC,34.499715,-82.002424,TAX EXEMPT,,,,,0.833,112800.0,2023-12-01,Resale,,24860,"Greenville-Anderson-Greer, SC"
26615381,45059,136-00-00-032,"3589 NEELY FERRY RD, LAURENS, SC 29360",29360,SC,34.476866,-82.162535,MOBILE HOME,,,,,0.645,87500.0,2026-03-12,Resale,,24860,"Greenville-Anderson-Greer, SC"
26615384,45059,443-00-00-106,"200 AMETHYST WAY, LAURENS, SC 29360",29360,SC,34.517850,-81.995260,SFR,,,,,,199900.0,2025-08-26,Resale,,24860,"Greenville-Anderson-Greer, SC"
26944076,45059,528-00-00-066,"7367 HIGHWAY 308, LAURENS, SC 29360",29360,SC,34.565032,-81.939024,VACANT LAND (NEC),,,,,,60000.0,2025-03-28,Resale,,24860,"Greenville-Anderson-Greer, SC"
26944161,45059,901-06-02-005,"100 COPELAND ST, CLINTON, SC 29325",29325,SC,34.476768,-81.870059,SFR,,,,,,90000.0,2026-01-21,Resale,,24860,"Greenville-Anderson-Greer, SC"
26944167,45059,901-07-04-006,"711 N ADAIR ST, CLINTON, SC 29325",29325,SC,34.480005,-81.866356,SFR,,,,,0.396,187500.0,2024-01-03,Resale,,24860,"Greenville-Anderson-Greer, SC"
28811757,45059,032-00-00-106,"301 TULLYTON DR, FOUNTAIN INN, SC 29644",29644,SC,34.580445,-82.227301,SFR,,,,,,,2024-02-21,Resale,,24860,"Greenville-Anderson-Greer, SC"
28811870,45059,254-00-00-089,"189 WYNFIELD CT, GRAY COURT, SC 29645",29645,SC,34.658959,-82.084896,MOBILE HOME,,,,,2.08,175000.0,2023-11-29,Resale,,24860,"Greenville-Anderson-Greer, SC"
28811909,45059,316-00-00-060,"198 EPPERLY LN, GRAY COURT, SC 29645",29645,SC,34.629614,-82.066727,MOBILE HOME,,,,,1.0,177000.0,2025-04-22,Resale,,24860,"Greenville-Anderson-Greer, SC"
28811912,45059,316-00-00-094,"1940 MARTINS LAKE RD, GRAY COURT, SC 29645",29645,SC,34.633037,-82.060967,RESIDENTIAL - VACANT LAND,,,,,,2050000.0,2025-03-10,Resale,,24860,"Greenville-Anderson-Greer, SC"
28811929,45059,345-00-00-045,"5453 HIGHWAY 92, GRAY COURT, SC 29645",29645,SC,34.632342,-82.030645,MOBILE HOME,,,,,,,2023-08-25,Resale,,24860,"Greenville-Anderson-Greer, SC"
28811934,45059,383-00-00-002,"1798 RANCH RD, LAURENS, SC 29360",29360,SC,34.526522,-82.026319,RURAL HOMESITE,,,,,6.94,,2026-01-07,Resale,,24860,"Greenville-Anderson-Greer, SC"
28811939,45059,414-01-05-022,"28 COPELAND ST, LAURENS, SC 29360",29360,SC,34.520071,-81.994941,SFR,,,,,,,2026-01-06,Resale,,24860,"Greenville-Anderson-Greer, SC"
28811947,45059,431-00-00-057,"330 TED GREEN RD, CROSS HILL, SC 29332",29332,SC,34.254301,-82.012155,SFR,,,,,,535000.0,2025-02-24,Resale,,24860,"Greenville-Anderson-Greer, SC"
28811965,45059,444-00-00-039,"780 E MAIN ST, LAURENS, SC 29360",29360,SC,34.494616,-81.987959,SFR,,,,,,,2026-01-07,Resale,,24860,"Greenville-Anderson-Greer, SC"
28811992,45059,533-00-00-002,"2073 LEESVILLE CHURCH RD, CLINTON, SC 29325",29325,SC,34.504030,-81.928119,RURAL HOMESITE,,,,,25.2,,2025-07-16,Resale,,24860,"Greenville-Anderson-Greer, SC"
28812031,45059,901-01-15-006,"303 S WOODROW ST, CLINTON, SC 29325",29325,SC,34.469704,-81.878267,SFR,,,,,,285000.0,2024-07-16,Resale,,24860,"Greenville-Anderson-Greer, SC"
28812034,45059,901-04-01-047,"814 E CAROLINA AVE, CLINTON, SC 29325",29325,SC,34.469485,-81.867771,VACANT LAND (NEC),,,,,,249000.0,2026-02-23,Resale,,24860,"Greenville-Anderson-Greer, SC"
28812035,45059,901-05-01-002,"113 N ADAIR ST, CLINTON, SC 29325",29325,SC,34.472937,-81.873509,COMMERCIAL (NEC),,,,,,89700.0,2025-08-27,Resale,,24860,"Greenville-Anderson-Greer, SC"
28812057,45059,901-21-10-008,"402 BAILEY ST, CLINTON, SC 29325",29325,SC,34.477848,-81.885763,SFR,,,,,,59000.0,2022-10-14,Resale,,24860,"Greenville-Anderson-Greer, SC"
28812059,45059,901-23-01-044,"105 E BLUFORD ST, CLINTON, SC 29325",29325,SC,34.484151,-81.886578,SFR,,,,,0.929,39000.0,2025-09-12,Resale,,24860,"Greenville-Anderson-Greer, SC"
28812075,45059,904-03-01-034,"806 GULLIVER ST, FOUNTAIN INN, SC 29644",29644,SC,34.698980,-82.183104,SFR,,,,,1.57,362000.0,2024-02-12,Resale,,24860,"Greenville-Anderson-Greer, SC"
28812081,45059,904-04-01-075,"727 FOUNTAINBROOK LN, FOUNTAIN INN, SC 29644",29644,SC,34.689958,-82.177176,SFR,,,,,,279900.0,2024-02-07,Resale,,24860,"Greenville-Anderson-Greer, SC"
28812091,45059,904-09-01-137,"2 ARIEL CT, FOUNTAIN INN, SC 29644",29644,SC,34.705019,-82.179823,SFR,,,,,,299000.0,2025-09-12,Resale,,24860,"Greenville-Anderson-Greer, SC"
28812096,45059,904-10-01-068,"507 FOUNTAINBROOK LN, FOUNTAIN INN, SC 29644",29644,SC,34.695549,-82.180558,SFR,,,,,,267000.0,2024-10-15,Resale,,24860,"Greenville-Anderson-Greer, SC"
28812109,45059,906-06-02-036,"1405 W MAIN ST, LAURENS, SC 29360",29360,SC,34.498676,-82.047394,COMMERCIAL (NEC),,,,,,825000.0,2023-11-29,Resale,,24860,"Greenville-Anderson-Greer, SC"
28812131,45059,906-13-16-021,"165 MORELAND AVE, LAURENS, SC 29360",29360,SC,34.492207,-82.022782,SFR,,,,,,260000.0,2024-08-15,Resale,,24860,"Greenville-Anderson-Greer, SC"
29356403,45059,074-00-00-086,"120 WOODFORD PLACE CT, GRAY COURT, SC 29645",29645,SC,34.596082,-82.185089,MOBILE HOME,,,,,,135000.0,2025-11-17,New Construction,,24860,"Greenville-Anderson-Greer, SC"
29881708,45059,098-00-00-030,"1440 BURDETTE RD, GRAY COURT, SC 29645",29645,SC,34.612424,-82.173396,RURAL HOMESITE,,,,,6.65,625000.0,2025-09-22,Resale,,24860,"Greenville-Anderson-Greer, SC"
34388044,45059,617-00-00-022,"100 TROTTERS TRL, CLINTON, SC 29325",29325,SC,34.450585,-81.886214,SFR,,,,,,337500.0,2025-01-30,New Construction,,24860,"Greenville-Anderson-Greer, SC"
36584559,45059,906-17-01-039,"209 MARION ST, LAURENS, SC 29360",29360,SC,34.506607,-81.997440,SFR,,,,,,15000.0,2023-07-24,Resale,,24860,"Greenville-Anderson-Greer, SC"
41427556,45059,328-00-00-019,"102 WILMA LN, LAURENS, SC 29360",29360,SC,34.460200,-82.055026,SFR,,,,,0.8600092,176900.0,2025-05-07,Resale,,24860,"Greenville-Anderson-Greer, SC"
44375366,45059,148-00-00-053,"948 HUNTER RD, FOUNTAIN INN, SC 29644",29644,SC,34.757304,-82.149512,SFR,,,,,1.96,423000.0,2023-06-27,Resale,,24860,"Greenville-Anderson-Greer, SC"
51001141,45059,906-17-01-011,"108 MILLIKEN ST, LAURENS, SC 29360",29360,SC,34.505894,-81.995318,MISC IMPROVEMENTS,,,,,,290000.0,2024-11-22,Resale,,24860,"Greenville-Anderson-Greer, SC"
51018169,45059,414-01-09-036,"7 TOWNSEND ST, LAURENS, SC 29360",29360,SC,34.513811,-81.995728,SFR,,,,,0.234,,2026-05-18,Resale,,24860,"Greenville-Anderson-Greer, SC"
52483431,45059,473-00-00-016,"58 CINNAMON LN, LAURENS, SC 29360",29360,SC,34.508712,-81.962277,SFR,,,,,1.5,28500.0,2025-04-28,Resale,,24860,"Greenville-Anderson-Greer, SC"
52530374,45059,901-05-06-001,"313 E FLORIDA ST, CLINTON, SC 29325",29325,SC,34.474069,-81.875414,SFR,,,,,,165000.0,2024-12-17,Resale,,24860,"Greenville-Anderson-Greer, SC"
53060546,45059,250-00-00-006,"2762 ALLEN BRIDGE RD, FOUNTAIN INN, SC 29644",29644,SC,34.703713,-82.095652,SFR,,,,,0.99,370000.0,2024-04-26,Resale,,24860,"Greenville-Anderson-Greer, SC"
53569208,45059,152-00-00-025,", FOUNTAIN INN, SC 29644",29644,SC,34.703722,-82.141677,RESIDENTIAL - VACANT LAND,,,,,1.27,140000.0,2026-01-12,Resale,,24860,"Greenville-Anderson-Greer, SC"
53631776,45059,904-09-01-059,"404 COUNTRY GARDENS DR, FOUNTAIN INN, SC 29644",29644,SC,34.709396,-82.179906,SFR,,,,,,,2025-11-03,Resale,,24860,"Greenville-Anderson-Greer, SC"
53707488,45059,131-00-00-033,"7559 GREENPOND RD, GRAY COURT, SC 29645",29645,SC,34.555796,-82.167529,SFR,,,,,2.22,234000.0,2024-02-05,Resale,,24860,"Greenville-Anderson-Greer, SC"
53727776,45059,027-00-00-012,"83 BALENTINE LAKE RD, WARE SHOALS, SC 29692",29692,SC,34.435172,-82.253269,SFR,,,,,1.63,245945.0,2024-04-18,Resale,,24860,"Greenville-Anderson-Greer, SC"
53789568,45059,618-00-00-059,"149 WADSWORTH LN, CLINTON, SC 29325",29325,SC,34.428535,-81.880578,SFR,,,,,1.75,430000.0,2025-07-24,Resale,,24860,"Greenville-Anderson-Greer, SC"
53889594,45059,600-00-00-021,"218 SAND DR, CLINTON, SC 29325",29325,SC,34.360901,-81.893212,MOBILE HOME,,,,,,39000.0,2025-05-12,Resale,,24860,"Greenville-Anderson-Greer, SC"
54022191,45059,901-18-13-011,"209 W WALNUT ST, CLINTON, SC 29325",29325,SC,34.461602,-81.881834,SFR,,,,,0.362,,2024-05-16,Resale,,24860,"Greenville-Anderson-Greer, SC"
54035648,45059,243-00-00-025,"2789 TODD QUARTER RD, WATERLOO, SC 29384",29384,SC,34.349025,-82.102500,RESIDENTIAL - VACANT LAND,,,,,,,2023-12-08,Resale,,24860,"Greenville-Anderson-Greer, SC"
54340891,45059,906-05-01-007,"200 FOREST DR, LAURENS, SC 29360",29360,SC,34.497551,-82.038994,SFR,,,,,0.473,,2026-05-12,Resale,,24860,"Greenville-Anderson-Greer, SC"
54578120,45059,905-02-01-025,"862 N MAIN ST, GRAY COURT, SC 29645",29645,SC,34.612771,-82.118846,SFR,,,,,,225000.0,2025-06-18,Resale,,24860,"Greenville-Anderson-Greer, SC"
54588789,45059,036-00-00-003,"1500 BALLENGER RD, GRAY COURT, SC 29645",29645,SC,34.529970,-82.222257,RURAL HOMESITE,,,,,7.52,382500.0,2025-02-13,Resale,,24860,"Greenville-Anderson-Greer, SC"
54829370,45059,132-00-00-124,"119 SYDNEY LN, GRAY COURT, SC 29645",29645,SC,34.535377,-82.160546,RESIDENTIAL - VACANT LAND,,,,,0.819,,2026-05-11,Resale,,24860,"Greenville-Anderson-Greer, SC"
140297959,45059,906-01-01-018,"208 DOUBLEBROOK DR, LAURENS, SC 29360",29360,SC,34.491316,-82.060420,VACANT LAND (NEC),,,,,4.22,70000.0,2025-11-10,Resale,,24860,"Greenville-Anderson-Greer, SC"
140533717,45059,285-00-00-036,"1305 BEAVERDAM CREEK RD, GRAY COURT, SC 29645",29645,SC,34.652045,-82.071333,VACANT LAND (NEC),,,,,1.63,64500.0,2024-09-18,Resale,,24860,"Greenville-Anderson-Greer, SC"
140639815,45059,904-10-01-096,"6 SINGLE OAK CT, FOUNTAIN INN, SC 29644",29644,SC,34.694706,-82.181098,SFR,,,,,,270000.0,2025-07-30,Resale,,24860,"Greenville-Anderson-Greer, SC"
140646523,45059,310-00-00-043,"90 COPPERHEAD DR, WATERLOO, SC 29384",29384,SC,34.299555,-82.073571,SFR,,,,,,294000.0,2025-07-11,Resale,,24860,"Greenville-Anderson-Greer, SC"
140657115,45059,901-26-01-004,"213 MISSALLIE DR, CLINTON, SC 29325",29325,SC,34.465451,-81.864499,SFR,,,,,0.448,,,,,24860,"Greenville-Anderson-Greer, SC"
140903822,45059,906-17-01-047,"208 SUMTER ST, LAURENS, SC 29360",29360,SC,34.507727,-81.998219,SFR,,,,,,,2025-04-02,Resale,,24860,"Greenville-Anderson-Greer, SC"
141356146,45059,077-00-00-016,"2209 RABUN CHURCH RD, GRAY COURT, SC 29645",29645,SC,34.546068,-82.194307,SFR,,,,,2.94,360000.0,2024-08-23,Resale,,24860,"Greenville-Anderson-Greer, SC"
142049009,45059,070-00-00-049,"400 HILLTOP DR, FOUNTAIN INN, SC 29644",29644,SC,34.649837,-82.193905,SFR,,,,,3.84,640000.0,2024-12-19,Resale,,24860,"Greenville-Anderson-Greer, SC"
142274546,45059,901-02-01-012,"201 CLEVELAND ST, CLINTON, SC 29325",29325,SC,34.467309,-81.877054,SFR,,,,,,226660.0,2025-05-29,Resale,,24860,"Greenville-Anderson-Greer, SC"
142334869,45059,906-18-02-012,"216 KING DIXON ST, LAURENS, SC 29360",29360,SC,34.494640,-81.997308,SFR,,,,,,199999.0,2025-02-27,Resale,,24860,"Greenville-Anderson-Greer, SC"
142392127,45059,242-00-00-057,"336 HARBOR CREST DR, WATERLOO, SC 29384",29384,SC,34.355292,-82.102862,SFR,,,,,,380000.0,2025-05-19,Resale,,24860,"Greenville-Anderson-Greer, SC"
142778497,45059,617-00-00-070,"111 STRATFORD PL, CLINTON, SC 29325",29325,SC,34.445579,-81.885399,SFR,,,,,,309189.0,2024-08-16,Resale,,24860,"Greenville-Anderson-Greer, SC"
142792108,45059,906-13-12-018,"310 W FARLEY AVE, LAURENS, SC 29360",29360,SC,34.488770,-82.023315,SFR,,,,,,325000.0,2023-11-21,Resale,,24860,"Greenville-Anderson-Greer, SC"
142800496,45059,906-18-02-004,"308 HILLDALE AVE, LAURENS, SC 29360",29360,SC,34.493645,-81.997049,SFR,,,,,,193000.0,2025-07-10,Resale,,24860,"Greenville-Anderson-Greer, SC"
143302276,45059,243-00-00-001,"2912 TODD QUARTER RD, WATERLOO, SC 29384",29384,SC,34.348111,-82.101252,SFR,,,,,1.05,,2025-07-11,Resale,,24860,"Greenville-Anderson-Greer, SC"
143424752,45059,243-00-00-056,"83 DU NUT N DR, WATERLOO, SC 29384",29384,SC,34.349930,-82.106662,SFR,,,,,,,2024-05-10,Resale,,24860,"Greenville-Anderson-Greer, SC"
143436784,45059,414-01-10-035,"19 GALLON ST, LAURENS, SC 29360",29360,SC,34.515550,-81.992122,SFR,,,,,0.196,80000.0,2024-06-05,Resale,,24860,"Greenville-Anderson-Greer, SC"
143467244,45059,034-00-00-057,"292 CAROUSEL RD, GRAY COURT, SC 29645",29645,SC,34.559889,-82.220710,SFR,,,,,,235000.0,2024-12-10,Resale,,24860,"Greenville-Anderson-Greer, SC"
143467256,45059,150-00-00-059,"171 HUTTO DR, FOUNTAIN INN, SC 29644",29644,SC,34.736424,-82.144647,SFR,,,,,2.27,290000.0,2025-01-30,Resale,,24860,"Greenville-Anderson-Greer, SC"
143591472,45059,438-00-00-017,"102 LIGHTHOUSE RD, ENOREE, SC 29335",29335,SC,34.589421,-81.992988,SFR,,,,,0.996,,2025-11-04,Resale,,24860,"Greenville-Anderson-Greer, SC"
143620148,45059,906-13-03-025,"114 CUMMINGS ST, LAURENS, SC 29360",29360,SC,34.486784,-82.026612,SFR,,,,,,151000.0,2025-07-18,Resale,,24860,"Greenville-Anderson-Greer, SC"
143897568,45059,308-02-01-009,"50 APACHE DR, WATERLOO, SC 29384",29384,SC,34.321849,-82.077559,MOBILE HOME,,,,,,590270.0,2024-10-11,Resale,,24860,"Greenville-Anderson-Greer, SC"
143897650,45059,906-11-03-004,"550 W MAIN ST, LAURENS, SC 29360",29360,SC,34.496753,-82.022911,SFR,,,,,0.657,,2025-04-17,Resale,,24860,"Greenville-Anderson-Greer, SC"
143897676,45059,245-00-00-040,"136 SULPHER SPRINGS RD, WATERLOO, SC 29384",29384,SC,34.321848,-82.114208,SFR,,,,,2.19,,2025-10-30,Resale,,24860,"Greenville-Anderson-Greer, SC"
143897701,45059,906-09-02-002,"100 CONSTITUTION AVE, LAURENS, SC 29360",29360,SC,34.509989,-82.025950,SFR,,,,,,,2026-02-03,Resale,,24860,"Greenville-Anderson-Greer, SC"
143897988,45059,906-17-04-031,"126 MARION ST, LAURENS, SC 29360",29360,SC,34.505860,-81.999387,SFR,,,,,,136300.0,2023-12-28,Resale,,24860,"Greenville-Anderson-Greer, SC"
143898063,45059,906-14-02-028,"100 PRIDMORE ST, LAURENS, SC 29360",29360,SC,34.485387,-82.012652,SFR,,,,,,,2024-04-29,Resale,,24860,"Greenville-Anderson-Greer, SC"
143898066,45059,904-01-01-006,"100 ROPER ST, FOUNTAIN INN, SC 29644",29644,SC,34.684667,-82.192244,VACANT LAND (NEC),,,,,2.02,55000.0,2026-04-10,Resale,,24860,"Greenville-Anderson-Greer, SC"
143898067,45059,443-01-01-027,"100 ROUND ST, LAURENS, SC 29360",29360,SC,34.511022,-81.987945,SFR,,,,,,15000.0,2025-06-25,Resale,,24860,"Greenville-Anderson-Greer, SC"
143898344,45059,181-00-00-139,"307 BOGEY DR, FOUNTAIN INN, SC 29644",29644,SC,34.751442,-82.131168,MOBILE HOME,,,,,,116238.0,2025-03-20,Resale,,24860,"Greenville-Anderson-Greer, SC"
143898410,45059,416-01-03-032,"308 HOUSTON ST, LAURENS, SC 29360",29360,SC,34.478749,-82.007431,SFR,,,,,,92500.0,2024-01-04,Resale,,24860,"Greenville-Anderson-Greer, SC"
143898670,45059,181-00-00-133,"306 BOGEY DR, FOUNTAIN INN, SC 29644",29644,SC,34.751133,-82.129772,RESIDENTIAL - VACANT LAND,,,,,,150000.0,2023-12-15,Resale,,24860,"Greenville-Anderson-Greer, SC"
143898677,45059,901-05-05-007,"306 E FLORIDA ST, CLINTON, SC 29325",29325,SC,34.473844,-81.876570,SFR,,,,,,170000.0,2023-06-12,Resale,,24860,"Greenville-Anderson-Greer, SC"
143898679,45059,904-06-01-014,"314 FARROW CIR, FOUNTAIN INN, SC 29644",29644,SC,34.675786,-82.183692,SFR,,,,,,215000.0,2023-11-28,Resale,,24860,"Greenville-Anderson-Greer, SC"
143898846,45059,903-01-03-009,"309 MOOREHEAD ST, JOANNA, SC 29351",29351,SC,34.422737,-81.811689,SFR,,,,,0.47,135000.0,2024-01-08,Resale,,24860,"Greenville-Anderson-Greer, SC"
143898947,45059,092-00-00-143,"310 WALNUT CREST CT, FOUNTAIN INN, SC 29644",29644,SC,34.712052,-82.180318,MOBILE HOME,,,,,,200000.0,2026-02-27,Resale,,24860,"Greenville-Anderson-Greer, SC"
143899017,45059,646-00-00-038,"7538 OLD MILTON RD, CLINTON, SC 29325",29325,SC,34.340555,-81.870811,VACANT LAND (NEC),,,,,5.01,70000.0,2024-01-25,Resale,,24860,"Greenville-Anderson-Greer, SC"
143899316,45059,093-00-00-086,"750 JONES RD, FOUNTAIN INN, SC 29644",29644,SC,34.692165,-82.173842,MOBILE HOME,,,,,,226000.0,2023-10-31,Resale,,24860,"Greenville-Anderson-Greer, SC"
143899381,45059,658-00-00-078,"411 OLD COLONY RD, CLINTON, SC 29325",29325,SC,34.469436,-81.851788,SFR,,,,,1.06,340000.0,2025-09-19,Resale,,24860,"Greenville-Anderson-Greer, SC"
143899876,45059,901-21-02-005,"407 FLORENCE ST, CLINTON, SC 29325",29325,SC,34.480047,-81.885565,SFR,,,,,0.14,25000.0,2024-07-31,Resale,,24860,"Greenville-Anderson-Greer, SC"
143899882,45059,901-06-02-001,"407 N ADAIR ST, CLINTON, SC 29325",29325,SC,34.477091,-81.869256,SFR,,,,,0.334,590270.0,2024-07-26,Resale,,24860,"Greenville-Anderson-Greer, SC"
143899964,45059,511-00-00-008,"7443 LISBON RD, MOUNTVILLE, SC 29370",29370,SC,34.387272,-81.949904,RURAL HOMESITE,,,,,37.0,405000.0,2025-05-28,Resale,,24860,"Greenville-Anderson-Greer, SC"
143900090,45059,906-15-06-009,"311 CRESCENT DR, LAURENS, SC 29360",29360,SC,34.482312,-82.020629,SFR,,,,,,251000.0,2025-03-14,Resale,,24860,"Greenville-Anderson-Greer, SC"
143900091,45059,901-37-07-028,"311 CYPRESS ST, CLINTON, SC 29325",29325,SC,34.461375,-81.902000,SFR,,,,,,,2023-09-29,Resale,,24860,"Greenville-Anderson-Greer, SC"
143900230,45059,514-00-00-006,"224 FINLEY CIR, MOUNTVILLE, SC 29370",29370,SC,34.342499,-81.951878,RURAL HOMESITE,,,,,11.24,15624.0,2025-07-02,Resale,,24860,"Greenville-Anderson-Greer, SC"
143900350,45059,032-00-00-061,"228 LITTLE BROOKE DR, FOUNTAIN INN, SC 29644",29644,SC,34.588399,-82.230326,SFR,,,,,2.46,290500.0,2026-05-01,Resale,,24860,"Greenville-Anderson-Greer, SC"
143900357,45059,412-00-00-075,"228 VERBATIM DR, LAURENS, SC 29360",29360,SC,34.536702,-81.993684,SFR,,,,,,192000.0,2025-10-06,Resale,,24860,"Greenville-Anderson-Greer, SC"
143900564,45059,243-01-01-066,"312 RELAX ST, WATERLOO, SC 29384",29384,SC,34.344334,-82.109535,SFR,,,,,,455000.0,2025-11-21,Resale,,24860,"Greenville-Anderson-Greer, SC"
143900618,45059,905-02-02-034,"101 NATCHEZ CT, GRAY COURT, SC 29645",29645,SC,34.619207,-82.118747,SFR,,,,,,294800.0,2025-08-21,Resale,,24860,"Greenville-Anderson-Greer, SC"
143900755,45059,495-00-00-020,", , SC ",,SC,34.611480,-81.950790,VACANT LAND (NEC),,,,,32.0,,2025-08-01,Resale,,24860,"Greenville-Anderson-Greer, SC"
143900850,45059,217-00-00-111,"318 BRYSON RD, FOUNTAIN INN, SC 29644",29644,SC,34.690034,-82.115190,SFR,,,,,1.0,133000.0,2025-09-15,Resale,,24860,"Greenville-Anderson-Greer, SC"
143900981,45059,901-24-02-001,"1009 N SLOAN ST, CLINTON, SC 29325",29325,SC,34.481755,-81.887196,SFR,,,,,,19600.0,2025-09-17,Resale,,24860,"Greenville-Anderson-Greer, SC"
143900991,45059,167-00-00-064,"101 ANGLER DR, LAURENS, SC 29360",29360,SC,34.494979,-82.145570,SFR,,,,,,477837.0,2024-06-20,Resale,,24860,"Greenville-Anderson-Greer, SC"
143901445,45059,902-02-01-038,"761 LEAMAN ST, CROSS HILL, SC 29332",29332,SC,34.298828,-81.992506,RESIDENTIAL - VACANT LAND,,,,,,,2025-05-15,Resale,,24860,"Greenville-Anderson-Greer, SC"
143901520,45059,903-02-03-004,"416 BLALOCK DR, JOANNA, SC 29351",29351,SC,34.420624,-81.811404,SFR,,,,,1.37,150000.0,2024-06-25,Resale,,24860,"Greenville-Anderson-Greer, SC"
143901562,45059,903-02-02-037,"417 BLALOCK DR, JOANNA, SC 29351",29351,SC,34.420048,-81.812298,SFR,,,,,0.686,150000.0,2026-02-05,Resale,,24860,"Greenville-Anderson-Greer, SC"
143901638,45059,901-37-07-004,"131 PINE ST, CLINTON, SC 29325",29325,SC,34.461240,-81.901512,SFR,,,,,0.157,119000.0,2025-03-14,Resale,,24860,"Greenville-Anderson-Greer, SC"
143901765,45059,104-00-00-020,"758 BENJAMIN RD, GRAY COURT, SC 29645",29645,SC,34.538542,-82.172426,RESIDENTIAL - VACANT LAND,,2.0,2.0,,1.0,,2025-12-07,Resale,,24860,"Greenville-Anderson-Greer, SC"
143901771,45059,140-00-00-014,"7588 EKOM BEACH RD, WARE SHOALS, SC 29692",29692,SC,34.414134,-82.155896,RURAL HOMESITE,,,,,8.0,130000.0,2026-05-07,Resale,,24860,"Greenville-Anderson-Greer, SC"
143901837,45059,510-00-00-002,"313 MILAM RD, CLINTON, SC 29325",29325,SC,34.409667,-81.943843,AGRICULTURAL (NEC),,,,,149.65,1040000.0,2026-04-21,Resale,,24860,"Greenville-Anderson-Greer, SC"
143902135,45059,039-00-00-010,"579 CALF BARN RD, WARE SHOALS, SC 29692",29692,SC,34.480756,-82.228288,SFR,,,,,2.0,419000.0,2023-10-20,Resale,,24860,"Greenville-Anderson-Greer, SC"
143902162,45059,277-00-00-129,"412 VIRGINIA CIR, WATERLOO, SC 29384",29384,SC,34.341560,-82.092494,MOBILE HOME,,,,,0.776,,2026-05-21,Resale,,24860,"Greenville-Anderson-Greer, SC"
143902274,45059,901-06-07-045,"314 DAVIDSON ST, CLINTON, SC 29325",29325,SC,34.478590,-81.872512,SFR,,,,,0.289,,2026-04-07,Resale,,24860,"Greenville-Anderson-Greer, SC"
143902791,45059,456-00-00-028,"176 BILLY LEOPARD RD, CROSS HILL, SC 29332",29332,SC,34.318391,-81.987452,RESIDENTIAL - VACANT LAND,,,,,1.07,,2024-07-23,Resale,,24860,"Greenville-Anderson-Greer, SC"
143903078,45059,586-00-00-054,"1745 LANGSTON RD, CLINTON, SC 29325",29325,SC,34.565279,-81.898846,MOBILE HOME,,,,,1.0,23000.0,2025-05-16,Resale,,24860,"Greenville-Anderson-Greer, SC"
143903108,45059,102-00-00-051,"175 HEARTLAND CT, GRAY COURT, SC 29645",29645,SC,34.568886,-82.172489,MOBILE HOME,,,,,1.5,13000.0,2024-07-29,Resale,,24860,"Greenville-Anderson-Greer, SC"
143903201,45059,906-02-02-017,"102 EDEN ST, LAURENS, SC 29360",29360,SC,34.529228,-82.038487,SFR,,,,,,225000.0,2024-03-18,Resale,,24860,"Greenville-Anderson-Greer, SC"
143903233,45059,167-00-00-090,"102 PENINSULA DR, LAURENS, SC 29360",29360,SC,34.495935,-82.147118,SFR,,,,,0.555,475000.0,2026-04-06,Resale,,24860,"Greenville-Anderson-Greer, SC"
143903237,45059,904-04-01-005,"102 REDMOND DR, FOUNTAIN INN, SC 29644",29644,SC,34.694892,-82.183822,SFR,,,,,,194500.0,2024-04-18,Resale,,24860,"Greenville-Anderson-Greer, SC"
143903245,45059,595-00-00-021,"2854 HIGHWAY 72 W, CLINTON, SC 29325",29325,SC,34.432953,-81.899400,COMMERCIAL (NEC),,,,,8.2,,2023-06-30,Resale,,24860,"Greenville-Anderson-Greer, SC"
143903255,45059,906-06-01-005,"102 WARDLAW RD, LAURENS, SC 29360",29360,SC,34.491701,-82.048049,SFR,,,,,,275000.0,2025-02-20,Resale,,24860,"Greenville-Anderson-Greer, SC"
143903256,45059,906-01-01-015,"102 WILDERNESS DR, LAURENS, SC 29360",29360,SC,34.494638,-82.056417,SFR,,,,,2.03,443000.0,2023-07-14,Resale,,24860,"Greenville-Anderson-Greer, SC"
143903647,45059,904-09-01-046,"420 RASPBERRY LN, FOUNTAIN INN, SC 29644",29644,SC,34.706782,-82.181835,SFR,,,,,,275000.0,2024-09-20,Resale,,24860,"Greenville-Anderson-Greer, SC"
143903653,45059,906-13-10-009,"420 W FARLEY AVE, LAURENS, SC 29360",29360,SC,34.489760,-82.026860,COMMERCIAL (NEC),,,,,,750000.0,2024-01-23,Resale,,24860,"Greenville-Anderson-Greer, SC"
143903727,45059,646-00-00-033,"7879 OLD MILTON RD, CLINTON, SC 29325",29325,SC,34.343564,-81.866449,RESIDENTIAL - VACANT LAND,,,,,1.0,,2025-05-20,Resale,,24860,"Greenville-Anderson-Greer, SC"
143903815,45059,906-17-03-033,"103 DAVIS ST, LAURENS, SC 29360",29360,SC,34.505931,-82.001556,SFR,,,,,,135000.0,2023-12-01,Resale,,24860,"Greenville-Anderson-Greer, SC"
143903816,45059,906-17-02-048,"103 DEERING ST, LAURENS, SC 29360",29360,SC,34.505406,-81.997258,SFR,,,,,,,2023-09-25,Resale,,24860,"Greenville-Anderson-Greer, SC"
143903819,45059,906-12-01-006,"103 E LAURENS ST, LAURENS, SC 29360",29360,SC,34.500146,-82.014976,COMMERCIAL (NEC),,,,,,632432.0,2025-02-19,Resale,,24860,"Greenville-Anderson-Greer, SC"
143904114,45059,769-00-00-004,"5815 WHITMIRE HWY, CLINTON, SC 29325",29325,SC,34.452260,-81.727504,RURAL HOMESITE,,,,,8.58,63000.0,2024-05-17,Resale,,24860,"Greenville-Anderson-Greer, SC"
143904203,45059,492-00-00-036,"1002 PITTMANS LANDING DR, CROSS HILL, SC 29332",29332,SC,34.232276,-81.968198,RURAL HOMESITE,,,,,17.97,5250000.0,2023-08-29,Resale,,24860,"Greenville-Anderson-Greer, SC"
143904457,45059,906-18-04-013,"580 E MAIN ST, LAURENS, SC 29360",29360,SC,34.498726,-82.000278,SFR,,,,,,225000.0,2024-08-04,Resale,,24860,"Greenville-Anderson-Greer, SC"
143904542,45059,008-00-00-015,"13193 HIGHWAY 25, HONEA PATH, SC 29654",29654,SC,34.497751,-82.286919,SFR,,,,,2.2,325000.0,2025-05-14,Resale,,24860,"Greenville-Anderson-Greer, SC"
143904796,45059,527-00-00-017,"1815 SANDY SPRINGS RD, LAURENS, SC 29360",29360,SC,34.578619,-81.936885,RURAL HOMESITE,,,,,8.45,101189.0,2024-09-30,Resale,,24860,"Greenville-Anderson-Greer, SC"
143904887,45059,199-00-00-044,"3206 HIGHWAY 252, LAURENS, SC 29360",29360,SC,34.488017,-82.124034,RURAL HOMESITE,,,,,24.3,510000.0,2026-04-27,Resale,,24860,"Greenville-Anderson-Greer, SC"
143905186,45059,264-00-00-025,"327 HILLBROOK RD, LAURENS, SC 29360",29360,SC,34.516683,-82.082640,SFR,,,,,2.06,,2024-10-09,Resale,,24860,"Greenville-Anderson-Greer, SC"
143905214,45059,162-00-00-007,"237 PLACES DR, GRAY COURT, SC 29645",29645,SC,34.558173,-82.139239,RURAL HOMESITE,,,,,34.21,80000.0,2026-03-10,Resale,,24860,"Greenville-Anderson-Greer, SC"
143905428,45059,083-00-00-010,"423 PITTS RD, LAURENS, SC 29360",29360,SC,34.466718,-82.186138,AGRICULTURAL (NEC),,,,,6.74,,2024-03-25,Resale,,24860,"Greenville-Anderson-Greer, SC"
143905542,45059,135-00-00-006,"1333 WILSONTOWN RD, LAURENS, SC 29360",29360,SC,34.494037,-82.164383,RURAL HOMESITE,,,,,31.65,131750.0,2024-01-17,Resale,,24860,"Greenville-Anderson-Greer, SC"
143906002,45059,261-00-00-041,"328 DOUGLAS RD, GRAY COURT, SC 29645",29645,SC,34.564091,-82.089154,RESIDENTIAL - VACANT LAND,,,,,3.0,4195.0,2025-02-27,Resale,,24860,"Greenville-Anderson-Greer, SC"
143906076,45059,033-00-00-107,"421 ROLLING HILLS RD, GRAY COURT, SC 29645",29645,SC,34.571383,-82.225108,MOBILE HOME,,,,,2.4,73081.0,2024-10-25,Resale,,24860,"Greenville-Anderson-Greer, SC"
143906341,45059,906-05-01-029,"104 ARROWOOD LN, LAURENS, SC 29360",29360,SC,34.496150,-82.038219,SFR,,,,,,,2025-01-24,Resale,,24860,"Greenville-Anderson-Greer, SC"
143906386,45059,906-13-17-025,"104 MAPLEBROOK ST, LAURENS, SC 29360",29360,SC,34.494004,-82.020426,SFR,,,,,,,2025-05-16,REO (Real Estate-Owned),,24860,"Greenville-Anderson-Greer, SC"
143906394,45059,901-05-10-009,"104 MUSGROVE ST, CLINTON, SC 29325",29325,SC,34.473369,-81.880047,COMMERCIAL (NEC),,,,,,130000.0,2024-11-26,Resale,,24860,"Greenville-Anderson-Greer, SC"
143906395,45059,905-02-02-016,"104 MUSKOGEE LN, GRAY COURT, SC 29645",29645,SC,34.617131,-82.119753,SFR,,,,,0.843,,2026-04-22,Resale,,24860,"Greenville-Anderson-Greer, SC"
143906881,45059,901-10-02-022,"602 ELIZABETH ST, CLINTON, SC 29325",29325,SC,34.479836,-81.882621,SFR,,,,,,158000.0,2023-08-23,Resale,,24860,"Greenville-Anderson-Greer, SC"
143906895,45059,903-05-02-003,"602 WHITMIRE HWY, JOANNA, SC 29351",29351,SC,34.421109,-81.802279,SFR,,,,,,221000.0,2025-12-29,Resale,,24860,"Greenville-Anderson-Greer, SC"
143906958,45059,901-25-02-003,"604 CEDAR ST, CLINTON, SC 29325",29325,SC,34.457677,-81.881976,SFR,,,,,,,2024-09-24,Resale,,24860,"Greenville-Anderson-Greer, SC"
143906962,45059,901-10-02-021,"604 ELIZABETH ST, CLINTON, SC 29325",29325,SC,34.480006,-81.882633,SFR,,,,,,185000.0,2025-04-24,Resale,,24860,"Greenville-Anderson-Greer, SC"
143906973,45059,310-00-00-026,"604 ROSEMONT CIR, WATERLOO, SC 29384",29384,SC,34.297026,-82.075385,SFR,,,,,,685000.0,2024-05-23,Resale,,24860,"Greenville-Anderson-Greer, SC"
143907042,45059,106-00-00-020,"1378 NEELY FERRY RD, LAURENS, SC 29360",29360,SC,34.502862,-82.180726,SFR,,,,,2.02,,2025-02-03,Resale,,24860,"Greenville-Anderson-Greer, SC"
143907140,45059,447-00-00-002,"3388 BURNT MILL CREEK RD, LAURENS, SC 29360",29360,SC,34.449666,-81.989799,RURAL HOMESITE,,,,,5.53,223000.0,2024-01-22,Resale,,24860,"Greenville-Anderson-Greer, SC"
143907185,45059,263-00-00-014,"244 BOYD RD, LAURENS, SC 29360",29360,SC,34.528997,-82.087423,RURAL HOMESITE,,,,,17.57,430000.0,2026-01-29,Resale,,24860,"Greenville-Anderson-Greer, SC"
143907340,45059,153-00-00-006,"2470 DURBIN RD, FOUNTAIN INN, SC 29644",29644,SC,34.691339,-82.142592,SFR,,,,,1.91,91933.0,2024-01-17,Resale,,24860,"Greenville-Anderson-Greer, SC"
143907600,45059,505-00-00-003,"817 HOLLY GROVE CHURCH RD, LAURENS, SC 29360",29360,SC,34.472975,-81.959734,RURAL HOMESITE,,,,,40.59,1790000.0,2025-11-03,Resale,,24860,"Greenville-Anderson-Greer, SC"
143907756,45059,349-00-00-007,"GATHERING LN, LAURENS, SC 29360",29360,SC,34.573426,-82.037483,AGRICULTURAL (NEC),,,,,23.6,,2024-09-26,Resale,,24860,"Greenville-Anderson-Greer, SC"
143907931,45059,327-00-00-021,"437 SUGAR CREEK RD, LAURENS, SC 29360",29360,SC,34.469646,-82.048712,SFR,,,,,0.827,196000.0,2026-03-30,Resale,,24860,"Greenville-Anderson-Greer, SC"
143907952,45059,310-00-00-038,"438 ROSEMONT CIR, WATERLOO, SC 29384",29384,SC,34.298754,-82.077911,SFR,,,,,,360000.0,2025-06-12,Resale,,24860,"Greenville-Anderson-Greer, SC"
143908096,45059,901-08-03-018,"805 E FLORIDA ST, CLINTON, SC 29325",29325,SC,34.472545,-81.868297,SFR,,,,,0.29,24000.0,2025-07-01,Resale,,24860,"Greenville-Anderson-Greer, SC"
143908110,45059,901-08-05-012,"806 E FLORIDA ST, CLINTON, SC 29325",29325,SC,34.471982,-81.868354,SFR,,,,,,35000.0,2023-06-27,Resale,,24860,"Greenville-Anderson-Greer, SC"
143908285,45059,244-01-01-021,"435 SMITHS VILLAGE RD, WATERLOO, SC 29384",29384,SC,34.338624,-82.106916,SFR,,,,,,115000.0,2025-04-16,Resale,,24860,"Greenville-Anderson-Greer, SC"
143908286,45059,639-01-05-025,"435 SPRINGDALE DR, CLINTON, SC 29325",29325,SC,34.454604,-81.874753,SFR,,,,,,16100.0,2025-01-09,Resale,,24860,"Greenville-Anderson-Greer, SC"
143908606,45059,014-00-00-008,"433 BOYCE PAGE RD, HONEA PATH, SC 29654",29654,SC,34.508307,-82.254555,RURAL HOMESITE,,,,,15.67,410000.0,2024-09-26,Resale,,24860,"Greenville-Anderson-Greer, SC"
143908822,45059,901-12-04-008,"104 W MAIN ST, CLINTON, SC 29325",29325,SC,34.473632,-81.881122,COMMERCIAL (NEC),,,,,,60000.0,2023-06-07,Resale,,24860,"Greenville-Anderson-Greer, SC"
143908923,45059,906-20-01-004,"136 DAGNALL CIR, LAURENS, SC 29360",29360,SC,34.493626,-81.994102,SFR,,,,,,,2023-08-17,Resale,,24860,"Greenville-Anderson-Greer, SC"
143909011,45059,906-05-06-013,"105 SUNSET PARK, LAURENS, SC 29360",29360,SC,34.496881,-82.029073,VACANT LAND (NEC),,,,,,,2025-06-02,Resale,,24860,"Greenville-Anderson-Greer, SC"
143909027,45059,906-05-05-031,"105 WEDGEWOOD DR, LAURENS, SC 29360",29360,SC,34.494746,-82.031686,SFR,,,,,,265000.0,2026-02-26,Resale,,24860,"Greenville-Anderson-Greer, SC"
143909029,45059,903-05-03-055,"105 WHITMIRE HWY, JOANNA, SC 29351",29351,SC,34.415367,-81.810947,SFR,,,,,,96972.0,2024-06-04,Resale,,24860,"Greenville-Anderson-Greer, SC"
143909142,45059,602-00-00-011,"6078 MOUNTVILLE RD, MOUNTVILLE, SC 29370",29370,SC,34.333023,-81.905996,RURAL HOMESITE,,,,,15.52,,2024-07-16,Resale,,24860,"Greenville-Anderson-Greer, SC"
143909178,45059,567-00-00-035,"61 APPLE ORCHARD DR, CLINTON, SC 29325",29325,SC,34.443513,-81.919601,SFR,,,,,,182702.0,2024-11-15,Resale,,24860,"Greenville-Anderson-Greer, SC"
143909354,45059,904-10-01-084,"105 BARRED OWL DR, FOUNTAIN INN, SC 29644",29644,SC,34.693559,-82.181302,SFR,,,,,,275000.0,2025-04-14,Resale,,24860,"Greenville-Anderson-Greer, SC"
143909394,45059,259-00-00-067,"105 LAURA JANE LN, GRAY COURT, SC 29645",29645,SC,34.581948,-82.090119,SFR,,,,,,200000.0,2026-01-30,Resale,,24860,"Greenville-Anderson-Greer, SC"
143909399,45059,904-07-01-012,"105 MEADOWBROOK DR, FOUNTAIN INN, SC 29644",29644,SC,34.676122,-82.188092,SFR,,,,,,155000.0,2024-10-18,Resale,,24860,"Greenville-Anderson-Greer, SC"
143909405,45059,905-02-02-025,"105 MUSKOGEE LN, GRAY COURT, SC 29645",29645,SC,34.617786,-82.118557,SFR,,,,,,336700.0,2024-06-12,Resale,,24860,"Greenville-Anderson-Greer, SC"
143909408,45059,901-05-05-003,"105 N OWENS ST, CLINTON, SC 29325",29325,SC,34.473349,-81.875699,SFR,,,,,,219900.0,2025-04-11,Resale,,24860,"Greenville-Anderson-Greer, SC"
143909425,45059,901-01-01-009,"105 S HOLLAND ST, CLINTON, SC 29325",29325,SC,34.469689,-81.871235,SFR,,,,,,235000.0,2023-07-07,Resale,,24860,"Greenville-Anderson-Greer, SC"
143909428,45059,618-00-00-028,"1349 GREENPLAIN RD, CLINTON, SC 29325",29325,SC,34.425912,-81.877632,SFR,,,,,3.9,,2025-10-20,Resale,,24860,"Greenville-Anderson-Greer, SC"
143909554,45059,904-10-01-085,"106 BARRED OWL DR, FOUNTAIN INN, SC 29644",29644,SC,34.693651,-82.181843,SFR,,,,,,260000.0,2024-07-01,Resale,,24860,"Greenville-Anderson-Greer, SC"
143909562,45059,906-14-10-014,"106 CHARLTON ST, LAURENS, SC 29360",29360,SC,34.494534,-82.013926,SFR,,,,,,49000.0,2025-07-09,Resale,,24860,"Greenville-Anderson-Greer, SC"
143909566,45059,906-17-01-025,"106 DEERING ST, LAURENS, SC 29360",29360,SC,34.505752,-81.996549,SFR,,,,,,135000.0,2023-08-04,Resale,,24860,"Greenville-Anderson-Greer, SC"
143909594,45059,906-02-02-075,"112 JENNIFER LN, LAURENS, SC 29360",29360,SC,34.525937,-82.037826,SFR,,,,,2.42,200000.0,2024-10-28,Resale,,24860,"Greenville-Anderson-Greer, SC"
143909606,45059,414-01-07-025,"106 LUCAS AVE, LAURENS, SC 29360",29360,SC,34.517777,-81.999310,COMMERCIAL ACREAGE,,,,,,112000.0,2026-01-21,Resale,,24860,"Greenville-Anderson-Greer, SC"
143909854,45059,096-00-00-125,"185 CLARIDGE CT, FOUNTAIN INN, SC 29644",29644,SC,34.649820,-82.180108,RESIDENTIAL - VACANT LAND,,,,,,225000.0,2025-11-21,Resale,,24860,"Greenville-Anderson-Greer, SC"
143909866,45059,103-00-00-056,"185 KENNEDY RD, GRAY COURT, SC 29645",29645,SC,34.552529,-82.183189,MOBILE HOME,,,,,1.28,235000.0,2025-10-03,Resale,,24860,"Greenville-Anderson-Greer, SC"
143909891,45059,901-03-01-008,"605 S ADAIR ST, CLINTON, SC 29325",29325,SC,34.461663,-81.875436,SFR,,,,,,240000.0,2023-12-22,Resale,,24860,"Greenville-Anderson-Greer, SC"
143909916,45059,901-11-01-014,"606 N BROAD ST, CLINTON, SC 29325",29325,SC,34.481863,-81.880733,SFR,,,,,1.047,65000.0,2026-05-12,Resale,,24860,"Greenville-Anderson-Greer, SC"
143910011,45059,390-00-00-013,"1388 BURNT MILL CREEK RD, MOUNTVILLE, SC 29370",29370,SC,34.441412,-82.018653,VACANT LAND (NEC),,,,,1.0,,2025-10-14,Resale,,24860,"Greenville-Anderson-Greer, SC"
143910024,45059,908-01-01-016,"139 BLAKELY RD, WATERLOO, SC 29384",29384,SC,34.353338,-82.055215,MOBILE HOME,,,,,2.85,,2024-05-16,Resale,,24860,"Greenville-Anderson-Greer, SC"
143910184,45059,906-05-08-015,"107 GOODE ST, LAURENS, SC 29360",29360,SC,34.507984,-82.031308,SFR,,,,,0.325,7000.0,2025-05-13,Resale,,24860,"Greenville-Anderson-Greer, SC"
143910200,45059,259-00-00-071,"107 LAURA JANE LN, GRAY COURT, SC 29645",29645,SC,34.581291,-82.089959,SFR,,,,,1.14,240000.0,2023-06-30,Resale,,24860,"Greenville-Anderson-Greer, SC"
143910233,45059,906-07-05-006,"107 TODD AVE, LAURENS, SC 29360",29360,SC,34.491797,-82.029369,SFR,,,,,,450000.0,2025-09-24,Resale,,24860,"Greenville-Anderson-Greer, SC"
143910298,45059,157-00-00-015,"4669 N OLD LAURENS RD, GRAY COURT, SC 29645",29645,SC,34.631560,-82.134034,COMMERCIAL (NEC),,,,,1.56,75000.0,2025-02-21,Resale,,24860,"Greenville-Anderson-Greer, SC"
143910301,45059,371-00-00-028,", WATERLOO, SC 29384",29384,SC,34.278872,-82.043303,AGRICULTURAL (NEC),,,,,19.74,5000.0,2023-08-25,Resale,,24860,"Greenville-Anderson-Greer, SC"
143910722,45059,049-00-00-072,"108 ALLISON DR, FOUNTAIN INN, SC 29644",29644,SC,34.618533,-82.222566,SFR,,,,,3.44,10000.0,2025-07-31,Resale,,24860,"Greenville-Anderson-Greer, SC"
143910745,45059,401-00-00-093,"118 E COMMODORE DR, CROSS HILL, SC 29332",29332,SC,34.285199,-82.012787,SFR,,,,,1.117,450000.0,2025-02-25,Resale,,24860,"Greenville-Anderson-Greer, SC"
143910752,45059,906-05-01-004,"108 FOREST DR, LAURENS, SC 29360",29360,SC,34.496712,-82.039687,SFR,,,,,,181000.0,2023-10-26,Resale,,24860,"Greenville-Anderson-Greer, SC"
143910771,45059,903-03-05-007,"108 N MARION ST, JOANNA, SC 29351",29351,SC,34.413352,-81.817253,SFR,,,,,,35000.0,2025-07-15,Resale,,24860,"Greenville-Anderson-Greer, SC"
143910774,45059,906-13-11-006,"108 MORELAND AVE, LAURENS, SC 29360",29360,SC,34.494108,-82.025124,SFR,,,,,0.341,168000.0,2023-06-23,Resale,,24860,"Greenville-Anderson-Greer, SC"
143910785,45059,167-00-00-087,"108 PENINSULA DR, LAURENS, SC 29360",29360,SC,34.495299,-82.147788,SFR,,,,,0.481,290000.0,2026-04-24,Resale,,24860,"Greenville-Anderson-Greer, SC"
143910806,45059,901-18-11-001,"108 W WALNUT ST, CLINTON, SC 29325",29325,SC,34.462354,-81.880130,SFR,,,,,,385000.0,2024-07-20,Resale,,24860,"Greenville-Anderson-Greer, SC"
143910860,45059,216-00-00-026,"1083 COOKS BRIDGE RD, FOUNTAIN INN, SC 29644",29644,SC,34.711115,-82.114805,RESIDENTIAL - VACANT LAND,,,,,6.46,,2024-02-23,Resale,,24860,"Greenville-Anderson-Greer, SC"
143911096,45059,041-00-00-027,"60 ADAMS DR, WARE SHOALS, SC 29692",29692,SC,34.455690,-82.235267,SFR,,,,,0.6600092,40000.0,2024-10-15,Resale,,24860,"Greenville-Anderson-Greer, SC"
143911098,45059,594-00-00-014,"344 BYRD DR, CLINTON, SC 29325",29325,SC,34.449477,-81.899981,SFR,,,,,,,2025-02-25,Resale,,24860,"Greenville-Anderson-Greer, SC"
143911186,45059,297-00-00-010,"253 PRINCE RD, LAURENS, SC 29360",29360,SC,34.493795,-82.068142,RURAL HOMESITE,,,,,31.84,80000.0,2025-03-07,Resale,,24860,"Greenville-Anderson-Greer, SC"
143911296,45059,323-00-00-124,"2511 BOYD RD, LAURENS, SC 29360",29360,SC,34.533959,-82.063489,MOBILE HOME,,,,,0.984,169500.0,2024-06-28,Resale,,24860,"Greenville-Anderson-Greer, SC"
143911951,45059,278-00-00-041,", WATERLOO, SC 29384",29384,SC,34.330928,-82.096166,SFR,,,,,,,2025-11-06,Resale,,24860,"Greenville-Anderson-Greer, SC"
143912033,45059,319-00-00-001,"3494 BULL HILL RD, GRAY COURT, SC 29645",29645,SC,34.587367,-82.058013,AGRICULTURAL (NEC),,,,,16.47,122000.0,2025-12-17,Resale,,24860,"Greenville-Anderson-Greer, SC"
143912110,45059,414-01-09-049,"610 SWYGERT ST, LAURENS, SC 29360",29360,SC,34.513950,-81.994300,SFR,,,,,,161000.0,2025-11-03,Resale,,24860,"Greenville-Anderson-Greer, SC"
143912224,45059,447-00-00-023,"71 LYONS RD, LAURENS, SC 29360",29360,SC,34.455031,-81.987654,VACANT LAND (NEC),,,,,,27500.0,2023-12-08,Resale,,24860,"Greenville-Anderson-Greer, SC"
143912295,45059,316-00-00-100,"1903 MARTINS LAKE RD, GRAY COURT, SC 29645",29645,SC,34.634255,-82.060564,RESIDENTIAL - VACANT LAND,,,,,,2050000.0,2025-03-10,Resale,,24860,"Greenville-Anderson-Greer, SC"
143912359,45059,027-00-00-065,"191 GAINES RD, WARE SHOALS, SC 29692",29692,SC,34.423053,-82.247866,RESIDENTIAL - VACANT LAND,,,,,4.28,,2025-02-11,Resale,,24860,"Greenville-Anderson-Greer, SC"
143912363,45059,323-00-00-114,"191 LOVEJOY LN, LAURENS, SC 29360",29360,SC,34.529828,-82.058065,MOBILE HOME,,,,,,17000.0,2024-02-05,Resale,,24860,"Greenville-Anderson-Greer, SC"
143912391,45059,279-01-01-031,"45 FABIAN DR, WATERLOO, SC 29384",29384,SC,34.323077,-82.082838,SFR,,,,,,,2025-03-20,Resale,,24860,"Greenville-Anderson-Greer, SC"
143912807,45059,380-00-00-005,"618 LEAGUE RD, GRAY COURT, SC 29645",29645,SC,34.569604,-82.012484,SFR,,,,,1.05,,2023-09-01,Resale,,24860,"Greenville-Anderson-Greer, SC"
143912921,45059,205-00-00-025,"6208 INDIAN MOUND RD, WATERLOO, SC 29384",29384,SC,34.406259,-82.132241,SFR,,,,,3.01,250000.0,2023-12-27,Resale,,24860,"Greenville-Anderson-Greer, SC"
143913069,45059,906-11-02-031,"107 BROOKLYN PARK, LAURENS, SC 29360",29360,SC,34.497317,-82.025714,VACANT LAND (NEC),,,,,,702.0,2024-03-15,Resale,,24860,"Greenville-Anderson-Greer, SC"
143913272,45059,181-00-00-006,"62 THACKSTON RD, FOUNTAIN INN, SC 29644",29644,SC,34.743714,-82.129726,SFR,,,,,1.07,60000.0,2023-08-31,Resale,,24860,"Greenville-Anderson-Greer, SC"
143913281,45059,414-01-10-032,"620 CONWAY AVE, LAURENS, SC 29360",29360,SC,34.516285,-81.992587,SFR,,,,,,184000.0,2024-09-16,Resale,,24860,"Greenville-Anderson-Greer, SC"
143913765,45059,160-00-00-022,"4648 HELLAMS RD, GRAY COURT, SC 29645",29645,SC,34.596030,-82.149514,SFR,,,,,5.0,,2024-06-27,Resale,,24860,"Greenville-Anderson-Greer, SC"
143913833,45059,190-00-00-039,"109 CARRIAGE FARMS CT, GRAY COURT, SC 29645",29645,SC,34.619531,-82.130712,MOBILE HOME,,,,,,110000.0,2023-06-08,Resale,,24860,"Greenville-Anderson-Greer, SC"
143913835,45059,901-01-12-002,"109 CLEVELAND ST, CLINTON, SC 29325",29325,SC,34.469091,-81.876916,SFR,,,,,,219000.0,2023-09-22,Resale,,24860,"Greenville-Anderson-Greer, SC"
143913862,45059,904-05-02-077,"109 LAURENS CT, FOUNTAIN INN, SC 29644",29644,SC,34.683596,-82.187455,SFR,,,,,,165000.0,2025-07-08,Resale,,24860,"Greenville-Anderson-Greer, SC"
143913875,45059,356-00-00-019,", LAURENS, SC 29360",29360,SC,34.474464,-82.029737,VACANT LAND (NEC),,,,,15.29,145000.0,2024-03-14,Resale,,24860,"Greenville-Anderson-Greer, SC"
143913883,45059,284-00-00-088,"109 ROBERT HARRIS CT, GRAY COURT, SC 29645",29645,SC,34.675228,-82.072658,MOBILE HOME,,,,,3.89,140000.0,2024-08-20,Resale,,24860,"Greenville-Anderson-Greer, SC"
143913897,45059,277-05-01-005,"109 WATERLOO SHORES RD, WATERLOO, SC 29384",29384,SC,34.348408,-82.096707,MOBILE HOME,,,,,,140000.0,2023-06-19,Resale,,24860,"Greenville-Anderson-Greer, SC"
143914035,45059,906-09-01-012,"110 APEX ST, LAURENS, SC 29360",29360,SC,34.509188,-82.026553,SFR,,,,,,23500.0,2025-08-25,Resale,,24860,"Greenville-Anderson-Greer, SC"
143914049,45059,906-05-01-049,"110 COTTAGE CT, LAURENS, SC 29360",29360,SC,34.495016,-82.036546,SFR,,,,,,206750.0,2025-03-25,Resale,,24860,"Greenville-Anderson-Greer, SC"
143914060,45059,901-21-13-009,"110 FLORENCE ST, CLINTON, SC 29325",29325,SC,34.477449,-81.884713,SFR,,,,,,182702.0,2024-03-18,Resale,,24860,"Greenville-Anderson-Greer, SC"
143914083,45059,903-03-05-008,"110 N MARION ST, JOANNA, SC 29351",29351,SC,34.413529,-81.817352,SFR,,,,,,35000.0,2025-07-15,Resale,,24860,"Greenville-Anderson-Greer, SC"
143915180,45059,228-00-00-014,"2588 SAWMILL RD, GRAY COURT, SC 29645",29645,SC,34.550009,-82.113203,RURAL HOMESITE,,,,,7.83,,2024-04-02,Resale,,24860,"Greenville-Anderson-Greer, SC"
143915814,45059,157-00-00-018,"4670 N OLD LAURENS RD, GRAY COURT, SC 29645",29645,SC,34.630996,-82.134791,SFR,,,,,1.58,10000.0,2025-09-18,Resale,,24860,"Greenville-Anderson-Greer, SC"
143915968,45059,071-00-00-006,"626 STODDARD MILL RD, GRAY COURT, SC 29645",29645,SC,34.625703,-82.197348,RESIDENTIAL - VACANT LAND,,,,,10.5,,2024-09-24,Resale,,24860,"Greenville-Anderson-Greer, SC"
143916331,45059,744-00-00-005,"3536 WHITMIRE HWY, CLINTON, SC 29325",29325,SC,34.438211,-81.762333,COMMERCIAL (NEC),,,,,2.29,,2024-07-25,Resale,,24860,"Greenville-Anderson-Greer, SC"
143916409,45059,381-00-00-006,"4578 METRIC RD, LAURENS, SC 29360",29360,SC,34.564561,-82.020392,RURAL HOMESITE,,,,,9.53,167000.0,2025-02-26,Resale,,24860,"Greenville-Anderson-Greer, SC"
143916954,45059,359-00-00-012,"480 LISBON RD, LAURENS, SC 29360",29360,SC,34.438357,-82.041425,SFR,,,,,4.0,180000.0,2024-02-02,Resale,,24860,"Greenville-Anderson-Greer, SC"
143916993,45059,441-00-00-062,"653 BROOKWOOD CIR, LAURENS, SC 29360",29360,SC,34.535742,-81.985104,SFR,,,,,4.0,260000.0,2025-05-27,Resale,,24860,"Greenville-Anderson-Greer, SC"
143917058,45059,388-00-00-061,"364 SULLIVAN RD, LAURENS, SC 29360",29360,SC,34.460255,-82.018681,SFR,,,,,0.8,229000.0,2024-05-08,Resale,,24860,"Greenville-Anderson-Greer, SC"
143917134,45059,906-17-08-044,"111 CORA ST, LAURENS, SC 29360",29360,SC,34.515116,-82.004586,SFR,,,,,,35000.0,2024-02-02,Resale,,24860,"Greenville-Anderson-Greer, SC"
143917372,45059,906-13-03-023,"112 DOUGLAS ST, LAURENS, SC 29360",29360,SC,34.486990,-82.024887,SFR,,,,,0.382,185000.0,2024-10-08,Resale,,24860,"Greenville-Anderson-Greer, SC"
143917399,45059,906-13-17-027,"112 MAPLEBROOK ST, LAURENS, SC 29360",29360,SC,34.495006,-82.019644,SFR,,,,,0.242,143000.0,2026-04-20,Resale,,24860,"Greenville-Anderson-Greer, SC"
143917406,45059,901-05-10-006,"112 MUSGROVE ST, CLINTON, SC 29325",29325,SC,34.473654,-81.879998,COMMERCIAL (NEC),,,,,,300000.0,2024-10-24,Resale,,24860,"Greenville-Anderson-Greer, SC"
143917500,45059,102-00-00-018,"6401 GREENPOND RD, GRAY COURT, SC 29645",29645,SC,34.571729,-82.176707,RURAL HOMESITE,,,,,24.48,,2023-09-28,Resale,,24860,"Greenville-Anderson-Greer, SC"
143917683,45059,360-00-00-009,"477 SMITHVILLE RD, MOUNTVILLE, SC 29370",29370,SC,34.419401,-82.034992,SFR,,,,,2.0,395621.0,2024-08-30,Resale,,24860,"Greenville-Anderson-Greer, SC"
143918115,45059,702-00-00-002,"2689 BUSH RIVER RD, KINARDS, SC 29355",29355,SC,34.369135,-81.818714,VACANT LAND (NEC),,,,,4.0,53513.0,2025-06-06,Resale,,24860,"Greenville-Anderson-Greer, SC"
143918321,45059,120-00-00-019,"890 DURBIN RD, FOUNTAIN INN, SC 29644",29644,SC,34.700810,-82.166675,MOBILE HOME,,,,,,99900.0,2026-01-20,Resale,,24860,"Greenville-Anderson-Greer, SC"
143918621,45059,901-37-09-007,"88 PALMETTO ST, CLINTON, SC 29325",29325,SC,34.460024,-81.902828,MISC IMPROVEMENTS,,,,,,75000.0,2023-12-07,Resale,,24860,"Greenville-Anderson-Greer, SC"
143918626,45059,461-01-01-117,"880 AMBER HILL CIR, CROSS HILL, SC 29332",29332,SC,34.251261,-81.992428,RESIDENTIAL - VACANT LAND,,2.0,1.0,,,99000.0,2025-09-11,Resale,,24860,"Greenville-Anderson-Greer, SC"
143918728,45059,086-00-00-019,"885 ELLEDGE RD, WARE SHOALS, SC 29692",29692,SC,34.424034,-82.200231,MOBILE HOME,,,,,2.31,160000.0,2025-08-04,Resale,,24860,"Greenville-Anderson-Greer, SC"
143919168,45059,325-00-00-001,"150 DEAN DR, LAURENS, SC 29360",29360,SC,34.503200,-82.054117,SFR,,,,,,408000.0,2024-06-03,Resale,,24860,"Greenville-Anderson-Greer, SC"
143919182,45059,901-37-12-003,"150 PINE ST, CLINTON, SC 29325",29325,SC,34.457957,-81.899202,MISC IMPROVEMENTS,,,,,,150000.0,2023-08-10,Resale,,24860,"Greenville-Anderson-Greer, SC"
143919287,45059,906-08-01-093,"202 LEAR DR, LAURENS, SC 29360",29360,SC,34.482595,-82.033521,SFR,,,,,,110000.0,2024-12-03,Resale,,24860,"Greenville-Anderson-Greer, SC"
143919759,45059,906-12-04-042,"405 HUNTERS CT, LAURENS, SC 29360",29360,SC,34.502383,-82.012706,VACANT LAND (NEC),,,,,,8500.0,2024-10-07,Resale,,24860,"Greenville-Anderson-Greer, SC"
143919994,45059,032-00-00-073,"3724 FAIRVIEW RD, FOUNTAIN INN, SC 29644",29644,SC,34.584261,-82.222136,RESIDENTIAL - VACANT LAND,,,,,0.572,170000.0,2026-05-08,Resale,,24860,"Greenville-Anderson-Greer, SC"
143920107,45059,265-00-00-065,"66 CAIN RD, LAURENS, SC 29360",29360,SC,34.504499,-82.096291,SFR,,,,,0.628,475000.0,2024-05-24,Resale,,24860,"Greenville-Anderson-Greer, SC"
143920251,45059,159-00-00-024,"113 HELLAMS CIR, GRAY COURT, SC 29645",29645,SC,34.603055,-82.138554,SFR,,,,,1.73,170570.0,2025-03-13,Resale,,24860,"Greenville-Anderson-Greer, SC"
143920264,45059,904-01-01-009,"113 NASH ST, FOUNTAIN INN, SC 29644",29644,SC,34.683952,-82.193978,VACANT LAND (NEC),,,,,,115000.0,2023-07-31,Resale,,24860,"Greenville-Anderson-Greer, SC"
143920281,45059,906-17-06-023,"113 WHALEY ST, LAURENS, SC 29360",29360,SC,34.512576,-82.001502,SFR,,,,,,,2025-02-07,Resale,,24860,"Greenville-Anderson-Greer, SC"
143920353,45059,218-00-00-032,"1384 DURBIN CHURCH RD, GRAY COURT, SC 29645",29645,SC,34.678820,-82.100829,MOBILE HOME,,,,,3.05,240000.0,2024-04-12,Resale,,24860,"Greenville-Anderson-Greer, SC"
143920568,45059,906-06-02-031,"1513 W MAIN ST, LAURENS, SC 29360",29360,SC,34.499046,-82.050066,VACANT LAND (NEC),,,,,8.34,,2025-10-21,Resale,,24860,"Greenville-Anderson-Greer, SC"
143920814,45059,320-00-00-003,"498 BRAMLETT CHURCH RD, GRAY COURT, SC 29645",29645,SC,34.568451,-82.063202,SFR,,,,,0.8699954,60000.0,2024-08-15,Resale,,24860,"Greenville-Anderson-Greer, SC"
143921035,45059,143-00-00-016,"9004 RIVERFORK RD, WARE SHOALS, SC 29692",29692,SC,34.373809,-82.162520,AGRICULTURAL (NEC),,,,,7.6,15000.0,2026-02-06,Resale,,24860,"Greenville-Anderson-Greer, SC"
143921281,45059,132-00-00-007,"8916 GREENPOND RD, GRAY COURT, SC 29645",29645,SC,34.538348,-82.158716,RURAL HOMESITE,,,,,8.65,164000.0,2023-10-25,Resale,,24860,"Greenville-Anderson-Greer, SC"
143921295,45059,263-00-00-008,"893 TRINITY CHURCH RD, LAURENS, SC 29360",29360,SC,34.527641,-82.094175,RURAL HOMESITE,,,,,6.0,551500.0,2026-02-19,Resale,,24860,"Greenville-Anderson-Greer, SC"
143921312,45059,490-00-00-053,"896 BARNETT RD, CROSS HILL, SC 29332",29332,SC,34.250295,-81.960657,VACANT LAND (NEC),,,,,1.17,,2024-06-20,Resale,,24860,"Greenville-Anderson-Greer, SC"
143921314,45059,194-00-00-016,"21 HELLAMS RD, GRAY COURT, SC 29645",29645,SC,34.556625,-82.133191,SFR,,,,,,,2025-10-16,Resale,,24860,"Greenville-Anderson-Greer, SC"
143921376,45059,492-02-01-044,"378 PITTMANS LANDING DR, CROSS HILL, SC 29332",29332,SC,34.234163,-81.964657,SFR,,,,,0.574,,2026-04-08,Resale,,24860,"Greenville-Anderson-Greer, SC"
143921432,45059,906-18-01-017,"203 HILLDALE AVE, LAURENS, SC 29360",29360,SC,34.495435,-81.995796,SFR,,,,,,188000.0,2024-06-26,Resale,,24860,"Greenville-Anderson-Greer, SC"
143921435,45059,906-14-02-043,"203 LUREY ST, LAURENS, SC 29360",29360,SC,34.485293,-82.012543,MISC IMPROVEMENTS,,,,,,25000.0,2024-04-29,Resale,,24860,"Greenville-Anderson-Greer, SC"
143921545,45059,904-09-01-168,"204 DEXTER BEND CT, FOUNTAIN INN, SC 29644",29644,SC,34.705694,-82.182500,SFR,,,,,,205000.0,2025-07-01,Resale,,24860,"Greenville-Anderson-Greer, SC"
143921575,45059,901-08-02-011,"204 N ADAIR ST, CLINTON, SC 29325",29325,SC,34.473715,-81.871964,SFR,,,,,0.509,70000.0,2026-01-13,Resale,,24860,"Greenville-Anderson-Greer, SC"
143922690,45059,906-02-01-026,"1138 CHURCH ST, LAURENS, SC 29360",29360,SC,34.525659,-82.042185,SFR,,,,,,316216.0,2023-07-21,Resale,,24860,"Greenville-Anderson-Greer, SC"
143922745,45059,906-13-15-007,"114 W FARLEY AVE, LAURENS, SC 29360",29360,SC,34.488120,-82.019685,SFR,,,,,,163500.0,2023-06-22,Resale,,24860,"Greenville-Anderson-Greer, SC"
143922781,45059,639-00-00-019,"708 CAROLYN DR, CLINTON, SC 29325",29325,SC,34.447513,-81.859217,SFR,,,,,0.868,350000.0,2026-02-23,Resale,,24860,"Greenville-Anderson-Greer, SC"
143922854,45059,126-00-00-030,"1184 DOGWOOD RD, GRAY COURT, SC 29645",29645,SC,34.630970,-82.145808,RESIDENTIAL - VACANT LAND,,,,,1.69,2050000.0,2025-03-10,Resale,,24860,"Greenville-Anderson-Greer, SC"
143923178,45059,904-09-01-190,"5 SOPHIA CT, FOUNTAIN INN, SC 29644",29644,SC,34.704199,-82.180279,SFR,,,,,,,2024-01-08,Resale,,24860,"Greenville-Anderson-Greer, SC"
143923239,45059,906-17-01-015,"115 MILLIKEN ST, LAURENS, SC 29360",29360,SC,34.506819,-81.995826,SFR,,,,,,,2025-02-27,Resale,,24860,"Greenville-Anderson-Greer, SC"
143923241,45059,906-13-16-029,"115 MORELAND AVE, LAURENS, SC 29360",29360,SC,34.493990,-82.024141,SFR,,,,,,230000.0,2025-02-25,Resale,,24860,"Greenville-Anderson-Greer, SC"
143923345,45059,032-00-00-088,"92 TULLYTON DR, FOUNTAIN INN, SC 29644",29644,SC,34.583204,-82.223423,VACANT LAND (NEC),,,,,,175000.0,2025-10-22,Resale,,24860,"Greenville-Anderson-Greer, SC"
143923444,45059,901-21-16-006,"503 ACADEMY ST, CLINTON, SC 29325",29325,SC,34.475836,-81.886461,VACANT LAND (NEC),,,,,,8000.0,2023-09-28,Resale,,24860,"Greenville-Anderson-Greer, SC"
143923450,45059,906-10-03-048,"503 CLEMSON ST, LAURENS, SC 29360",29360,SC,34.509782,-82.008232,SFR,,,,,,,2024-03-11,Resale,,24860,"Greenville-Anderson-Greer, SC"
143923492,45059,901-21-05-006,"504 BAILEY ST, CLINTON, SC 29325",29325,SC,34.478768,-81.885972,SFR,,,,,,50000.0,2024-01-16,Resale,,24860,"Greenville-Anderson-Greer, SC"
143923495,45059,901-19-01-004,"504 CEDAR ST, CLINTON, SC 29325",29325,SC,34.459843,-81.882281,SFR,,,,,,,2023-08-15,Resale,,24860,"Greenville-Anderson-Greer, SC"
143923521,45059,371-00-00-056,"929 WHITTEN RD, WATERLOO, SC 29384",29384,SC,34.278097,-82.038009,MOBILE HOME,,,,,3.37,185000.0,2023-11-21,Resale,,24860,"Greenville-Anderson-Greer, SC"
143923597,45059,901-07-07-009,"206 CALDWELL ST, CLINTON, SC 29325",29325,SC,34.478829,-81.870174,SFR,,,,,,204000.0,2025-07-31,Resale,,24860,"Greenville-Anderson-Greer, SC"
143923614,45059,354-00-00-031,"206 HIGHLAND ST, LAURENS, SC 29360",29360,SC,34.501780,-82.041500,SFR,,,,,,215000.0,2023-08-29,Resale,,24860,"Greenville-Anderson-Greer, SC"
143923617,45059,901-21-01-007,"206 JEFFERSON ST, CLINTON, SC 29325",29325,SC,34.479430,-81.885152,SFR,,,,,,70000.0,2025-03-28,Resale,,24860,"Greenville-Anderson-Greer, SC"
143923644,45059,906-16-01-027,"206 TRUMAN ST, LAURENS, SC 29360",29360,SC,34.482860,-82.010340,SFR,,,,,0.283,,2026-03-11,Resale,,24860,"Greenville-Anderson-Greer, SC"
143923684,45059,617-00-00-037,"207 BELMONT STAKES, CLINTON, SC 29325",29325,SC,34.447677,-81.889442,SFR,,,,,0.452,194935.0,2026-05-13,Resale,,24860,"Greenville-Anderson-Greer, SC"
143924027,45059,365-00-00-002,"1545 BLAKELY RD, WATERLOO, SC 29384",29384,SC,34.348901,-82.035218,SFR,,,,,1.0,90000.0,2024-05-08,Resale,,24860,"Greenville-Anderson-Greer, SC"
143924242,45059,906-15-03-014,"116 PINE RD, LAURENS, SC 29360",29360,SC,34.481485,-82.024095,VACANT LAND (NEC),,,,,,234000.0,2025-11-10,New Construction,,24860,"Greenville-Anderson-Greer, SC"
143924264,45059,201-00-00-016,"44 SMYTHE ST, LAURENS, SC 29360",29360,SC,34.459723,-82.126838,VACANT LAND (NEC),,,,,2.06,,2025-06-23,Resale,,24860,"Greenville-Anderson-Greer, SC"
143924319,45059,566-00-00-057,"1169 CHARLOTTES RD, CLINTON, SC 29325",29325,SC,34.454512,-81.907135,MOBILE HOME,,,,,,,2024-02-16,Resale,,24860,"Greenville-Anderson-Greer, SC"
143924327,45059,309-01-08-001,"177 BALSAM CIR, WATERLOO, SC 29384",29384,SC,34.299644,-82.077762,MOBILE HOME,,,,,,130000.0,2023-08-11,Resale,,24860,"Greenville-Anderson-Greer, SC"
143924735,45059,199-00-00-009,"2882 HIGHWAY 252, LAURENS, SC 29360",29360,SC,34.489713,-82.117544,SFR,,,,,5.0,319729.0,2025-03-07,Resale,,24860,"Greenville-Anderson-Greer, SC"
143924889,45059,442-00-00-001,"687 FLEMING MILL RD, LAURENS, SC 29360",29360,SC,34.533198,-81.990592,COMMERCIAL (NEC),,,,,1.52,,2025-10-29,Resale,,24860,"Greenville-Anderson-Greer, SC"
143925003,45059,906-12-09-017,"158 WASHINGTON ST, LAURENS, SC 29360",29360,SC,34.507849,-82.009984,SFR,,,,,,,2025-09-25,Resale,,24860,"Greenville-Anderson-Greer, SC"
143925087,45059,617-00-00-019,"208 BELMONT STAKES, CLINTON, SC 29325",29325,SC,34.448388,-81.889299,SFR,,,,,0.377,,2026-05-14,Resale,,24860,"Greenville-Anderson-Greer, SC"
143925088,45059,906-05-08-006,"208 BRYSON DR, LAURENS, SC 29360",29360,SC,34.508446,-82.032810,SFR,,,,,1.04,,2026-03-23,Resale,,24860,"Greenville-Anderson-Greer, SC"
143925430,45059,901-10-02-025,"504 ELIZABETH ST, CLINTON, SC 29325",29325,SC,34.479197,-81.882443,SFR,,,,,,160000.0,2025-07-11,Resale,,24860,"Greenville-Anderson-Greer, SC"
143925439,45059,901-09-01-012,"504 N ADAIR ST, CLINTON, SC 29325",29325,SC,34.477323,-81.867868,SFR,,,,,,218000.0,2025-10-02,Resale,,24860,"Greenville-Anderson-Greer, SC"
143925441,45059,903-04-01-031,"504 PICKENS ST, JOANNA, SC 29351",29351,SC,34.408032,-81.819432,SFR,,,,,,,2025-02-07,Resale,,24860,"Greenville-Anderson-Greer, SC"
143925447,45059,167-00-00-075,"504 W PENINSULA DR, LAURENS, SC 29360",29360,SC,34.488095,-82.145747,SFR,,,,,,460000.0,2024-08-09,Resale,,24860,"Greenville-Anderson-Greer, SC"
143925473,45059,901-25-01-005,"500 CHESTNUT ST, CLINTON, SC 29325",29325,SC,34.458255,-81.883607,SFR,,,,,,288000.0,2025-03-06,Resale,,24860,"Greenville-Anderson-Greer, SC"
143925821,45059,231-00-00-033,"16 BOXWOOD RD, LAURENS, SC 29360",29360,SC,34.503393,-82.106837,SFR,,,,,1.45,,2023-11-29,Resale,,24860,"Greenville-Anderson-Greer, SC"
143925840,45059,254-00-00-057,"16 OAKLEY DR, GRAY COURT, SC 29645",29645,SC,34.641673,-82.087210,MOBILE HOME,,,,,1.45,190000.0,2026-01-22,Resale,,24860,"Greenville-Anderson-Greer, SC"
143925948,45059,901-32-01-009,", CLINTON, SC 29325",29325,SC,34.458308,-81.863597,VACANT LAND (NEC),,,,,3.45,,2025-11-17,Resale,,24860,"Greenville-Anderson-Greer, SC"
143925962,45059,103-00-00-069,"1004 ROLLING MEADOWS RD, GRAY COURT, SC 29645",29645,SC,34.557273,-82.184017,MOBILE HOME,,,,,4.8,315000.0,2025-12-01,Resale,,24860,"Greenville-Anderson-Greer, SC"
143926147,45059,102-00-00-021,"6992 GREENPOND RD, GRAY COURT, SC 29645",29645,SC,34.561633,-82.175295,MOBILE HOME,,,,,3.61,145000.0,2025-05-30,Resale,,24860,"Greenville-Anderson-Greer, SC"
143926196,45059,414-01-09-010,"7 WALLACE ST, LAURENS, SC 29360",29360,SC,34.514893,-81.997143,SFR,,,,,,,2023-12-13,Resale,,24860,"Greenville-Anderson-Greer, SC"
143926493,45059,906-07-03-012,"119 PINEHAVEN ST, LAURENS, SC 29360",29360,SC,34.490756,-82.031692,SFR,,,,,,90000.0,2023-10-23,Resale,,24860,"Greenville-Anderson-Greer, SC"
143926494,45059,901-37-07-016,"119 POPLAR ST, CLINTON, SC 29325",29325,SC,34.459560,-81.901011,SFR,,,,,,84324.0,2024-04-16,Resale,,24860,"Greenville-Anderson-Greer, SC"
143926640,45059,026-00-00-008,"211 HARMONY RD, WARE SHOALS, SC 29692",29692,SC,34.445976,-82.247680,RURAL HOMESITE,,,,,6.0,,2025-06-05,Resale,,24860,"Greenville-Anderson-Greer, SC"
143926782,45059,901-05-10-004,"118 MUSGROVE ST, CLINTON, SC 29325",29325,SC,34.473802,-81.879963,TAX EXEMPT,,,,,,10000.0,2024-11-25,Resale,,24860,"Greenville-Anderson-Greer, SC"
143926824,45059,095-00-00-034,"1182 N OLD LAURENS RD, FOUNTAIN INN, SC 29644",29644,SC,34.664387,-82.179428,SFR,,,,,,280000.0,2023-11-29,Resale,,24860,"Greenville-Anderson-Greer, SC"
143926891,45059,638-00-00-053,"1614 FIFTH AVENUE EXT, CLINTON, SC 29325",29325,SC,34.456001,-81.857029,SFR,,,,,,,2024-05-15,Resale,,24860,"Greenville-Anderson-Greer, SC"
143927015,45059,167-00-00-034,"120 E PENINSULA DR, LAURENS, SC 29360",29360,SC,34.490824,-82.143122,VACANT LAND (NEC),,,,,,,2024-12-20,Resale,,24860,"Greenville-Anderson-Greer, SC"
143927034,45059,051-00-00-058,"120 PASTURE CT, GRAY COURT, SC 29645",29645,SC,34.593761,-82.208446,RESIDENTIAL - VACANT LAND,,,,,,2050000.0,2025-03-10,Resale,,24860,"Greenville-Anderson-Greer, SC"
143927036,45059,906-05-06-060,"120 RUSSELL ST, LAURENS, SC 29360",29360,SC,34.498256,-82.032767,SFR,,,,,,86000.0,2026-01-16,Resale,,24860,"Greenville-Anderson-Greer, SC"
143927298,45059,026-00-00-100,", WARE SHOALS, SC 29692",29692,SC,34.447239,-82.236954,AGRICULTURAL (NEC),,,,,14.4,175000.0,2023-07-14,Resale,,24860,"Greenville-Anderson-Greer, SC"
143927304,45059,906-10-01-035,"210 MCDOWELL ST, LAURENS, SC 29360",29360,SC,34.512850,-82.007973,SFR,,,,,,125000.0,2023-08-07,Resale,,24860,"Greenville-Anderson-Greer, SC"
143927433,45059,903-03-03-030,"512 W CALHOUN ST, JOANNA, SC 29351",29351,SC,34.414481,-81.819873,SFR,,,,,,178000.0,2026-02-23,Resale,,24860,"Greenville-Anderson-Greer, SC"
143927465,45059,403-00-00-018,"2958 WHITTEN RD, WATERLOO, SC 29384",29384,SC,34.258790,-82.021473,SFR,,,,,,630000.0,2025-04-11,Resale,,24860,"Greenville-Anderson-Greer, SC"
143927684,45059,903-04-02-017,"509 MAGNOLIA ST, JOANNA, SC 29351",29351,SC,34.409815,-81.818900,SFR,,,,,,28108.0,2024-11-01,Resale,,24860,"Greenville-Anderson-Greer, SC"
143927735,45059,242-00-00-007,"510 ENCHANTED OAKS DR, WATERLOO, SC 29384",29384,SC,34.357442,-82.114764,MOBILE HOME,,,,,,275900.0,2023-07-21,Resale,,24860,"Greenville-Anderson-Greer, SC"
143927745,45059,906-14-09-009,"510 SULLIVAN ST, LAURENS, SC 29360",29360,SC,34.495233,-82.013474,SFR,,,,,,155000.0,2023-07-21,Resale,,24860,"Greenville-Anderson-Greer, SC"
143927748,45059,901-12-01-005,"510 W MAIN ST, CLINTON, SC 29325",29325,SC,34.473100,-81.888530,COMMERCIAL (NEC),,,,,1.618,540000.0,2025-06-23,Resale,,24860,"Greenville-Anderson-Greer, SC"
143927800,45059,017-00-00-007,"16210 HIGHWAY 25, WARE SHOALS, SC 29692",29692,SC,34.465320,-82.257169,SFR,,,,,1.0,,2024-11-14,Resale,,24860,"Greenville-Anderson-Greer, SC"
143928164,45059,901-11-03-004,"709 N BROAD ST, CLINTON, SC 29325",29325,SC,34.484358,-81.882513,SFR,,,,,,378026.0,2023-07-28,Resale,,24860,"Greenville-Anderson-Greer, SC"
143928203,45059,901-04-01-009,"710 CALVERT AVE, CLINTON, SC 29325",29325,SC,34.467027,-81.866989,SFR,,,,,,,2025-08-18,Resale,,24860,"Greenville-Anderson-Greer, SC"
143928378,45059,092-00-00-095,"507 GRAYWOOD DR, FOUNTAIN INN, SC 29644",29644,SC,34.712015,-82.179418,MOBILE HOME,,,,,0.188,,2026-03-16,Resale,,24860,"Greenville-Anderson-Greer, SC"
143928396,45059,904-09-01-047,"508 COUNTRY GARDENS DR, FOUNTAIN INN, SC 29644",29644,SC,34.710431,-82.180934,SFR,,,,,,277000.0,2023-09-01,Resale,,24860,"Greenville-Anderson-Greer, SC"
143928460,45059,901-07-02-003,"705 SHANDS ST, CLINTON, SC 29325",29325,SC,34.481520,-81.866881,SFR,,,,,,134000.0,2023-09-29,Resale,,24860,"Greenville-Anderson-Greer, SC"
143928508,45059,905-04-01-005,"GEORGIA RD, GRAY COURT, SC 29645",29645,SC,34.606158,-82.109483,VACANT LAND (NEC),,,,,,,2025-07-01,Resale,,24860,"Greenville-Anderson-Greer, SC"
143928553,45059,244-01-01-055,"95 HUSH RD, WATERLOO, SC 29384",29384,SC,34.339980,-82.103224,MOBILE HOME,,,,,,400000.0,2023-11-03,Resale,,24860,"Greenville-Anderson-Greer, SC"
143928621,45059,901-07-01-009,"712 SHANDS ST, CLINTON, SC 29325",29325,SC,34.482093,-81.865432,SFR,,,,,,215000.0,2024-10-10,Resale,,24860,"Greenville-Anderson-Greer, SC"
143929036,45059,310-00-00-020,"714 ROSEMONT CIR, WATERLOO, SC 29384",29384,SC,34.298990,-82.074395,SFR,,,,,,290000.0,2025-07-29,Resale,,24860,"Greenville-Anderson-Greer, SC"
143929158,45059,406-00-00-012,"94 GARRETT RD, ENOREE, SC 29335",29335,SC,34.634817,-81.995074,SFR,,,,,1.89,233000.0,2024-10-31,Resale,,24860,"Greenville-Anderson-Greer, SC"
143929323,45059,903-04-03-035,"405 MAGNOLIA ST, JOANNA, SC 29351",29351,SC,34.410826,-81.816804,SFR,,,,,,110000.0,2023-07-31,Resale,,24860,"Greenville-Anderson-Greer, SC"
143929334,45059,906-14-11-015,"405 SULLIVAN ST, LAURENS, SC 29360",29360,SC,34.496024,-82.012915,SFR,,,,,0.348,45000.0,2026-03-16,Resale,,24860,"Greenville-Anderson-Greer, SC"
143929633,45059,901-21-06-001,"301 GORDON ST, CLINTON, SC 29325",29325,SC,34.478608,-81.884547,SFR,,,,,,,2026-01-20,Resale,,24860,"Greenville-Anderson-Greer, SC"
143929837,45059,215-00-00-010,"305 BLUEBIRD DR, FOUNTAIN INN, SC 29644",29644,SC,34.716919,-82.102609,RURAL HOMESITE,,,,,7.96,410000.0,2025-11-25,Resale,,24860,"Greenville-Anderson-Greer, SC"
143929893,45059,639-01-02-028,"123 FAIR DR, CLINTON, SC 29325",29325,SC,34.450228,-81.869994,SFR,,,,,,150000.0,2024-01-26,Resale,,24860,"Greenville-Anderson-Greer, SC"
143929949,45059,906-14-09-013,"517 S HARPER ST, LAURENS, SC 29360",29360,SC,34.495065,-82.014599,SFR,,,,,,25000.0,2025-07-29,Resale,,24860,"Greenville-Anderson-Greer, SC"
143930151,45059,905-02-01-009,"985 N MAIN ST, GRAY COURT, SC 29645",29645,SC,34.614138,-82.120593,SFR,,,,,,240000.0,2024-09-24,Resale,,24860,"Greenville-Anderson-Greer, SC"
143930377,45059,906-10-02-004,"212 LEE ST, LAURENS, SC 29360",29360,SC,34.511696,-82.008285,SFR,,,,,0.304,,2026-03-06,Resale,,24860,"Greenville-Anderson-Greer, SC"
143930378,45059,906-14-02-034,"212 LUREY ST, LAURENS, SC 29360",29360,SC,34.484537,-82.012987,RESIDENTIAL - VACANT LAND,,,,,,,2025-11-20,Resale,,24860,"Greenville-Anderson-Greer, SC"
143930416,45059,906-11-13-005,"519 CHURCH ST, LAURENS, SC 29360",29360,SC,34.506515,-82.026053,SFR,,,,,0.35,,2026-05-07,Resale,,24860,"Greenville-Anderson-Greer, SC"
143930578,45059,138-00-00-001,"5223 NEELY FERRY RD, LAURENS, SC 29360",29360,SC,34.455151,-82.154459,SFR,,,,,3.39,435000.0,2025-07-15,Resale,,24860,"Greenville-Anderson-Greer, SC"
143930645,45059,901-18-10-008,"205 W MAPLE ST, CLINTON, SC 29325",29325,SC,34.463165,-81.881966,SFR,,,,,,,2025-08-08,Resale,,24860,"Greenville-Anderson-Greer, SC"
143931281,45059,906-14-08-027,"1205 S HARPER STREET EXT, LAURENS, SC 29360",29360,SC,34.486353,-82.016734,SFR,,,,,,24000.0,2024-07-03,Resale,,24860,"Greenville-Anderson-Greer, SC"
143931363,45059,901-20-07-012,"215 WASHINGTON ST, CLINTON, SC 29325",29325,SC,34.474553,-81.888796,SFR,,,,,0.228,25000.0,2023-10-19,Resale,,24860,"Greenville-Anderson-Greer, SC"
143931365,45059,906-16-01-006,"213 YOUNG DR, LAURENS, SC 29360",29360,SC,34.481852,-82.007580,SFR,,,,,,,2025-07-25,Resale,,24860,"Greenville-Anderson-Greer, SC"
143931472,45059,901-05-08-012,"302 MUSGROVE ST, CLINTON, SC 29325",29325,SC,34.475554,-81.879139,SFR,,,,,,,2025-07-22,Resale,,24860,"Greenville-Anderson-Greer, SC"
143931569,45059,901-21-07-006,"304 GORDON ST, CLINTON, SC 29325",29325,SC,34.479130,-81.884154,SFR,,,,,,,2026-01-20,Resale,,24860,"Greenville-Anderson-Greer, SC"
143931571,45059,260-00-00-064,"304 IRENE RD, GRAY COURT, SC 29645",29645,SC,34.575520,-82.081150,RESIDENTIAL - VACANT LAND,,,,,1.04,93500.0,2026-02-27,Resale,,24860,"Greenville-Anderson-Greer, SC"
143931644,45059,242-00-00-115,"30 STROUP CT, WATERLOO, SC 29384",29384,SC,34.362991,-82.102333,MOBILE HOME,,,,,,286702.0,2024-05-24,Resale,,24860,"Greenville-Anderson-Greer, SC"
143931739,45059,906-12-06-007,"121 GORDON ST, LAURENS, SC 29360",29360,SC,34.500501,-82.010119,VACANT LAND (NEC),,,,,,,2025-02-07,Resale,,24860,"Greenville-Anderson-Greer, SC"
143931853,45059,905-02-02-005,"8716 HIGHWAY 14, GRAY COURT, SC 29645",29645,SC,34.613794,-82.117747,SFR,,,,,,,2025-05-02,Resale,,24860,"Greenville-Anderson-Greer, SC"
143932147,45059,906-12-01-023,"121 LAUREL ST, LAURENS, SC 29360",29360,SC,34.501283,-82.014345,SFR,,,,,,99000.0,2025-10-01,Resale,,24860,"Greenville-Anderson-Greer, SC"
143932469,45059,901-01-05-009,"300 STONEWALL ST, CLINTON, SC 29325",29325,SC,34.469125,-81.872416,SFR,,,,,,,2024-05-06,Resale,,24860,"Greenville-Anderson-Greer, SC"
143932479,45059,092-00-00-138,"300 WALNUT CREST CT, FOUNTAIN INN, SC 29644",29644,SC,34.710969,-82.180189,MOBILE HOME,,,,,,193000.0,2025-08-20,Resale,,24860,"Greenville-Anderson-Greer, SC"
143932539,45059,056-00-00-017,"975 KNIGHT RD, GRAY COURT, SC 29645",29645,SC,34.521302,-82.206386,RURAL HOMESITE,,,,,9.22,400000.0,2026-04-13,Resale,,24860,"Greenville-Anderson-Greer, SC"
143932643,45059,444-00-00-013,", LAURENS, SC 29360",29360,SC,34.496952,-81.980715,COMMERCIAL (NEC),,,,,4.75,,2026-01-30,Resale,,24860,"Greenville-Anderson-Greer, SC"
143932828,45059,369-00-00-007,"22 KEEPER DR, WATERLOO, SC 29384",29384,SC,34.295237,-82.045808,SFR,,,,,1.0,60000.0,2025-03-17,Resale,,24860,"Greenville-Anderson-Greer, SC"
143933167,45059,442-00-00-068,"838 HIGHWAY 49, LAURENS, SC 29360",29360,SC,34.528060,-81.981577,SFR,,,,,1.0,251000.0,2025-04-08,Resale,,24860,"Greenville-Anderson-Greer, SC"
143933247,45059,906-05-09-005,"533 CHURCH ST, LAURENS, SC 29360",29360,SC,34.507343,-82.027793,SFR,,,,,0.864,190000.0,2024-02-26,Resale,,24860,"Greenville-Anderson-Greer, SC"
143933431,45059,639-01-01-024,"219 LAKEWOOD DR, CLINTON, SC 29325",29325,SC,34.452010,-81.867754,SFR,,,,,0.426,211000.0,2023-10-12,Resale,,24860,"Greenville-Anderson-Greer, SC"
143933443,45059,906-14-04-032,"219 PRICE ST, LAURENS, SC 29360",29360,SC,34.488626,-82.012551,SFR,,,,,,34000.0,2024-07-23,Resale,,24860,"Greenville-Anderson-Greer, SC"
143933784,45059,906-13-15-015,"129 ACADEMY ST, LAURENS, SC 29360",29360,SC,34.490230,-82.018206,SFR,,,,,,,2023-06-26,Resale,,24860,"Greenville-Anderson-Greer, SC"
143933910,45059,592-02-03-012,"541 DOGWOOD CIR, CLINTON, SC 29325",29325,SC,34.474335,-81.909656,SFR,,,,,,,2024-11-20,Resale,,24860,"Greenville-Anderson-Greer, SC"
143934031,45059,182-00-00-048,"125 FIELDING LN, FOUNTAIN INN, SC 29644",29644,SC,34.735792,-82.128927,MOBILE HOME,,,,,,60000.0,2025-08-28,Resale,,24860,"Greenville-Anderson-Greer, SC"
143934066,45059,096-00-00-011,"2229 ABERCROMBIE RD, FOUNTAIN INN, SC 29644",29644,SC,34.648003,-82.187417,SFR,,,,,3.27,,2025-11-04,Resale,,24860,"Greenville-Anderson-Greer, SC"
143934186,45059,906-05-01-044,"124 COTTAGE CT, LAURENS, SC 29360",29360,SC,34.494459,-82.037572,SFR,,,,,,274054.0,2024-04-29,Resale,,24860,"Greenville-Anderson-Greer, SC"
143938942,45059,901-05-10-005,"116 MUSGROVE ST, CLINTON, SC 29325",29325,SC,34.473736,-81.879972,TAX EXEMPT,,,,,,10000.0,2024-12-02,Resale,,24860,"Greenville-Anderson-Greer, SC"
143939095,45059,906-07-02-012,"202 LINDEN AVE, LAURENS, SC 29360",29360,SC,34.487232,-82.027801,SFR,,,,,,102594.0,2024-08-02,Resale,,24860,"Greenville-Anderson-Greer, SC"
143939318,45059,906-12-05-001,"114 E HAMPTON ST, LAURENS, SC 29360",29360,SC,34.502001,-82.014615,SFR,,,,,0.125,10000.0,2024-01-12,Resale,,24860,"Greenville-Anderson-Greer, SC"
143939495,45059,906-11-12-005,"235 W MAIN ST, LAURENS, SC 29360",29360,SC,34.497668,-82.017523,SFR,,,,,2.0,150378.0,2024-11-25,Resale,,24860,"Greenville-Anderson-Greer, SC"
143939659,45059,339-00-00-041,"111 TOPSAIL DR, WATERLOO, SC 29384",29384,SC,34.294785,-82.059191,SFR,,,,,,535000.0,2025-08-27,Resale,,24860,"Greenville-Anderson-Greer, SC"
143939768,45059,259-00-00-060,"157 FOOTHILLS TRL, GRAY COURT, SC 29645",29645,SC,34.582977,-82.086615,MOBILE HOME,,,,,,130000.0,2025-09-18,Resale,,24860,"Greenville-Anderson-Greer, SC"
143939815,45059,316-00-00-101,"1949 MARTINS LAKE RD, GRAY COURT, SC 29645",29645,SC,34.633936,-82.059865,RESIDENTIAL - VACANT LAND,,,,,,2050000.0,2025-03-10,Resale,,24860,"Greenville-Anderson-Greer, SC"
143939854,45059,618-00-00-051,"23 CAMBRIDGE RD, CLINTON, SC 29325",29325,SC,34.440540,-81.870052,SFR,,,,,,420000.0,2023-09-15,Resale,,24860,"Greenville-Anderson-Greer, SC"
143939875,45059,906-13-18-002,"232 IRBY AVE, LAURENS, SC 29360",29360,SC,34.491231,-82.018820,SFR,,,,,,210000.0,2023-10-27,Resale,,24860,"Greenville-Anderson-Greer, SC"
143939902,45059,534-00-00-023,"281 NEW HAMPSHIRE CIR, CLINTON, SC 29325",29325,SC,34.480810,-81.928747,SFR,,,,,,8000.0,2023-08-28,Resale,,24860,"Greenville-Anderson-Greer, SC"
143939949,45059,507-00-00-035,"3353 MILAM RD, CLINTON, SC 29325",29325,SC,34.446003,-81.949014,SFR,,,,,1.0,179500.0,2025-05-20,Resale,,24860,"Greenville-Anderson-Greer, SC"
143940204,45059,533-00-00-028,"2740 TORRINGTON RD, LAURENS, SC 29360",29360,SC,34.502737,-81.935269,SFR,,,,,1.5,229500.0,2023-06-29,Resale,,24860,"Greenville-Anderson-Greer, SC"
143940260,45059,906-11-14-010,"328 HILLCREST DR, LAURENS, SC 29360",29360,SC,34.506182,-82.020682,COMMERCIAL (NEC),,,,,0.347,,2026-05-05,Resale,,24860,"Greenville-Anderson-Greer, SC"
143940423,45059,901-37-13-004,"151 PINE ST, CLINTON, SC 29325",29325,SC,34.458368,-81.898703,SFR,,,,,,88000.0,2024-10-24,Resale,,24860,"Greenville-Anderson-Greer, SC"
143940666,45059,152-00-00-060,"386 CREEKWOOD DR, FOUNTAIN INN, SC 29644",29644,SC,34.710302,-82.147629,MOBILE HOME,,,,,,110000.0,2025-06-27,Resale,,24860,"Greenville-Anderson-Greer, SC"
143940714,45059,401-00-00-185,"106 SEABRIGHT CIR, CROSS HILL, SC 29332",29332,SC,34.278516,-82.016726,SFR,,,,,,780000.0,2023-06-30,Resale,,24860,"Greenville-Anderson-Greer, SC"
143940746,45059,636-00-00-055,"122 WILDWOOD ST, CLINTON, SC 29325",29325,SC,34.489309,-81.855085,SFR,,,,,4.0,,2024-04-01,Resale,,24860,"Greenville-Anderson-Greer, SC"
143940769,45059,903-03-04-018,"123 TILLMAN CIR, JOANNA, SC 29351",29351,SC,34.412368,-81.818844,SFR,,,,,0.325,10500.0,2026-04-21,Resale,,24860,"Greenville-Anderson-Greer, SC"
143940962,45059,413-01-04-019,"262 W PATTON RD, LAURENS, SC 29360",29360,SC,34.522259,-81.991873,SFR,,,,,,160000.0,2023-08-01,Resale,,24860,"Greenville-Anderson-Greer, SC"
143941055,45059,032-00-00-057,"25 TULLYTON DR, FOUNTAIN INN, SC 29644",29644,SC,34.582967,-82.221924,MOBILE HOME,,,,,0.535,183000.0,2023-06-07,Resale,,24860,"Greenville-Anderson-Greer, SC"
143941092,45059,906-05-05-042,"104 WEDGEWOOD DR, LAURENS, SC 29360",29360,SC,34.494498,-82.031102,SFR,,,,,,194010.0,2026-02-27,Resale,,24860,"Greenville-Anderson-Greer, SC"
143941347,45059,194-00-00-007,"2569 GEORGIA RD, GRAY COURT, SC 29645",29645,SC,34.558418,-82.133568,MOBILE HOME,,2.0,1.0,,1.0,235000.0,2023-10-03,Resale,,24860,"Greenville-Anderson-Greer, SC"
143941360,45059,906-12-06-029,"304 N HARPER ST, LAURENS, SC 29360",29360,SC,34.500834,-82.012075,VACANT LAND (NEC),,,,,,68000.0,2023-08-09,Resale,,24860,"Greenville-Anderson-Greer, SC"
143941398,45059,092-00-00-114,"307 WALNUT CREST CT, FOUNTAIN INN, SC 29644",29644,SC,34.711304,-82.181134,MOBILE HOME,,,,,,170000.0,2024-05-23,Resale,,24860,"Greenville-Anderson-Greer, SC"
143941459,45059,370-00-00-022,"135 DRIFTWOOD RD, CROSS HILL, SC 29332",29332,SC,34.287811,-82.033212,SFR,,,,,1.0,385000.0,2024-09-20,Resale,,24860,"Greenville-Anderson-Greer, SC"
143941505,45059,906-13-17-036,"103 MAPLEBROOK ST, LAURENS, SC 29360",29360,SC,34.494314,-82.020722,SFR,,,,,,145000.0,2024-02-22,Resale,,24860,"Greenville-Anderson-Greer, SC"
143941609,45059,243-03-01-032,"141 REST RD, WATERLOO, SC 29384",29384,SC,34.338956,-82.111146,RESIDENTIAL - VACANT LAND,,,,,,,2024-03-19,Resale,,24860,"Greenville-Anderson-Greer, SC"
143941662,45059,617-00-00-043*,"206 BELMONT STAKES, CLINTON, SC 29325",29325,SC,34.448261,-81.889030,SFR,,,,,,239900.0,2023-06-23,Resale,,24860,"Greenville-Anderson-Greer, SC"
143941797,45059,901-21-06-002,"303 GORDON ST, CLINTON, SC 29325",29325,SC,34.478772,-81.884574,SFR,,,,,,145000.0,2023-07-28,Resale,,24860,"Greenville-Anderson-Greer, SC"
143941916,45059,712-00-00-033,"514 LAKE RD, CLINTON, SC 29325",29325,SC,34.462088,-81.789531,RESIDENTIAL - VACANT LAND,,,,,1.0,,2025-11-19,Resale,,24860,"Greenville-Anderson-Greer, SC"
143942024,45059,612-00-00-018,"128 MISS JOYE CIR, CLINTON, SC 29325",29325,SC,34.517604,-81.883838,MOBILE HOME,,,,,2.0,203000.0,2023-10-30,Resale,,24860,"Greenville-Anderson-Greer, SC"
143942034,45059,060-00-00-021,"753 WALKER RD, WARE SHOALS, SC 29692",29692,SC,34.459069,-82.216996,RURAL HOMESITE,,,,,8.74,,2025-08-25,Resale,,24860,"Greenville-Anderson-Greer, SC"
143942109,45059,901-37-07-008,"127 PINE ST, CLINTON, SC 29325",29325,SC,34.460685,-81.901175,SFR,,,,,,118000.0,2025-06-05,Resale,,24860,"Greenville-Anderson-Greer, SC"
143942110,45059,906-01-02-027,"409 LONGVIEW DR, LAURENS, SC 29360",29360,SC,34.493459,-82.049242,SFR,,,,,,242500.0,2024-05-30,Resale,,24860,"Greenville-Anderson-Greer, SC"
143942179,45059,901-21-16-007,"505 ACADEMY ST, CLINTON, SC 29325",29325,SC,34.475856,-81.886709,SFR,,,,,,,2023-06-22,Resale,,24860,"Greenville-Anderson-Greer, SC"
143942210,45059,901-16-02-004,"603 W CAROLINA AVE, CLINTON, SC 29325",29325,SC,34.471288,-81.892545,SFR,,,,,,94162.0,2025-05-07,Resale,,24860,"Greenville-Anderson-Greer, SC"
143942357,45059,906-18-01-038,"402 CALHOUN ST, LAURENS, SC 29360",29360,SC,34.492682,-81.998649,SFR,,,,,0.234,177000.0,2026-04-27,Resale,,24860,"Greenville-Anderson-Greer, SC"
143942375,45059,901-06-02-003,"403 N ADAIR ST, CLINTON, SC 29325",29325,SC,34.476785,-81.869593,SFR,,,,,,231891.0,2025-01-31,Resale,,24860,"Greenville-Anderson-Greer, SC"
143942427,45059,414-01-09-011,"5 WALLACE ST, LAURENS, SC 29360",29360,SC,34.515036,-81.996974,SFR,,,,,,2500.0,2023-12-15,Resale,,24860,"Greenville-Anderson-Greer, SC"
143942500,45059,901-07-02-008,"715 SHANDS ST, CLINTON, SC 29325",29325,SC,34.482452,-81.866105,SFR,,,,,,200000.0,2026-03-09,Resale,,24860,"Greenville-Anderson-Greer, SC"
143942595,45059,906-07-06-012,"209 LAKE ST, LAURENS, SC 29360",29360,SC,34.491683,-82.036243,SFR,,,,,0.712,583243.0,2024-04-30,Resale,,24860,"Greenville-Anderson-Greer, SC"
143942659,45059,445-00-00-073,"482 E JERRY RD, LAURENS, SC 29360",29360,SC,34.487630,-81.986244,SFR,,,,,,147000.0,2024-12-06,Resale,,24860,"Greenville-Anderson-Greer, SC"
143942760,45059,157-00-00-034,"10677 HIGHWAY 14, GRAY COURT, SC 29645",29645,SC,34.635919,-82.139163,COMMERCIAL (NEC),,,,,1.31,205000.0,2023-09-01,Resale,,24860,"Greenville-Anderson-Greer, SC"
143942776,45059,093-00-00-006,"84 DURBIN RD, FOUNTAIN INN, SC 29644",29644,SC,34.699411,-82.180877,SFR,,,,,2.5,450000.0,2026-05-13,Resale,,24860,"Greenville-Anderson-Greer, SC"
143943023,45059,540-00-00-015,"24 FURMAN PYLES RD, CLINTON, SC 29325",29325,SC,34.400012,-81.938937,SFR,,,,,,,2023-08-18,Resale,,24860,"Greenville-Anderson-Greer, SC"
143943048,45059,220-00-00-035,"178 HENDERSON RD, GRAY COURT, SC 29645",29645,SC,34.656146,-82.100276,RURAL HOMESITE,,,,,56.56,39000.0,2026-04-20,Resale,,24860,"Greenville-Anderson-Greer, SC"
143943333,45059,901-37-03-004,"54 BEECH ST, CLINTON, SC 29325",29325,SC,34.461121,-81.904622,SFR,,,,,,32000.0,2025-04-16,Resale,,24860,"Greenville-Anderson-Greer, SC"
143943740,45059,906-02-02-067,"309 WESTMINISTER AVE, LAURENS, SC 29360",29360,SC,34.530173,-82.035813,SFR,,,,,0.713,,2026-05-21,Resale,,24860,"Greenville-Anderson-Greer, SC"
143965067,45059,101-00-00-058,"6242 GREENPOND RD, GRAY COURT, SC 29645",29645,SC,34.570780,-82.179992,MOBILE HOME,,,,,2.0,150000.0,2024-05-02,Resale,,24860,"Greenville-Anderson-Greer, SC"
144195728,45059,099-00-00-007,"532 HAYES DR, GRAY COURT, SC 29645",29645,SC,34.599213,-82.171541,RESIDENTIAL - VACANT LAND,2018.0,,,2128.0,111.07,780000.0,2023-10-06,Resale,366.54,24860,"Greenville-Anderson-Greer, SC"
144195732,45059,564-00-00-057,"95 SENTELL DR, CLINTON, SC 29325",29325,SC,34.487838,-81.920992,SFR,,,,,,260000.0,2024-03-11,Resale,,24860,"Greenville-Anderson-Greer, SC"
144692408,45059,906-07-08-031,"201 LAKE ST, LAURENS, SC 29360",29360,SC,34.491111,-82.034681,SFR,,,,,,351351.0,2024-05-31,Resale,,24860,"Greenville-Anderson-Greer, SC"
144692864,45059,309-02-01-023,"372 MYSTIC HOLW, WATERLOO, SC 29384",29384,SC,34.300371,-82.080169,MOBILE HOME,,,,,0.561,380000.0,2026-05-11,Resale,,24860,"Greenville-Anderson-Greer, SC"
144756772,45059,901-01-01-007,"401 STONEWALL ST, CLINTON, SC 29325",29325,SC,34.469399,-81.871151,SFR,,,,,0.216,194000.0,2023-12-04,Resale,,24860,"Greenville-Anderson-Greer, SC"
145091758,45059,217-00-00-113,"162 RICHARDS DR, FOUNTAIN INN, SC 29644",29644,SC,34.699391,-82.110299,MOBILE HOME,,,,,2.64,50000.0,2024-02-07,Resale,,24860,"Greenville-Anderson-Greer, SC"
145361523,45059,553-00-00-050,"391 ISLAND FORD RD, CROSS HILL, SC 29332",29332,SC,34.210142,-81.942152,TAX EXEMPT,,,,,,225000.0,2024-10-01,Resale,,24860,"Greenville-Anderson-Greer, SC"
145432336,45059,903-03-05-012,"118 N MARION ST, JOANNA, SC 29351",29351,SC,34.414238,-81.817741,SFR,,,,,,50000.0,2024-09-05,Resale,,24860,"Greenville-Anderson-Greer, SC"
145475289,45059,242-00-00-067,"498 HARBOR CREST DR, WATERLOO, SC 29384",29384,SC,34.358080,-82.102709,MOBILE HOME,,,,,,270000.0,2025-09-15,Resale,,24860,"Greenville-Anderson-Greer, SC"
145689152,45059,308-03-01-005,"414 HILL DR, WATERLOO, SC 29384",29384,SC,34.327251,-82.081102,MOBILE HOME,,,,,,390000.0,2024-07-02,Resale,,24860,"Greenville-Anderson-Greer, SC"
145998043,45059,602-00-00-034,"6078 MOUNTVILLE RD, MOUNTVILLE, SC 29370",29370,SC,34.332076,-81.909298,AGRICULTURAL (NEC),,,,,132.68,,2024-07-16,Resale,,24860,"Greenville-Anderson-Greer, SC"
146130016,45059,906-17-09-009,"106 CORA ST, LAURENS, SC 29360",29360,SC,34.515299,-82.003893,SFR,,,,,,32798.0,2023-09-24,Resale,,24860,"Greenville-Anderson-Greer, SC"
146205541,45059,901-01-04-003,"104 S HOLLAND ST, CLINTON, SC 29325",29325,SC,34.469899,-81.872008,SFR,,,,,,130000.0,2025-09-24,Resale,,24860,"Greenville-Anderson-Greer, SC"
146322478,45059,906-03-04-008,"203 OAKWOOD DR, LAURENS, SC 29360",29360,SC,34.511281,-82.029155,SFR,,,,,,224900.0,2024-06-18,Resale,,24860,"Greenville-Anderson-Greer, SC"
146881766,45059,132-00-00-028,"222 SHILOH CHURCH RD, GRAY COURT, SC 29645",29645,SC,34.533640,-82.153789,SFR,,,,,1.12,150000.0,2026-02-20,Resale,,24860,"Greenville-Anderson-Greer, SC"
146890141,45059,906-17-06-015,"302 AUGUSTA ST, LAURENS, SC 29360",29360,SC,34.511877,-82.001376,SFR,,,,,,40000.0,2025-10-02,Resale,,24860,"Greenville-Anderson-Greer, SC"
146890344,45059,906-04-01-027,"302 BLAKELY AVE, LAURENS, SC 29360",29360,SC,34.503786,-82.044142,SFR,,,,,,239900.0,2023-09-13,Resale,,24860,"Greenville-Anderson-Greer, SC"
146931528,45059,618-00-00-037,"433 CAMBRIDGE RD, CLINTON, SC 29325",29325,SC,34.437350,-81.875151,SFR,,,,,,379000.0,2025-05-01,Resale,,24860,"Greenville-Anderson-Greer, SC"
146931646,45059,901-25-09-029,"200 DERBY LN, CLINTON, SC 29325",29325,SC,34.451381,-81.886421,SFR,,,,,,180000.0,2023-10-23,Resale,,24860,"Greenville-Anderson-Greer, SC"
146931653,45059,906-17-08-036,"321 CORA ST, LAURENS, SC 29360",29360,SC,34.515993,-82.006011,SFR,,,,,0.551,65000.0,2026-04-17,Resale,,24860,"Greenville-Anderson-Greer, SC"
146931657,45059,903-05-02-022,"118 WHITMIRE HWY, JOANNA, SC 29351",29351,SC,34.415508,-81.809211,SFR,,,,,,155000.0,2025-09-17,Resale,,24860,"Greenville-Anderson-Greer, SC"
147063133,45059,639-01-02-011,"206 LAKEWOOD DR, CLINTON, SC 29325",29325,SC,34.452269,-81.869358,SFR,,,,,,99000.0,2025-09-24,Resale,,24860,"Greenville-Anderson-Greer, SC"
147094305,45059,906-10-01-005,"204 CLEMSON ST, LAURENS, SC 29360",29360,SC,34.513966,-82.007276,SFR,,,,,1.121,164900.0,2023-11-30,Resale,,24860,"Greenville-Anderson-Greer, SC"
148189912,45059,279-02-01-005,"922 OLD OAKTREE RD, WATERLOO, SC 29384",29384,SC,34.317469,-82.082672,SFR,,,,,,,2026-02-19,Resale,,24860,"Greenville-Anderson-Greer, SC"
148189939,45059,906-07-05-002,"118 WOODLAWN DR, LAURENS, SC 29360",29360,SC,34.491809,-82.027707,SFR,,,,,,97675.0,2024-04-11,Resale,,24860,"Greenville-Anderson-Greer, SC"
148490781,45059,906-03-01-041,"627 CHURCH ST, LAURENS, SC 29360",29360,SC,34.510234,-82.031119,SFR,,,,,,225000.0,2025-12-16,New Construction,,24860,"Greenville-Anderson-Greer, SC"
148490811,45059,092-00-00-031,"97 HAYFORK RD, FOUNTAIN INN, SC 29644",29644,SC,34.713782,-82.177554,SFR,,,,,1.0,,2026-03-12,Resale,,24860,"Greenville-Anderson-Greer, SC"
148808442,45059,106-01-01-002,"105 RIDGE DR, LAURENS, SC 29360",29360,SC,34.508283,-82.182761,TAX EXEMPT,,,,,,,2023-07-13,Resale,,24860,"Greenville-Anderson-Greer, SC"
148897464,45059,906-13-08-016,"105 CENTER DR, LAURENS, SC 29360",29360,SC,34.483464,-82.019363,SFR,,,,,0.248,99487.0,2024-07-30,Resale,,24860,"Greenville-Anderson-Greer, SC"
148924399,45059,070-00-00-008,"396 BRYSON FORD RD, GRAY COURT, SC 29645",29645,SC,34.641272,-82.188064,RURAL HOMESITE,,,,,11.36,562500.0,2024-05-22,Resale,,24860,"Greenville-Anderson-Greer, SC"
148951924,45059,757-00-00-040,"4625 WHITMIRE HWY, CLINTON, SC 29325",29325,SC,34.447778,-81.744795,VACANT LAND (NEC),,,,,1.3,,2026-03-31,Resale,,24860,"Greenville-Anderson-Greer, SC"
148952746,45059,906-17-01-046,"206 SUMTER ST, LAURENS, SC 29360",29360,SC,34.507474,-81.998267,SFR,,,,,,160000.0,2024-03-15,Resale,,24860,"Greenville-Anderson-Greer, SC"
149151428,45059,043-00-00-049,"368 BUZHARDT RD, WARE SHOALS, SC 29692",29692,SC,34.427582,-82.236583,RESIDENTIAL - VACANT LAND,,,,,2.7,170054.0,2024-09-26,Resale,,24860,"Greenville-Anderson-Greer, SC"
149772928,45059,441-00-00-035,"1488 FLEMING MILL RD, LAURENS, SC 29360",29360,SC,34.540831,-81.983688,SFR,,,,,,213675.0,2025-06-06,Resale,,24860,"Greenville-Anderson-Greer, SC"
149894964,45059,045-00-00-012,"1273 POWER HOUSE RD, WARE SHOALS, SC 29692",29692,SC,34.400165,-82.224073,SFR,,,,,1.9,210000.0,2025-08-28,Resale,,24860,"Greenville-Anderson-Greer, SC"
149931973,45059,552-00-00-048,"129 LEDFORD RD, CROSS HILL, SC 29332",29332,SC,34.222078,-81.942775,SFR,,,,,,410000.0,2024-10-25,Resale,,24860,"Greenville-Anderson-Greer, SC"
150061641,45059,901-16-01-003,"703 W CAROLINA AVE, CLINTON, SC 29325",29325,SC,34.471129,-81.893246,COMMERCIAL (NEC),,,,,,45000.0,2023-06-28,Resale,,24860,"Greenville-Anderson-Greer, SC"
150085097,45059,120-00-00-018,"2298 PARK RD, FOUNTAIN INN, SC 29644",29644,SC,34.704564,-82.152912,SFR,,,,,,269000.0,2023-09-19,Resale,,24860,"Greenville-Anderson-Greer, SC"
150147907,45059,414-01-06-011,"404 LUCAS AVE, LAURENS, SC 29360",29360,SC,34.519779,-81.997265,SFR,,,,,0.188,25000.0,2016-10-05,Resale,,24860,"Greenville-Anderson-Greer, SC"
150238870,45059,639-01-02-012,"204 LAKEWOOD DR, CLINTON, SC 29325",29325,SC,34.452510,-81.869586,SFR,,,,,,220000.0,2025-11-04,Resale,,24860,"Greenville-Anderson-Greer, SC"
150238937,45059,559-00-00-006,", LAURENS, SC 29360",29360,SC,34.559414,-81.918160,AGRICULTURAL (NEC),,,,,57.44,14000.0,2024-10-02,Resale,,24860,"Greenville-Anderson-Greer, SC"
150395932,45059,904-09-01-158,"403 ARIEL CT, FOUNTAIN INN, SC 29644",29644,SC,34.706594,-82.183170,SFR,,,,,,279000.0,2026-01-05,Resale,,24860,"Greenville-Anderson-Greer, SC"
150507112,45059,441-00-00-082,"694 BROOKWOOD CIR, LAURENS, SC 29360",29360,SC,34.537565,-81.987684,SFR,,,,,4.33,425000.0,2025-06-16,Resale,,24860,"Greenville-Anderson-Greer, SC"
150507130,45059,283-00-00-007,"427 HILLSIDE DR, GRAY COURT, SC 29645",29645,SC,34.683118,-82.074494,MOBILE HOME,,,,,2.29,263000.0,2025-10-24,Resale,,24860,"Greenville-Anderson-Greer, SC"
151333154,45059,726-00-00-014,", CLINTON, SC 29325",29325,SC,34.474004,-81.771425,AGRICULTURAL (NEC),,,,,14.81,,2024-02-28,Resale,,24860,"Greenville-Anderson-Greer, SC"
151504872,45059,209-00-00-008,"5593 RIVERFORK RD, WATERLOO, SC 29384",29384,SC,34.341025,-82.132762,RURAL HOMESITE,,,,,7.87,65000.0,2023-12-11,Resale,,24860,"Greenville-Anderson-Greer, SC"
151517593,45059,906-18-07-010,"524 FLEMING ST, LAURENS, SC 29360",29360,SC,34.503611,-81.998200,SFR,,,,,0.334,165000.0,2026-05-12,Resale,,24860,"Greenville-Anderson-Greer, SC"
151615099,45059,375-00-00-001,"6803 HIGHWAY 92, ENOREE, SC 29335",29335,SC,34.640348,-82.011088,RURAL HOMESITE,,,,,33.8,,2025-01-16,Resale,,24860,"Greenville-Anderson-Greer, SC"
152663724,45059,552-00-00-031,"65 HIGHWAY TO HEAVEN, CROSS HILL, SC 29332",29332,SC,34.219582,-81.941061,MOBILE HOME,,,,,,367000.0,2023-06-30,Resale,,24860,"Greenville-Anderson-Greer, SC"
153006451,45059,901-06-05-003,"401 E FERGUSON ST, CLINTON, SC 29325",29325,SC,34.475314,-81.874426,SFR,,,,,0.467,130000.0,2024-02-27,Resale,,24860,"Greenville-Anderson-Greer, SC"
153020401,45059,903-04-02-035,"705 MILTON RD, JOANNA, SC 29351",29351,SC,34.410328,-81.820224,SFR,,,,,,75000.0,2025-07-10,Resale,,24860,"Greenville-Anderson-Greer, SC"
153020403,45059,200-00-00-040,"855 FORT LINDLEY RD, LAURENS, SC 29360",29360,SC,34.475291,-82.117563,SFR,,,,,2.71,336500.0,2025-07-02,Resale,,24860,"Greenville-Anderson-Greer, SC"
153146356,45059,219-00-00-034,"317 EDISTO RD, GRAY COURT, SC 29645",29645,SC,34.669728,-82.116469,VACANT LAND (NEC),,,,,6.13,165000.0,2025-08-13,Resale,,24860,"Greenville-Anderson-Greer, SC"
153490411,45059,339-00-00-039,"1063 RIDGEWOOD DR, WATERLOO, SC 29384",29384,SC,34.295210,-82.058668,SFR,,,,,1.021,510000.0,2023-06-09,Resale,,24860,"Greenville-Anderson-Greer, SC"
153856292,45059,904-09-01-125,"108 GRAPE ARBOR LN, FOUNTAIN INN, SC 29644",29644,SC,34.708197,-82.181830,SFR,,,,,,220000.0,2025-09-25,Resale,,24860,"Greenville-Anderson-Greer, SC"
153996371,45059,904-06-01-015,"1209 S MAIN ST, FOUNTAIN INN, SC 29644",29644,SC,34.677809,-82.185186,SFR,,,,,,250000.0,2025-04-23,Resale,,24860,"Greenville-Anderson-Greer, SC"
155075696,45059,901-28-01-089,"105 COLLETON LN, CLINTON, SC 29325",29325,SC,34.468133,-81.903507,SFR,,,,,,248756.0,2024-05-31,Resale,,24860,"Greenville-Anderson-Greer, SC"
155081146,45059,550-00-00-004,"14530 HIGHWAY 39, CROSS HILL, SC 29332",29332,SC,34.250647,-81.930804,RURAL HOMESITE,,,,,48.47,405000.0,2025-05-16,Resale,,24860,"Greenville-Anderson-Greer, SC"
155105051,45059,159-00-00-031,"10367 HIGHWAY 101 S, GRAY COURT, SC 29645",29645,SC,34.605712,-82.137349,SFR,,,,,1.85,265000.0,2024-06-17,Resale,,24860,"Greenville-Anderson-Greer, SC"
155111761,45059,448-00-00-025,"117 CANDRA DR, LAURENS, SC 29360",29360,SC,34.439198,-81.988330,RESIDENTIAL - VACANT LAND,,3.0,2.0,,0.5,,2025-10-25,Resale,,24860,"Greenville-Anderson-Greer, SC"
155146014,45059,260-00-00-039,"107 BURGUNDY RD, GRAY COURT, SC 29645",29645,SC,34.576367,-82.088201,MOBILE HOME,,,,,2.595,175000.0,2026-05-19,Resale,,24860,"Greenville-Anderson-Greer, SC"
155162542,45059,142-00-00-014,"1473 POPLAR SPRINGS RD, WARE SHOALS, SC 29692",29692,SC,34.399556,-82.152131,SFR,,,,,3.85,165000.0,2025-11-03,Resale,,24860,"Greenville-Anderson-Greer, SC"
155166154,45059,369-00-00-038,"15073 HIGHWAY 221 S, WATERLOO, SC 29384",29384,SC,34.305096,-82.044942,MOBILE HOME,,,,,2.54,219500.0,2023-11-13,Resale,,24860,"Greenville-Anderson-Greer, SC"
155179999,45059,474-00-00-053,", LAURENS, SC 29360",29360,SC,34.491925,-81.970858,VACANT LAND (NEC),,,,,1.12,252972.0,2024-04-03,Resale,,24860,"Greenville-Anderson-Greer, SC"
155211774,45059,316-00-00-103,"1991 MARTINS LAKE RD, GRAY COURT, SC 29645",29645,SC,34.633668,-82.059149,RESIDENTIAL - VACANT LAND,,,,,,2050000.0,2025-03-10,Resale,,24860,"Greenville-Anderson-Greer, SC"
155212005,45059,316-00-00-104,"2013 MARTINS LAKE RD, GRAY COURT, SC 29645",29645,SC,34.633076,-82.059162,RESIDENTIAL - VACANT LAND,,,,,,2050000.0,2025-03-10,Resale,,24860,"Greenville-Anderson-Greer, SC"
155239283,45059,316-00-00-102,"1973 MARTINS LAKE RD, GRAY COURT, SC 29645",29645,SC,34.633806,-82.059501,RESIDENTIAL - VACANT LAND,,,,,,2050000.0,2025-03-10,Resale,,24860,"Greenville-Anderson-Greer, SC"
155299346,45059,033-00-00-082,"450 ROLLING HILLS RD, GRAY COURT, SC 29645",29645,SC,34.572182,-82.224753,MOBILE HOME,,,,,1.79,,2025-06-23,Resale,,24860,"Greenville-Anderson-Greer, SC"
155351221,45059,624-00-00-012,", , SC ",,SC,34.345915,-81.897196,MOBILE HOME,,,,,84.07,195000.0,2025-12-22,Resale,,24860,"Greenville-Anderson-Greer, SC"
155361744,45059,441-00-00-029,"216 ARCHER DR, LAURENS, SC 29360",29360,SC,34.545486,-81.991341,AGRICULTURAL (NEC),,,,,22.75,190000.0,2024-01-16,Resale,,24860,"Greenville-Anderson-Greer, SC"
155376906,45059,901-37-09-005,"92 PALMETTO ST, CLINTON, SC 29325",29325,SC,34.459710,-81.902655,SFR,,,,,,39900.0,2025-09-09,Resale,,24860,"Greenville-Anderson-Greer, SC"
186824210,45059,262-00-00-036,"1719 TRINITY CHURCH RD, GRAY COURT, SC 29645",29645,SC,34.537128,-82.091993,VACANT LAND (NEC),,,,,5.5,145000.0,2025-07-21,Resale,,24860,"Greenville-Anderson-Greer, SC"
186824227,45059,904-07-01-030,"311 DALE DR, FOUNTAIN INN, SC 29644",29644,SC,34.675537,-82.193383,COMMERCIAL (NEC),,,,,2.79,2600000.0,2025-03-05,Resale,,24860,"Greenville-Anderson-Greer, SC"
186824230,45059,033-00-00-072,"175 GRANDWOOD BLVD, GRAY COURT, SC 29645",29645,SC,34.573701,-82.223858,SFR,,,,,4.77,333500.0,2023-08-18,Resale,,24860,"Greenville-Anderson-Greer, SC"
186824236,45059,901-07-02-002,"703 SHANDS ST, CLINTON, SC 29325",29325,SC,34.481344,-81.867026,SFR,,,,,0.362,203000.0,2026-05-19,Resale,,24860,"Greenville-Anderson-Greer, SC"
186824248,45059,255-00-00-123,"218 HILL ST, GRAY COURT, SC 29645",29645,SC,34.640012,-82.091771,MOBILE HOME,,,,,1.34,213000.0,2025-10-09,Resale,,24860,"Greenville-Anderson-Greer, SC"
186824249,45059,901-12-01-007,"W MAIN ST, CLINTON, SC 29325",29325,SC,34.473124,-81.887456,COMMERCIAL ACREAGE,,,,,1.0,224864.0,2025-01-09,Resale,,24860,"Greenville-Anderson-Greer, SC"
186824271,45059,639-01-04-033,"155 SUNSET BLVD, CLINTON, SC 29325",29325,SC,34.448862,-81.870703,SFR,,,,,,82000.0,2026-01-14,Resale,,24860,"Greenville-Anderson-Greer, SC"
186824277,45059,906-05-08-044,"OAKLAWN DR, LAURENS, SC 29360",29360,SC,34.503775,-82.030209,AGRICULTURAL (NEC),,,,,5.5,,2026-04-21,Resale,,24860,"Greenville-Anderson-Greer, SC"
186824280,45059,420-00-00-006,"3170 LISBON RD, MOUNTVILLE, SC 29370",29370,SC,34.424664,-82.004920,SFR,,,,,4.0,223000.0,2023-08-18,Resale,,24860,"Greenville-Anderson-Greer, SC"
186824281,45059,307-01-01-024,"174 LICK CREEK CIR, WATERLOO, SC 29384",29384,SC,34.337970,-82.083341,VACANT LAND (NEC),,,,,,83000.0,2025-12-03,Resale,,24860,"Greenville-Anderson-Greer, SC"
186824301,45059,166-00-00-008,", LAURENS, SC 29360",29360,SC,34.506355,-82.144795,AGRICULTURAL (NEC),,,,,67.61,,2025-01-29,Resale,,24860,"Greenville-Anderson-Greer, SC"
186824304,45059,074-00-00-041,"4831 GREENPOND RD, GRAY COURT, SC 29645",29645,SC,34.590398,-82.186016,RURAL HOMESITE,,,,,11.81,625000.0,2025-04-24,Resale,,24860,"Greenville-Anderson-Greer, SC"
186824305,45059,901-04-01-008,"720 CALVERT AVE, CLINTON, SC 29325",29325,SC,34.467029,-81.866503,SFR,,,,,,248000.0,2026-02-13,Resale,,24860,"Greenville-Anderson-Greer, SC"
186824311,45059,198-00-00-059,"121 PINEAPPLE LN, LAURENS, SC 29360",29360,SC,34.501081,-82.124951,MOBILE HOME,,,,,1.0,,2024-04-04,Resale,,24860,"Greenville-Anderson-Greer, SC"
186824322,45059,906-07-06-003,"718 PARKVIEW DR, LAURENS, SC 29360",29360,SC,34.490897,-82.036509,SFR,,,,,,365000.0,2025-12-17,Resale,,24860,"Greenville-Anderson-Greer, SC"
186824324,45059,906-01-01-019,"101 DOUBLEBROOK DR, LAURENS, SC 29360",29360,SC,34.492900,-82.056301,SFR,,,,,2.68,,,,,24860,"Greenville-Anderson-Greer, SC"
186824325,45059,679-00-00-009,"29686 HIGHWAY 76 E, CLINTON, SC 29325",29325,SC,34.441748,-81.837730,VACANT LAND (NEC),,,,,37.73,,2024-11-07,Resale,,24860,"Greenville-Anderson-Greer, SC"
186827471,45059,266-00-00-012,", LAURENS, SC 29360",29360,SC,34.488329,-82.077548,RESIDENTIAL - VACANT LAND,,,,,7.38,16000.0,2025-10-03,Resale,,24860,"Greenville-Anderson-Greer, SC"
186827483,45059,447-00-00-035,"3222 BURNT MILL CREEK RD, LAURENS, SC 29360",29360,SC,34.448045,-81.991516,SFR,,,,,1.0,,2024-02-20,Resale,,24860,"Greenville-Anderson-Greer, SC"
186827485,45059,901-29-01-033,"1321 S BROAD ST, CLINTON, SC 29325",29325,SC,34.449141,-81.882890,TAX EXEMPT,,,,,10.18,4065000.0,2023-11-30,Resale,,24860,"Greenville-Anderson-Greer, SC"
186827488,45059,901-13-02-005,"708 W MAIN ST, CLINTON, SC 29325",29325,SC,34.472365,-81.893482,SFR,,,,,1.42,,2026-04-17,Resale,,24860,"Greenville-Anderson-Greer, SC"
186827491,45059,659-00-00-032,"724 CAROLYN DR, CLINTON, SC 29325",29325,SC,34.446679,-81.855012,SFR,,,,,2.72,,2025-04-14,Resale,,24860,"Greenville-Anderson-Greer, SC"
186827494,45059,506-00-00-114,"309 OLD STABLE LN, LAURENS, SC 29360",29360,SC,34.462426,-81.960914,RESIDENTIAL - VACANT LAND,,,,,,5800.0,2023-12-06,Resale,,24860,"Greenville-Anderson-Greer, SC"
186827510,45059,563-00-00-007,"103 BIGBEE RD, CLINTON, SC 29325",29325,SC,34.506165,-81.918217,SFR,,,,,3.0,230000.0,2026-02-23,Resale,,24860,"Greenville-Anderson-Greer, SC"
186827514,45059,431-00-00-104,"215 PINELAND SHORES CIR, CROSS HILL, SC 29332",29332,SC,34.257288,-81.999149,SFR,,,,,,510000.0,2024-08-08,Resale,,24860,"Greenville-Anderson-Greer, SC"
186827524,45059,431-02-01-001,"719 POINT LOOKOUT RD, CROSS HILL, SC 29332",29332,SC,34.261011,-81.995694,MOBILE HOME,,,,,,215000.0,2025-05-12,Resale,,24860,"Greenville-Anderson-Greer, SC"
186827527,45059,906-13-12-005,"311 OWINGS ST, LAURENS, SC 29360",29360,SC,34.489919,-82.025108,SFR,,,,,,72000.0,2025-10-15,Resale,,24860,"Greenville-Anderson-Greer, SC"
186827531,45059,087-00-00-001,"1929 MARTIN RD, WARE SHOALS, SC 29692",29692,SC,34.416246,-82.183896,RURAL HOMESITE,,,,,30.8,,2023-06-30,Resale,,24860,"Greenville-Anderson-Greer, SC"
186827554,45059,905-01-01-005,", GRAY COURT, SC 29645",29645,SC,34.608958,-82.112562,MISC IMPROVEMENTS,,,,,,25000.0,2025-11-17,Resale,,24860,"Greenville-Anderson-Greer, SC"
186827582,45059,321-00-00-018,"955 BRAMLETT RD, LAURENS, SC 29360",29360,SC,34.562463,-82.060739,SFR,,,,,2.61,900000.0,2026-02-20,Resale,,24860,"Greenville-Anderson-Greer, SC"
186827591,45059,906-04-02-020,"111 FOREST DR, LAURENS, SC 29360",29360,SC,34.497269,-82.040092,SFR,,,,,,,2025-11-13,Resale,,24860,"Greenville-Anderson-Greer, SC"
186827592,45059,904-07-01-022,"100 WELCOME DR, FOUNTAIN INN, SC 29644",29644,SC,34.679112,-82.188189,SFR,,,,,,,2025-04-01,Resale,,24860,"Greenville-Anderson-Greer, SC"
186827612,45059,639-02-01-067,"60 MIXON DR, CLINTON, SC 29325",29325,SC,34.440307,-81.868253,SFR,,,,,2.312,295000.0,2024-08-09,Resale,,24860,"Greenville-Anderson-Greer, SC"
186827636,45059,461-00-00-013,", CROSS HILL, SC 29332",29332,SC,34.247796,-81.985587,VACANT LAND (NEC),,,,,,125000.0,2025-10-06,Resale,,24860,"Greenville-Anderson-Greer, SC"
186827659,45059,260-00-00-037,"103 BURGUNDY RD, GRAY COURT, SC 29645",29645,SC,34.575200,-82.088161,MOBILE HOME,,,,,,277000.0,2024-11-15,Resale,,24860,"Greenville-Anderson-Greer, SC"
186827661,45059,310-00-00-005,"1084 SHRINE CLUB RD, WATERLOO, SC 29384",29384,SC,34.295192,-82.072772,MISC IMPROVEMENTS,,,,,,195000.0,2025-04-09,Resale,,24860,"Greenville-Anderson-Greer, SC"
186965453,45059,906-13-04-013,"205 DOUGLAS ST, LAURENS, SC 29360",29360,SC,34.486153,-82.024512,SFR,,,,,,157500.0,2023-11-20,Resale,,24860,"Greenville-Anderson-Greer, SC"
186965461,45059,906-02-01-054,"115 KINGSTON DR, LAURENS, SC 29360",29360,SC,34.528396,-82.044169,VACANT LAND (NEC),,,,,,241000.0,2025-11-13,Resale,,24860,"Greenville-Anderson-Greer, SC"
186965466,45059,105-00-00-025,"12357 HIGHWAY 76 W, GRAY COURT, SC 29645",29645,SC,34.522940,-82.177917,SFR,,3.0,2.0,,2.1,,2025-04-07,Resale,,24860,"Greenville-Anderson-Greer, SC"
187012167,45059,901-20-02-004,"101 DAVIS ST, CLINTON, SC 29325",29325,SC,34.479489,-81.887825,SFR,,,,,,72000.0,2024-03-20,Resale,,24860,"Greenville-Anderson-Greer, SC"
187012179,45059,358-00-00-014,"926 EASY RD, LAURENS, SC 29360",29360,SC,34.457381,-82.028674,SFR,,,,,1.04,,2026-04-24,Resale,,24860,"Greenville-Anderson-Greer, SC"
187076075,45059,527-00-00-006,"320 RICHWOOD DOWN DR, LAURENS, SC 29360",29360,SC,34.584028,-81.931008,RURAL HOMESITE,,,,,10.0,841500.0,2026-04-08,Resale,,24860,"Greenville-Anderson-Greer, SC"
187076080,45059,154-00-00-035,", , SC ",,SC,34.670775,-82.133283,AGRICULTURAL (NEC),,,,,11.2,,2024-03-05,Resale,,24860,"Greenville-Anderson-Greer, SC"
187076082,45059,373-00-00-003,"331 EDGEWATER RD, WOODRUFF, SC 29388",29388,SC,34.672411,-82.024154,RURAL HOMESITE,,,,,56.61,300000.0,2025-12-15,Resale,,24860,"Greenville-Anderson-Greer, SC"
187076089,45059,088-00-00-002,"12694 INDIAN MOUND RD, WARE SHOALS, SC 29692",29692,SC,34.402220,-82.200035,RURAL HOMESITE,,,,,14.09,,2025-01-16,Resale,,24860,"Greenville-Anderson-Greer, SC"
187076091,45059,048-00-00-003,"106 CLAYTON DR, FOUNTAIN INN, SC 29644",29644,SC,34.635531,-82.199650,SFR,,,,,2.34,,2025-04-01,Resale,,24860,"Greenville-Anderson-Greer, SC"
187114919,45059,133-00-00-025,"10774 HIGHWAY 76 W, GRAY COURT, SC 29645",29645,SC,34.522427,-82.154418,VACANT LAND (NEC),,,,,4.48,185000.0,2025-10-30,Resale,,24860,"Greenville-Anderson-Greer, SC"
187114922,45059,046-00-00-001,"224 ANDREWS RD, FOUNTAIN INN, SC 29644",29644,SC,34.655190,-82.202687,VACANT LAND (NEC),,,,,5.4,642750.0,2025-02-24,Resale,,24860,"Greenville-Anderson-Greer, SC"
187114926,45059,244-00-00-062,"3778 RIVERFORK RD, WATERLOO, SC 29384",29384,SC,34.327730,-82.108243,RESIDENTIAL - VACANT LAND,,,,,2.59,31250.0,2024-03-25,Resale,,24860,"Greenville-Anderson-Greer, SC"
187114947,45059,904-09-01-050,"102 COUNTRY GARDENS DR, FOUNTAIN INN, SC 29644",29644,SC,34.707578,-82.179190,SFR,,,,,,260000.0,2023-06-30,Resale,,24860,"Greenville-Anderson-Greer, SC"
187114948,45059,906-20-01-073,"814 E MAIN ST, LAURENS, SC 29360",29360,SC,34.493346,-81.985807,COMMERCIAL (NEC),,,,,,,2025-08-27,Resale,,24860,"Greenville-Anderson-Greer, SC"
187114955,45059,901-24-01-024,"136 W BLUFORD ST, CLINTON, SC 29325",29325,SC,34.482316,-81.891245,SFR,,,,,0.242,,2026-04-28,Resale,,24860,"Greenville-Anderson-Greer, SC"
187114966,45059,904-05-01-060,"503 S MAIN ST, FOUNTAIN INN, SC 29644",29644,SC,34.685410,-82.191191,SFR,,,,,1.39,441000.0,2026-04-28,Resale,,24860,"Greenville-Anderson-Greer, SC"
187114986,45059,054-00-00-009,"16593 HIGHWAY 101 S, GRAY COURT, SC 29645",29645,SC,34.554421,-82.200767,AGRICULTURAL (NEC),,,,,125.4,,2025-08-07,Resale,,24860,"Greenville-Anderson-Greer, SC"
187114996,45059,520-00-00-013,", CROSS HILL, SC 29332",29332,SC,34.261703,-81.948340,AGRICULTURAL (NEC),,,,,10.02,411783.0,2025-02-21,Resale,,24860,"Greenville-Anderson-Greer, SC"
187115018,45059,093-00-00-065,"1129 CHAPMAN RD, FOUNTAIN INN, SC 29644",29644,SC,34.685800,-82.169887,MOBILE HOME,,,,,1.223,193000.0,2024-09-04,Resale,,24860,"Greenville-Anderson-Greer, SC"
187115023,45059,906-04-02-018,"107 FOREST DR, LAURENS, SC 29360",29360,SC,34.496810,-82.040569,SFR,,,,,0.507,190000.0,2026-04-07,Resale,,24860,"Greenville-Anderson-Greer, SC"
187115026,45059,323-00-00-129,", LAURENS, SC 29360",29360,SC,34.529613,-82.053684,VACANT LAND (NEC),,,,,,,2026-02-24,Resale,,24860,"Greenville-Anderson-Greer, SC"
187115035,45059,532-00-00-003,"1126 MOUNT VERNON CHURCH RD, LAURENS, SC 29360",29360,SC,34.517924,-81.928904,AGRICULTURAL (NEC),,,,,13.11,40000.0,2024-11-19,Resale,,24860,"Greenville-Anderson-Greer, SC"
187115036,45059,906-09-02-009,"115 SPRING ST, LAURENS, SC 29360",29360,SC,34.508906,-82.024308,SFR,,,,,,,2025-09-08,Resale,,24860,"Greenville-Anderson-Greer, SC"
187115045,45059,766-00-00-002,", CLINTON, SC 29325",29325,SC,34.500399,-81.731689,VACANT LAND (NEC),,,,,135.23,750000.0,2024-07-26,Resale,,24860,"Greenville-Anderson-Greer, SC"
187118305,45059,906-01-01-014,"106 WILDERNESS DR, LAURENS, SC 29360",29360,SC,34.496233,-82.056224,SFR,,,,,2.38,325000.0,2026-03-26,Resale,,24860,"Greenville-Anderson-Greer, SC"
187118319,45059,132-00-00-042,"371 SIMMONS RD, GRAY COURT, SC 29645",29645,SC,34.539866,-82.164706,SFR,,,,,1.0,150000.0,2024-09-12,Resale,,24860,"Greenville-Anderson-Greer, SC"
187118325,45059,211-00-00-048,"619 CANNON RD, WATERLOO, SC 29384",29384,SC,34.321270,-82.118188,SFR,,,,,4.53,395000.0,2025-03-26,Resale,,24860,"Greenville-Anderson-Greer, SC"
187118351,45059,906-12-06-019,"6 RIVERSIDE ST, LAURENS, SC 29360",29360,SC,34.502997,-82.007892,SFR,,,,,0.131,75000.0,2025-11-25,Resale,,24860,"Greenville-Anderson-Greer, SC"
187118356,45059,416-01-03-008,"63 GATEWOOD DR, LAURENS, SC 29360",29360,SC,34.478320,-82.006226,VACANT LAND (NEC),,,,,,2500.0,2023-11-06,Resale,,24860,"Greenville-Anderson-Greer, SC"
187118385,45059,906-02-01-061,"309 LAKEVIEW DR, LAURENS, SC 29360",29360,SC,34.530581,-82.040799,SFR,,,,,,247000.0,2024-10-15,Resale,,24860,"Greenville-Anderson-Greer, SC"
187118424,45059,254-00-00-053,"263 TOPEKA DR, GRAY COURT, SC 29645",29645,SC,34.642410,-82.087890,RESIDENTIAL - VACANT LAND,,,,,1.73,,2025-05-08,Resale,,24860,"Greenville-Anderson-Greer, SC"
187118463,45059,249-00-00-050,"523 FALCON DR, FOUNTAIN INN, SC 29644",29644,SC,34.714219,-82.099819,SFR,,,,,3.2,,2025-11-17,Resale,,24860,"Greenville-Anderson-Greer, SC"
187118468,45059,141-00-00-032,"8800 EKOM BEACH RD, WARE SHOALS, SC 29692",29692,SC,34.405838,-82.169646,AGRICULTURAL (NEC),,,,,42.67,170680.0,2023-11-03,Resale,,24860,"Greenville-Anderson-Greer, SC"
187118483,45059,120-00-00-016,"62 LOREE DR, FOUNTAIN INN, SC 29644",29644,SC,34.699576,-82.154178,SFR,,,,,,430000.0,2024-08-02,Resale,,24860,"Greenville-Anderson-Greer, SC"
187118493,45059,906-12-10-015,"207 FLEMING ST, LAURENS, SC 29360",29360,SC,34.504924,-82.006606,COMMERCIAL (NEC),,,,,,,2025-07-31,Resale,,24860,"Greenville-Anderson-Greer, SC"
187118502,45059,243-03-01-013,", WATERLOO, SC 29384",29384,SC,34.339901,-82.109590,VACANT LAND (NEC),,,,,,140540.0,2024-03-18,Resale,,24860,"Greenville-Anderson-Greer, SC"
187118529,45059,294-00-00-032,"1431 GIBBS RD, LAURENS, SC 29360",29360,SC,34.527318,-82.076749,RESIDENTIAL - VACANT LAND,,,,,0.58,20000.0,2026-03-30,Resale,,24860,"Greenville-Anderson-Greer, SC"
187118534,45059,901-37-08-010,"81 PALMETTO ST, CLINTON, SC 29325",29325,SC,34.460715,-81.902583,SFR,,,,,,14054.0,2025-01-15,Resale,,24860,"Greenville-Anderson-Greer, SC"
187118537,45059,472-00-00-024,"468 ROCKY SPRINGS CHURCH RD, LAURENS, SC 29360",29360,SC,34.511551,-81.963712,SFR,,,,,1.84,83000.0,2025-11-25,Resale,,24860,"Greenville-Anderson-Greer, SC"
187118545,45059,307-00-00-068,"811 RIVERFORK RD, WATERLOO, SC 29384",29384,SC,34.338017,-82.070858,VACANT LAND (NEC),,,,,1.0,,2025-02-25,Resale,,24860,"Greenville-Anderson-Greer, SC"
187118557,45059,292-00-00-027,"4843 HIGHWAY 14, LAURENS, SC 29360",29360,SC,34.564663,-82.084543,SFR,,,,,2.09,235000.0,2023-06-09,Resale,,24860,"Greenville-Anderson-Greer, SC"
187118566,45059,904-07-01-023,"102 WELCOME DR, FOUNTAIN INN, SC 29644",29644,SC,34.679002,-82.188504,SFR,,,,,,115000.0,2023-11-29,Resale,,24860,"Greenville-Anderson-Greer, SC"
187118570,45059,189-01-01-001,", GRAY COURT, SC 29645",29645,SC,34.631107,-82.133872,COMMERCIAL (NEC),,,,,,150000.0,2024-04-22,Resale,,24860,"Greenville-Anderson-Greer, SC"
187118584,45059,906-11-10-014,"99 SPRING ST, LAURENS, SC 29360",29360,SC,34.506198,-82.022786,SFR,,,,,0.66,230000.0,2024-09-24,Resale,,24860,"Greenville-Anderson-Greer, SC"
187121332,45059,906-17-09-021,"201 CAMP ST, LAURENS, SC 29360",29360,SC,34.516195,-82.004520,SFR,,,,,,85000.0,2023-07-25,Resale,,24860,"Greenville-Anderson-Greer, SC"
187121334,45059,276-00-00-044,"538 RABON CREEK CIR, WATERLOO, SC 29384",29384,SC,34.351741,-82.100909,SFR,,,,,1.33,264549.0,2025-08-22,Resale,,24860,"Greenville-Anderson-Greer, SC"
187121335,45059,901-21-12-008,"112 GORDON ST, CLINTON, SC 29325",29325,SC,34.477571,-81.883859,SFR,,,,,,,2024-09-26,Resale,,24860,"Greenville-Anderson-Greer, SC"
187121345,45059,906-14-03-019,"103 PRIDMORE ST, LAURENS, SC 29360",29360,SC,34.485866,-82.012777,SFR,,,,,0.295,30000.0,2024-01-29,Resale,,24860,"Greenville-Anderson-Greer, SC"
187121347,45059,638-00-00-010,"961 SUNSET BLVD, CLINTON, SC 29325",29325,SC,34.453278,-81.858456,SFR,,,,,,,2025-06-18,Resale,,24860,"Greenville-Anderson-Greer, SC"
187121358,45059,115-00-00-005,"9987 INDIAN MOUND RD, WARE SHOALS, SC 29692",29692,SC,34.376739,-82.176141,RURAL HOMESITE,,,,,76.0,5000.0,2021-09-21,Resale,,24860,"Greenville-Anderson-Greer, SC"
187121369,45059,033-00-00-022,"MARLER RD, GRAY COURT, SC 29645",29645,SC,34.569140,-82.220133,VACANT LAND (NEC),,,,,5.0,,2023-05-16,Resale,,24860,"Greenville-Anderson-Greer, SC"
187121375,45059,171-00-00-010,"6200 EKOM BEACH RD, LAURENS, SC 29360",29360,SC,34.429366,-82.146675,RURAL HOMESITE,,,,,52.5,,2024-07-11,Resale,,24860,"Greenville-Anderson-Greer, SC"
187121379,45059,402-00-00-009,"120 CANAL RD, WATERLOO, SC 29384",29384,SC,34.273722,-82.026109,AGRICULTURAL (NEC),,,,,30.7,300000.0,2024-07-18,Resale,,24860,"Greenville-Anderson-Greer, SC"
187121384,45059,903-04-03-034,"407 MAGNOLIA ST, JOANNA, SC 29351",29351,SC,34.410706,-81.817072,SFR,,,,,,375000.0,2025-07-02,Resale,,24860,"Greenville-Anderson-Greer, SC"
187121408,45059,901-25-03-003,"606 HICKORY ST, CLINTON, SC 29325",29325,SC,34.457851,-81.880199,SFR,,,,,,,2025-03-13,Resale,,24860,"Greenville-Anderson-Greer, SC"
187121430,45059,251-00-00-009,"216 GRIFFIN RD, FOUNTAIN INN, SC 29644",29644,SC,34.689214,-82.093850,SFR,,,,,4.94,,2024-09-20,Resale,,24860,"Greenville-Anderson-Greer, SC"
187121449,45059,565-00-00-117,"149 BAR B VILLA RD, CLINTON, SC 29325",29325,SC,34.463168,-81.919990,RESIDENTIAL - VACANT LAND,,,,,1.12,27500.0,2024-02-15,Resale,,24860,"Greenville-Anderson-Greer, SC"
187121451,45059,474-00-00-040,"438 FAIRGROUNDS RD, LAURENS, SC 29360",29360,SC,34.495232,-81.976260,RURAL HOMESITE,,,,,6.47,27800.0,2025-04-03,Resale,,24860,"Greenville-Anderson-Greer, SC"
187121461,45059,564-00-00-030,"517 PIEDMONT AVE, CLINTON, SC 29325",29325,SC,34.481781,-81.912502,SFR,,,,,,152500.0,2024-12-16,Resale,,24860,"Greenville-Anderson-Greer, SC"
187287952,45059,906-13-14-018,"324 IRBY AVENUE EXT, LAURENS, SC 29360",29360,SC,34.489956,-82.019890,SFR,,,,,,51000.0,2026-02-06,Resale,,24860,"Greenville-Anderson-Greer, SC"
187287955,45059,490-01-01-010,"784 E STAGECOACH RD, CROSS HILL, SC 29332",29332,SC,34.258829,-81.983245,SFR,,,,,,,2025-12-02,Resale,,24860,"Greenville-Anderson-Greer, SC"
187287956,45059,283-00-00-003,"7990 HIGHWAY 101 N, WOODRUFF, SC 29388",29388,SC,34.682444,-82.067038,RURAL HOMESITE,,,,,5.66,,2024-07-22,Resale,,24860,"Greenville-Anderson-Greer, SC"
187287958,45059,414-01-06-028,"15 SMYTHE ST, LAURENS, SC 29360",29360,SC,34.519403,-81.996379,SFR,,,,,0.225,65000.0,2023-07-27,Resale,,24860,"Greenville-Anderson-Greer, SC"
187307555,45059,630-00-00-001,", , SC ",,SC,34.572879,-81.860449,AGRICULTURAL (NEC),,,,,102.83,424100.0,2023-06-16,Resale,,24860,"Greenville-Anderson-Greer, SC"
187307558,45059,266-00-00-002,"1531 HIGHWAY 252, LAURENS, SC 29360",29360,SC,34.493463,-82.096368,RURAL HOMESITE,,,,,21.65,671000.0,2025-03-14,Resale,,24860,"Greenville-Anderson-Greer, SC"
187375319,45059,302-00-00-034,"78 MOUNT PLEASANT ESTATES RD, LAURENS, SC 29360",29360,SC,34.412099,-82.074964,RESIDENTIAL - VACANT LAND,,,,,8.14,267978.0,2025-12-15,New Construction,,24860,"Greenville-Anderson-Greer, SC"
187375322,45059,901-01-09-007,"406 CALVERT AVE, CLINTON, SC 29325",29325,SC,34.467658,-81.874051,SFR,,,,,,200000.0,2023-09-26,Resale,,24860,"Greenville-Anderson-Greer, SC"
187403290,45059,903-02-01-043,"440 N MAIN ST, JOANNA, SC 29351",29351,SC,34.420566,-81.815348,VACANT LAND (NEC),,,,,,19000.0,2023-11-04,Resale,,24860,"Greenville-Anderson-Greer, SC"
187405640,45059,903-04-01-019,"701 MAGNOLIA ST, JOANNA, SC 29351",29351,SC,34.408739,-81.821700,SFR,,,,,,,2023-09-01,Resale,,24860,"Greenville-Anderson-Greer, SC"
187405641,45059,461-02-01-038,"519 AMBER HILL CIR, CROSS HILL, SC 29332",29332,SC,34.253635,-81.990002,VACANT LAND (NEC),,,,,,,2025-03-12,Resale,,24860,"Greenville-Anderson-Greer, SC"
187761099,45059,906-15-04-004,"103 PINE RD, LAURENS, SC 29360",29360,SC,34.483111,-82.022820,SFR,,,,,,140000.0,2024-12-03,Resale,,24860,"Greenville-Anderson-Greer, SC"
187761122,45059,906-11-12-040,"145 SIMPSON ST, LAURENS, SC 29360",29360,SC,34.496452,-82.017716,SFR,,,,,,40000.0,2025-09-12,Resale,,24860,"Greenville-Anderson-Greer, SC"
187761123,45059,906-17-02-007,"709 FLEMING ST, LAURENS, SC 29360",29360,SC,34.504143,-81.995767,SFR,,,,,,11000.0,2025-04-29,Resale,,24860,"Greenville-Anderson-Greer, SC"
187761130,45059,500-00-00-005,", LAURENS, SC 29360",29360,SC,34.548782,-81.942586,AGRICULTURAL (NEC),,,,,48.48,,,,,24860,"Greenville-Anderson-Greer, SC"
187761137,45059,905-02-02-028,"100 NATCHEZ CT, GRAY COURT, SC 29645",29645,SC,34.618503,-82.119077,SFR,,,,,,325000.0,2025-03-06,Resale,,24860,"Greenville-Anderson-Greer, SC"
187761143,45059,725-00-00-009,"26 RENNO RD, CLINTON, SC 29325",29325,SC,34.492224,-81.776980,SFR,,,,,1.0,100000.0,2026-02-23,Resale,,24860,"Greenville-Anderson-Greer, SC"
187761156,45059,150-00-00-032,"432 RITCHIE RD, FOUNTAIN INN, SC 29644",29644,SC,34.736203,-82.139977,AGRICULTURAL (NEC),,,,,5.11,150000.0,2025-01-24,Resale,,24860,"Greenville-Anderson-Greer, SC"
187761167,45059,906-13-17-006,"416 CHESTNUT ST, LAURENS, SC 29360",29360,SC,34.495353,-82.019018,SFR,,,,,,534054.0,2024-07-18,Resale,,24860,"Greenville-Anderson-Greer, SC"
187761178,45059,004-00-00-013,"3545 ERWIN MILL RD, HONEA PATH, SC 29654",29654,SC,34.490687,-82.288572,SFR,,,,,1.0,30000.0,2025-07-15,Resale,,24860,"Greenville-Anderson-Greer, SC"
187761195,45059,264-00-00-036,"6768 HIGHWAY 76 W, LAURENS, SC 29360",29360,SC,34.518932,-82.088299,AGRICULTURAL (NEC),,,,,46.85,1285000.0,2024-07-12,Resale,,24860,"Greenville-Anderson-Greer, SC"
187761196,45059,031-00-00-010,", GRAY COURT, SC 29645",29645,SC,34.607123,-82.220159,AGRICULTURAL (NEC),,,,,103.39,150000.0,2024-02-06,Resale,,24860,"Greenville-Anderson-Greer, SC"
187761199,45059,477-00-00-005,"835 JACKS ADAIR RD, CLINTON, SC 29325",29325,SC,34.443757,-81.967185,RURAL HOMESITE,,,,,44.06,152486.0,2024-03-05,Resale,,24860,"Greenville-Anderson-Greer, SC"
187761208,45059,659-00-00-041,"139 GASTLEY DR, CLINTON, SC 29325",29325,SC,34.449397,-81.841609,MOBILE HOME,,,,,,155000.0,2024-12-30,Resale,,24860,"Greenville-Anderson-Greer, SC"
187761211,45059,904-04-01-040,"139 HUGHES ST, FOUNTAIN INN, SC 29644",29644,SC,34.694395,-82.188973,SFR,,,,,,250000.0,2025-12-17,Resale,,24860,"Greenville-Anderson-Greer, SC"
187761216,45059,152-00-00-018,"1210 PARK RD, FOUNTAIN INN, SC 29644",29644,SC,34.704636,-82.139355,RESIDENTIAL - VACANT LAND,,,,,,,2025-02-05,Resale,,24860,"Greenville-Anderson-Greer, SC"
187761230,45059,679-00-00-004,"29686 HIGHWAY 76 E, CLINTON, SC 29325",29325,SC,34.445199,-81.835852,SFR,,,,,,226450.0,2023-09-19,Resale,,24860,"Greenville-Anderson-Greer, SC"
187761236,45059,054-00-00-005,"16239 HIGHWAY 101 S, GRAY COURT, SC 29645",29645,SC,34.553942,-82.208739,SFR,,,,,1.5,6500.0,2024-09-20,Resale,,24860,"Greenville-Anderson-Greer, SC"
187761241,45059,074-00-00-007,"1902 WHAM LAWN RD, GRAY COURT, SC 29645",29645,SC,34.595080,-82.194294,RURAL HOMESITE,,,,,4.24,,2024-03-11,Resale,,24860,"Greenville-Anderson-Greer, SC"
187761244,45059,383-00-00-016,"322 RANCH EST, LAURENS, SC 29360",29360,SC,34.527513,-82.013414,RURAL HOMESITE,,,,,57.68,1200000.0,2025-09-30,Resale,,24860,"Greenville-Anderson-Greer, SC"
187761246,45059,414-01-08-001,"23 STEVENS ST, LAURENS, SC 29360",29360,SC,34.514791,-82.000332,SFR,,,,,,50594.0,2024-12-01,Resale,,24860,"Greenville-Anderson-Greer, SC"
187761263,45059,903-04-05-022,"405 PICKENS ST, JOANNA, SC 29351",29351,SC,34.408969,-81.815569,SFR,,,,,0.445,129000.0,2023-05-26,Resale,,24860,"Greenville-Anderson-Greer, SC"
187761272,45059,906-05-01-008,"202 FOREST DR, LAURENS, SC 29360",29360,SC,34.497819,-82.038787,SFR,,,,,,,2025-03-14,Resale,,24860,"Greenville-Anderson-Greer, SC"
187764400,45059,566-00-00-081,"1313 CHARLOTTES RD, CLINTON, SC 29325",29325,SC,34.452966,-81.905965,MOBILE HOME,,,,,,194648.0,2024-04-04,Resale,,24860,"Greenville-Anderson-Greer, SC"
187764417,45059,082-00-00-013,"221 WILSONTOWN RD, LAURENS, SC 29360",29360,SC,34.487591,-82.180119,RURAL HOMESITE,,,,,5.85,635000.0,2025-07-01,Resale,,24860,"Greenville-Anderson-Greer, SC"
187764459,45059,308-02-01-018,"LOLA SHRS, WATERLOO, SC 29384",29384,SC,34.324885,-82.074595,VACANT LAND (NEC),,,,,,40000.0,2023-07-11,Resale,,24860,"Greenville-Anderson-Greer, SC"
187764473,45059,141-00-00-024,", WARE SHOALS, SC 29692",29692,SC,34.411563,-82.158100,VACANT LAND (NEC),,,,,1.18,35000.0,2025-12-26,Resale,,24860,"Greenville-Anderson-Greer, SC"
187764480,45059,260-00-00-038,"105 BURGUNDY RD, GRAY COURT, SC 29645",29645,SC,34.575823,-82.088275,VACANT LAND (NEC),,,,,,43500.0,2025-08-18,Resale,,24860,"Greenville-Anderson-Greer, SC"
187764492,45059,401-00-00-014,", CROSS HILL, SC 29332",29332,SC,34.286031,-82.029638,VACANT LAND (NEC),,,,,,155000.0,2024-09-25,Resale,,24860,"Greenville-Anderson-Greer, SC"
187764497,45059,141-00-00-015,", WARE SHOALS, SC 29692",29692,SC,34.411123,-82.158327,RESIDENTIAL - VACANT LAND,,,,,,35000.0,2025-12-26,Resale,,24860,"Greenville-Anderson-Greer, SC"
187764510,45059,901-17-02-022,"1603 S BELL ST, CLINTON, SC 29325",29325,SC,34.463103,-81.894591,SFR,,,,,,,2024-02-15,Resale,,24860,"Greenville-Anderson-Greer, SC"
187764512,45059,460-00-00-026,"332 GRUBER RD, CROSS HILL, SC 29332",29332,SC,34.263033,-81.979478,SFR,,,,,0.467,,2026-04-16,Resale,,24860,"Greenville-Anderson-Greer, SC"
187764526,45059,904-09-01-171,"209 DEXTER BEND CT, FOUNTAIN INN, SC 29644",29644,SC,34.704986,-82.182503,SFR,,,,,,,2025-04-22,Resale,,24860,"Greenville-Anderson-Greer, SC"
187764537,45059,903-04-08-013,"418 BYRNES ST, JOANNA, SC 29351",29351,SC,34.405253,-81.820074,SFR,,,,,,227675.0,2025-04-08,Resale,,24860,"Greenville-Anderson-Greer, SC"
187764540,45059,432-02-01-013,", CROSS HILL, SC 29332",29332,SC,34.253520,-81.997080,MISC IMPROVEMENTS,,,,,0.509,240000.0,2024-12-18,Resale,,24860,"Greenville-Anderson-Greer, SC"
187764556,45059,906-11-03-019,"106 WILLIAMS ST, LAURENS, SC 29360",29360,SC,34.496626,-82.023949,SFR,,,,,0.215,101000.0,2026-05-18,Resale,,24860,"Greenville-Anderson-Greer, SC"
187764575,45059,901-01-16-005,"313 S BROAD ST, CLINTON, SC 29325",29325,SC,34.467427,-81.879767,RESIDENTIAL - VACANT LAND,,,,,,30000.0,2024-06-20,Resale,,24860,"Greenville-Anderson-Greer, SC"
187764583,45059,316-00-00-044,"1443 TWIN BRANCH RD, GRAY COURT, SC 29645",29645,SC,34.626699,-82.063102,VACANT LAND (NEC),,,,,1.01,3000.0,2023-08-07,Resale,,24860,"Greenville-Anderson-Greer, SC"
187764597,45059,906-05-08-042,"134 OAKLAND HTS, LAURENS, SC 29360",29360,SC,34.506297,-82.030203,SFR,,,,,,42000.0,2025-08-14,Resale,,24860,"Greenville-Anderson-Greer, SC"
187764654,45059,906-05-05-043,"6 HARTS CT, LAURENS, SC 29360",29360,SC,34.494333,-82.030658,SFR,,,,,,175000.0,2025-03-12,Resale,,24860,"Greenville-Anderson-Greer, SC"
187764660,45059,906-12-03-020,"213 E MAIN ST, LAURENS, SC 29360",29360,SC,34.499199,-82.012869,COMMERCIAL (NEC),,,,,,201000.0,2025-04-25,Resale,,24860,"Greenville-Anderson-Greer, SC"
187764677,45059,364-00-00-006,"10709 HIGHWAY 221 S, WATERLOO, SC 29384",29384,SC,34.365094,-82.051388,RURAL HOMESITE,,,,,10.69,595000.0,2023-08-28,Resale,,24860,"Greenville-Anderson-Greer, SC"
187764700,45059,148-00-00-008,"859 COOPER BRIDGE RD, FOUNTAIN INN, SC 29644",29644,SC,34.758121,-82.135344,RURAL HOMESITE,,,,,9.39,570000.0,2023-08-30,Resale,,24860,"Greenville-Anderson-Greer, SC"
187764708,45059,400-00-00-012,"2226 LONGVIEW RD, CROSS HILL, SC 29332",29332,SC,34.297270,-82.016506,SFR,,,,,1.239,227675.0,2025-01-06,Resale,,24860,"Greenville-Anderson-Greer, SC"
187764710,45059,410-00-00-016,"22834 HIGHWAY 221 N, GRAY COURT, SC 29645",29645,SC,34.574235,-81.999205,RESIDENTIAL - VACANT LAND,,,,,3.7,,2026-03-24,Resale,,24860,"Greenville-Anderson-Greer, SC"
187764719,45059,901-09-01-014,"320 N ADAIR ST, CLINTON, SC 29325",29325,SC,34.475613,-81.869832,SFR,,,,,,199000.0,2025-07-17,Resale,,24860,"Greenville-Anderson-Greer, SC"
187764724,45059,906-07-03-002,"915 W MAIN ST, LAURENS, SC 29360",29360,SC,34.493174,-82.030985,COMMERCIAL (NEC),,,,,,200000.0,2024-02-29,Resale,,24860,"Greenville-Anderson-Greer, SC"
187764730,45059,170-00-00-005,"6025 NEELY FERRY RD, LAURENS, SC 29360",29360,SC,34.444031,-82.151749,RESIDENTIAL - VACANT LAND,,,,,2.2,15000.0,2026-04-17,Resale,,24860,"Greenville-Anderson-Greer, SC"
187764742,45059,388-00-00-051,"315 SULLIVAN RD, LAURENS, SC 29360",29360,SC,34.461146,-82.018838,SFR,,,,,,23000.0,2025-06-12,Resale,,24860,"Greenville-Anderson-Greer, SC"
187764747,45059,314-00-00-022,"3108 BRAMLETT CHURCH RD, GRAY COURT, SC 29645",29645,SC,34.660967,-82.055804,MOBILE HOME,,,,,1.01,221000.0,2025-03-05,Resale,,24860,"Greenville-Anderson-Greer, SC"
187764767,45059,249-00-00-025,"242 HAWK LN, FOUNTAIN INN, SC 29644",29644,SC,34.714047,-82.097499,RURAL HOMESITE,,,,,3.0,345000.0,2026-05-06,Resale,,24860,"Greenville-Anderson-Greer, SC"
187764780,45059,464-00-00-011,"177 LANFORD RD, ENOREE, SC 29335",29335,SC,34.632410,-81.973149,RURAL HOMESITE,,,,,5.0,370000.0,2025-05-29,Resale,,24860,"Greenville-Anderson-Greer, SC"
187764785,45059,452-00-00-013,", MOUNTVILLE, SC 29370",29370,SC,34.376694,-81.975746,AGRICULTURAL (NEC),,,,,12.3,5000.0,2026-04-10,Resale,,24860,"Greenville-Anderson-Greer, SC"
187764815,45059,906-13-18-020,"629 CHESTNUT ST, LAURENS, SC 29360",29360,SC,34.491542,-82.019872,SFR,,,,,,79000.0,2024-06-26,Resale,,24860,"Greenville-Anderson-Greer, SC"
187764829,45059,901-37-07-025,"308 CYPRESS ST, CLINTON, SC 29325",29325,SC,34.460957,-81.901749,MISC IMPROVEMENTS,,,,,,,2025-01-30,Resale,,24860,"Greenville-Anderson-Greer, SC"
187764840,45059,218-00-00-048,"318 GENTRY RD, FOUNTAIN INN, SC 29644",29644,SC,34.685887,-82.109054,RESIDENTIAL - VACANT LAND,,,,,7.02,235000.0,2025-12-19,Resale,,24860,"Greenville-Anderson-Greer, SC"
187764842,45059,051-00-00-121,"2393 DECK RD, GRAY COURT, SC 29645",29645,SC,34.592985,-82.205113,SFR,,,,,2.0,360000.0,2023-05-31,Resale,,24860,"Greenville-Anderson-Greer, SC"
187764868,45059,269-00-00-035,"58 SLOOP DR, LAURENS, SC 29360",29360,SC,34.451316,-82.088561,AGRICULTURAL (NEC),,,,,5.11,,2023-12-14,Resale,,24860,"Greenville-Anderson-Greer, SC"
187764906,45059,053-00-00-002,"5005 FAIRVIEW RD, GRAY COURT, SC 29645",29645,SC,34.566635,-82.215597,SFR,,,,,2.47,195000.0,2025-04-28,Resale,,24860,"Greenville-Anderson-Greer, SC"
187764922,45059,275-00-00-011,"568 SKILLET RD, WATERLOO, SC 29384",29384,SC,34.367972,-82.094025,RESIDENTIAL - VACANT LAND,,,,,1.52,,2023-09-22,Resale,,24860,"Greenville-Anderson-Greer, SC"
187764923,45059,310-02-01-003,", WATERLOO, SC 29384",29384,SC,34.298374,-82.076027,MISC IMPROVEMENTS,,,,,0.169,65000.0,2025-07-21,Resale,,24860,"Greenville-Anderson-Greer, SC"
187764945,45059,441-00-00-111,"201 ARCHER DR, LAURENS, SC 29360",29360,SC,34.543233,-81.987398,MOBILE HOME,,,,,,148400.0,2025-12-31,Resale,,24860,"Greenville-Anderson-Greer, SC"
187764947,45059,325-00-00-009,"4912 HIGHWAY 76 W, LAURENS, SC 29360",29360,SC,34.501912,-82.064635,RESIDENTIAL - VACANT LAND,,,,,3.09,,2025-05-29,Resale,,24860,"Greenville-Anderson-Greer, SC"
187764975,45059,182-00-00-033,"61 MEADOWLAND DR, FOUNTAIN INN, SC 29644",29644,SC,34.738019,-82.125871,MOBILE HOME,,,,,,189000.0,2026-01-20,Resale,,24860,"Greenville-Anderson-Greer, SC"
187764985,45059,506-00-00-017,", LAURENS, SC 29360",29360,SC,34.466034,-81.959228,RESIDENTIAL - VACANT LAND,,,,,3.77,90000.0,2026-01-28,Resale,,24860,"Greenville-Anderson-Greer, SC"
187764996,45059,639-01-02-007,"220 LAKEWOOD DR, CLINTON, SC 29325",29325,SC,34.451504,-81.868379,SFR,,,,,,,2025-07-30,Resale,,24860,"Greenville-Anderson-Greer, SC"
187764998,45059,358-00-00-026,", LAURENS, SC 29360",29360,SC,34.447176,-82.031505,AGRICULTURAL (NEC),,,,,20.0,,2026-05-18,Resale,,24860,"Greenville-Anderson-Greer, SC"
187765005,45059,428-00-00-012,"314 THE PINES RD, CROSS HILL, SC 29332",29332,SC,34.305776,-82.002019,VACANT LAND (NEC),,,,,4.0,47783.0,2024-10-11,Resale,,24860,"Greenville-Anderson-Greer, SC"
187765007,45059,510-00-00-007,", CLINTON, SC 29325",29325,SC,34.398745,-81.945623,AGRICULTURAL (NEC),,,,,77.66,,2023-10-16,Resale,,24860,"Greenville-Anderson-Greer, SC"
187765009,45059,277-03-01-007,"63 SHORE LOOP RD, WATERLOO, SC 29384",29384,SC,34.344292,-82.099385,SFR,,,,,,,2023-06-15,Resale,,24860,"Greenville-Anderson-Greer, SC"
187765020,45059,683-00-00-005,"1659 BUSH RIVER RD, CLINTON, SC 29325",29325,SC,34.377903,-81.833308,RESIDENTIAL - VACANT LAND,,,,,8.21,,2024-06-06,Resale,,24860,"Greenville-Anderson-Greer, SC"
187765026,45059,754-00-00-017,"791 STOMP SPRINGS RD, CLINTON, SC 29325",29325,SC,34.488337,-81.753882,RURAL HOMESITE,,,,,6.19,615567.0,2025-01-09,Resale,,24860,"Greenville-Anderson-Greer, SC"
187765028,45059,901-18-07-002,"201 HOLLY ST, CLINTON, SC 29325",29325,SC,34.462470,-81.884998,SFR,,,,,,175000.0,2025-07-18,Resale,,24860,"Greenville-Anderson-Greer, SC"
187765036,45059,093-00-00-030,"108 GARTH RD, FOUNTAIN INN, SC 29644",29644,SC,34.689919,-82.172564,COMMERCIAL ACREAGE,,,,,6.9,,2025-10-20,Resale,,24860,"Greenville-Anderson-Greer, SC"
187765041,45059,658-00-00-063,"71 SKYLAND DR, CLINTON, SC 29325",29325,SC,34.452540,-81.852042,SFR,,,,,0.63,206000.0,2023-09-26,Resale,,24860,"Greenville-Anderson-Greer, SC"
187767684,45059,906-14-01-022,"217 TRUMAN ST, LAURENS, SC 29360",29360,SC,34.483778,-82.008798,SFR,,,,,,205000.0,2024-10-15,Resale,,24860,"Greenville-Anderson-Greer, SC"
187767688,45059,345-00-00-021,"269 WARRIOR CREEK CHURCH RD, GRAY COURT, SC 29645",29645,SC,34.625810,-82.033540,SFR,,,,,1.0,30000.0,2024-08-16,Resale,,24860,"Greenville-Anderson-Greer, SC"
187767691,45059,106-00-00-045,"889 NEELY FERRY RD, LAURENS, SC 29360",29360,SC,34.508200,-82.180192,COMMERCIAL (NEC),,,,,,,2024-11-01,Resale,,24860,"Greenville-Anderson-Greer, SC"
187767702,45059,324-00-00-002,"173 RAIDER RD, LAURENS, SC 29360",29360,SC,34.509850,-82.059478,RURAL HOMESITE,,,,,6.09,65000.0,2025-08-13,Resale,,24860,"Greenville-Anderson-Greer, SC"
187767709,45059,290-00-00-031,"1001 BULL HILL RD, GRAY COURT, SC 29645",29645,SC,34.587691,-82.084545,RESIDENTIAL - VACANT LAND,,,,,,55000000.0,2025-08-18,Resale,,24860,"Greenville-Anderson-Greer, SC"
187767712,45059,026-00-00-036,"200 HARMONY RD, WARE SHOALS, SC 29692",29692,SC,34.443903,-82.247829,SFR,,,,,,215000.0,2023-11-30,Resale,,24860,"Greenville-Anderson-Greer, SC"
187767741,45059,414-01-08-050,"2 SIMMONS ST, LAURENS, SC 29360",29360,SC,34.515647,-81.997022,SFR,,,,,0.246,31000.0,2023-06-27,Resale,,24860,"Greenville-Anderson-Greer, SC"
187767752,45059,906-02-01-032,"115 KINGSTON DR, LAURENS, SC 29360",29360,SC,34.528883,-82.043973,RESIDENTIAL - VACANT LAND,,,,,,241000.0,2025-11-13,Resale,,24860,"Greenville-Anderson-Greer, SC"
187767762,45059,032-00-00-052,"306 SWALLOW DR, FOUNTAIN INN, SC 29644",29644,SC,34.583353,-82.233115,RESIDENTIAL - VACANT LAND,,,,,3.31,,2025-08-26,Resale,,24860,"Greenville-Anderson-Greer, SC"
187767772,45059,500-00-00-026,"315 MAYFLOWER DR, LAURENS, SC 29360",29360,SC,34.550708,-81.950756,SFR,,,,,3.111,,2026-04-17,Resale,,24860,"Greenville-Anderson-Greer, SC"
187767783,45059,594-00-00-043,"2112 CHARLOTTES RD, CLINTON, SC 29325",29325,SC,34.441899,-81.900762,SFR,,,,,4.44,250000.0,2024-06-25,Resale,,24860,"Greenville-Anderson-Greer, SC"
187767793,45059,353-00-00-016,"152 FULLBRIGHT CIR, LAURENS, SC 29360",29360,SC,34.518520,-82.041886,RURAL HOMESITE,,,,,15.15,,2025-02-28,Resale,,24860,"Greenville-Anderson-Greer, SC"
187767807,45059,569-00-00-001,", CLINTON, SC 29325",29325,SC,34.412774,-81.916970,AGRICULTURAL (NEC),,,,,123.34,165135.0,2024-06-06,Resale,,24860,"Greenville-Anderson-Greer, SC"
187767810,45059,520-00-00-005,", CROSS HILL, SC 29332",29332,SC,34.270451,-81.962830,AGRICULTURAL (NEC),,,,,443.37,,2023-10-27,Resale,,24860,"Greenville-Anderson-Greer, SC"
187767811,45059,906-14-01-001,"100 TRUMAN ST, LAURENS, SC 29360",29360,SC,34.483973,-82.011673,SFR,,,,,0.277,83000.0,2025-09-30,Resale,,24860,"Greenville-Anderson-Greer, SC"
187767812,45059,901-07-08-001,"501 N ADAIR ST, CLINTON, SC 29325",29325,SC,34.477369,-81.868945,SFR,,,,,0.474,252000.0,2023-07-31,Resale,,24860,"Greenville-Anderson-Greer, SC"
187767823,45059,901-06-05-020,"303 N OWENS ST, CLINTON, SC 29325",29325,SC,34.475873,-81.874883,SFR,,,,,,,2024-10-25,Resale,,24860,"Greenville-Anderson-Greer, SC"
187767829,45059,432-02-01-040,"1007 PINELAND SHORES CIR, CROSS HILL, SC 29332",29332,SC,34.249303,-82.001341,SFR,,,,,,,2024-03-07,Resale,,24860,"Greenville-Anderson-Greer, SC"
187767833,45059,901-01-15-011,"100 CLEVELAND ST, CLINTON, SC 29325",29325,SC,34.470168,-81.877453,SFR,,,,,,229000.0,2025-07-30,Resale,,24860,"Greenville-Anderson-Greer, SC"
187767840,45059,347-00-00-001,", GRAY COURT, SC 29645",29645,SC,34.597867,-82.042489,AGRICULTURAL (NEC),,,,,38.99,,2025-12-22,Resale,,24860,"Greenville-Anderson-Greer, SC"
187767841,45059,683-00-00-029,"755 BUSH RIVER RD, CLINTON, SC 29325",29325,SC,34.387819,-81.842060,MOBILE HOME,,,,,2.7,158500.0,2023-12-04,Resale,,24860,"Greenville-Anderson-Greer, SC"
187767851,45059,211-00-00-041,"528 DODSON LN, WATERLOO, SC 29384",29384,SC,34.310615,-82.112866,SFR,,,,,,240000.0,2023-09-18,Resale,,24860,"Greenville-Anderson-Greer, SC"
187767863,45059,054-00-00-026,"16089 HIGHWAY 101 S, GRAY COURT, SC 29645",29645,SC,34.555476,-82.210511,SFR,,,,,1.2,205000.0,2026-03-10,Resale,,24860,"Greenville-Anderson-Greer, SC"
187767864,45059,901-05-08-001,"300 MUSGROVE ST, CLINTON, SC 29325",29325,SC,34.475298,-81.879423,SFR,,,,,0.542,180000.0,2024-04-25,Construction Loan/Financing,,24860,"Greenville-Anderson-Greer, SC"
187767887,45059,906-04-01-020,"112 SUNSHINE LN, LAURENS, SC 29360",29360,SC,34.504029,-82.041902,RESIDENTIAL - VACANT LAND,,,,,,,2023-08-01,Resale,,24860,"Greenville-Anderson-Greer, SC"
187767908,45059,262-00-00-002,"354 CHEEK RD, GRAY COURT, SC 29645",29645,SC,34.543166,-82.087499,SFR,,,,,0.98,,2026-04-28,Resale,,24860,"Greenville-Anderson-Greer, SC"
187798507,45059,261-00-00-056,"588 DOUGLAS RD, GRAY COURT, SC 29645",29645,SC,34.561491,-82.092499,SFR,,,,,1.95,350000.0,2023-10-16,Resale,,24860,"Greenville-Anderson-Greer, SC"
187798537,45059,058-00-00-004,"1106 HENDERSON CHURCH RD, GRAY COURT, SC 29645",29645,SC,34.499466,-82.206590,RESIDENTIAL - VACANT LAND,,,,,1.81,25000.0,2026-03-06,Resale,,24860,"Greenville-Anderson-Greer, SC"
187845677,45059,309-00-00-058,"DILLA RD RD, WATERLOO, SC 29384",29384,SC,34.311929,-82.066995,AGRICULTURAL (NEC),,,,,1.25,15001.0,2018-12-14,New Construction,,24860,"Greenville-Anderson-Greer, SC"
187982273,45059,903-04-04-010,"325 BYRNES ST, JOANNA, SC 29351",29351,SC,34.406226,-81.816361,SFR,,,,,0.431,,2026-05-19,Resale,,24860,"Greenville-Anderson-Greer, SC"
187982277,45059,183-00-00-022,"2540 COOKS BRIDGE RD, FOUNTAIN INN, SC 29644",29644,SC,34.716153,-82.129430,SFR,,,,,4.97,,2025-07-14,Resale,,24860,"Greenville-Anderson-Greer, SC"
187982284,45059,901-21-04-001,"700 N SLOAN ST, CLINTON, SC 29325",29325,SC,34.478568,-81.886875,OFFICE & RESIDENTIAL,,,,,,,2025-05-08,Resale,,24860,"Greenville-Anderson-Greer, SC"
188012977,45059,323-00-00-038,"201 WESTCLIFF DR, LAURENS, SC 29360",29360,SC,34.533450,-82.059078,RESIDENTIAL - VACANT LAND,,3.0,2.0,,,,2025-07-15,Resale,,24860,"Greenville-Anderson-Greer, SC"
188012989,45059,636-00-00-070,", CLINTON, SC 29325",29325,SC,34.493942,-81.862742,VACANT LAND (NEC),,,,,20.81,400000.0,2026-05-07,Resale,,24860,"Greenville-Anderson-Greer, SC"
188013003,45059,618-00-00-027,"65 CAMBRIDGE RD, CLINTON, SC 29325",29325,SC,34.440322,-81.870703,SFR,,,,,,320000.0,2024-07-15,Resale,,24860,"Greenville-Anderson-Greer, SC"
188028511,45059,321-00-00-017,", LAURENS, SC 29360",29360,SC,34.566630,-82.057990,AGRICULTURAL (NEC),,,,,52.0,,2025-12-12,Resale,,24860,"Greenville-Anderson-Greer, SC"
188028520,45059,552-00-00-004,"319 KENS CT, CROSS HILL, SC 29332",29332,SC,34.215569,-81.942386,RURAL HOMESITE,,,,,5.09,64000.0,2026-02-13,Resale,,24860,"Greenville-Anderson-Greer, SC"
188028523,45059,906-18-05-017,"117 GARLINGTON ST, LAURENS, SC 29360",29360,SC,34.501029,-81.997226,SFR,,,,,,340000.0,2025-04-04,Resale,,24860,"Greenville-Anderson-Greer, SC"
188028533,45059,906-06-01-002,"206 SWEETGUM ST, LAURENS, SC 29360",29360,SC,34.491727,-82.049143,SFR,,,,,,360000.0,2025-05-12,Resale,,24860,"Greenville-Anderson-Greer, SC"
188028537,45059,073-00-00-019,"4287 GREENPOND RD, GRAY COURT, SC 29645",29645,SC,34.597701,-82.192286,SFR,,,,,3.75,,2024-03-11,Resale,,24860,"Greenville-Anderson-Greer, SC"
188028539,45059,445-00-00-026,"316 RACETRACK RD, LAURENS, SC 29360",29360,SC,34.485658,-81.989499,MOBILE HOME,,,,,,,2025-07-14,Resale,,24860,"Greenville-Anderson-Greer, SC"
188028544,45059,906-07-07-004,"104 PINEHAVEN ST, LAURENS, SC 29360",29360,SC,34.492394,-82.032079,SFR,,,,,,,2025-07-25,Resale,,24860,"Greenville-Anderson-Greer, SC"
188075102,45059,905-01-04-005,"186 STONE ST, GRAY COURT, SC 29645",29645,SC,34.607130,-82.118729,SFR,,,,,,42000.0,2025-01-23,Resale,,24860,"Greenville-Anderson-Greer, SC"
188085517,45059,070-00-00-028,"1613 ABERCROMBIE RD, FOUNTAIN INN, SC 29644",29644,SC,34.643715,-82.195418,SFR,,,,,2.64,540000.0,2026-05-18,Resale,,24860,"Greenville-Anderson-Greer, SC"
188085523,45059,906-14-02-024,"301 LUREY ST, LAURENS, SC 29360",29360,SC,34.484745,-82.012045,MISC IMPROVEMENTS,,,,,,20000.0,2024-04-11,Resale,,24860,"Greenville-Anderson-Greer, SC"
188085527,45059,614-00-00-001,", CLINTON, SC 29325",29325,SC,34.483568,-82.005934,AGRICULTURAL (NEC),,,,,25.29,399000.0,2026-01-19,Resale,,24860,"Greenville-Anderson-Greer, SC"
188085533,45059,901-13-07-007,"202 WASHINGTON ST, CLINTON, SC 29325",29325,SC,34.473824,-81.895413,SFR,,,,,0.195,,2025-09-10,Resale,,24860,"Greenville-Anderson-Greer, SC"
188088784,45059,906-13-03-015,"101 CUMMINGS ST, LAURENS, SC 29360",29360,SC,34.488010,-82.025093,SFR,,,,,,,2025-10-01,Resale,,24860,"Greenville-Anderson-Greer, SC"
188088789,45059,401-00-00-071,"74 E COMMODORE DR, CROSS HILL, SC 29332",29332,SC,34.281321,-82.017752,SFR,,,,,,680000.0,2023-08-29,Resale,,24860,"Greenville-Anderson-Greer, SC"
188104298,45059,901-02-02-005,"108 WOODROW DR, CLINTON, SC 29325",29325,SC,34.467150,-81.878069,SFR,,,,,,,2023-09-29,Resale,,24860,"Greenville-Anderson-Greer, SC"
188104312,45059,563-00-00-042,"154 BIGBEE RD, CLINTON, SC 29325",29325,SC,34.506445,-81.919651,SFR,,,,,3005.0,,2024-06-27,Resale,,24860,"Greenville-Anderson-Greer, SC"
188104314,45059,904-09-01-091,"10 GRAPE ARBOR LN, FOUNTAIN INN, SC 29644",29644,SC,34.708272,-82.180767,SFR,,,,,0.223,222000.0,2026-05-20,Resale,,24860,"Greenville-Anderson-Greer, SC"
188104315,45059,103-00-00-109,"75 NANTUCKER DR, GRAY COURT, SC 29645",29645,SC,34.541797,-82.177185,AGRICULTURAL (NEC),,,,,4.46,238741.0,2024-12-13,New Construction,,24860,"Greenville-Anderson-Greer, SC"
188115406,45059,901-21-13-015,"304 ACADEMY ST, CLINTON, SC 29325",29325,SC,34.476372,-81.884607,TAX EXEMPT,,,,,0.162,6324.0,2024-03-21,Resale,,24860,"Greenville-Anderson-Greer, SC"
188120795,45059,043-00-00-018,"194 BUZHARDT RD, WARE SHOALS, SC 29692",29692,SC,34.429663,-82.237049,SFR,,,,,2.39,215000.0,2025-06-24,Resale,,24860,"Greenville-Anderson-Greer, SC"
188120798,45059,307-00-00-008,"669 RIVERFORK RD, WATERLOO, SC 29384",29384,SC,34.339450,-82.069128,RESIDENTIAL - VACANT LAND,,,,,1.12,,2025-08-21,Resale,,24860,"Greenville-Anderson-Greer, SC"
188120806,45059,102-00-00-055,"6508 GREENPOND RD, GRAY COURT, SC 29645",29645,SC,34.568178,-82.176483,RESIDENTIAL - VACANT LAND,,,,,,21500.0,2025-07-31,Resale,,24860,"Greenville-Anderson-Greer, SC"
188134235,45059,034-00-00-079,"287 CAROUSEL RD, GRAY COURT, SC 29645",29645,SC,34.558071,-82.220923,MOBILE HOME,,,,,,290000.0,2025-10-31,Resale,,24860,"Greenville-Anderson-Greer, SC"
188134238,45059,639-00-00-037,"706 CAROLYN DR, CLINTON, SC 29325",29325,SC,34.447607,-81.859860,VACANT LAND (NEC),,,,,1.01,305000.0,2026-03-31,Resale,,24860,"Greenville-Anderson-Greer, SC"
188136765,45059,094-00-00-065,"1092 CHAPMAN RD, FOUNTAIN INN, SC 29644",29644,SC,34.684945,-82.170674,RESIDENTIAL - VACANT LAND,,,,,0.969,,2026-05-05,Resale,,24860,"Greenville-Anderson-Greer, SC"
188136770,45059,345-00-00-031,"ORA RD, , SC ",,SC,34.630016,-82.029121,VACANT LAND (NEC),,,,,2.07,,2024-05-01,Resale,,24860,"Greenville-Anderson-Greer, SC"
188136779,45059,181-00-00-090,"125 ACORN TRL, FOUNTAIN INN, SC 29644",29644,SC,34.743467,-82.123072,RESIDENTIAL - VACANT LAND,,,,,,,2023-04-21,Resale,,24860,"Greenville-Anderson-Greer, SC"
188136787,45059,186-00-00-004,", FOUNTAIN INN, SC 29644",29644,SC,34.678781,-82.120157,RESIDENTIAL - VACANT LAND,,,,,158.84,,2024-08-02,Resale,,24860,"Greenville-Anderson-Greer, SC"
188136817,45059,255-00-00-062,"661 WILLOW CREEK DR, GRAY COURT, SC 29645",29645,SC,34.635569,-82.088836,RESIDENTIAL - VACANT LAND,,,,,2.09,12000.0,2025-12-10,Resale,,24860,"Greenville-Anderson-Greer, SC"
188136828,45059,906-06-01-028,"303 WOODBLUFF RD, LAURENS, SC 29360",29360,SC,34.491449,-82.044630,SFR,,,,,1.538,330000.0,2026-02-12,Resale,,24860,"Greenville-Anderson-Greer, SC"
188136829,45059,154-00-00-032,"909 STEWART RD, FOUNTAIN INN, SC 29644",29644,SC,34.678516,-82.149451,SFR,,,,,2.26,1812.0,2025-08-12,Resale,,24860,"Greenville-Anderson-Greer, SC"
188175806,45059,901-01-08-004,"409 CALVERT AVE, CLINTON, SC 29325",29325,SC,34.468553,-81.873751,SFR,,,,,0.387,216500.0,2023-08-30,Resale,,24860,"Greenville-Anderson-Greer, SC"
188175810,45059,218-00-00-019,"184 DURBIN FARMS RD, GRAY COURT, SC 29645",29645,SC,34.680097,-82.102028,MOBILE HOME,,,,,3.0,,2026-05-06,Resale,,24860,"Greenville-Anderson-Greer, SC"
188180807,45059,634-00-00-014,"135 HEATON RD, CLINTON, SC 29325",29325,SC,34.521752,-81.874118,MOBILE HOME,,,,,1.0,210000.0,2024-11-20,Resale,,24860,"Greenville-Anderson-Greer, SC"
188198126,45059,121-00-00-003,"45 DEMPSEY DR, FOUNTAIN INN, SC 29644",29644,SC,34.699011,-82.158131,SFR,,,,,2.15,115000.0,2023-08-31,Resale,,24860,"Greenville-Anderson-Greer, SC"
188200665,45059,317-00-00-010,"1402 RIDDLE TOWN RD, GRAY COURT, SC 29645",29645,SC,34.613756,-82.057343,AGRICULTURAL (NEC),,,,,5.24,122972.0,2024-03-21,Resale,,24860,"Greenville-Anderson-Greer, SC"
188200674,45059,490-00-00-016,"77 BUSH LN, CROSS HILL, SC 29332",29332,SC,34.262292,-81.975023,SFR,,,,,1.069,,2025-07-07,Resale,,24860,"Greenville-Anderson-Greer, SC"
188200675,45059,906-14-08-074,"843 SULLIVAN ST, LAURENS, SC 29360",29360,SC,34.488132,-82.015995,SFR,,,,,,23891.0,2024-12-09,Resale,,24860,"Greenville-Anderson-Greer, SC"
188200676,45059,019-00-00-017,"503 MADDOX BRIDGE RD, WARE SHOALS, SC 29692",29692,SC,34.434757,-82.256497,SFR,,,,,1.0,160000.0,2025-01-20,Resale,,24860,"Greenville-Anderson-Greer, SC"
188200677,45059,482-00-00-009,", MOUNTVILLE, SC 29370",29370,SC,34.364187,-81.969898,COMMERCIAL (NEC),,,,,,38000.0,2025-12-19,Resale,,24860,"Greenville-Anderson-Greer, SC"
188200678,45059,906-15-03-008,"110 PINE RD, LAURENS, SC 29360",29360,SC,34.482662,-82.023907,SFR,,,,,,231500.0,2024-08-05,Resale,,24860,"Greenville-Anderson-Greer, SC"
188200680,45059,016-00-00-008,"255 WHISPERING PINES DR, HONEA PATH, SC 29654",29654,SC,34.476466,-82.268567,RESIDENTIAL - VACANT LAND,,,,,2.26,,2024-10-28,Resale,,24860,"Greenville-Anderson-Greer, SC"
188208354,45059,220-00-00-009,"2339 FRIENDSHIP CHURCH RD, GRAY COURT, SC 29645",29645,SC,34.656748,-82.108844,RURAL HOMESITE,,,,,39.99,,2023-06-01,Resale,,24860,"Greenville-Anderson-Greer, SC"
188208360,45059,906-16-04-038,", LAURENS, SC 29360",29360,SC,34.481227,-82.013742,VACANT LAND (NEC),,,,,,80000.0,2024-09-26,Resale,,24860,"Greenville-Anderson-Greer, SC"
188208361,45059,566-00-00-017,"890 CHARLOTTES RD, CLINTON, SC 29325",29325,SC,34.457739,-81.910352,RESIDENTIAL - VACANT LAND,,,,,1.039,,2026-04-02,Resale,,24860,"Greenville-Anderson-Greer, SC"
188219704,45059,901-13-01-010,"119 N LIVINGSTON ST, CLINTON, SC 29325",29325,SC,34.473882,-81.891148,SFR,,,,,,45000.0,2024-07-26,Resale,,24860,"Greenville-Anderson-Greer, SC"
188219706,45059,901-28-01-037,"103 AB JACKS RD, CLINTON, SC 29325",29325,SC,34.467340,-81.909257,COMMERCIAL (NEC),,,,,,1610000.0,2025-08-28,Resale,,24860,"Greenville-Anderson-Greer, SC"
188720286,45059,096-00-00-134,"86 HADDON CT, FOUNTAIN INN, SC 29644",29644,SC,34.514399,-82.048293,MOBILE HOME,,,,,2.238,,2025-10-13,Resale,,24860,"Greenville-Anderson-Greer, SC"
188720300,45059,646-00-00-020,", KINARDS, SC 29355",29355,SC,34.343072,-81.856229,VACANT LAND (NEC),,,,,3.0,,,,,24860,"Greenville-Anderson-Greer, SC"
188720302,45059,518-00-00-009,"12117 HIGHWAY 39, CROSS HILL, SC 29332",29332,SC,34.280384,-81.947522,SFR,,,,,1.273,235000.0,2026-03-18,Resale,,24860,"Greenville-Anderson-Greer, SC"
188720305,45059,906-15-03-005,"108 PINE RD, LAURENS, SC 29360",29360,SC,34.483394,-82.023928,RESIDENTIAL - VACANT LAND,,,,,,212000.0,2024-05-30,Resale,,24860,"Greenville-Anderson-Greer, SC"
188720318,45059,906-05-05-019,"109 BARKSDALE CIR, LAURENS, SC 29360",29360,SC,34.494838,-82.033411,SFR,,,,,,458000.0,2024-06-14,Resale,,24860,"Greenville-Anderson-Greer, SC"
188720324,45059,180-00-00-002,"1028 COOPER BRIDGE RD, FOUNTAIN INN, SC 29644",29644,SC,34.760544,-82.131814,RURAL HOMESITE,,,,,16.75,,,,,24860,"Greenville-Anderson-Greer, SC"
188720326,45059,309-01-02-006,"280 EDGEWATER DR, WATERLOO, SC 29384",29384,SC,34.303438,-82.073481,RESIDENTIAL - VACANT LAND,,,,,,57160.0,2023-09-12,Resale,,24860,"Greenville-Anderson-Greer, SC"
188720331,45059,753-00-00-004,"25451 HIGHWAY 72 E, CLINTON, SC 29325",29325,SC,34.507741,-81.743771,SFR,,,,,3.49,,2025-08-07,Resale,,24860,"Greenville-Anderson-Greer, SC"
188902092,45059,294-00-00-023,"1303 BOYD RD, LAURENS, SC 29360",29360,SC,34.528432,-82.075322,VACANT LAND (NEC),,,,,,,2024-12-23,Resale,,24860,"Greenville-Anderson-Greer, SC"
188990655,45059,052-00-00-014,"1495 DECK RD, GRAY COURT, SC 29645",29645,SC,34.582318,-82.209142,RESIDENTIAL - VACANT LAND,,,,,5.71,,2025-10-10,Resale,,24860,"Greenville-Anderson-Greer, SC"
188990657,45059,072-00-00-037,"1258 COUNTRY LN, GRAY COURT, SC 29645",29645,SC,34.611261,-82.193887,SFR,,,,,1.04,245000.0,2023-10-20,Resale,,24860,"Greenville-Anderson-Greer, SC"
188992774,45059,491-03-01-001,"576 S LAKE FOREST DR, CROSS HILL, SC 29332",29332,SC,34.238484,-81.973275,SFR,,,,,,675000.0,2025-07-31,Resale,,24860,"Greenville-Anderson-Greer, SC"
188992788,45059,152-00-00-105,", FOUNTAIN INN, SC 29644",29644,SC,34.708240,-82.145467,RESIDENTIAL - VACANT LAND,,,,,,,2024-04-25,Resale,,24860,"Greenville-Anderson-Greer, SC"
188992789,45059,906-08-01-034,"716 PINEHAVEN STREET EXT, LAURENS, SC 29360",29360,SC,34.482424,-82.036098,SFR,,,,,,230000.0,2025-05-16,Resale,,24860,"Greenville-Anderson-Greer, SC"
188992793,45059,567-00-00-107,"107 APPLE RIDGE DR, CLINTON, SC 29325",29325,SC,34.443304,-81.915442,RESIDENTIAL - VACANT LAND,,,,,,,2024-04-11,Resale,,24860,"Greenville-Anderson-Greer, SC"
188992803,45059,906-01-01-002,"206 DOUBLEBROOK DR, LAURENS, SC 29360",29360,SC,34.492620,-82.058689,VACANT LAND (NEC),,,,,6.91,123000.0,2025-03-20,Resale,,24860,"Greenville-Anderson-Greer, SC"
188992818,45059,901-01-18-003,"117 S BROAD ST, CLINTON, SC 29325",29325,SC,34.472063,-81.880493,COMMERCIAL (NEC),,,,,,,2025-08-06,Resale,,24860,"Greenville-Anderson-Greer, SC"
188992831,45059,340-00-00-038,"984 RIDGEWOOD HARBOR RD, WATERLOO, SC 29384",29384,SC,34.284457,-82.061752,SFR,,,,,,600000.0,2025-12-08,Resale,,24860,"Greenville-Anderson-Greer, SC"
188992832,45059,531-00-00-033,", LAURENS, SC 29360",29360,SC,34.532333,-81.945414,RURAL HOMESITE,,,,,20.68,570000.0,2025-03-14,Resale,,24860,"Greenville-Anderson-Greer, SC"
188992845,45059,068-00-00-006,"637 N OLD LAURENS RD, FOUNTAIN INN, SC 29644",29644,SC,34.671194,-82.183490,SFR,,,,,,230000.0,2025-09-11,Resale,,24860,"Greenville-Anderson-Greer, SC"
188992870,45059,284-00-00-002,"6951 HIGHWAY 101 N, GRAY COURT, SC 29645",29645,SC,34.671583,-82.079994,SFR,,,,,,,2024-11-11,Resale,,24860,"Greenville-Anderson-Greer, SC"
188992882,45059,906-05-08-014,"105 GOODE ST, LAURENS, SC 29360",29360,SC,34.508247,-82.031213,SFR,,,,,,,2025-05-14,Resale,,24860,"Greenville-Anderson-Greer, SC"
188992887,45059,906-14-15-017,"407 DUCKETT ST, LAURENS, SC 29360",29360,SC,34.491277,-82.011457,VACANT LAND (NEC),,,,,,15000.0,2025-11-14,Resale,,24860,"Greenville-Anderson-Greer, SC"
188992894,45059,277-00-00-083,"171 LORETTA LN, WATERLOO, SC 29384",29384,SC,34.337504,-82.093205,SFR,,,,,,393750.0,2025-12-01,Resale,,24860,"Greenville-Anderson-Greer, SC"
188992901,45059,906-14-01-043,", LAURENS, SC 29360",29360,SC,34.484905,-82.009098,RESIDENTIAL - VACANT LAND,,,,,,,2023-07-07,Resale,,24860,"Greenville-Anderson-Greer, SC"
188992908,45059,901-37-11-016,"212 SPRUCE ST, CLINTON, SC 29325",29325,SC,34.458839,-81.900036,SFR,,,,,,,2023-09-28,Resale,,24860,"Greenville-Anderson-Greer, SC"
188992924,45059,901-37-15-006,"225 OAK ST, CLINTON, SC 29325",29325,SC,34.457561,-81.900879,VACANT LAND (NEC),,,,,,5000.0,2025-03-04,Resale,,24860,"Greenville-Anderson-Greer, SC"
188992934,45059,903-04-01-048,"501 PICKENS ST, JOANNA, SC 29351",29351,SC,34.407703,-81.818585,VACANT LAND (NEC),,,,,0.4800046,5500.0,2025-10-24,Resale,,24860,"Greenville-Anderson-Greer, SC"
188992971,45059,906-14-08-086,"857 SULLIVAN ST, LAURENS, SC 29360",29360,SC,34.487330,-82.016322,SFR,,,,,,,2026-02-04,Resale,,24860,"Greenville-Anderson-Greer, SC"
188992978,45059,906-14-04-015,"107 DIAL ST, LAURENS, SC 29360",29360,SC,34.488555,-82.010723,SFR,,,,,,125000.0,2023-08-30,Resale,,24860,"Greenville-Anderson-Greer, SC"
188992987,45059,414-01-08-022,"6 STEVENS ST, LAURENS, SC 29360",29360,SC,34.515955,-81.998215,SFR,,,,,,48000.0,2023-10-11,Resale,,24860,"Greenville-Anderson-Greer, SC"
188992995,45059,901-07-10-013,"104 FRED ST, CLINTON, SC 29325",29325,SC,34.481976,-81.869669,VACANT LAND (NEC),,,,,,248000.0,2025-11-07,Resale,,24860,"Greenville-Anderson-Greer, SC"
188995605,45059,261-00-00-039,"618 DOUGLAS RD, GRAY COURT, SC 29645",29645,SC,34.560948,-82.092646,RESIDENTIAL - VACANT LAND,,2.0,2.0,,0.8600092,,2024-10-04,Resale,,24860,"Greenville-Anderson-Greer, SC"
188995613,45059,901-05-04-002,"405 E FLORIDA ST, CLINTON, SC 29325",29325,SC,34.473902,-81.874482,TAX EXEMPT,,,,,,168000.0,2023-11-21,Resale,,24860,"Greenville-Anderson-Greer, SC"
188995617,45059,903-01-03-018,"105 JAMES RD, JOANNA, SC 29351",29351,SC,34.423485,-81.812445,SFR,,,,,,,2025-10-23,Resale,,24860,"Greenville-Anderson-Greer, SC"
188995632,45059,906-14-18-028,"117 DEWEY AVE, LAURENS, SC 29360",29360,SC,34.492896,-82.009785,SFR,,,,,0.131,31621.0,2024-11-22,Resale,,24860,"Greenville-Anderson-Greer, SC"
188995642,45059,906-11-13-015,"501 CHURCH ST, LAURENS, SC 29360",29360,SC,34.505221,-82.022730,COMMERCIAL (NEC),,,,,,350000.0,2025-02-13,Resale,,24860,"Greenville-Anderson-Greer, SC"
188995657,45059,903-04-01-030,"502 PICKENS ST, JOANNA, SC 29351",29351,SC,34.408128,-81.819166,SFR,,,,,,,2025-02-07,Resale,,24860,"Greenville-Anderson-Greer, SC"
188995663,45059,442-00-00-118,", LAURENS, SC 29360",29360,SC,34.523515,-81.973532,RESIDENTIAL - VACANT LAND,,,,,,,2024-02-28,Resale,,24860,"Greenville-Anderson-Greer, SC"
188995665,45059,209-01-01-047,"853 RELAX ST, WATERLOO, SC 29384",29384,SC,34.344858,-82.115548,SFR,,,,,,150000.0,2024-11-12,Resale,,24860,"Greenville-Anderson-Greer, SC"
188995683,45059,343-00-00-006,"2197 BRAMLETT CHURCH RD, GRAY COURT, SC 29645",29645,SC,34.656443,-82.044960,RURAL HOMESITE,,,,,20.0,,2025-09-11,Resale,,24860,"Greenville-Anderson-Greer, SC"
188995697,45059,474-00-00-066,"21357 HIGHWAY 76 E, LAURENS, SC 29360",29360,SC,34.489052,-81.962223,RESIDENTIAL - VACANT LAND,,,,,1.43,19000.0,2024-07-19,Resale,,24860,"Greenville-Anderson-Greer, SC"
188995709,45059,242-00-00-076,"295 COCHISE DR, WATERLOO, SC 29384",29384,SC,34.361601,-82.119191,RESIDENTIAL - VACANT LAND,,,,,1.045,,2026-05-11,Resale,,24860,"Greenville-Anderson-Greer, SC"
188995717,45059,906-15-03-006,"108 PINE RD, LAURENS, SC 29360",29360,SC,34.483044,-82.023848,SFR,,,,,1.031,212000.0,2024-05-30,Resale,,24860,"Greenville-Anderson-Greer, SC"
188995722,45059,326-00-00-059,", LAURENS, SC 29360",29360,SC,34.486045,-82.048835,AGRICULTURAL (NEC),,,,,16.41,140000.0,2023-08-23,Resale,,24860,"Greenville-Anderson-Greer, SC"
188995724,45059,729-00-00-001,"2441 WHITMIRE HWY, KINARDS, SC 29355",29355,SC,34.429574,-81.776336,RURAL HOMESITE,,,,,97.36,858000.0,2023-06-23,Resale,,24860,"Greenville-Anderson-Greer, SC"
188995729,45059,405-00-00-001,"445 DRUMMOND RD, ENOREE, SC 29335",29335,SC,34.644499,-81.995032,RURAL HOMESITE,,,,,9.01,535000.0,2026-05-14,Resale,,24860,"Greenville-Anderson-Greer, SC"
188995733,45059,181-00-00-002,"5691 HIGHWAY 418, FOUNTAIN INN, SC 29644",29644,SC,34.746604,-82.134891,AGRICULTURAL (NEC),,,,,12.5,,2024-10-24,Resale,,24860,"Greenville-Anderson-Greer, SC"
189144051,45059,100-00-00-004,"1063 SWEETBRIAR RD, GRAY COURT, SC 29645",29645,SC,34.591631,-82.174092,SFR,,,,,1.86,15000.0,2023-08-03,Resale,,24860,"Greenville-Anderson-Greer, SC"
189157240,45059,908-01-01-124,", WATERLOO, SC 29384",29384,SC,34.347406,-82.066145,VACANT LAND (NEC),,,,,8.88,34212.0,2023-10-16,Resale,,24860,"Greenville-Anderson-Greer, SC"
189157246,45059,906-02-01-065,"307 LAKEVIEW DR, LAURENS, SC 29360",29360,SC,34.530144,-82.040833,SFR,,,,,,200000.0,2025-08-21,Resale,,24860,"Greenville-Anderson-Greer, SC"
189157254,45059,136-00-00-041,"3473 NEELY FERRY RD, LAURENS, SC 29360",29360,SC,34.478341,-82.161142,MOBILE HOME,,,,,5.0,15000.0,2026-04-02,Resale,,24860,"Greenville-Anderson-Greer, SC"
189157263,45059,906-07-06-005,"707 PARKVIEW DR, LAURENS, SC 29360",29360,SC,34.489445,-82.037540,SFR,,,,,1.452,470000.0,2025-10-22,Resale,,24860,"Greenville-Anderson-Greer, SC"
189157264,45059,244-01-01-036,", WATERLOO, SC 29384",29384,SC,34.336567,-82.113287,RESIDENTIAL - VACANT LAND,,,,,,3000.0,2024-08-16,Resale,,24860,"Greenville-Anderson-Greer, SC"
189178026,45059,096-00-00-001,"51 HADDON CT, FOUNTAIN INN, SC 29644",29644,SC,34.652299,-82.178005,RESIDENTIAL - VACANT LAND,,3.0,2.0,,,51900.0,2024-06-21,Resale,,24860,"Greenville-Anderson-Greer, SC"
189178033,45059,230-00-00-013,"7302 HIGHWAY 76 W, LAURENS, SC 29360",29360,SC,34.518697,-82.099640,RURAL HOMESITE,,,,,5.6,415000.0,2025-12-12,Resale,,24860,"Greenville-Anderson-Greer, SC"
189233083,45059,150-00-00-005,"65 HUTTO DR, FOUNTAIN INN, SC 29644",29644,SC,34.736940,-82.143868,SFR,,,,,3.45,200000.0,2026-03-30,Resale,,24860,"Greenville-Anderson-Greer, SC"
189233087,45059,510-00-00-001,"185 MILAM RD, CLINTON, SC 29325",29325,SC,34.401683,-81.939787,RURAL HOMESITE,,,,,10.0,,2023-10-16,Resale,,24860,"Greenville-Anderson-Greer, SC"
189233090,45059,163-00-00-022,"262 GEDDY RD, GRAY COURT, SC 29645",29645,SC,34.546168,-82.140716,RESIDENTIAL - VACANT LAND,,,,,2.66,184000.0,2026-04-30,Resale,,24860,"Greenville-Anderson-Greer, SC"
189256540,45059,060-00-00-002,"1451 GRADEN RD, WARE SHOALS, SC 29692",29692,SC,34.474096,-82.216544,RURAL HOMESITE,,,,,19.57,,,,,24860,"Greenville-Anderson-Greer, SC"
189465615,45059,906-11-01-009,"802 W HAMPTON ST, LAURENS, SC 29360",29360,SC,34.498606,-82.026045,SFR,,,,,0.15,50000.0,2025-05-23,Resale,,24860,"Greenville-Anderson-Greer, SC"
189465631,45059,277-00-00-044,"125 VIRGINIA CIR, WATERLOO, SC 29384",29384,SC,34.345392,-82.091718,RESIDENTIAL - VACANT LAND,,,,,,,2024-10-03,Resale,,24860,"Greenville-Anderson-Greer, SC"
189465662,45059,284-00-00-082,"170 ROBERT HARRIS CT, GRAY COURT, SC 29645",29645,SC,34.673209,-82.072600,MOBILE HOME,,,,,2.7,219000.0,2024-08-29,Resale,,24860,"Greenville-Anderson-Greer, SC"
189469801,45059,442-00-00-035,"736 FLEMING MILL RD, LAURENS, SC 29360",29360,SC,34.533388,-81.988470,MOBILE HOME,,,,,2.52,245000.0,2025-03-24,Resale,,24860,"Greenville-Anderson-Greer, SC"
189469818,45059,901-37-01-018,"146 CEDAR ST, CLINTON, SC 29325",29325,SC,34.459714,-81.905030,SFR,,,,,0.15,,2026-05-06,Resale,,24860,"Greenville-Anderson-Greer, SC"
189469825,45059,906-18-08-005,"101 HOLMES ST, LAURENS, SC 29360",29360,SC,34.499937,-82.003624,SFR,,,,,,175000.0,2025-08-25,Resale,,24860,"Greenville-Anderson-Greer, SC"
189469830,45059,316-00-00-059,"1823 MARTINS LAKE RD, GRAY COURT, SC 29645",29645,SC,34.636296,-82.062380,SFR,,,,,1.0,,2024-11-21,Resale,,24860,"Greenville-Anderson-Greer, SC"
189469835,45059,906-13-16-030,"113 MORELAND AVE, LAURENS, SC 29360",29360,SC,34.494177,-82.024239,SFR,,,,,,244000.0,2025-11-20,Resale,,24860,"Greenville-Anderson-Greer, SC"
189469839,45059,421-00-00-033,"2052 TEAGUE RD, MOUNTVILLE, SC 29370",29370,SC,34.401416,-82.002831,RESIDENTIAL - VACANT LAND,,,,,4.0,,2025-06-02,Resale,,24860,"Greenville-Anderson-Greer, SC"
189469841,45059,121-00-00-004,", FOUNTAIN INN, SC 29644",29644,SC,34.702582,-82.157286,RESIDENTIAL - VACANT LAND,,,,,31.9,455000.0,2025-05-22,Resale,,24860,"Greenville-Anderson-Greer, SC"
189469855,45059,357-00-00-005,"1457 PINEHAVEN STREET EXT, LAURENS, SC 29360",29360,SC,34.473878,-82.042345,SFR,,,,,,155000.0,2025-07-15,Resale,,24860,"Greenville-Anderson-Greer, SC"
189469861,45059,263-00-00-023,"2310 EICHELBERGER RD, GRAY COURT, SC 29645",29645,SC,34.533426,-82.094021,SFR,,,,,1.626,305000.0,2023-06-21,Resale,,24860,"Greenville-Anderson-Greer, SC"
189469882,45059,328-00-00-038,"191 NEW PROSPECT CHURCH RD, LAURENS, SC 29360",29360,SC,34.451396,-82.060069,SFR,,,,,3.12,190000.0,2024-02-06,Resale,,24860,"Greenville-Anderson-Greer, SC"
189469892,45059,261-00-00-053,"720 DOUGLAS RD, GRAY COURT, SC 29645",29645,SC,34.560389,-82.094383,RESIDENTIAL - VACANT LAND,,,,,1.0,10000.0,2024-07-22,Resale,,24860,"Greenville-Anderson-Greer, SC"
189469900,45059,531-00-00-009,"1761 BELLVIEW CHURCH RD, LAURENS, SC 29360",29360,SC,34.528224,-81.936764,RURAL HOMESITE,,,,,5.29,275000.0,2023-06-01,Resale,,24860,"Greenville-Anderson-Greer, SC"
189469902,45059,134-00-00-016,"951 FRANKLIN RD, LAURENS, SC 29360",29360,SC,34.508714,-82.160614,RURAL HOMESITE,,,,,61.65,,2026-05-20,Resale,,24860,"Greenville-Anderson-Greer, SC"
189469903,45059,357-00-00-016,"2686 HIGHWAY 221 S, LAURENS, SC 29360",29360,SC,34.470067,-82.035713,RURAL HOMESITE,,,,,6.79,,2024-10-01,Resale,,24860,"Greenville-Anderson-Greer, SC"
189469936,45059,906-14-10-012,"614 SULLIVAN ST, LAURENS, SC 29360",29360,SC,34.494282,-82.013862,SFR,,,,,,,2025-02-10,Resale,,24860,"Greenville-Anderson-Greer, SC"
189469948,45059,905-01-04-018,"697 W MAIN ST, GRAY COURT, SC 29645",29645,SC,34.610789,-82.118903,SFR,,,,,3.44,,2026-05-11,Resale,,24860,"Greenville-Anderson-Greer, SC"
189469952,45059,309-01-07-010,", WATERLOO, SC 29384",29384,SC,34.301622,-82.076406,VACANT LAND (NEC),,,,,,20000.0,2025-07-25,Resale,,24860,"Greenville-Anderson-Greer, SC"
189469956,45059,901-18-05-003,"207 YOUNG DR, CLINTON, SC 29325",29325,SC,34.464452,-81.883657,SFR,,,,,,275000.0,2025-01-02,Resale,,24860,"Greenville-Anderson-Greer, SC"
189469975,45059,366-00-00-049,"1642 BLAKELY RD, WATERLOO, SC 29384",29384,SC,34.347373,-82.035706,SFR,,,,,2.0,185000.0,2024-07-01,Resale,,24860,"Greenville-Anderson-Greer, SC"
189470002,45059,104-00-00-028,"1277 CRAWFORD RD, GRAY COURT, SC 29645",29645,SC,34.533368,-82.181138,SFR,,,,,2.68,,2026-05-13,Resale,,24860,"Greenville-Anderson-Greer, SC"
189470007,45059,181-00-00-103,"332 COOPER BRIDGE RD, FOUNTAIN INN, SC 29644",29644,SC,34.751057,-82.136453,MOBILE HOME,,,,,,225000.0,2024-08-21,Resale,,24860,"Greenville-Anderson-Greer, SC"
189470014,45059,309-01-07-017,", WATERLOO, SC 29384",29384,SC,34.303125,-82.076269,VACANT LAND (NEC),,,,,,20000.0,2025-04-10,Resale,,24860,"Greenville-Anderson-Greer, SC"
189470018,45059,371-00-00-074,"674 WHITTEN RD, WATERLOO, SC 29384",29384,SC,34.278525,-82.041720,MOBILE HOME,,,,,0.754,245945.0,2024-05-16,Resale,,24860,"Greenville-Anderson-Greer, SC"
189470026,45059,901-13-01-023,"103 MASON ST, CLINTON, SC 29325",29325,SC,34.473666,-81.892036,SFR,,,,,0.165,120000.0,2026-03-20,Resale,,24860,"Greenville-Anderson-Greer, SC"
189470027,45059,432-02-01-038,"965 PINELAND SHORES CIR, CROSS HILL, SC 29332",29332,SC,34.249152,-82.000655,SFR,,,,,,150000.0,2024-09-13,Resale,,24860,"Greenville-Anderson-Greer, SC"
189470050,45059,906-05-01-021,"117 ARROWOOD LN, LAURENS, SC 29360",29360,SC,34.498334,-82.037529,SFR,,,,,,,2024-02-22,Resale,,24860,"Greenville-Anderson-Greer, SC"
189470070,45059,905-01-02-005,"351 W MAIN ST, GRAY COURT, SC 29645",29645,SC,34.607484,-82.114104,COMMERCIAL (NEC),,,,,,150000.0,2026-02-17,Resale,,24860,"Greenville-Anderson-Greer, SC"
189470071,45059,528-00-00-013,"1435 SANDY SPRINGS RD, LAURENS, SC 29360",29360,SC,34.573517,-81.941277,RURAL HOMESITE,,,,,9.35,170000.0,2024-09-04,Resale,,24860,"Greenville-Anderson-Greer, SC"
189470073,45059,906-11-10-007,"108 HIGH ST, LAURENS, SC 29360",29360,SC,34.507321,-82.024238,SFR,,,,,,140000.0,2024-07-26,Resale,,24860,"Greenville-Anderson-Greer, SC"
189470074,45059,141-00-00-010,"7768 EKOM BEACH RD, WARE SHOALS, SC 29692",29692,SC,34.413107,-82.158021,RURAL HOMESITE,,,,,7.9,200000.0,2024-07-30,Resale,,24860,"Greenville-Anderson-Greer, SC"
189470080,45059,504-00-00-003,"106 DOGLEG DR, LAURENS, SC 29360",29360,SC,34.491517,-81.956071,SFR,,,,,,19500.0,2025-08-20,Resale,,24860,"Greenville-Anderson-Greer, SC"
189470091,45059,906-02-01-004,"107 KINGSTON DR, LAURENS, SC 29360",29360,SC,34.528790,-82.044785,SFR,,,,,,275000.0,2024-12-16,Resale,,24860,"Greenville-Anderson-Greer, SC"
189470092,45059,901-37-06-010,"142 PINE ST, CLINTON, SC 29325",29325,SC,34.463041,-81.902600,VACANT LAND (NEC),,,,,,,2024-08-21,Resale,,24860,"Greenville-Anderson-Greer, SC"
189470094,45059,901-16-04-001,"228 S LIVINGSTON ST, CLINTON, SC 29325",29325,SC,34.466862,-81.891499,SFR,,,,,,4922.0,2024-01-12,Resale,,24860,"Greenville-Anderson-Greer, SC"
189470100,45059,901-11-02-013,"1100 ELIZABETH ST, CLINTON, SC 29325",29325,SC,34.486548,-81.883047,VACANT LAND (NEC),,,,,,,2023-10-16,Resale,,24860,"Greenville-Anderson-Greer, SC"
189470101,45059,220-00-00-032,"FRIENDSHIP RD, GRAY COURT, SC 29645",29645,SC,34.655982,-82.104825,AGRICULTURAL (NEC),,,,,20.82,450000.0,2026-02-24,Construction Loan/Financing,,24860,"Greenville-Anderson-Greer, SC"
189470115,45059,902-01-01-051,"475 PUCKETT FERRY RD, CROSS HILL, SC 29332",29332,SC,34.317074,-81.987241,RESIDENTIAL - VACANT LAND,,,,,2.23,256000.0,2025-04-04,Resale,,24860,"Greenville-Anderson-Greer, SC"
189470127,45059,181-00-00-034,"6343 HIGHWAY 418, FOUNTAIN INN, SC 29644",29644,SC,34.740122,-82.124979,RURAL HOMESITE,,,,,7.48,450000.0,2023-10-30,Resale,,24860,"Greenville-Anderson-Greer, SC"
189470131,45059,255-00-00-008,"4340 HIGHWAY 101 N, GRAY COURT, SC 29645",29645,SC,34.636292,-82.094365,TAX EXEMPT,,,,,1.53,16817.0,2025-02-03,Resale,,24860,"Greenville-Anderson-Greer, SC"
189470156,45059,348-00-00-014,"1540 BLUFF RD, GRAY COURT, SC 29645",29645,SC,34.583035,-82.032146,AGRICULTURAL (NEC),,,,,5.28,16059.0,2025-12-16,Resale,,24860,"Greenville-Anderson-Greer, SC"
189470176,45059,564-00-00-033,"251 PIEDMONT AVE, CLINTON, SC 29325",29325,SC,34.480056,-81.914844,SFR,,,,,,169000.0,2023-12-15,Resale,,24860,"Greenville-Anderson-Greer, SC"
189470210,45059,901-21-03-017,"404 JEFFERSON ST, CLINTON, SC 29325",29325,SC,34.479189,-81.886889,SFR,,,,,,,2025-10-29,Resale,,24860,"Greenville-Anderson-Greer, SC"
189470239,45059,906-11-10-016,"105 SPRING ST, LAURENS, SC 29360",29360,SC,34.507341,-82.023289,SFR,,,,,,55000.0,2023-12-05,Resale,,24860,"Greenville-Anderson-Greer, SC"
189470244,45059,589-00-00-056,"3718 HIGHWAY 308, CLINTON, SC 29325",29325,SC,34.521546,-81.903833,RESIDENTIAL - VACANT LAND,,,,,1.18,10000.0,2025-11-19,Resale,,24860,"Greenville-Anderson-Greer, SC"
189472960,45059,906-11-12-035,"304 JONES ST, LAURENS, SC 29360",29360,SC,34.496132,-82.017752,SFR,,,,,,75000.0,2025-12-02,Resale,,24860,"Greenville-Anderson-Greer, SC"
189472966,45059,155-00-00-012,"1350 MOUNT CARMEL RD, GRAY COURT, SC 29645",29645,SC,34.660102,-82.141909,VACANT LAND (NEC),,,,,1.02,140000.0,2025-01-07,Resale,,24860,"Greenville-Anderson-Greer, SC"
189472977,45059,216-00-00-003,"349 RICHARDS DR, FOUNTAIN INN, SC 29644",29644,SC,34.699807,-82.106658,SFR,,,,,2.1,,2024-04-09,Resale,,24860,"Greenville-Anderson-Greer, SC"
189472995,45059,757-00-00-018,"4625 WHITMIRE HWY, CLINTON, SC 29325",29325,SC,34.446589,-81.746982,SFR,,,,,0.812,,2026-03-31,Resale,,24860,"Greenville-Anderson-Greer, SC"
189473021,45059,438-00-00-008,"535 LIGHTHOUSE RD, ENOREE, SC 29335",29335,SC,34.591124,-81.987942,MOBILE HOME,,,,,,190000.0,2024-05-14,Resale,,24860,"Greenville-Anderson-Greer, SC"
189473054,45059,906-18-01-023,"303 HILLDALE AVE, LAURENS, SC 29360",29360,SC,34.494239,-81.995897,SFR,,,,,0.662,252972.0,2024-04-29,Resale,,24860,"Greenville-Anderson-Greer, SC"
189473055,45059,191-00-00-019,"9966 HIGHWAY 101 S, GRAY COURT, SC 29645",29645,SC,34.609879,-82.131792,RESIDENTIAL - VACANT LAND,,,,,1.06,10000.0,2025-11-14,Resale,,24860,"Greenville-Anderson-Greer, SC"
189473056,45059,383-00-00-030,", LAURENS, SC 29360",29360,SC,34.524187,-82.009495,AGRICULTURAL (NEC),,,,,16.37,160000.0,2026-02-09,Resale,,24860,"Greenville-Anderson-Greer, SC"
189473065,45059,902-02-01-010,"149 JOHN GRANT ST, CROSS HILL, SC 29332",29332,SC,34.302280,-81.994356,SFR,,,,,,,2024-03-06,Resale,,24860,"Greenville-Anderson-Greer, SC"
189473073,45059,552-00-00-043,"524 FOREST DR, CROSS HILL, SC 29332",29332,SC,34.220607,-81.942470,SFR,,,,,,305000.0,2025-06-19,Resale,,24860,"Greenville-Anderson-Greer, SC"
189473075,45059,535-00-00-045,"1745 WILSON DR, LAURENS, SC 29360",29360,SC,34.471976,-81.939836,SFR,,,,,,230000.0,2025-11-06,Resale,,24860,"Greenville-Anderson-Greer, SC"
189473085,45059,327-00-00-049,"142 E LAKE DR, LAURENS, SC 29360",29360,SC,34.468826,-82.046534,SFR,,,,,,280000.0,2025-08-20,Resale,,24860,"Greenville-Anderson-Greer, SC"
189473090,45059,901-06-03-002,"319 N ADAIR ST, CLINTON, SC 29325",29325,SC,34.476030,-81.870437,SFR,,,,,,185000.0,2023-05-24,Resale,,24860,"Greenville-Anderson-Greer, SC"
189473132,45059,309-01-01-025,"75 EDGEWATER DR, WATERLOO, SC 29384",29384,SC,34.305864,-82.071761,VACANT LAND (NEC),,,,,0.193,,2025-06-24,Resale,,24860,"Greenville-Anderson-Greer, SC"
189473142,45059,901-25-07-006,"600 CHESTNUT ST, CLINTON, SC 29325",29325,SC,34.455900,-81.883278,SFR,,,,,,337297.0,2024-04-30,Resale,,24860,"Greenville-Anderson-Greer, SC"
189473159,45059,416-01-02-110,"32 WATSON ST, LAURENS, SC 29360",29360,SC,34.475238,-82.005450,RESIDENTIAL - VACANT LAND,,,,,0.225,,2025-01-27,Resale,,24860,"Greenville-Anderson-Greer, SC"
189473160,45059,101-00-00-035,"190 GREENPOND FARMS RD, GRAY COURT, SC 29645",29645,SC,34.574624,-82.175900,MOBILE HOME,,,,,4.56,13947.0,2025-09-08,Resale,,24860,"Greenville-Anderson-Greer, SC"
189473164,45059,216-00-00-029,"106 TURKEY LN, FOUNTAIN INN, SC 29644",29644,SC,34.709426,-82.111403,TAX EXEMPT,,,,,6.09,725000.0,2024-08-09,Resale,,24860,"Greenville-Anderson-Greer, SC"
189473185,45059,901-22-01-011,"101 LEILA ST, CLINTON, SC 29325",29325,SC,34.483265,-81.884451,VACANT LAND (NEC),,,,,,,2024-01-23,Resale,,24860,"Greenville-Anderson-Greer, SC"
189473187,45059,901-06-04-015,"5 G ST, CLINTON, SC 29325",29325,SC,34.475320,-81.873312,SFR,,,,,,,2025-08-14,Resale,,24860,"Greenville-Anderson-Greer, SC"
189473189,45059,903-04-03-010,"420 PICKENS ST, JOANNA, SC 29351",29351,SC,34.408564,-81.818045,SFR,,,,,0.352,146000.0,2024-07-01,Resale,,24860,"Greenville-Anderson-Greer, SC"
189473190,45059,326-00-00-061,"840 STAGECOACH RD, LAURENS, SC 29360",29360,SC,34.490645,-82.056341,MOBILE HOME,,,,,1.88,77895.0,2025-09-03,Resale,,24860,"Greenville-Anderson-Greer, SC"
189473191,45059,101-00-00-049,"104 DUKE DR, GRAY COURT, SC 29645",29645,SC,34.576508,-82.180947,MOBILE HOME,,,,,3.19,160000.0,2024-08-19,Construction Loan/Financing,,24860,"Greenville-Anderson-Greer, SC"
189473193,45059,266-00-00-015,"207 STARNES RD, LAURENS, SC 29360",29360,SC,34.489688,-82.096263,RURAL HOMESITE,,,,,46.92,345000.0,2025-10-08,Resale,,24860,"Greenville-Anderson-Greer, SC"
189473216,45059,044-00-00-001,"15395 INDIAN MOUND RD, WARE SHOALS, SC 29692",29692,SC,34.422894,-82.231051,RESIDENTIAL - VACANT LAND,,,,,2.54,,2022-12-29,Resale,,24860,"Greenville-Anderson-Greer, SC"
189473229,45059,119-00-00-007,"2983 HIGHWAY 418, FOUNTAIN INN, SC 29644",29644,SC,34.726424,-82.165459,SFR,,,,,,90000.0,2025-01-07,Resale,,24860,"Greenville-Anderson-Greer, SC"
189473246,45059,906-13-03-016,"104 DOUGLAS ST, LAURENS, SC 29360",29360,SC,34.487867,-82.024400,SFR,,,,,,156400.0,2026-02-13,Resale,,24860,"Greenville-Anderson-Greer, SC"
189473262,45059,199-00-00-001,"75 FORT LINDLEY RD, LAURENS, SC 29360",29360,SC,34.484984,-82.119187,RURAL HOMESITE,,,,,8.3,,2023-08-31,Resale,,24860,"Greenville-Anderson-Greer, SC"
189473269,45059,211-00-00-026,"568 PEMBERTON ST, WATERLOO, SC 29384",29384,SC,34.313671,-82.124540,SFR,,,,,,450000.0,2023-05-31,Resale,,24860,"Greenville-Anderson-Greer, SC"
189473270,45059,050-00-00-060,"1179 WHAM LAWN RD, GRAY COURT, SC 29645",29645,SC,34.597638,-82.206498,SFR,,,,,,43600.0,2025-11-21,Resale,,24860,"Greenville-Anderson-Greer, SC"
189473279,45059,903-04-02-042,"603 MILTON RD, JOANNA, SC 29351",29351,SC,34.411043,-81.818670,SFR,,,,,,,2024-05-08,Resale,,24860,"Greenville-Anderson-Greer, SC"
189473289,45059,906-02-02-019,"203 MONTGOMERY ST, LAURENS, SC 29360",29360,SC,34.529538,-82.037896,SFR,,,,,0.422,275000.0,2026-05-01,Resale,,24860,"Greenville-Anderson-Greer, SC"
189473322,45059,401-00-00-186,"105 SEABRIGHT CIR, CROSS HILL, SC 29332",29332,SC,34.278095,-82.016603,SFR,,,,,,991500.0,2025-09-12,Resale,,24860,"Greenville-Anderson-Greer, SC"
189473326,45059,360-00-00-016,", , SC ",,SC,34.432543,-82.044433,RESIDENTIAL - VACANT LAND,,,,,1.31,379500.0,2025-03-20,Resale,,24860,"Greenville-Anderson-Greer, SC"
189473338,45059,906-06-02-007,"201 ASHLEY LN, LAURENS, SC 29360",29360,SC,34.497551,-82.046653,COMMERCIAL (NEC),,,,,,495000.0,2024-07-01,Resale,,24860,"Greenville-Anderson-Greer, SC"
189473339,45059,901-05-10-003,"120 MUSGROVE ST, CLINTON, SC 29325",29325,SC,34.473901,-81.879942,TAX EXEMPT,,,,,,,2024-12-17,Resale,,24860,"Greenville-Anderson-Greer, SC"
189473358,45059,278-00-00-005,"645 BOB WHITE DR, WATERLOO, SC 29384",29384,SC,34.333480,-82.097271,VACANT LAND (NEC),,2.0,1.0,,,90900.0,2025-09-25,Resale,,24860,"Greenville-Anderson-Greer, SC"
189473366,45059,159-00-00-025,"11192 HIGHWAY 101 S, GRAY COURT, SC 29645",29645,SC,34.598826,-82.148867,SFR,,,,,3.15,91351.0,2024-03-18,Resale,,24860,"Greenville-Anderson-Greer, SC"
189473375,45059,506-00-00-055,"115 FLATWOOD DR, LAURENS, SC 29360",29360,SC,34.464138,-81.957689,RESIDENTIAL - VACANT LAND,,,,,1.59,24500.0,2023-11-13,Resale,,24860,"Greenville-Anderson-Greer, SC"
189473390,45059,906-11-07-012,"442 CHURCH ST, LAURENS, SC 29360",29360,SC,34.504453,-82.021065,SFR,,,,,,144100.0,2025-03-24,Resale,,24860,"Greenville-Anderson-Greer, SC"
189473398,45059,495-00-00-009,", ENOREE, SC 29335",29335,SC,34.618029,-81.951117,VACANT LAND (NEC),,,,,52.1,,2025-08-01,Resale,,24860,"Greenville-Anderson-Greer, SC"
189473400,45059,906-02-01-057,"218 WINDSOR DR, LAURENS, SC 29360",29360,SC,34.531564,-82.041749,SFR,,,,,,166000.0,2024-07-22,Resale,,24860,"Greenville-Anderson-Greer, SC"
189473404,45059,327-00-00-063,"65 BURNS CIR, LAURENS, SC 29360",29360,SC,34.471029,-82.049903,SFR,,,,,,205000.0,2024-09-20,Resale,,24860,"Greenville-Anderson-Greer, SC"
189473415,45059,075-00-00-004,"13880 HIGHWAY 101 S, GRAY COURT, SC 29645",29645,SC,34.575233,-82.185299,RURAL HOMESITE,,,,,6.02,408261.0,2025-08-22,Resale,,24860,"Greenville-Anderson-Greer, SC"
189473417,45059,378-00-00-005,"3151 LINCOLN RD, GRAY COURT, SC 29645",29645,SC,34.603780,-82.021031,AGRICULTURAL (NEC),,,,,29.0,,2024-11-19,Resale,,24860,"Greenville-Anderson-Greer, SC"
189473436,45059,658-00-00-049,"181 SKYLAND DR, CLINTON, SC 29325",29325,SC,34.454139,-81.852025,SFR,,,,,0.497,170000.0,2024-05-30,Resale,,24860,"Greenville-Anderson-Greer, SC"
189473438,45059,904-03-01-005,"724 GULLIVER ST, FOUNTAIN INN, SC 29644",29644,SC,34.698600,-82.185001,SFR,,,,,2.62,450000.0,2024-01-19,Resale,,24860,"Greenville-Anderson-Greer, SC"
189473441,45059,211-01-01-037,", WATERLOO, SC 29384",29384,SC,34.311822,-82.122034,VACANT LAND (NEC),,,,,,13500.0,2023-10-26,Resale,,24860,"Greenville-Anderson-Greer, SC"
189473481,45059,491-00-00-058,"195 RIDGE HILL RD, CROSS HILL, SC 29332",29332,SC,34.246006,-81.969554,MOBILE HOME,,,,,,,2025-03-06,Resale,,24860,"Greenville-Anderson-Greer, SC"
189476879,45059,432-01-01-042,"1803 PINELAND SHORES CIR, CROSS HILL, SC 29332",29332,SC,34.245604,-82.005865,SFR,,,,,,5000.0,2023-09-28,Resale,,24860,"Greenville-Anderson-Greer, SC"
189476898,45059,432-00-00-037,"1734 PINELAND SHORES CIR, CROSS HILL, SC 29332",29332,SC,34.246554,-82.004840,MOBILE HOME,,,,,0.796,80640.0,2026-04-28,Resale,,24860,"Greenville-Anderson-Greer, SC"
189476900,45059,906-14-14-010,", LAURENS, SC 29360",29360,SC,34.488887,-82.006420,COMMERCIAL ACREAGE,,,,,1.5,,2024-07-27,Resale,,24860,"Greenville-Anderson-Greer, SC"
189476905,45059,080-00-00-016,", , SC ",,SC,34.502300,-82.194498,AGRICULTURAL (NEC),,,,,52.0,,2026-02-10,Resale,,24860,"Greenville-Anderson-Greer, SC"
189476911,45059,216-00-00-013,", FOUNTAIN INN, SC 29644",29644,SC,34.709828,-82.106778,RESIDENTIAL - VACANT LAND,,,,,4.53,,2023-06-14,Resale,,24860,"Greenville-Anderson-Greer, SC"
189476921,45059,235-00-00-027,"448 OLD FORT RD, LAURENS, SC 29360",29360,SC,34.452620,-82.115886,RURAL HOMESITE,,,,,36.11,,2026-01-23,Resale,,24860,"Greenville-Anderson-Greer, SC"
189476949,45059,296-00-00-014,"96 PRINCE RD, LAURENS, SC 29360",29360,SC,34.495867,-82.072904,MOBILE HOME,,,,,,50000.0,2023-08-11,Resale,,24860,"Greenville-Anderson-Greer, SC"
189476961,45059,093-00-00-029,"285 JONES RD, FOUNTAIN INN, SC 29644",29644,SC,34.692174,-82.172131,SFR,,,,,1.0,,2025-03-20,Resale,,24860,"Greenville-Anderson-Greer, SC"
189476965,45059,260-00-00-011,"4995 HIGHWAY 14, LAURENS, SC 29360",29360,SC,34.566586,-82.085589,SFR,,,,,3.0,135000.0,2023-08-25,Resale,,24860,"Greenville-Anderson-Greer, SC"
189476970,45059,906-12-04-043,"24 HUNTERS CT, LAURENS, SC 29360",29360,SC,34.503769,-82.011305,SFR,,,,,,,2025-11-25,Resale,,24860,"Greenville-Anderson-Greer, SC"
189476973,45059,646-00-00-029,"87 KATHYS DR, CLINTON, SC 29325",29325,SC,34.345173,-81.860954,VACANT LAND (NEC),,,,,2.91,38000.0,2025-06-17,Resale,,24860,"Greenville-Anderson-Greer, SC"
189476987,45059,622-00-00-007,"1624 JEFFERSON DAVIS RD, CLINTON, SC 29325",29325,SC,34.373000,-81.882152,RURAL HOMESITE,,,,,17.67,295000.0,2025-03-31,Resale,,24860,"Greenville-Anderson-Greer, SC"
108506,45077,5029-07-68-4564,"118 OAK SPRINGS CT, EASLEY, SC 29640",29640,SC,34.842619,-82.578092,SFR,1991.0,3.0,2.0,1428.0,,235000.0,2024-07-22,Resale,164.57,24860,"Greenville-Anderson-Greer, SC"
108606,45077,5019-19-62-7276,"404 S 5TH ST, EASLEY, SC 29640",29640,SC,34.824946,-82.610115,Barber/Hair Salon,1935.0,4.0,2.5,3400.0,,474900.0,2024-09-23,Resale,139.68,24860,"Greenville-Anderson-Greer, SC"
151481,45077,4098-17-01-5287,"108 KARLA AVE, LIBERTY, SC 29657",29657,SC,34.793581,-82.696723,SFR,1973.0,3.0,2.0,1599.0,,280000.0,2025-06-26,Resale,175.11,24860,"Greenville-Anderson-Greer, SC"
192018,45077,5019-19-50-0947,"94 PRESTON ST, EASLEY, SC 29640",29640,SC,34.821284,-82.615811,SFR,1961.0,3.0,1.0,950.0,,212000.0,2024-05-08,Resale,223.16,24860,"Greenville-Anderson-Greer, SC"
203905,45077,4098-05-19-9015,"106 TALLAHATCHIE CT, LIBERTY, SC 29657",29657,SC,34.815039,-82.692733,SFR,2001.0,,2.0,1420.0,,252900.0,2026-01-12,Resale,178.1,24860,"Greenville-Anderson-Greer, SC"
227113,45077,4054-05-17-4602,"511 OLD CENTRAL RD, CLEMSON, SC 29631",29631,SC,34.699306,-82.825221,TRIPLEX,1976.0,,,2607.0,0.31,385000.0,2025-08-25,Resale,147.68,24860,"Greenville-Anderson-Greer, SC"
290709,45077,5028-20-82-2418,"354 HAMILTON PKWY, EASLEY, SC 29642",29642,SC,34.798479,-82.571555,SFR,2001.0,3.0,2.0,2201.0,0.2100092,350000.0,2024-06-18,Resale,159.02,24860,"Greenville-Anderson-Greer, SC"
290719,45077,5110-00-48-8482,"1566 CEDAR ROCK CHURCH RD, EASLEY, SC 29640",29640,SC,34.869320,-82.617380,SFR,1998.0,3.0,2.0,1408.0,0.5,,2023-11-20,Resale,,24860,"Greenville-Anderson-Greer, SC"
332364,45077,5019-14-33-3326,"105 NALLEY ST, EASLEY, SC 29640",29640,SC,34.827804,-82.621595,SFR,1950.0,2.0,1.0,854.0,0.284,145000.0,2024-02-21,Resale,169.79,24860,"Greenville-Anderson-Greer, SC"
357262,45077,5110-00-87-9673,"302 BELLEWOOD DR, EASLEY, SC 29640",29640,SC,34.867293,-82.603577,SFR,1994.0,5.0,4.0,4065.0,2.33,754500.0,2023-09-19,Resale,185.61,24860,"Greenville-Anderson-Greer, SC"
371621,45077,5142-00-12-7362,"149 ELBERT CLARK DR, EASLEY, SC 29640",29640,SC,34.908427,-82.528441,SFR,2002.0,3.0,3.0,1983.0,5.0,410000.0,2025-12-30,Resale,206.76,24860,"Greenville-Anderson-Greer, SC"
372843,45077,5028-12-95-5190,"215 MCARTHUR ST, EASLEY, SC 29642",29642,SC,34.805799,-82.567005,SFR,1977.0,3.0,2.0,1608.0,0.61,19000.0,2026-04-23,Resale,11.82,24860,"Greenville-Anderson-Greer, SC"
390713,45077,5006-02-97-5157,"402 FINLEY RD, EASLEY, SC 29642",29642,SC,34.755892,-82.632927,SFR,1981.0,2.0,1.0,1390.0,6.0,190000.0,2023-08-28,Resale,136.69,24860,"Greenville-Anderson-Greer, SC"
441562,45077,5028-20-81-4940,"108 WORCESTER LN, EASLEY, SC 29642",29642,SC,34.796937,-82.570752,SFR,2004.0,3.0,2.0,1813.0,0.2300046,314900.0,2024-12-17,Resale,173.69,24860,"Greenville-Anderson-Greer, SC"
531924,45077,5038-20-92-7118,"200 WILD WING WAY, EASLEY, SC 29642",29642,SC,34.798216,-82.533174,SFR,1999.0,3.0,3.0,1760.0,0.2199954,235000.0,2023-12-13,Resale,133.52,24860,"Greenville-Anderson-Greer, SC"
541149,45077,5028-11-67-6259,"103 BRIGGS DR, EASLEY, SC 29642",29642,SC,34.811706,-82.576920,SFR,1991.0,3.0,2.0,1420.0,,290000.0,2023-07-31,Resale,204.23,24860,"Greenville-Anderson-Greer, SC"
547822,45077,5100-00-99-0329,"123 SHEPHERDS RDG, EASLEY, SC 29640",29640,SC,34.871574,-82.636796,SFR,1979.0,2.0,1.0,1650.0,1.2,269900.0,2023-06-16,Resale,163.58,24860,"Greenville-Anderson-Greer, SC"
579372,45077,5133-01-08-2848,"198 CRIBBS WAY, EASLEY, SC 29640",29640,SC,34.953456,-82.567775,SFR,1998.0,3.0,2.0,1937.0,14.79,500000.0,2023-11-01,Resale,258.13,24860,"Greenville-Anderson-Greer, SC"
623925,45077,4048-00-41-4392,"1124 OLD SENECA RD, CENTRAL, SC 29630",29630,SC,34.791544,-82.850172,SFR,2003.0,,,1499.0,0.58,75000.0,2026-04-24,Resale,50.03,24860,"Greenville-Anderson-Greer, SC"
664225,45077,4099-00-60-8605,"402 MORNING DEW CT, LIBERTY, SC 29657",29657,SC,34.819634,-82.676451,MOBILE HOME,1997.0,3.0,2.0,1848.0,0.6059917,36000.0,2024-08-30,Resale,19.48,24860,"Greenville-Anderson-Greer, SC"
696960,45077,4097-10-35-0935,"216 HILLCREST LN, LIBERTY, SC 29657",29657,SC,34.779103,-82.688255,VACANT LAND (NEC),,,,,0.1699954,8500.0,2023-12-22,Resale,,24860,"Greenville-Anderson-Greer, SC"
787689,45077,4053-08-99-9368,"17 DOWNS LOOP, CLEMSON, SC 29631",29631,SC,34.677109,-82.796180,SFR,1979.0,2.0,2.0,1375.0,,350000.0,2023-06-30,Resale,254.55,24860,"Greenville-Anderson-Greer, SC"
791698,45077,5122-04-54-6162,"92 JUBILEE LN, EASLEY, SC 29640",29640,SC,34.912876,-82.582065,MOBILE HOME,1985.0,3.0,3.0,1230.0,1.45,196000.0,2025-07-28,Resale,159.35,24860,"Greenville-Anderson-Greer, SC"
1206640,45077,5028-11-57-5311,"305 CLAY ST, EASLEY, SC 29642",29642,SC,34.811724,-82.580689,SFR,1979.0,3.0,2.0,1552.0,,311000.0,2026-02-27,Resale,200.39,24860,"Greenville-Anderson-Greer, SC"
1206646,45077,5028-11-65-9564,"128 PINEVIEW DR, EASLEY, SC 29642",29642,SC,34.806911,-82.575780,SFR,1978.0,3.0,2.0,1552.0,,103500.0,2024-12-19,Resale,66.69,24860,"Greenville-Anderson-Greer, SC"
1206659,45077,5028-08-77-6613,"110 CHARLTON CIR, EASLEY, SC 29642",29642,SC,34.812682,-82.573738,SFR,1962.0,3.0,2.0,1296.0,,155000.0,2026-02-19,Resale,119.6,24860,"Greenville-Anderson-Greer, SC"
1206663,45077,5028-07-77-1654,"102 CHARLTON CIR, EASLEY, SC 29642",29642,SC,34.812688,-82.575288,SFR,1969.0,3.0,2.0,1161.0,,232000.0,2026-01-22,Resale,199.83,24860,"Greenville-Anderson-Greer, SC"
1600380,45077,5039-07-59-8534,"114 CREST LN, EASLEY, SC 29640",29640,SC,34.845739,-82.546958,MOBILE HOME,2002.0,3.0,2.0,1568.0,0.5800046,213500.0,2024-08-28,Resale,136.16,24860,"Greenville-Anderson-Greer, SC"
1600383,45077,5130-17-00-5815,"308 ASHWOOD LN, EASLEY, SC 29640",29640,SC,34.849115,-82.564722,MOBILE HOME,1997.0,2.0,2.0,1560.0,,,2024-12-16,Resale,,24860,"Greenville-Anderson-Greer, SC"
1600392,45077,5130-17-00-2679,"305 ASHWOOD LN, EASLEY, SC 29640",29640,SC,34.848687,-82.565537,MOBILE HOME,1995.0,3.0,2.0,2110.0,0.56,,2026-05-18,Resale,,24860,"Greenville-Anderson-Greer, SC"
1621543,45077,5019-15-64-9875,"205 W B AVE, EASLEY, SC 29640",29640,SC,34.832065,-82.609527,SFR,1958.0,2.0,1.0,774.0,0.1699954,173000.0,2024-07-10,Resale,223.51,24860,"Greenville-Anderson-Greer, SC"
1621552,45077,5019-14-43-4537,"305 KATHERINE ST, EASLEY, SC 29640",29640,SC,34.828433,-82.617918,SFR,1950.0,3.0,2.0,2028.0,0.5239899,208000.0,2024-04-03,Resale,102.56,24860,"Greenville-Anderson-Greer, SC"
1621558,45077,5019-11-56-2499,"502 FLEETWOOD DR, EASLEY, SC 29640",29640,SC,34.836518,-82.615218,SFR,1940.0,2.0,2.0,1101.0,,229000.0,2024-03-13,Resale,207.99,24860,"Greenville-Anderson-Greer, SC"
1818313,45077,5029-14-32-7826,"301 OAKFIELD AVE, EASLEY, SC 29640",29640,SC,34.826884,-82.586953,SFR,1959.0,3.0,2.0,1200.0,0.75,243500.0,2023-11-21,Resale,202.92,24860,"Greenville-Anderson-Greer, SC"
1818314,45077,5029-11-65-3788,"203 PHILLIPS AVE, EASLEY, SC 29640",29640,SC,34.835026,-82.578197,SFR,1981.0,2.0,2.0,1094.0,,205000.0,2025-09-29,Resale,187.39,24860,"Greenville-Anderson-Greer, SC"
1818316,45077,5029-11-55-4630,"300 TURNER ST, EASLEY, SC 29640",29640,SC,34.834481,-82.581380,SFR,1924.0,3.0,2.0,1779.0,,140000.0,2023-12-11,Resale,78.7,24860,"Greenville-Anderson-Greer, SC"
1818323,45077,5029-11-55-9271,"110 COUCH ST, EASLEY, SC 29640",29640,SC,34.833455,-82.579584,MOBILE HOME,1991.0,3.0,1.0,1144.0,0.1899908,145000.0,2025-12-18,Resale,126.75,24860,"Greenville-Anderson-Greer, SC"
1818324,45077,5029-11-65-0230,"114 COUCH ST, EASLEY, SC 29640",29640,SC,34.833424,-82.579367,SFR,1963.0,2.0,1.0,609.0,,40000.0,2026-01-29,Resale,65.68,24860,"Greenville-Anderson-Greer, SC"
1818410,45077,4087-12-97-5203,"311 S PEACHTREE ST, LIBERTY, SC 29657",29657,SC,34.782428,-82.700090,SFR,1953.0,3.0,1.0,1026.0,0.4199954,169000.0,2025-10-20,Resale,164.72,24860,"Greenville-Anderson-Greer, SC"
1818417,45077,4097-09-05-3428,"330 ODELL ST, LIBERTY, SC 29657",29657,SC,34.777693,-82.697237,SFR,1966.0,2.0,1.0,802.0,0.2199954,192000.0,2025-06-02,Resale,239.4,24860,"Greenville-Anderson-Greer, SC"
1818422,45077,4097-05-19-7796,"34 PICKENS DR, LIBERTY, SC 29657",29657,SC,34.789500,-82.692580,SFR,1968.0,3.0,2.0,1542.0,0.5399908,336000.0,2025-09-05,Resale,217.9,24860,"Greenville-Anderson-Greer, SC"
1818428,45077,4097-09-07-4376,"537 MILLS AVE, LIBERTY, SC 29657",29657,SC,34.782906,-82.696869,VACANT LAND (NEC),,,,,2.62,65000.0,2024-07-18,Resale,,24860,"Greenville-Anderson-Greer, SC"
1818433,45077,4097-09-17-3156,"123 MEADOWBROOK DR, LIBERTY, SC 29657",29657,SC,34.782336,-82.693917,SFR,1965.0,3.0,2.0,2283.0,,,2025-11-20,Resale,,24860,"Greenville-Anderson-Greer, SC"
1831755,45077,5140-01-35-6276,"316 ANTIOCH RD, EASLEY, SC 29640",29640,SC,34.861788,-82.521116,SFR,1975.0,4.0,2.0,1323.0,0.81,300000.0,2026-02-12,Resale,226.76,24860,"Greenville-Anderson-Greer, SC"
1843130,45077,4086-00-63-1720,"112 CHANDLER DR, LIBERTY, SC 29657",29657,SC,34.745183,-82.710588,SFR,2002.0,3.0,2.0,1616.0,0.5100092,200000.0,2025-12-11,Resale,123.76,24860,"Greenville-Anderson-Greer, SC"
1843136,45077,4085-00-55-8522,"103 QUAIL LN, LIBERTY, SC 29657",29657,SC,34.722655,-82.711100,MOBILE HOME,1991.0,3.0,2.0,1068.0,1.6,114000.0,2025-01-03,Resale,106.74,24860,"Greenville-Anderson-Greer, SC"
1927022,45077,5019-19-70-2870,"207 S 7TH ST, EASLEY, SC 29640",29640,SC,34.820949,-82.608337,SFR,1920.0,3.0,1.0,1008.0,,58000.0,2026-02-02,Resale,57.54,24860,"Greenville-Anderson-Greer, SC"
1927024,45077,5018-07-58-6862,"140 MORNINGSIDE DR, EASLEY, SC 29640",29640,SC,34.815460,-82.613603,SFR,1993.0,2.0,2.0,1578.0,0.71,,,,,24860,"Greenville-Anderson-Greer, SC"
1927026,45077,5019-20-91-6081,"102 MCBEE AVE, EASLEY, SC 29640",29640,SC,34.821651,-82.600330,SFR,1951.0,3.0,1.0,1920.0,,195000.0,2025-11-04,Resale,101.56,24860,"Greenville-Anderson-Greer, SC"
1927027,45077,5019-19-51-5431,"606 W 4TH AVE, EASLEY, SC 29640",29640,SC,34.822554,-82.614143,SFR,1948.0,2.0,1.0,784.0,,59000.0,2025-12-10,Resale,75.26,24860,"Greenville-Anderson-Greer, SC"
1949589,45077,5111-00-87-0428,"384 HOOD RD, EASLEY, SC 29640",29640,SC,34.894293,-82.607183,SFR,1981.0,3.0,2.0,2801.0,1.778,1000.0,2024-08-23,Resale,0.36,24860,"Greenville-Anderson-Greer, SC"
1949597,45077,5039-17-00-3626,"104 GINGER LN, EASLEY, SC 29642",29642,SC,34.821116,-82.564831,SFR,1970.0,3.0,2.0,1531.0,,277000.0,2025-05-02,Resale,180.93,24860,"Greenville-Anderson-Greer, SC"
1949599,45077,5038-09-17-0120,"304 HUNTINGTON RD, EASLEY, SC 29642",29642,SC,34.811368,-82.562366,SFR,1978.0,3.0,2.0,2104.0,,400000.0,2025-01-07,Resale,190.11,24860,"Greenville-Anderson-Greer, SC"
1949609,45077,5038-05-08-3192,"102 OXFORD CT, EASLEY, SC 29642",29642,SC,34.814147,-82.564508,SFR,1987.0,3.0,3.0,2283.0,,430000.0,2025-04-14,Resale,188.35,24860,"Greenville-Anderson-Greer, SC"
1949611,45077,5038-05-08-5449,"702 HUNTINGTON RD, EASLEY, SC 29642",29642,SC,34.815160,-82.564003,SFR,1988.0,7.0,4.0,3290.0,,399900.0,2024-03-22,Resale,121.55,24860,"Greenville-Anderson-Greer, SC"
1949613,45077,5038-05-08-2560,"701 HUNTINGTON RD, EASLEY, SC 29642",29642,SC,34.815185,-82.564940,SFR,1979.0,4.0,3.0,1452.0,0.46,60391.0,2025-06-30,Resale,41.59,24860,"Greenville-Anderson-Greer, SC"
2266303,45077,5037-05-29-3797,"104 OVERLOOK CT, EASLEY, SC 29642",29642,SC,34.791274,-82.557416,SFR,1995.0,4.0,4.0,3981.0,,575000.0,2024-05-31,Resale,144.44,24860,"Greenville-Anderson-Greer, SC"
2320026,45077,4131-00-53-4143,"327 ALEXANDER DR, SUNSET, SC 29685",29685,SC,34.878511,-82.882307,MOBILE HOME,,3.0,2.0,1201.0,,735724.0,2025-01-07,Resale,612.59,24860,"Greenville-Anderson-Greer, SC"
2353454,45077,4182-09-25-2199,"181 BROOKSIDE CIR, PICKENS, SC 29671",29671,SC,34.913946,-82.726754,SFR,1983.0,3.0,2.5,1660.0,1.29,440000.0,2026-01-05,Resale,265.06,24860,"Greenville-Anderson-Greer, SC"
2353458,45077,4182-14-24-7270,"108 BROOKSIDE CIR, PICKENS, SC 29671",29671,SC,34.911156,-82.725097,SFR,1978.0,3.0,2.0,1938.0,,,2024-02-01,Resale,,24860,"Greenville-Anderson-Greer, SC"
2356227,45077,5008-11-65-7439,"104 SHERRY LN, EASLEY, SC 29640",29640,SC,34.805902,-82.643158,SFR,1979.0,3.0,3.0,1248.0,,240000.0,2024-06-20,Resale,192.31,24860,"Greenville-Anderson-Greer, SC"
2356237,45077,5018-05-09-3490,"3339 GREENVILLE HWY, EASLEY, SC 29640",29640,SC,34.816912,-82.631282,SFR,1952.0,3.0,2.0,1438.0,2.0,259000.0,2023-06-29,Resale,180.11,24860,"Greenville-Anderson-Greer, SC"
2356242,45077,5008-08-98-9007,"140 ROLLINGWOOD DR, EASLEY, SC 29640",29640,SC,34.813166,-82.632681,SFR,1996.0,3.0,2.0,1207.0,,,2024-10-08,Resale,,24860,"Greenville-Anderson-Greer, SC"
2356243,45077,5018-05-08-3033,"132 ROLLINGWOOD DR, EASLEY, SC 29640",29640,SC,34.813057,-82.631298,SFR,1996.0,3.0,2.0,1152.0,0.8399908,210000.0,2023-06-15,Resale,182.29,24860,"Greenville-Anderson-Greer, SC"
2420151,45077,5038-15-63-0058,"103 OAKCREEK DR, EASLEY, SC 29642",29642,SC,34.800524,-82.545366,SFR,1990.0,3.0,3.0,1945.0,,270000.0,2025-08-20,Resale,138.82,24860,"Greenville-Anderson-Greer, SC"
2420163,45077,5038-15-74-4034,"706 WEXFORD WAY, EASLEY, SC 29642",29642,SC,34.803251,-82.540825,SFR,2001.0,3.0,1.5,2296.0,0.4,499900.0,2023-08-21,Resale,217.73,24860,"Greenville-Anderson-Greer, SC"
2420166,45077,5038-15-73-2565,"405 CREEK DR, EASLEY, SC 29642",29642,SC,34.801883,-82.541366,SFR,1990.0,3.0,2.0,1774.0,0.1899908,285000.0,2026-01-22,Resale,160.65,24860,"Greenville-Anderson-Greer, SC"
2420171,45077,5038-15-63-9808,"211 CREEK DR, EASLEY, SC 29642",29642,SC,34.802776,-82.542588,SFR,1991.0,4.0,2.0,1931.0,,274000.0,2024-05-17,Resale,141.9,24860,"Greenville-Anderson-Greer, SC"
2445511,45077,5038-16-84-2857,"428 WEXFORD WAY, EASLEY, SC 29642",29642,SC,34.805545,-82.538155,SFR,1997.0,3.0,3.0,2089.0,0.4489899,578000.0,2024-05-24,Resale,276.69,24860,"Greenville-Anderson-Greer, SC"
2445518,45077,5038-16-84-2430,"106 LOCKMERE CT, EASLEY, SC 29642",29642,SC,34.804258,-82.538181,SFR,1996.0,3.0,3.0,2412.0,,535000.0,2025-05-16,Resale,221.81,24860,"Greenville-Anderson-Greer, SC"
2445519,45077,5038-16-84-1449,"102 LOCKMERE CT, EASLEY, SC 29642",29642,SC,34.804498,-82.538491,SFR,1996.0,3.0,2.5,2329.0,0.46,605000.0,2024-09-30,Resale,259.77,24860,"Greenville-Anderson-Greer, SC"
2445521,45077,5038-16-84-2682,"103 LOCKMERE CT, EASLEY, SC 29642",29642,SC,34.804855,-82.538034,SFR,1995.0,4.0,3.0,2175.0,,500000.0,2023-11-09,Resale,229.89,24860,"Greenville-Anderson-Greer, SC"
2445692,45077,4096-00-67-9615,"210 CASSELL RD, LIBERTY, SC 29657",29657,SC,34.756150,-82.674941,RESIDENTIAL - VACANT LAND,1920.0,3.0,1.0,1470.0,3.94,,2024-12-30,Resale,,24860,"Greenville-Anderson-Greer, SC"
2460459,45077,4053-12-86-3263,"129 HOLLY AVE, CLEMSON, SC 29631",29631,SC,34.668375,-82.801389,SFR,1956.0,3.0,2.0,1808.0,0.4300046,377500.0,2025-04-01,Resale,208.79,24860,"Greenville-Anderson-Greer, SC"
2481005,45077,4190-20-71-9744,"307 FAIRWAY DR, PICKENS, SC 29671",29671,SC,34.849762,-82.673634,SFR,1995.0,3.0,3.0,1920.0,1.75,586000.0,2025-11-17,Resale,305.21,24860,"Greenville-Anderson-Greer, SC"
2497340,45077,4097-10-36-0188,"206 HILLCREST LN, LIBERTY, SC 29657",29657,SC,34.779712,-82.688132,MOBILE HOME,2012.0,3.0,,1280.0,0.3399908,95450.0,2024-06-14,New Construction,74.57,24860,"Greenville-Anderson-Greer, SC"
2497343,45077,4097-10-26-6183,"104 WOODHAVEN DR, LIBERTY, SC 29657",29657,SC,34.779566,-82.689448,RESIDENTIAL - VACANT LAND,,,,,,20000.0,2024-01-18,Resale,,24860,"Greenville-Anderson-Greer, SC"
2497346,45077,4097-10-37-0437,"202 W BEATTIE ST, LIBERTY, SC 29657",29657,SC,34.783295,-82.688326,SFR,1920.0,2.0,1.0,928.0,,218000.0,2025-06-30,Resale,234.91,24860,"Greenville-Anderson-Greer, SC"
2516565,45077,5019-15-62-5686,"101 GILLILAND AVE, EASLEY, SC 29640",29640,SC,34.826039,-82.610733,SFR,1940.0,2.0,1.0,798.0,0.1100092,,2024-10-10,Resale,,24860,"Greenville-Anderson-Greer, SC"
2516566,45077,5019-15-62-8882,"205 S 5TH ST, EASLEY, SC 29640",29640,SC,34.826499,-82.609752,VACANT LAND (NEC),1950.0,2.0,1.0,1316.0,0.44,160000.0,2023-10-06,Resale,121.58,24860,"Greenville-Anderson-Greer, SC"
2516569,45077,5019-15-62-3534,"408 W 2ND AVE, EASLEY, SC 29640",29640,SC,34.825662,-82.611567,SFR,1930.0,3.0,2.0,1086.0,,195000.0,2024-12-30,Resale,179.56,24860,"Greenville-Anderson-Greer, SC"
2583016,45077,4099-00-61-7088,"300 MORNING DEW CT, LIBERTY, SC 29657",29657,SC,34.820742,-82.676641,MOBILE HOME,1997.0,3.0,3.0,1404.0,,,2023-10-05,Resale,,24860,"Greenville-Anderson-Greer, SC"
2583017,45077,4099-00-61-8128,"218 MORNING DEW CT, LIBERTY, SC 29657",29657,SC,34.821052,-82.676498,RESIDENTIAL - VACANT LAND,,,,,0.5690083,70000.0,2025-10-29,Resale,,24860,"Greenville-Anderson-Greer, SC"
2583023,45077,4099-00-61-2812,"102 WINTER GREEN LN, LIBERTY, SC 29657",29657,SC,34.822783,-82.678582,MOBILE HOME,1996.0,2.0,2.0,1425.0,0.58,500000.0,2023-06-12,Resale,350.88,24860,"Greenville-Anderson-Greer, SC"
2838401,45077,5028-07-58-0064,"200 CAMILLE ST, EASLEY, SC 29642",29642,SC,34.813685,-82.582284,SFR,1974.0,3.0,2.0,1562.0,,270000.0,2025-08-13,Resale,172.86,24860,"Greenville-Anderson-Greer, SC"
2928535,45077,5008-10-46-8603,"202 SHERWOOD RD, EASLEY, SC 29640",29640,SC,34.808968,-82.649633,SFR,1972.0,2.0,2.0,998.0,,215000.0,2025-09-19,Resale,215.43,24860,"Greenville-Anderson-Greer, SC"
3027735,45077,4065-17-11-3538,"117 WALNUT ST, CENTRAL, SC 29630",29630,SC,34.710667,-82.792450,SFR,1966.0,2.0,1.0,1608.0,,195000.0,2024-05-01,Resale,121.27,24860,"Greenville-Anderson-Greer, SC"
3027739,45077,4065-17-00-4390,"115 HEATHER HILL DR, CENTRAL, SC 29630",29630,SC,34.707139,-82.795126,SFR,1890.0,5.0,5.0,4156.0,3.71,,2025-08-01,Resale,,24860,"Greenville-Anderson-Greer, SC"
3027740,45077,4065-05-09-4111,"140 MCJUNKIN RD, CENTRAL, SC 29630",29630,SC,34.731340,-82.795884,SFR,1951.0,2.0,1.0,952.0,0.8100092,66000.0,2025-10-15,Resale,69.33,24860,"Greenville-Anderson-Greer, SC"
3143813,45077,4098-05-17-6784,"112 GOLDEN SPRINGS DR, LIBERTY, SC 29657",29657,SC,34.811441,-82.693442,SFR,1997.0,3.0,2.0,1338.0,1.42,250000.0,2023-08-07,Resale,186.85,24860,"Greenville-Anderson-Greer, SC"
3143821,45077,4098-05-18-9617,"104 AUBREY LN, LIBERTY, SC 29657",29657,SC,34.813993,-82.692722,SFR,2001.0,3.0,2.0,1421.0,0.37,,2026-04-27,Resale,,24860,"Greenville-Anderson-Greer, SC"
3143823,45077,4099-10-35-3288,"500 HAMPTON RD, LIBERTY, SC 29657",29657,SC,34.832210,-82.688107,SFR,2001.0,4.0,2.0,1732.0,0.57,293000.0,2023-08-31,Resale,169.17,24860,"Greenville-Anderson-Greer, SC"
3205552,45077,5131-02-65-7160,"207 SHADE TREE CIR, EASLEY, SC 29640",29640,SC,34.888493,-82.544587,MOBILE HOME,1990.0,3.0,2.0,1792.0,,220000.0,2025-07-29,Resale,122.77,24860,"Greenville-Anderson-Greer, SC"
3231190,45077,5049-05-28-0288,"113 HARVARD LN, EASLEY, SC 29640",29640,SC,34.842517,-82.526055,SFR,1994.0,3.0,2.0,1320.0,,312000.0,2024-09-13,Resale,236.36,24860,"Greenville-Anderson-Greer, SC"
3246016,45077,5059-17-12-5178,"134 QUAIL HAVEN DR, EASLEY, SC 29642",29642,SC,34.826161,-82.494134,SFR,1978.0,3.0,2.0,1236.0,,255000.0,2025-10-17,Resale,206.31,24860,"Greenville-Anderson-Greer, SC"
3414618,45077,5019-12-95-5987,"201 E C AVE, EASLEY, SC 29640",29640,SC,34.835254,-82.600911,SFR,1946.0,3.0,1.0,1278.0,,175000.0,2025-10-16,Resale,136.93,24860,"Greenville-Anderson-Greer, SC"
3414619,45077,5029-10-26-9609,"112 CLEVELAND ST, EASLEY, SC 29640",29640,SC,34.837365,-82.589865,SFR,1920.0,3.0,1.0,1364.0,,167000.0,2025-01-16,Resale,122.43,24860,"Greenville-Anderson-Greer, SC"
3414622,45077,5120-17-01-0379,"303 ASBURY CIR, EASLEY, SC 29640",29640,SC,34.850141,-82.599591,SFR,1980.0,3.0,2.0,2373.0,0.53,405500.0,2026-03-19,Resale,170.88,24860,"Greenville-Anderson-Greer, SC"
3777698,45077,5027-06-29-5952,"918 PELZER HWY, EASLEY, SC 29642",29642,SC,34.791324,-82.590247,SFR,1988.0,3.0,2.0,1744.0,0.6699954,285000.0,2024-07-03,Resale,163.42,24860,"Greenville-Anderson-Greer, SC"
3777712,45077,5027-00-04-0384,"572 ZION CHURCH RD, EASLEY, SC 29642",29642,SC,34.775872,-82.598118,SFR,1970.0,3.0,2.0,2013.0,0.9699954,340000.0,2024-08-19,Resale,168.9,24860,"Greenville-Anderson-Greer, SC"
3777714,45077,5017-00-92-1769,"408 BAKERVILLE RD, EASLEY, SC 29642",29642,SC,34.771506,-82.601112,SFR,1992.0,3.0,1.5,1146.0,0.718,,2024-04-16,Resale,,24860,"Greenville-Anderson-Greer, SC"
4461676,45077,5038-18-30-5095,"606 SHEFWOOD DR, EASLEY, SC 29642",29642,SC,34.792080,-82.553384,SFR,1996.0,4.0,4.0,2731.0,0.6399908,,2024-08-14,Resale,,24860,"Greenville-Anderson-Greer, SC"
4536870,45077,5029-11-66-6667,"502 GRANT ST, EASLEY, SC 29640",29640,SC,34.837479,-82.577353,SFR,1945.0,2.0,1.0,876.0,,175000.0,2024-03-21,Resale,199.77,24860,"Greenville-Anderson-Greer, SC"
4538462,45077,5009-18-42-2231,"209 HAYWOOD ACRES DR, EASLEY, SC 29640",29640,SC,34.824237,-82.651993,SFR,1997.0,3.0,2.0,1307.0,0.5699954,5000.0,2023-09-28,Resale,3.83,24860,"Greenville-Anderson-Greer, SC"
4542609,45077,5029-18-32-9206,"212 GRACE AVE, EASLEY, SC 29640",29640,SC,34.825257,-82.586323,SFR,1954.0,2.0,2.0,1218.0,,240000.0,2024-09-06,Resale,197.04,24860,"Greenville-Anderson-Greer, SC"
4618151,45077,5112-04-71-4291,"1615 JAMESON RD, EASLEY, SC 29640",29640,SC,34.904531,-82.609043,MOBILE HOME,2000.0,3.0,2.0,2128.0,1.01,190000.0,2024-06-28,Resale,89.29,24860,"Greenville-Anderson-Greer, SC"
4618166,45077,4099-00-62-0426,"193 W BAGWELL RD, LIBERTY, SC 29657",29657,SC,34.824571,-82.679200,MOBILE HOME,1998.0,3.0,2.0,1170.0,,50000.0,2024-09-17,Resale,42.74,24860,"Greenville-Anderson-Greer, SC"
4618173,45077,4059-17-20-3726,"172 BRIDWELL RD, SIX MILE, SC 29682",29682,SC,34.818084,-82.824903,RESIDENTIAL - VACANT LAND,,,,1216.0,0.6699954,18000.0,2025-11-10,Resale,14.8,24860,"Greenville-Anderson-Greer, SC"
4618178,45077,4099-00-61-6221,"108 GOLDEN GLADE CT, LIBERTY, SC 29657",29657,SC,34.821069,-82.677127,MOBILE HOME,1999.0,3.0,2.0,1174.0,0.573,40000.0,2026-03-26,Resale,34.07,24860,"Greenville-Anderson-Greer, SC"
4618179,45077,5027-08-78-7616,"136 RUBY DR, EASLEY, SC 29642",29642,SC,34.788326,-82.572103,MOBILE HOME,1994.0,2.0,2.0,1216.0,1.59,90000.0,2024-12-09,Resale,74.01,24860,"Greenville-Anderson-Greer, SC"
4618181,45077,5100-00-48-7231,"109 RAYFIELD DR, EASLEY, SC 29640",29640,SC,34.868216,-82.650985,MOBILE HOME,1999.0,3.0,2.0,1199.0,0.8399908,50000.0,2025-11-13,Resale,41.7,24860,"Greenville-Anderson-Greer, SC"
4618190,45077,4065-14-43-4999,"127 DAVIS ST, CENTRAL, SC 29630",29630,SC,34.717486,-82.782033,MOBILE HOME,1984.0,2.0,2.0,1449.0,,62000.0,2025-07-25,Resale,42.79,24860,"Greenville-Anderson-Greer, SC"
4618206,45077,4077-20-90-4145,"112 W FREEDOM WOOD DR, LIBERTY, SC 29657",29657,SC,34.762592,-82.733205,MOBILE HOME,2003.0,4.0,2.0,1680.0,1.0,,2026-02-09,Resale,,24860,"Greenville-Anderson-Greer, SC"
4618211,45077,4048-08-79-6481,"301 GRIGGS RD, SIX MILE, SC 29682",29682,SC,34.813841,-82.840174,RESIDENTIAL - VACANT LAND,,,,,0.9699954,500000.0,2023-06-12,Resale,,24860,"Greenville-Anderson-Greer, SC"
4618216,45077,4059-17-10-5651,"137 BRIDWELL RD, SIX MILE, SC 29682",29682,SC,34.817512,-82.827426,MOBILE HOME,2001.0,3.0,2.0,1510.0,0.92,500000.0,2023-06-12,Resale,331.13,24860,"Greenville-Anderson-Greer, SC"
4618222,45077,5140-14-33-6915,"113 WOODBINE TRL, EASLEY, SC 29640",29640,SC,34.857951,-82.521679,MOBILE HOME,1989.0,2.0,2.0,1515.0,,140000.0,2024-02-08,Resale,92.41,24860,"Greenville-Anderson-Greer, SC"
4618226,45077,4046-04-83-3634,"932 OLD SIX MILE RD, CENTRAL, SC 29630",29630,SC,34.742667,-82.836319,TAX EXEMPT,1998.0,3.0,2.0,2128.0,0.8179982,105000.0,2025-01-23,REO (Real Estate-Owned),49.34,24860,"Greenville-Anderson-Greer, SC"
4618227,45077,5009-15-63-8080,"180 DEARBORN LN, EASLEY, SC 29640",29640,SC,34.826551,-82.643042,MOBILE HOME,1989.0,3.0,2.0,1674.0,0.5,50000.0,2024-04-03,Resale,29.87,24860,"Greenville-Anderson-Greer, SC"
4618230,45077,5130-00-89-2495,"304 JIM HUNT RD, EASLEY, SC 29640",29640,SC,34.873048,-82.539254,RESIDENTIAL - VACANT LAND,,,,,,70000.0,2023-12-27,Resale,,24860,"Greenville-Anderson-Greer, SC"
4618231,45077,4099-00-62-1206,"201 W BAGWELL RD, LIBERTY, SC 29657",29657,SC,34.824038,-82.678941,MOBILE HOME,1999.0,3.0,2.0,1057.0,0.58,500000.0,2023-06-12,Resale,473.04,24860,"Greenville-Anderson-Greer, SC"
4618241,45077,5018-13-03-4870,"843 BLACK SNAKE RD, EASLEY, SC 29640",29640,SC,34.801495,-82.630602,MOBILE HOME,2001.0,3.0,2.0,1722.0,0.917011,,2025-05-07,Resale,,24860,"Greenville-Anderson-Greer, SC"
4618251,45077,5018-19-71-2384,"1024 JOHNSON RD, EASLEY, SC 29642",29642,SC,34.794964,-82.607804,RESIDENTIAL - VACANT LAND,,,,,0.565,25000.0,2026-05-06,Resale,,24860,"Greenville-Anderson-Greer, SC"
4618262,45077,5009-15-73-1069,"172 DEARBORN LN, EASLEY, SC 29640",29640,SC,34.826824,-82.642101,MOBILE HOME,1994.0,3.0,2.0,1680.0,0.5100092,10000.0,2025-11-20,Resale,5.95,24860,"Greenville-Anderson-Greer, SC"
4618263,45077,5100-18-31-6271,"133 CEDAR ROCK CHURCH RD, EASLEY, SC 29640",29640,SC,34.849027,-82.654134,MOBILE HOME,2004.0,4.0,2.0,2432.0,1.2,274900.0,2025-12-03,Resale,113.03,24860,"Greenville-Anderson-Greer, SC"
4618265,45077,5131-02-65-5599,"124 SHADE TREE CIR, EASLEY, SC 29640",29640,SC,34.889891,-82.545190,MOBILE HOME,1991.0,3.0,2.0,1248.0,,99000.0,2024-06-18,Resale,79.33,24860,"Greenville-Anderson-Greer, SC"
4618267,45077,4191-12-76-5843,"105 S GLASSY MOUNTAIN RD, PICKENS, SC 29671",29671,SC,34.891596,-82.675468,RESIDENTIAL - VACANT LAND,,,,,0.6899908,16000.0,2023-10-10,Resale,,24860,"Greenville-Anderson-Greer, SC"
4618296,45077,5131-04-64-6670,"127 CARMEL WOODS DR, EASLEY, SC 29640",29640,SC,34.887123,-82.544915,RESIDENTIAL - VACANT LAND,1987.0,3.0,2.0,1248.0,0.57,,2023-11-07,Resale,,24860,"Greenville-Anderson-Greer, SC"
4618300,45077,4150-00-36-1489,"151 ROLLING HILLS RD, SIX MILE, SC 29682",29682,SC,34.861199,-82.822709,MOBILE HOME,1999.0,3.0,2.0,1716.0,2.19,99000.0,2025-11-07,Resale,57.69,24860,"Greenville-Anderson-Greer, SC"
4618351,45077,5100-18-41-5321,"104 MCCALL LN, EASLEY, SC 29640",29640,SC,34.849294,-82.651336,MOBILE HOME,1986.0,2.0,2.0,1390.0,,190000.0,2025-08-12,Resale,136.69,24860,"Greenville-Anderson-Greer, SC"
4618360,45077,5009-19-61-2214,"204 REDFERN CT, EASLEY, SC 29640",29640,SC,34.821695,-82.645206,MOBILE HOME,2002.0,3.0,2.0,1887.0,0.6899908,,2023-08-11,Resale,,24860,"Greenville-Anderson-Greer, SC"
4618368,45077,5019-05-28-1904,"501 JESSICA CT, EASLEY, SC 29640",29640,SC,34.843095,-82.625976,MOBILE HOME,2000.0,3.0,2.0,1800.0,0.21,,,,,24860,"Greenville-Anderson-Greer, SC"
4618374,45077,5019-17-10-8066,"126 FRUIT MOUNTAIN RD, EASLEY, SC 29640",29640,SC,34.818715,-82.626411,VACANT LAND (NEC),1980.0,3.0,1.0,1352.0,,,2023-08-30,Resale,,24860,"Greenville-Anderson-Greer, SC"
4618376,45077,4150-00-04-8098,"175 DUNCAN RD, SIX MILE, SC 29682",29682,SC,34.854330,-82.830242,VACANT LAND (NEC),2001.0,3.0,2.0,1792.0,1.0,60000.0,2024-03-21,Resale,33.48,24860,"Greenville-Anderson-Greer, SC"
4618385,45077,4048-08-79-5445,"305 GRIGGS RD, SIX MILE, SC 29682",29682,SC,34.813939,-82.840659,RESIDENTIAL - VACANT LAND,,,,924.0,1.27,103500.0,2023-11-29,Resale,112.01,24860,"Greenville-Anderson-Greer, SC"
4618388,45077,5027-00-12-6136,"723 ZION CHURCH RD, EASLEY, SC 29642",29642,SC,34.769986,-82.592993,MOBILE HOME,2000.0,2.0,2.0,1920.0,0.9,103500.0,2024-12-18,Resale,53.91,24860,"Greenville-Anderson-Greer, SC"
4618389,45077,4181-18-32-9201,"925 W MAIN ST, PICKENS, SC 29671",29671,SC,34.878295,-82.720684,SFR,1950.0,3.0,2.0,908.0,,250000.0,2023-11-16,Resale,275.33,24860,"Greenville-Anderson-Greer, SC"
4618403,45077,4175-02-56-7507,"114 WOODMERE DR, PICKENS, SC 29671",29671,SC,34.999771,-82.750505,VACANT LAND (NEC),,,,,0.9,,2026-04-06,Resale,,24860,"Greenville-Anderson-Greer, SC"
4618404,45077,4175-01-17-5628,"105 WINDCREST TRL, PICKENS, SC 29671",29671,SC,35.002631,-82.764517,VACANT LAND (NEC),,,,,,10000.0,2025-07-31,Resale,,24860,"Greenville-Anderson-Greer, SC"
4618405,45077,5049-16-74-9629,"149 EVELYN RD, EASLEY, SC 29640",29640,SC,34.832927,-82.506415,MOBILE HOME,1985.0,3.0,2.0,1680.0,0.64,30000.0,2026-05-06,Resale,17.86,24860,"Greenville-Anderson-Greer, SC"
4618408,45077,5018-09-15-0556,"106 27TH ST, EASLEY, SC 29640",29640,SC,34.806288,-82.628773,MOBILE HOME,1997.0,3.0,2.0,1614.0,,,2023-11-29,Resale,,24860,"Greenville-Anderson-Greer, SC"
4618409,45077,4172-00-64-5279,"145 ARTIE DR, PICKENS, SC 29671",29671,SC,34.911414,-82.745460,MOBILE HOME,1973.0,3.0,2.0,1344.0,1.0,14000.0,2024-06-25,Resale,10.42,24860,"Greenville-Anderson-Greer, SC"
4618424,45077,4048-00-38-9803,"122 GIN SHOALS RD, SIX MILE, SC 29682",29682,SC,34.812165,-82.852714,MOBILE HOME,2005.0,4.0,2.0,2128.0,1.88,75000.0,2025-10-27,Resale,35.24,24860,"Greenville-Anderson-Greer, SC"
4618436,45077,5132-03-20-4562,"247 GLENN ST, EASLEY, SC 29640",29640,SC,34.903223,-82.559306,MOBILE HOME,1999.0,3.0,2.0,1782.0,0.9600092,2800.0,2025-03-06,Resale,1.57,24860,"Greenville-Anderson-Greer, SC"
4618450,45077,5135-00-25-2804,"371 FOREST DALE RD, MARIETTA, SC 29661",29661,SC,35.000222,-82.561791,MOBILE HOME,1999.0,3.0,2.0,1678.0,0.81,235000.0,2026-04-08,Resale,140.05,24860,"Greenville-Anderson-Greer, SC"
4618470,45077,5144-00-12-6851,"225 WAGON FORD RD, EASLEY, SC 29640",29640,SC,34.964845,-82.529664,MOBILE HOME,1999.0,3.0,2.0,1792.0,0.75,185000.0,2023-08-09,Resale,103.24,24860,"Greenville-Anderson-Greer, SC"
4618483,45077,5101-00-40-8584,"311 TABOR WOODS RD, PICKENS, SC 29671",29671,SC,34.874654,-82.650658,MOBILE HOME,1993.0,3.0,,1248.0,1.09,115000.0,2025-09-03,Resale,92.15,24860,"Greenville-Anderson-Greer, SC"
4618499,45077,5140-19-50-0198,"313 FRONTIER DR, EASLEY, SC 29640",29640,SC,34.847874,-82.516111,MOBILE HOME,1998.0,3.0,2.0,2029.0,,,2025-09-19,Resale,,24860,"Greenville-Anderson-Greer, SC"
4622673,45077,5038-05-29-4019,"109 LENNOX LN, EASLEY, SC 29642",29642,SC,34.816901,-82.557832,SFR,2002.0,2.0,2.0,1475.0,,280000.0,2023-08-07,Resale,189.83,24860,"Greenville-Anderson-Greer, SC"
4622677,45077,5121-00-74-9333,"230 JENNY LN, EASLEY, SC 29640",29640,SC,34.886080,-82.573997,MOBILE HOME,1998.0,3.0,2.0,1680.0,,81000.0,2024-01-09,Resale,48.21,24860,"Greenville-Anderson-Greer, SC"
4622718,45077,5018-20-81-6064,"324 APPLE HILL RD, EASLEY, SC 29642",29642,SC,34.794206,-82.603197,MOBILE HOME,1991.0,2.0,2.0,1008.0,,,2025-05-08,Resale,,24860,"Greenville-Anderson-Greer, SC"
4622724,45077,4171-00-28-1932,"2020 MEECE MILL RD, PICKENS, SC 29671",29671,SC,34.896112,-82.760256,SFR,1971.0,2.0,2.0,1188.0,1.0,,2025-12-30,Resale,,24860,"Greenville-Anderson-Greer, SC"
4622733,45077,4181-20-91-3963,"206 JEFFERSON ST, PICKENS, SC 29671",29671,SC,34.877783,-82.702491,VACANT LAND (NEC),1940.0,2.0,1.0,1419.0,,50000.0,2023-10-16,Resale,35.24,24860,"Greenville-Anderson-Greer, SC"
4622735,45077,4181-12-85-5117,"145 QUEENS CT, PICKENS, SC 29671",29671,SC,34.886668,-82.705486,SFR,1966.0,4.0,3.0,2202.0,,357000.0,2025-04-01,Resale,162.13,24860,"Greenville-Anderson-Greer, SC"
4622736,45077,4181-19-50-3557,"220 LAKEWOOD DR, PICKENS, SC 29671",29671,SC,34.873860,-82.715746,SFR,1996.0,3.0,2.0,1252.0,,225000.0,2023-07-05,Resale,179.71,24860,"Greenville-Anderson-Greer, SC"
4622742,45077,5039-20-90-9749,"199 LAKE FOREST CIR, EASLEY, SC 29642",29642,SC,34.821890,-82.532652,SFR,1989.0,4.0,4.0,2290.0,1.31,500000.0,2026-02-12,Resale,218.34,24860,"Greenville-Anderson-Greer, SC"
4622747,45077,5018-06-29-9390,"216 BLACK SNAKE RD, EASLEY, SC 29640",29640,SC,34.816673,-82.622538,SFR,,3.0,2.0,1110.0,0.2399908,210000.0,2023-08-30,Resale,189.19,24860,"Greenville-Anderson-Greer, SC"
4622748,45077,5019-13-12-0604,"162 BOXWOOD LN, EASLEY, SC 29640",29640,SC,34.825739,-82.629309,SFR,1972.0,3.0,3.0,1120.0,0.3899908,263500.0,2023-07-06,Resale,235.27,24860,"Greenville-Anderson-Greer, SC"
4622751,45077,4044-16-84-9178,"1108 TIGER BLVD APT 129, CLEMSON, SC 29631",29631,SC,34.689753,-82.833108,TOWNHOUSE/ROWHOUSE,1975.0,2.0,2.0,1048.0,,126000.0,2023-08-31,Resale,120.23,24860,"Greenville-Anderson-Greer, SC"
4622757,45077,4044-16-94-1193,"1108 TIGER BLVD APT 136, CLEMSON, SC 29631",29631,SC,34.689648,-82.832365,TOWNHOUSE/ROWHOUSE,1975.0,2.0,2.0,1040.0,,150000.0,2024-09-25,Resale,144.23,24860,"Greenville-Anderson-Greer, SC"
4622758,45077,4044-16-94-1174,"1108 TIGER BLVD, CLEMSON, SC 29631",29631,SC,34.689666,-82.832418,TOWNHOUSE/ROWHOUSE,1975.0,2.0,1.5,1040.0,0.087,465000.0,2025-04-21,Resale,447.12,24860,"Greenville-Anderson-Greer, SC"
4622761,45077,4044-16-94-5252,"1108 TIGER BLVD APT 158, CLEMSON, SC 29631",29631,SC,34.689897,-82.831176,TOWNHOUSE/ROWHOUSE,1975.0,2.0,1.25,1018.0,,150000.0,2024-12-18,Resale,147.35,24860,"Greenville-Anderson-Greer, SC"
4622763,45077,4044-16-94-0322,"1108 TIGER BLVD APT 115, CLEMSON, SC 29631",29631,SC,34.690145,-82.832916,TOWNHOUSE/ROWHOUSE,1975.0,2.0,2.0,1013.0,,157000.0,2025-06-30,Resale,154.99,24860,"Greenville-Anderson-Greer, SC"
4622770,45077,4064-09-06-1431,"321 PRINCESS GRACE AVE, CLEMSON, SC 29631",29631,SC,34.696438,-82.796094,SFR,1979.0,3.0,2.0,1682.0,0.666,150000.0,2023-08-10,Resale,89.18,24860,"Greenville-Anderson-Greer, SC"
4622774,45077,4054-18-41-5742,"207 BROOK ST, CLEMSON, SC 29631",29631,SC,34.683268,-82.814445,SFR,1960.0,3.0,1.5,1418.0,0.4,270000.0,2024-07-02,Resale,190.41,24860,"Greenville-Anderson-Greer, SC"
4622786,45077,5018-12-86-0298,"204 HIGH RIDGE CT, EASLEY, SC 29642",29642,SC,34.808567,-82.605401,SFR,2002.0,4.0,2.0,2175.0,0.2600092,297000.0,2024-06-14,Resale,136.55,24860,"Greenville-Anderson-Greer, SC"
4622789,45077,5018-12-86-0438,"105 UPWARD WAY, EASLEY, SC 29642",29642,SC,34.809115,-82.605588,SFR,2002.0,4.0,3.0,2300.0,0.2600092,349900.0,2024-03-27,Resale,152.13,24860,"Greenville-Anderson-Greer, SC"
4622801,45077,4086-00-56-8624,"325 CROWFIELD DR, LIBERTY, SC 29657",29657,SC,34.753203,-82.711893,SFR,2002.0,4.0,3.0,2157.0,0.5800046,127000.0,2024-04-12,Resale,58.88,24860,"Greenville-Anderson-Greer, SC"
4622823,45077,4089-12-75-9648,"5664 MOOREFIELD MEMORIAL HWY, LIBERTY, SC 29657",29657,SC,34.833050,-82.706283,SFR,,3.0,1.0,1500.0,1.32,250000.0,2025-07-07,Resale,166.67,24860,"Greenville-Anderson-Greer, SC"
4622827,45077,4097-10-37-3322,"303 W BEATTIE ST, LIBERTY, SC 29657",29657,SC,34.782888,-82.687363,SFR,1925.0,2.0,1.0,928.0,,,2024-12-18,Resale,,24860,"Greenville-Anderson-Greer, SC"
4622829,45077,4097-10-37-0239,"5 HUNT AVE, LIBERTY, SC 29657",29657,SC,34.782784,-82.688336,SFR,1926.0,2.0,1.0,1006.0,,263000.0,2025-05-20,Resale,261.43,24860,"Greenville-Anderson-Greer, SC"
4622835,45077,5018-11-75-2047,"205 WOODFIELD DR, EASLEY, SC 29642",29642,SC,34.805098,-82.608105,SFR,1966.0,3.0,2.0,1659.0,0.57,,2026-05-21,Resale,,24860,"Greenville-Anderson-Greer, SC"
4622840,45077,5018-15-74-4558,"316 WOODFIELD DR, EASLEY, SC 29642",29642,SC,34.803838,-82.607324,SFR,1979.0,3.0,2.0,1617.0,,295000.0,2024-07-31,Resale,182.44,24860,"Greenville-Anderson-Greer, SC"
4622844,45077,4191-09-25-1002,"204 JOHN ST, PICKENS, SC 29671",29671,SC,34.886388,-82.693507,SFR,1906.0,2.0,1.0,1458.0,0.35,100000.0,2026-05-18,Resale,68.59,24860,"Greenville-Anderson-Greer, SC"
4622866,45077,4054-13-03-4788,"328 STONEY CREEK DR, CLEMSON, SC 29631",29631,SC,34.688740,-82.828057,SFR,1979.0,3.0,3.0,1581.0,0.2800046,340000.0,2024-07-18,Resale,215.05,24860,"Greenville-Anderson-Greer, SC"
4730134,45077,5150-17-21-3909,"225 MIDLAND DR, EASLEY, SC 29640",29640,SC,34.853158,-82.492214,SFR,1986.0,3.0,3.0,2431.0,,435000.0,2023-12-27,Resale,178.94,24860,"Greenville-Anderson-Greer, SC"
4858974,45077,4048-00-50-3937,"134 HENRY MERCK RD, CENTRAL, SC 29630",29630,SC,34.790810,-82.847494,SFR,1941.0,3.0,2.0,1460.0,4.16,42900.0,2011-12-27,Resale,29.38,24860,"Greenville-Anderson-Greer, SC"
4910534,45077,4086-00-46-4917,"586 PINEY TRL, LIBERTY, SC 29657",29657,SC,34.754049,-82.716419,SFR,1997.0,3.0,3.0,1619.0,3.69,498000.0,2024-06-28,Resale,307.6,24860,"Greenville-Anderson-Greer, SC"
5070753,45077,5009-19-51-6975,"137 SWEETBUD CT, EASLEY, SC 29640",29640,SC,34.823567,-82.647033,MOBILE HOME,2000.0,3.0,2.0,1152.0,0.5699954,,2023-08-11,Resale,,24860,"Greenville-Anderson-Greer, SC"
5202858,45077,4058-05-19-4767,"110 BRIDWELL RD, SIX MILE, SC 29682",29682,SC,34.815171,-82.827472,MOBILE HOME,1996.0,3.0,2.0,1240.0,0.8399908,189900.0,2025-09-15,Resale,153.15,24860,"Greenville-Anderson-Greer, SC"
5278487,45077,4065-14-33-6410,"118 EVERGREEN CT, CENTRAL, SC 29630",29630,SC,34.715789,-82.784918,SFR,1978.0,2.0,2.0,1210.0,0.68,15000.0,2024-05-30,Resale,12.4,24860,"Greenville-Anderson-Greer, SC"
5295744,45077,4064-05-28-2574,"218 HEATHER DR, CENTRAL, SC 29630",29630,SC,34.702403,-82.789098,SFR,1971.0,3.0,2.0,1680.0,,299900.0,2024-09-13,Resale,178.51,24860,"Greenville-Anderson-Greer, SC"
7051787,45077,4065-07-68-7192,"415 EATON ST, CENTRAL, SC 29630",29630,SC,34.728899,-82.774671,SFR,1964.0,2.0,1.0,1110.0,0.4100092,264000.0,2025-06-26,Resale,237.84,24860,"Greenville-Anderson-Greer, SC"
7072806,45077,4172-00-04-1025,"164 CHILDS DR, SUNSET, SC 29685",29685,SC,34.910216,-82.767276,SFR,1975.0,2.0,2.0,1092.0,2.0,275000.0,2025-08-22,Resale,251.83,24860,"Greenville-Anderson-Greer, SC"
7127878,45077,4174-00-07-2095,"475 OLD CHAPMAN TRL, PICKENS, SC 29671",29671,SC,34.973249,-82.767937,SFR,1999.0,3.0,3.0,2427.0,7.01,595000.0,2025-07-10,Resale,245.16,24860,"Greenville-Anderson-Greer, SC"
7275908,45077,5028-19-71-4548,"440 HAMILTON PKWY, EASLEY, SC 29642",29642,SC,34.795952,-82.574131,SFR,2002.0,4.0,3.0,2287.0,0.2300046,339900.0,2023-09-06,Resale,148.62,24860,"Greenville-Anderson-Greer, SC"
7611782,45077,5150-01-39-5255,"120 QUIET LN, EASLEY, SC 29640",29640,SC,34.873117,-82.488289,SFR,1980.0,5.0,3.0,3141.0,0.85,,2025-07-05,Resale,,24860,"Greenville-Anderson-Greer, SC"
7652218,45077,5019-12-86-4432,"263 HASTING CIR, EASLEY, SC 29640",29640,SC,34.836458,-82.604747,SFR,1972.0,2.0,1.0,1033.0,,35000.0,2025-10-25,Resale,33.88,24860,"Greenville-Anderson-Greer, SC"
7742502,45077,5037-00-59-3303,"120 PLANTATION DR, EASLEY, SC 29642",29642,SC,34.790166,-82.547715,SFR,1990.0,4.0,3.0,2379.0,,299000.0,2025-10-15,Resale,125.68,24860,"Greenville-Anderson-Greer, SC"
7816047,45077,4055-17-00-4267,"204 CATAWBAH RD, CLEMSON, SC 29631",29631,SC,34.706551,-82.828505,SFR,2000.0,3.0,3.0,2437.0,,530000.0,2024-06-17,Resale,217.48,24860,"Greenville-Anderson-Greer, SC"
7819154,45077,4064-05-19-7191,"302 WELLINGTON WAY, CENTRAL, SC 29630",29630,SC,34.703947,-82.790763,SFR,2025.0,3.0,3.0,2826.0,,417000.0,2025-04-30,Resale,147.56,24860,"Greenville-Anderson-Greer, SC"
7828441,45077,5117-00-52-4956,"153 PLEASANT GROVE RD, PICKENS, SC 29671",29671,SC,35.046552,-82.618663,SFR,1978.0,4.0,2.0,1120.0,2.42,218620.0,2024-07-12,Resale,195.2,24860,"Greenville-Anderson-Greer, SC"
7842024,45077,5028-06-48-4884,"238 PEARSON RD, EASLEY, SC 29642",29642,SC,34.815874,-82.584226,SFR,1958.0,2.0,1.0,1104.0,0.424,265000.0,2026-04-29,Resale,240.04,24860,"Greenville-Anderson-Greer, SC"
7845058,45077,5019-19-70-1685,"208 S 7TH ST, EASLEY, SC 29640",29640,SC,34.820551,-82.608629,SFR,1930.0,2.0,1.0,1008.0,0.18,135000.0,2025-04-04,Resale,133.93,24860,"Greenville-Anderson-Greer, SC"
7851146,45077,5038-13-24-2320,"209 PINE RIDGE DR, EASLEY, SC 29642",29642,SC,34.803723,-82.558214,SFR,1988.0,3.0,4.0,2790.0,,405000.0,2025-08-28,Resale,145.16,24860,"Greenville-Anderson-Greer, SC"
7859676,45077,4048-08-99-3935,"197 DELLA LN, SIX MILE, SC 29682",29682,SC,34.815408,-82.834578,SFR,2001.0,3.0,2.5,1458.0,1.18,255000.0,2024-10-04,Resale,174.9,24860,"Greenville-Anderson-Greer, SC"
7863975,45077,5038-11-75-2056,"316 PROVIDENCE WAY, EASLEY, SC 29642",29642,SC,34.806001,-82.541462,SFR,2000.0,4.0,3.5,3510.0,0.661,735000.0,2023-12-07,Resale,209.4,24860,"Greenville-Anderson-Greer, SC"
7866102,45077,5019-08-99-3182,"304 CRENSHAW ST, EASLEY, SC 29640",29640,SC,34.843924,-82.601726,SFR,2004.0,3.0,2.0,1561.0,0.3300046,80500.0,2025-05-21,Resale,51.57,24860,"Greenville-Anderson-Greer, SC"
7867319,45077,4175-01-17-8406,"424 WHISPERING FALLS DR, PICKENS, SC 29671",29671,SC,35.002039,-82.763574,SFR,2001.0,3.0,2.0,1811.0,,389000.0,2024-12-30,Resale,214.8,24860,"Greenville-Anderson-Greer, SC"
7870570,45077,4063-05-29-1512,"306 KINGS WAY, CLEMSON, SC 29631",29631,SC,34.677565,-82.789238,SFR,1990.0,4.0,5.0,3205.0,0.8199954,785000.0,2023-09-15,Resale,244.93,24860,"Greenville-Anderson-Greer, SC"
7872971,45077,4054-15-74-3944,"136 ABEL RD, CLEMSON, SC 29631",29631,SC,34.692259,-82.805320,SFR,1960.0,3.0,1.0,1638.0,0.18,151000.0,2025-12-12,Resale,92.19,24860,"Greenville-Anderson-Greer, SC"
7879537,45077,5110-20-91-2835,"116 BUCKINGHAM RD, EASLEY, SC 29640",29640,SC,34.851407,-82.602346,SFR,1981.0,4.0,3.0,2346.0,,369900.0,2024-01-02,Resale,157.67,24860,"Greenville-Anderson-Greer, SC"
7885139,45077,5107-00-18-0662,"108 ROCKY RD, CLEVELAND, SC 29635",29635,SC,35.061486,-82.667033,VACANT LAND (NEC),,,,,2.55,75000.0,2023-06-19,Resale,,24860,"Greenville-Anderson-Greer, SC"
7889836,45077,4055-12-86-1178,"110 WYETH LN, CENTRAL, SC 29630",29630,SC,34.723203,-82.803194,SFR,1982.0,3.0,2.0,1296.0,,,2025-11-25,Resale,,24860,"Greenville-Anderson-Greer, SC"
7896013,45077,4174-00-63-5328,"2763 MOOREFIELD MEMORIAL HWY, PICKENS, SC 29671",29671,SC,34.963596,-82.747067,VACANT LAND (NEC),1970.0,,,1485.0,1.04,45000.0,2025-02-05,Resale,30.3,24860,"Greenville-Anderson-Greer, SC"
7901174,45077,5027-00-77-6184,"140 BROWN DR, EASLEY, SC 29642",29642,SC,34.783876,-82.572955,SFR,1998.0,3.0,2.0,1291.0,0.1899908,250000.0,2025-05-09,Resale,193.65,24860,"Greenville-Anderson-Greer, SC"
7924944,45077,4097-10-36-2827,"312 W BEATTIE ST, LIBERTY, SC 29657",29657,SC,34.781615,-82.687704,SFR,1910.0,2.0,1.0,964.0,0.24,128700.0,2026-01-30,Resale,133.51,24860,"Greenville-Anderson-Greer, SC"
7925430,45077,5019-10-36-5274,"501 KING ST, EASLEY, SC 29640",29640,SC,34.835739,-82.620967,SFR,1910.0,2.0,1.0,954.0,,20000.0,2025-10-03,Resale,20.96,24860,"Greenville-Anderson-Greer, SC"
7926842,45077,5038-13-03-8647,"203 CARNOUSTIE DR, EASLEY, SC 29642",29642,SC,34.801947,-82.562773,SFR,1985.0,4.0,3.0,2679.0,,435000.0,2025-01-30,Resale,162.37,24860,"Greenville-Anderson-Greer, SC"
7929790,45077,4190-15-53-0679,"387 GRIFFIN MILL RD, PICKENS, SC 29671",29671,SC,34.855340,-82.683293,SFR,2003.0,3.0,3.0,2236.0,3.44,430000.0,2023-06-02,Resale,192.31,24860,"Greenville-Anderson-Greer, SC"
7930214,45077,4065-10-46-5782,"208 GAINES ST, CENTRAL, SC 29630",29630,SC,34.724913,-82.781879,SFR,1966.0,3.0,2.0,1932.0,0.56,375000.0,2025-11-26,Resale,194.1,24860,"Greenville-Anderson-Greer, SC"
7943953,45077,4132-01-35-8704,"145 SUMMIT PINE, SUNSET, SC 29685",29685,SC,34.913060,-82.888463,VACANT LAND (NEC),,,,,,24000.0,2024-11-18,Resale,,24860,"Greenville-Anderson-Greer, SC"
7949199,45077,5029-10-35-2952,"204 FRONT ST, EASLEY, SC 29640",29640,SC,34.835265,-82.588663,SFR,1990.0,3.0,1.5,1389.0,0.29,280000.0,2023-07-25,Resale,201.58,24860,"Greenville-Anderson-Greer, SC"
7966758,45077,5059-17-11-1647,"120 QUAIL HAVEN DR, EASLEY, SC 29642",29642,SC,34.824737,-82.495560,SFR,1981.0,3.0,2.0,1161.0,,256000.0,2025-04-09,Resale,220.5,24860,"Greenville-Anderson-Greer, SC"
7970599,45077,5028-16-82-2544,"350 HAMILTON PKWY, EASLEY, SC 29642",29642,SC,34.798643,-82.571434,SFR,2003.0,3.0,2.0,1423.0,0.21,251000.0,2025-06-05,Resale,176.39,24860,"Greenville-Anderson-Greer, SC"
7977828,45077,4089-00-93-3530,"5870 MOOREFIELD MEMORIAL HWY, LIBERTY, SC 29657",29657,SC,34.827100,-82.701601,SFR,1948.0,3.0,2.0,3383.0,1.23,220000.0,2025-10-17,Resale,65.03,24860,"Greenville-Anderson-Greer, SC"
7980936,45077,5150-18-21-9936,"126 MIDLAND DR, EASLEY, SC 29640",29640,SC,34.853165,-82.490082,SFR,2002.0,2.0,3.0,2594.0,,440000.0,2025-08-12,Resale,169.62,24860,"Greenville-Anderson-Greer, SC"
7992742,45077,5009-08-99-5769,"220 MOUNTAIN CREST DR, EASLEY, SC 29640",29640,SC,34.845304,-82.634483,SFR,1928.0,3.0,1.0,915.0,0.44,234375.0,2024-04-24,Resale,256.15,24860,"Greenville-Anderson-Greer, SC"
7993504,45077,4048-00-45-4373,"110 DAN ROSS RD, SIX MILE, SC 29682",29682,SC,34.802608,-82.850559,SFR,1984.0,3.0,2.0,1559.0,2.5,370000.0,2025-02-14,Resale,237.33,24860,"Greenville-Anderson-Greer, SC"
8012216,45077,5038-12-96-6784,"1611 POWDERSVILLE RD, EASLEY, SC 29642",29642,SC,34.810720,-82.533473,SFR,1973.0,4.0,3.0,1106.0,,248000.0,2024-07-18,Resale,224.23,24860,"Greenville-Anderson-Greer, SC"
8026272,45077,4132-00-34-4216,"104 VILLA CT, SUNSET, SC 29685",29685,SC,34.908934,-82.889712,SFR,1996.0,3.0,2.0,2414.0,1.76,895000.0,2025-02-10,Resale,370.75,24860,"Greenville-Anderson-Greer, SC"
8040524,45077,5140-01-08-2118,"113 VIEW PLACE CT, EASLEY, SC 29640",29640,SC,34.869679,-82.532762,SFR,1997.0,3.0,3.0,1736.0,,320000.0,2025-04-15,Resale,184.33,24860,"Greenville-Anderson-Greer, SC"
8040691,45077,4088-07-59-3288,"517 RICES CREEK RD, LIBERTY, SC 29657",29657,SC,34.815379,-82.714490,SFR,2001.0,3.0,2.0,1229.0,0.6300046,230000.0,2023-06-09,Resale,187.14,24860,"Greenville-Anderson-Greer, SC"
8054503,45077,5008-10-35-4023,"454 AMSTERDAM RD, LIBERTY, SC 29657",29657,SC,34.804476,-82.654187,SFR,1979.0,2.0,1.0,721.0,0.31,,2025-09-10,Resale,,24860,"Greenville-Anderson-Greer, SC"
8054933,45077,4140-00-98-4046,"1378 MILE CREEK RD, PICKENS, SC 29671",29671,SC,34.865302,-82.835290,SFR,1994.0,3.0,2.0,2077.0,2.05,80000.0,2025-09-18,Resale,38.52,24860,"Greenville-Anderson-Greer, SC"
8075576,45077,4055-12-76-8103,"122 ARBORS CT, CENTRAL, SC 29630",29630,SC,34.722997,-82.804411,SFR,2000.0,3.0,2.0,1361.0,,,2024-09-13,Resale,,24860,"Greenville-Anderson-Greer, SC"
8079580,45077,4065-08-78-5968,"527 MEREDITH ST, CENTRAL, SC 29630",29630,SC,34.731326,-82.772098,SFR,1957.0,2.0,1.0,1064.0,0.81,247000.0,2024-03-15,Resale,232.14,24860,"Greenville-Anderson-Greer, SC"
8083591,45077,4140-00-99-7336,"235 DALTON HILLS DR, PICKENS, SC 29671",29671,SC,34.868969,-82.834021,SFR,1998.0,3.0,1.0,1986.0,6.4,,2024-08-09,Resale,,24860,"Greenville-Anderson-Greer, SC"
8101936,45077,5151-00-10-8241,"197 RIDGE POINT RD, EASLEY, SC 29640",29640,SC,34.875679,-82.494068,SFR,1998.0,7.0,6.0,2766.0,,340037.0,2015-01-20,Resale,122.93,24860,"Greenville-Anderson-Greer, SC"
8112461,45077,5038-05-18-6818,"203 PALMETTO WAY # C, EASLEY, SC 29642",29642,SC,34.816302,-82.560441,TOWNHOUSE/ROWHOUSE,2009.0,3.0,3.0,1934.0,0.0800046,,2025-08-04,Resale,,24860,"Greenville-Anderson-Greer, SC"
8120358,45077,5029-09-17-5486,"117 BEVERLY DR, EASLEY, SC 29640",29640,SC,34.839431,-82.594320,SFR,2004.0,3.0,2.0,1375.0,0.2399908,264900.0,2024-11-14,Resale,192.65,24860,"Greenville-Anderson-Greer, SC"
8131528,45077,4098-14-32-5694,"105 MEADOW LN, LIBERTY, SC 29657",29657,SC,34.797475,-82.686768,SFR,1971.0,3.0,2.0,1484.0,,298000.0,2024-09-10,Resale,200.81,24860,"Greenville-Anderson-Greer, SC"
8145288,45077,5140-01-39-0498,"270 VINLAND CT, EASLEY, SC 29640",29640,SC,34.873198,-82.523209,SFR,2001.0,3.0,3.0,3276.0,16.17,125000.0,2026-04-13,Resale,38.16,24860,"Greenville-Anderson-Greer, SC"
8211041,45077,5018-11-57-8268,"205 LUTSEN DR, EASLEY, SC 29642",29642,SC,34.811215,-82.612857,SFR,2005.0,3.0,2.0,1855.0,0.2600092,330000.0,2023-09-13,Resale,177.9,24860,"Greenville-Anderson-Greer, SC"
8211664,45077,5018-11-66-4810,"413 SPIRIT MOUNTAIN LN, EASLEY, SC 29642",29642,SC,34.809938,-82.611027,SFR,2006.0,4.0,3.0,2061.0,0.2399908,324900.0,2024-04-24,Resale,157.64,24860,"Greenville-Anderson-Greer, SC"
8265593,45077,4196-00-91-2915,"104 AARTUN ALY, PICKENS, SC 29671",29671,SC,35.015582,-82.672283,VACANT LAND (NEC),,,,,1.75,40000.0,2024-06-07,Resale,,24860,"Greenville-Anderson-Greer, SC"
8265696,45077,4175-01-15-5808,"124 WILLYS CREEK CIR, PICKENS, SC 29671",29671,SC,34.997686,-82.764521,VACANT LAND (NEC),,,,,,24700.0,2024-09-12,Resale,,24860,"Greenville-Anderson-Greer, SC"
8304498,45077,4087-12-97-3209,"103 OLD NORRIS RD, LIBERTY, SC 29657",29657,SC,34.782632,-82.700777,SFR,1920.0,2.0,1.0,1305.0,,180000.0,2024-10-08,Resale,137.93,24860,"Greenville-Anderson-Greer, SC"
8326161,45077,5029-17-01-0347,"111 MCBEE AVE, EASLEY, SC 29640",29640,SC,34.822635,-82.599236,SFR,1958.0,2.0,1.5,1250.0,0.6,280000.0,2025-04-16,Resale,224.0,24860,"Greenville-Anderson-Greer, SC"
8336881,45077,4182-19-61-9429,"109 BLUE RIDGE DR, PICKENS, SC 29671",29671,SC,34.903934,-82.711131,SFR,1960.0,2.0,1.0,1624.0,,250000.0,2023-08-14,Resale,153.94,24860,"Greenville-Anderson-Greer, SC"
8356800,45077,4133-00-03-1576,"100 PAW PAW WAY, SUNSET, SC 29685",29685,SC,34.934354,-82.901063,SFR,2024.0,3.0,,2724.0,0.9800046,625000.0,2024-06-07,Resale,229.44,24860,"Greenville-Anderson-Greer, SC"
8410937,45077,4054-09-05-1303,"101 COCHRAN RD, CLEMSON, SC 29631",29631,SC,34.692931,-82.829429,DUPLEX,1975.0,,,2225.0,0.95,1500000.0,2026-04-10,Resale,674.16,24860,"Greenville-Anderson-Greer, SC"
8424223,45077,4175-01-46-8796,"124 FALCON CREST WAY, PICKENS, SC 29671",29671,SC,35.000274,-82.753241,VACANT LAND (NEC),,,,,1.36,26500.0,2024-04-26,Resale,,24860,"Greenville-Anderson-Greer, SC"
8424279,45077,4175-01-46-9651,"120 FALCON CREST WAY, PICKENS, SC 29671",29671,SC,34.999852,-82.752988,VACANT LAND (NEC),,,,,1.33,14000.0,2025-04-04,Resale,,24860,"Greenville-Anderson-Greer, SC"
8452528,45077,4049-20-90-1281,"177 DELLA LN, SIX MILE, SC 29682",29682,SC,34.816245,-82.835130,SFR,2003.0,5.0,3.0,1951.0,1.81,345000.0,2025-05-19,Resale,176.83,24860,"Greenville-Anderson-Greer, SC"
8460910,45077,4054-20-91-0536,"102 DOGWOOD TERRACE LN, CLEMSON, SC 29631",29631,SC,34.683050,-82.799570,SFR,1998.0,3.0,3.0,2086.0,,450000.0,2023-05-22,Resale,215.72,24860,"Greenville-Anderson-Greer, SC"
8472091,45077,4181-20-91-2361,"732 S LEWIS ST, PICKENS, SC 29671",29671,SC,34.876055,-82.702786,SFR,1930.0,2.0,1.0,888.0,,170000.0,2025-08-04,Resale,191.44,24860,"Greenville-Anderson-Greer, SC"
8477359,45077,4132-00-21-4268,"131 SARANAC DR, SUNSET, SC 29685",29685,SC,34.900752,-82.892634,VACANT LAND (NEC),,,,,2.77,25000.0,2024-09-09,Resale,,24860,"Greenville-Anderson-Greer, SC"
8477430,45077,4142-00-01-7979,"112 BALTUSROL CT, SUNSET, SC 29685",29685,SC,34.903108,-82.865039,VACANT LAND (NEC),,,,,0.8399908,,2024-06-24,Resale,,24860,"Greenville-Anderson-Greer, SC"
8477447,45077,4131-00-08-2704,"105 GREAT CAMP CT, SUNSET, SC 29685",29685,SC,34.893654,-82.900075,VACANT LAND (NEC),,,,,1.1,20000.0,2024-09-24,Resale,,24860,"Greenville-Anderson-Greer, SC"
8478212,45077,4121-00-86-8672,"109 MISTY WATER LOOP, SUNSET, SC 29685",29685,SC,34.887744,-82.904409,VACANT LAND (NEC),,,,,0.8899908,840000.0,2025-12-09,Resale,,24860,"Greenville-Anderson-Greer, SC"
8478421,45077,4144-00-11-4990,"156 EASTATOE PKWY, SUNSET, SC 29685",29685,SC,34.957871,-82.863734,VACANT LAND (NEC),,,,,5.01,,2023-12-21,Resale,,24860,"Greenville-Anderson-Greer, SC"
8559031,45077,4097-06-48-2098,"12 ISELIN ST, LIBERTY, SC 29657",29657,SC,34.784985,-82.684210,SFR,1925.0,2.0,1.0,952.0,,193000.0,2024-12-02,Resale,202.73,24860,"Greenville-Anderson-Greer, SC"
8577511,45077,5107-00-18-7407,"101 ROCKY RD, CLEVELAND, SC 29635",29635,SC,35.061109,-82.664993,SFR,1989.0,2.0,2.0,1565.0,4.74,465000.0,2024-02-01,Resale,297.12,24860,"Greenville-Anderson-Greer, SC"
8581848,45077,4180-07-59-0416,"205 TIMBER DR, PICKENS, SC 29671",29671,SC,34.870811,-82.716825,SFR,2007.0,3.0,2.0,1025.0,0.27,225000.0,2026-05-15,Resale,219.51,24860,"Greenville-Anderson-Greer, SC"
8583228,45077,4088-16-73-6639,"101 FORRESTER DR, LIBERTY, SC 29657",29657,SC,34.800115,-82.706689,SFR,2005.0,3.0,2.0,1364.0,0.21,245000.0,2026-05-14,Resale,179.62,24860,"Greenville-Anderson-Greer, SC"
8645644,45077,4054-09-17-0474,"202 CHARLESTON AVE, CLEMSON, SC 29631",29631,SC,34.698800,-82.826298,TOWNHOUSE/ROWHOUSE,1976.0,3.0,2.0,1562.0,,137500.0,2025-11-05,Resale,88.03,24860,"Greenville-Anderson-Greer, SC"
8693049,45077,5059-18-41-3002,"4116 OLD EASLEY BRIDGE RD, GREENVILLE, SC 29611",29611,SC,34.823069,-82.485011,SFR,1955.0,2.0,2.0,1194.0,0.44,110000.0,2026-04-06,Resale,92.13,24860,"Greenville-Anderson-Greer, SC"
8775198,45077,5008-00-93-6759,"879 BLACK SNAKE RD, EASLEY, SC 29640",29640,SC,34.801368,-82.633354,MOBILE HOME,2007.0,3.0,2.0,1623.0,0.58,207500.0,2026-05-06,Resale,127.85,24860,"Greenville-Anderson-Greer, SC"
8799558,45077,5114-00-90-6358,"3932 DACUSVILLE HWY, EASLEY, SC 29640",29640,SC,34.957249,-82.603003,SFR,2004.0,4.0,3.0,2272.0,,359900.0,2024-05-16,Resale,158.41,24860,"Greenville-Anderson-Greer, SC"
8850075,45077,5103-00-19-1480,"128 BUTTERNUT DR, PICKENS, SC 29671",29671,SC,34.953753,-82.664494,SFR,1989.0,4.0,3.0,2722.0,6.83,765000.0,2024-10-01,Resale,281.04,24860,"Greenville-Anderson-Greer, SC"
8863493,45077,5038-16-94-1136,"105 FIRELIGHT CT, EASLEY, SC 29642",29642,SC,34.803644,-82.535198,SFR,2003.0,3.0,3.0,2031.0,0.2600092,394000.0,2024-02-21,Resale,193.99,24860,"Greenville-Anderson-Greer, SC"
8869894,45077,5122-02-99-3702,"322 FAYE CIR, EASLEY, SC 29640",29640,SC,34.928333,-82.570238,SFR,1975.0,3.0,2.5,2973.0,2.07,650000.0,2025-11-12,Resale,218.63,24860,"Greenville-Anderson-Greer, SC"
8885181,45077,4141-00-64-4146,"1429 CROWE CREEK RD, SIX MILE, SC 29682",29682,SC,34.881873,-82.845652,SFR,2015.0,4.0,3.0,1883.0,1.0,899000.0,2024-09-24,Resale,477.43,24860,"Greenville-Anderson-Greer, SC"
8908078,45077,5019-14-34-1478,"309 HILL ST, EASLEY, SC 29640",29640,SC,34.830895,-82.622158,SFR,1920.0,2.0,1.0,1062.0,,136000.0,2023-07-17,Resale,128.06,24860,"Greenville-Anderson-Greer, SC"
8964489,45077,4065-14-44-0018,"407 SPRING FOREST DR, CENTRAL, SC 29630",29630,SC,34.717690,-82.783620,SFR,1978.0,3.0,2.0,1130.0,,212000.0,2024-06-20,Resale,187.61,24860,"Greenville-Anderson-Greer, SC"
9009217,45077,5018-11-66-1969,"113 GIANTS RIDGE RD, EASLEY, SC 29642",29642,SC,34.810442,-82.611849,SFR,2006.0,3.0,2.0,1747.0,0.23,342000.0,2026-05-19,Resale,195.76,24860,"Greenville-Anderson-Greer, SC"
9009218,45077,5018-11-67-0129,"101 GIANTS RIDGE RD, EASLEY, SC 29642",29642,SC,34.810985,-82.612325,SFR,2006.0,4.0,2.0,1752.0,0.24,330000.0,2025-08-19,Resale,188.36,24860,"Greenville-Anderson-Greer, SC"
9009219,45077,5018-11-66-7325,"108 MOUNT FRONTENAC WAY, EASLEY, SC 29642",29642,SC,34.808722,-82.609923,SFR,2006.0,3.0,2.0,1725.0,0.3899908,290000.0,2024-10-07,Resale,168.12,24860,"Greenville-Anderson-Greer, SC"
9012020,45077,4065-15-53-0252,"156 CEDAR CREEK CIR, CENTRAL, SC 29630",29630,SC,34.715332,-82.780122,SFR,1980.0,3.0,2.0,1278.0,,265500.0,2026-02-27,Resale,207.75,24860,"Greenville-Anderson-Greer, SC"
9033122,45077,5018-20-81-0122,"223 APPLE HILL RD, EASLEY, SC 29642",29642,SC,34.794407,-82.605347,MOBILE HOME,2001.0,3.0,2.0,1551.0,0.587,190000.0,2025-08-14,Resale,122.5,24860,"Greenville-Anderson-Greer, SC"
9121702,45077,4098-18-32-3279,"312 LAKEVIEW DR, LIBERTY, SC 29657",29657,SC,34.796538,-82.687486,SFR,1971.0,3.0,2.0,1396.0,0.78,280000.0,2023-08-04,Resale,200.57,24860,"Greenville-Anderson-Greer, SC"
9122648,45077,5038-14-43-8351,"102 HAMPTON CT, EASLEY, SC 29642",29642,SC,34.801082,-82.549279,SFR,1981.0,3.0,3.0,1895.0,,,2023-12-05,Resale,,24860,"Greenville-Anderson-Greer, SC"
9123246,45077,5018-11-76-3017,"150 UPWARD WAY, EASLEY, SC 29642",29642,SC,34.807953,-82.607977,SFR,2002.0,3.0,3.0,1620.0,0.2300046,280000.0,2025-10-28,Resale,172.84,24860,"Greenville-Anderson-Greer, SC"
9127534,45077,5019-12-96-3787,"112 MOUNTAIN VIEW DR, EASLEY, SC 29640",29640,SC,34.837451,-82.601605,SFR,1981.0,5.0,3.5,2472.0,0.46,640000.0,2023-06-27,Resale,258.9,24860,"Greenville-Anderson-Greer, SC"
9229377,45077,5029-05-17-5544,"121 BEVERLY DR, EASLEY, SC 29640",29640,SC,34.839661,-82.594447,SFR,2004.0,3.0,2.0,1212.0,0.2300046,240000.0,2023-06-15,Resale,198.02,24860,"Greenville-Anderson-Greer, SC"
9240028,45077,5009-08-89-4017,"118 MARGARET ST, EASLEY, SC 29640",29640,SC,34.843309,-82.638252,SFR,1928.0,2.0,1.0,952.0,0.1899908,,2025-02-11,Resale,,24860,"Greenville-Anderson-Greer, SC"
9308689,45077,5019-19-50-5548,"200 DUKE ST, EASLEY, SC 29640",29640,SC,34.820284,-82.614069,SFR,1964.0,2.0,1.0,992.0,0.2,,2026-03-21,Resale,,24860,"Greenville-Anderson-Greer, SC"
9319430,45077,4171-00-05-7308,"213 ERIN LN, PICKENS, SC 29671",29671,SC,34.886457,-82.765012,SFR,2005.0,3.0,2.0,1628.0,4.04,260000.0,2023-11-10,Resale,159.71,24860,"Greenville-Anderson-Greer, SC"
9366154,45077,4044-16-84-9109,"1108 TIGER BLVD APT 127, CLEMSON, SC 29631",29631,SC,34.689778,-82.833316,TOWNHOUSE/ROWHOUSE,1975.0,2.0,2.0,1047.0,,160000.0,2025-06-23,Resale,152.82,24860,"Greenville-Anderson-Greer, SC"
9404485,45077,5028-05-19-1920,"94 LAKESHORE DR, EASLEY, SC 29642",29642,SC,34.818653,-82.595399,SFR,2001.0,3.0,2.0,1246.0,0.3100092,232000.0,2025-12-04,Resale,186.2,24860,"Greenville-Anderson-Greer, SC"
9406424,45077,5019-20-81-4125,"408 S 2ND ST, EASLEY, SC 29640",29640,SC,34.821976,-82.604526,SFR,1920.0,3.0,2.0,1327.0,,240000.0,2025-06-26,Resale,180.86,24860,"Greenville-Anderson-Greer, SC"
9406742,45077,5038-10-35-7270,"1235 CRESTVIEW RD, EASLEY, SC 29642",29642,SC,34.806265,-82.553085,SFR,2008.0,4.0,5.0,3056.0,0.5399908,510000.0,2023-10-18,Resale,166.88,24860,"Greenville-Anderson-Greer, SC"
9571892,45077,4098-14-44-9513,"503 HILLANDALE RD, LIBERTY, SC 29657",29657,SC,34.802750,-82.682411,SFR,1995.0,3.0,3.0,1702.0,0.625,275000.0,2025-04-02,Resale,161.57,24860,"Greenville-Anderson-Greer, SC"
9579872,45077,5038-14-43-9911,"1426 CRESTVIEW RD, EASLEY, SC 29642",29642,SC,34.802842,-82.549093,SFR,1988.0,4.0,4.0,2208.0,,468000.0,2023-06-28,Resale,211.96,24860,"Greenville-Anderson-Greer, SC"
9588716,45077,4097-06-48-5257,"22 ISELIN ST, LIBERTY, SC 29657",29657,SC,34.785539,-82.683338,SFR,1926.0,2.0,2.0,973.0,0.1600092,198000.0,2025-11-28,Resale,203.49,24860,"Greenville-Anderson-Greer, SC"
9601998,45077,5018-11-66-2083,"300 SPIRIT MOUNTAIN LN, EASLEY, SC 29642",29642,SC,34.807818,-82.611402,SFR,2006.0,4.0,3.0,2468.0,0.5300046,350000.0,2025-04-29,Resale,141.82,24860,"Greenville-Anderson-Greer, SC"
9626102,45077,5008-11-65-9085,"309 JAMESTOWN RD, EASLEY, SC 29640",29640,SC,34.804693,-82.642290,SFR,1979.0,3.0,2.0,1273.0,,215000.0,2023-08-21,Resale,168.89,24860,"Greenville-Anderson-Greer, SC"
9646037,45077,5006-00-14-9017,"326 SLAB BRIDGE RD, LIBERTY, SC 29657",29657,SC,34.746801,-82.658104,SFR,1994.0,2.0,1.5,1893.0,1.0,275000.0,2023-07-31,Resale,145.27,24860,"Greenville-Anderson-Greer, SC"
9697864,45077,5029-17-10-1787,"308 MCBEE AVE, EASLEY, SC 29640",29640,SC,34.821059,-82.595304,SFR,1959.0,3.0,1.0,1102.0,,199900.0,2024-09-30,Resale,181.4,24860,"Greenville-Anderson-Greer, SC"
9730993,45077,5106-00-75-0948,"154 BRAVO TRL, PICKENS, SC 29671",29671,SC,35.027028,-82.646441,SFR,1994.0,,2.0,1109.0,3.0,295000.0,2026-02-27,Resale,266.01,24860,"Greenville-Anderson-Greer, SC"
9731134,45077,5100-13-14-6276,"401 ELLJEAN RD, EASLEY, SC 29640",29640,SC,34.857263,-82.660985,SFR,2021.0,3.0,2.0,1538.0,,195000.0,2023-10-30,Resale,126.79,24860,"Greenville-Anderson-Greer, SC"
9733114,45077,5103-00-81-4243,"664 EARLS BRIDGE RD, EASLEY, SC 29640",29640,SC,34.931606,-82.639907,MOBILE HOME,1996.0,2.0,2.0,1216.0,1.0,112000.0,2024-07-19,Resale,92.11,24860,"Greenville-Anderson-Greer, SC"
9781645,45077,5027-00-46-9519,"300 MCCUE ST, EASLEY, SC 29642",29642,SC,34.782237,-82.582134,SFR,1981.0,3.0,2.0,1191.0,,245000.0,2025-04-09,Resale,205.71,24860,"Greenville-Anderson-Greer, SC"
9794188,45077,5150-14-43-0021,"158 SAPPHIRE LN, EASLEY, SC 29640",29640,SC,34.855970,-82.486422,SFR,1974.0,4.0,3.0,2028.0,2.71,683000.0,2025-02-11,Resale,336.79,24860,"Greenville-Anderson-Greer, SC"
9834938,45077,5038-16-93-8737,"322 EDENBERRY WAY, EASLEY, SC 29642",29642,SC,34.802581,-82.532812,SFR,2001.0,4.0,3.0,2425.0,0.2199954,392000.0,2024-09-23,Resale,161.65,24860,"Greenville-Anderson-Greer, SC"
9856418,45077,5048-14-24-7236,"109 STONEWALL DR, EASLEY, SC 29642",29642,SC,34.804053,-82.523186,SFR,1994.0,3.0,3.0,2189.0,,430000.0,2025-03-17,Resale,196.44,24860,"Greenville-Anderson-Greer, SC"
9856423,45077,5038-09-16-4643,"203 HUNTINGTON RD, EASLEY, SC 29642",29642,SC,34.810084,-82.560909,SFR,1988.0,4.0,3.0,2504.0,0.7399908,350000.0,2025-05-15,Resale,139.78,24860,"Greenville-Anderson-Greer, SC"
9856731,45077,5028-13-02-1652,"106 TERRACE RD, EASLEY, SC 29642",29642,SC,34.798595,-82.598327,SFR,1983.0,3.0,2.0,1321.0,,230000.0,2025-06-08,Resale,174.11,24860,"Greenville-Anderson-Greer, SC"
9856960,45077,5048-13-24-1522,"104 BLUESTONE CT, EASLEY, SC 29642",29642,SC,34.804752,-82.525240,SFR,1998.0,3.0,3.0,2139.0,0.6260101,,2025-09-10,Resale,,24860,"Greenville-Anderson-Greer, SC"
9857010,45077,4089-00-60-0490,"464 RICES CREEK RD, LIBERTY, SC 29657",29657,SC,34.818450,-82.712209,SFR,1991.0,3.0,2.0,1359.0,0.5800046,260000.0,2024-07-03,Resale,191.32,24860,"Greenville-Anderson-Greer, SC"
9857282,45077,5029-11-75-1449,"114 MEADOWOOD DR, EASLEY, SC 29640",29640,SC,34.834265,-82.575698,SFR,1975.0,2.0,1.0,953.0,,195000.0,2025-06-02,Resale,204.62,24860,"Greenville-Anderson-Greer, SC"
9857313,45077,5029-06-28-5426,"218 BAKER CT, EASLEY, SC 29640",29640,SC,34.842238,-82.591256,SFR,1994.0,3.0,3.0,2172.0,,,2025-06-19,Resale,,24860,"Greenville-Anderson-Greer, SC"
9857316,45077,5133-02-86-0817,"402 RAINES RD, EASLEY, SC 29640",29640,SC,34.948397,-82.541576,SFR,1953.0,2.0,1.0,845.0,0.7309917,65000.0,2025-02-24,Resale,76.92,24860,"Greenville-Anderson-Greer, SC"
10011970,45077,5029-10-26-7192,"102 LEAGUE ST, EASLEY, SC 29640",29640,SC,34.835792,-82.590233,SFR,1920.0,2.0,1.0,1102.0,,165000.0,2024-03-25,Resale,149.73,24860,"Greenville-Anderson-Greer, SC"
10035203,45077,5029-11-66-6693,"500 GRANT ST, EASLEY, SC 29640",29640,SC,34.837364,-82.577261,SFR,1939.0,2.0,1.0,925.0,0.16,122500.0,2026-04-15,Resale,132.43,24860,"Greenville-Anderson-Greer, SC"
10035640,45077,4058-00-88-8543,"224 RIDGELAND DR, SIX MILE, SC 29682",29682,SC,34.812086,-82.802906,SFR,2004.0,3.0,3.0,2595.0,0.65,445000.0,2024-01-26,Resale,171.48,24860,"Greenville-Anderson-Greer, SC"
10036965,45077,4191-10-37-1073,"513 RUNNYMEDE RD, PICKENS, SC 29671",29671,SC,34.891943,-82.690016,MOBILE HOME,2000.0,3.0,2.0,2014.0,1.05,170000.0,2025-10-30,Resale,84.41,24860,"Greenville-Anderson-Greer, SC"
10086840,45077,5038-13-23-3991,"220 PINE RIDGE DR, EASLEY, SC 29642",29642,SC,34.802630,-82.557635,SFR,2008.0,4.0,4.0,2227.0,0.5699954,1050000.0,2025-03-17,Resale,471.49,24860,"Greenville-Anderson-Greer, SC"
10103808,45077,4171-00-84-0969,"203 SHADY GROVE EST, PICKENS, SC 29671",29671,SC,34.885668,-82.740284,SFR,2007.0,3.0,2.0,1297.0,0.5800046,220000.0,2023-05-30,Resale,169.62,24860,"Greenville-Anderson-Greer, SC"
10126817,45077,4055-12-76-7253,"108 ARBORS CT, CENTRAL, SC 29630",29630,SC,34.723293,-82.804592,SFR,1999.0,3.0,2.0,1581.0,,262500.0,2023-10-27,Resale,166.03,24860,"Greenville-Anderson-Greer, SC"
10146634,45077,4191-05-09-5200,"226 HOLDER ST, PICKENS, SC 29671",29671,SC,34.897824,-82.699059,SFR,1956.0,4.0,2.0,1846.0,0.21,50000.0,2024-12-18,Resale,27.09,24860,"Greenville-Anderson-Greer, SC"
10146753,45077,4065-07-78-3422,"204 WOODSON ST, CENTRAL, SC 29630",29630,SC,34.729728,-82.772882,SFR,1952.0,3.0,2.0,1152.0,,130744.0,2024-09-13,Resale,113.49,24860,"Greenville-Anderson-Greer, SC"
10181593,45077,4074-00-28-9448,"1551 EIGHTEEN MILE RD, CENTRAL, SC 29630",29630,SC,34.702731,-82.753451,SFR,1892.0,3.0,3.0,3552.0,7.6,1675000.0,2026-02-18,Resale,471.57,24860,"Greenville-Anderson-Greer, SC"
10212562,45077,5018-11-56-8404,"145 SPIRIT MOUNTAIN LN, EASLEY, SC 29642",29642,SC,34.808934,-82.613005,SFR,2007.0,4.0,3.0,2059.0,0.2399908,242500.0,2023-07-14,Resale,117.78,24860,"Greenville-Anderson-Greer, SC"
10220439,45077,5028-16-82-4758,"334 HAMILTON PKWY, EASLEY, SC 29642",29642,SC,34.799333,-82.570784,SFR,2001.0,3.0,3.0,2150.0,0.2399908,,2025-04-06,Resale,,24860,"Greenville-Anderson-Greer, SC"
10220741,45077,4087-12-95-6004,"14 CLEMSON ST, LIBERTY, SC 29657",29657,SC,34.776428,-82.699984,SFR,1925.0,2.0,1.0,952.0,0.1850092,190000.0,2023-08-31,Resale,199.58,24860,"Greenville-Anderson-Greer, SC"
10270166,45077,5028-14-24-6506,"319 SPRINGFIELD CIR, EASLEY, SC 29642",29642,SC,34.804063,-82.590251,SFR,2004.0,3.0,2.0,1345.0,0.14,220000.0,2024-01-18,Resale,163.57,24860,"Greenville-Anderson-Greer, SC"
10307154,45077,5122-02-95-9641,"201 GELOLA DR, EASLEY, SC 29640",29640,SC,34.917123,-82.567900,MOBILE HOME,2000.0,3.0,2.0,2128.0,0.5800046,,2025-10-07,Resale,,24860,"Greenville-Anderson-Greer, SC"
10308388,45077,5039-14-43-3309,"329 PRINCE PERRY RD, EASLEY, SC 29640",29640,SC,34.828791,-82.551706,SFR,1960.0,3.0,1.0,950.0,0.45,45000.0,2024-08-13,Resale,47.37,24860,"Greenville-Anderson-Greer, SC"
10397821,45077,5028-17-11-0751,"700 PELZER HWY, EASLEY, SC 29642",29642,SC,34.796104,-82.595282,SFR,1914.0,5.0,3.0,2970.0,1.48,380000.0,2023-10-10,Resale,127.95,24860,"Greenville-Anderson-Greer, SC"
10412311,45077,5017-06-48-5161,"210 DILLARD DR, EASLEY, SC 29642",29642,SC,34.785988,-82.616733,SFR,2002.0,3.0,3.0,2078.0,0.5800046,397000.0,2025-03-10,Resale,191.05,24860,"Greenville-Anderson-Greer, SC"
10429770,45077,5110-16-92-4944,"234 CORNERSTONE RD, EASLEY, SC 29640",29640,SC,34.854402,-82.601716,SFR,1976.0,3.0,1.0,1628.0,,,2023-12-14,Resale,,24860,"Greenville-Anderson-Greer, SC"
10572370,45077,4044-12-85-4325,"103 PICKENS ST, CLEMSON, SC 29631",29631,SC,34.692964,-82.834947,RESIDENTIAL - VACANT LAND,2006.0,3.0,3.0,1417.0,1.017,277500.0,2024-06-19,Resale,195.84,24860,"Greenville-Anderson-Greer, SC"
10588094,45077,5122-01-06-7564,"124 HILLSIDE CIR, EASLEY, SC 29640",29640,SC,34.919247,-82.598479,SFR,2003.0,3.0,2.0,2011.0,0.65,385000.0,2026-01-27,Resale,191.45,24860,"Greenville-Anderson-Greer, SC"
10685874,45077,5110-00-48-4329,"1550 CEDAR ROCK CHURCH RD, EASLEY, SC 29640",29640,SC,34.869177,-82.618864,SFR,1997.0,3.0,2.0,1325.0,0.5,,2025-10-28,Resale,,24860,"Greenville-Anderson-Greer, SC"
10853551,45077,5124-00-95-3452,"245 LOLA LN, EASLEY, SC 29640",29640,SC,34.971500,-82.570892,RESIDENTIAL - VACANT LAND,,,,,2.24,201000.0,2025-10-31,Resale,,24860,"Greenville-Anderson-Greer, SC"
10853885,45077,5029-10-25-9829,"100 GARRISON ST, EASLEY, SC 29640",29640,SC,34.835178,-82.589769,SFR,1920.0,2.0,1.0,1045.0,,202500.0,2024-05-31,Resale,193.78,24860,"Greenville-Anderson-Greer, SC"
10973314,45077,4053-10-47-3203,"600 ANDERSON HWY APT 712, CLEMSON, SC 29631",29631,SC,34.670934,-82.814962,TOWNHOUSE/ROWHOUSE,1987.0,2.0,2.0,1440.0,,269900.0,2025-03-04,Resale,187.43,24860,"Greenville-Anderson-Greer, SC"
10985614,45077,4181-15-53-1194,"701 W MAIN ST, PICKENS, SC 29671",29671,SC,34.880929,-82.716445,SFR,1916.0,3.0,1.0,1722.0,0.39,170000.0,2023-08-09,Resale,98.72,24860,"Greenville-Anderson-Greer, SC"
10986282,45077,4087-06-49-2016,"208 CONE DR, LIBERTY, SC 29657",29657,SC,34.787234,-82.717797,SFR,1980.0,4.0,2.0,1233.0,,225000.0,2023-06-02,Resale,182.48,24860,"Greenville-Anderson-Greer, SC"
10986286,45077,4180-07-59-2977,"107 SYCAMORE DR, PICKENS, SC 29671",29671,SC,34.872210,-82.715981,SFR,2007.0,3.0,2.0,1263.0,0.3050046,240000.0,2023-11-08,Resale,190.02,24860,"Greenville-Anderson-Greer, SC"
10986302,45077,4191-20-81-0258,"1121 IRELAND RD, PICKENS, SC 29671",29671,SC,34.876345,-82.673460,SFR,1963.0,3.0,1.0,1457.0,,265000.0,2026-02-04,Resale,181.88,24860,"Greenville-Anderson-Greer, SC"
11055457,45077,4044-11-56-6294,"154 RIVERPOINT DR, CLEMSON, SC 29631",29631,SC,34.695277,-82.844166,TOWNHOUSE/ROWHOUSE,2000.0,3.0,2.0,2199.0,0.13,,2026-04-28,Resale,,24860,"Greenville-Anderson-Greer, SC"
11092292,45077,5018-15-74-0889,"107 CAMERON CT, EASLEY, SC 29642",29642,SC,34.804693,-82.608690,SFR,1977.0,3.0,2.0,1816.0,,166250.0,2025-03-11,Resale,91.55,24860,"Greenville-Anderson-Greer, SC"
11211029,45077,4054-05-08-2386,"119 FERN CIR, CLEMSON, SC 29631",29631,SC,34.701306,-82.828996,SFR,1997.0,3.0,2.0,1256.0,0.59,335000.0,2026-02-19,Resale,266.72,24860,"Greenville-Anderson-Greer, SC"
11214889,45077,4064-09-06-4231,"318 PRINCESS GRACE AVE, CLEMSON, SC 29631",29631,SC,34.695920,-82.795094,SFR,1979.0,3.0,2.0,2146.0,0.5449954,495000.0,2024-05-09,Resale,230.66,24860,"Greenville-Anderson-Greer, SC"
11232721,45077,4132-01-35-1230,"118 SUMMIT PINE, SUNSET, SC 29685",29685,SC,34.911526,-82.890709,VACANT LAND (NEC),,,,,,6000.0,2025-11-06,Resale,,24860,"Greenville-Anderson-Greer, SC"
11232765,45077,4132-01-35-0141,"114 SUMMIT PNE, SUNSET, SC 29685",29685,SC,34.911259,-82.891006,VACANT LAND (NEC),,,,,0.65,19000.0,2023-12-19,Resale,,24860,"Greenville-Anderson-Greer, SC"
11247135,45077,4095-02-88-4958,"107 GRAPEVINE LN, LIBERTY, SC 29657",29657,SC,34.732739,-82.669285,SFR,1973.0,3.0,2.0,1225.0,0.502,214000.0,2023-11-15,Resale,174.69,24860,"Greenville-Anderson-Greer, SC"
11257002,45077,4066-00-62-2065,"111 SOURWOOD ST, CENTRAL, SC 29630",29630,SC,34.739682,-82.776570,SFR,1983.0,3.0,2.0,1690.0,0.92,425000.0,2026-04-23,Resale,251.48,24860,"Greenville-Anderson-Greer, SC"
11258312,45077,5029-05-09-4852,"609 DACUSVILLE HWY, EASLEY, SC 29640",29640,SC,34.845646,-82.598030,SFR,1960.0,2.0,1.0,620.0,5.05,175000.0,2023-10-11,Resale,282.26,24860,"Greenville-Anderson-Greer, SC"
11272822,45077,4192-10-26-6740,"110 N BLUE RIDGE CIR, PICKENS, SC 29671",29671,SC,34.918508,-82.692362,SFR,1982.0,3.0,1.5,1160.0,0.75,240000.0,2026-05-15,Resale,206.9,24860,"Greenville-Anderson-Greer, SC"
11512078,45077,5019-12-86-1944,"114 AUGUSTA ST, EASLEY, SC 29640",29640,SC,34.837875,-82.605748,SFR,1941.0,3.0,2.0,1384.0,0.2600092,239000.0,2025-07-18,Resale,172.69,24860,"Greenville-Anderson-Greer, SC"
11526291,45077,4059-17-10-1111,"117 BRIDWELL RD, SIX MILE, SC 29682",29682,SC,34.816059,-82.828724,MOBILE HOME,1997.0,3.0,2.5,1568.0,1.29,150000.0,2023-08-03,Resale,95.66,24860,"Greenville-Anderson-Greer, SC"
11539065,45077,5019-12-86-1797,"111 AUGUSTA ST, EASLEY, SC 29640",29640,SC,34.837391,-82.605590,SFR,1950.0,2.0,1.0,826.0,0.2,125000.0,2024-04-08,Resale,151.33,24860,"Greenville-Anderson-Greer, SC"
11620981,45077,4133-00-49-4538,"108 CORAL BEADS WAY, SUNSET, SC 29685",29685,SC,34.951082,-82.887268,SFR,2002.0,4.0,4.0,2570.0,1.3,1425000.0,2024-08-15,Resale,554.47,24860,"Greenville-Anderson-Greer, SC"
11623038,45077,5049-05-18-7985,"205 PRINCETON DR, EASLEY, SC 29640",29640,SC,34.844356,-82.527060,SFR,1995.0,3.0,2.0,1095.0,,260000.0,2025-03-20,Resale,237.44,24860,"Greenville-Anderson-Greer, SC"
11689507,45077,5039-05-08-6490,"335 BISHOP DR, EASLEY, SC 29640",29640,SC,34.842404,-82.564045,SFR,1988.0,3.0,2.0,1751.0,0.57,,2024-02-21,Resale,,24860,"Greenville-Anderson-Greer, SC"
11698436,45077,5110-20-82-8284,"201 BUCKINGHAM RD, EASLEY, SC 29640",29640,SC,34.852455,-82.603720,SFR,1981.0,3.0,2.0,2330.0,0.81,422900.0,2026-04-06,Resale,181.5,24860,"Greenville-Anderson-Greer, SC"
12038283,45077,4065-11-66-9014,"116 AIKEN ST, CENTRAL, SC 29630",29630,SC,34.723216,-82.774086,SFR,1925.0,2.0,1.0,942.0,,153000.0,2023-08-29,Resale,162.42,24860,"Greenville-Anderson-Greer, SC"
12202438,45077,5027-00-76-5933,"602 HABERSHAM LN, EASLEY, SC 29642",29642,SC,34.783296,-82.573448,SFR,1998.0,3.0,2.0,1306.0,0.1640037,255000.0,2025-07-23,Resale,195.25,24860,"Greenville-Anderson-Greer, SC"
12428533,45077,4048-00-48-8647,"105 SORREL LN, SIX MILE, SC 29682",29682,SC,34.811776,-82.849414,MOBILE HOME,2000.0,3.0,2.0,1297.0,0.5449954,198900.0,2024-09-06,Resale,153.35,24860,"Greenville-Anderson-Greer, SC"
12430487,45077,5029-09-15-6279,"605 E MAIN ST, EASLEY, SC 29640",29640,SC,34.833476,-82.593908,SFR,1920.0,3.0,2.5,2502.0,0.48,490000.0,2024-05-08,Resale,195.84,24860,"Greenville-Anderson-Greer, SC"
12779190,45077,4131-00-60-7358,"101 VAUGHN CT, SIX MILE, SC 29682",29682,SC,34.871037,-82.877746,SFR,2006.0,5.0,4.0,3429.0,0.5800046,1250000.0,2025-02-27,Resale,364.54,24860,"Greenville-Anderson-Greer, SC"
12783260,45077,4044-16-94-6797,"201 BOGGS ST, CLEMSON, SC 29631",29631,SC,34.691413,-82.830750,TOWNHOUSE/ROWHOUSE,1985.0,,,1305.0,,225000.0,2024-06-18,Resale,172.41,24860,"Greenville-Anderson-Greer, SC"
12801630,45077,4130-00-59-7873,"114 RIVERLAKE DR, SIX MILE, SC 29682",29682,SC,34.869511,-82.880989,SFR,1955.0,3.0,2.0,1523.0,0.8,,2024-09-17,Resale,,24860,"Greenville-Anderson-Greer, SC"
12801632,45077,4131-00-50-8428,"103 CATO CT, SIX MILE, SC 29682",29682,SC,34.871270,-82.880884,SFR,2005.0,3.0,3.0,2108.0,0.55,2200000.0,2025-12-19,Resale,1043.64,24860,"Greenville-Anderson-Greer, SC"
12815382,45077,4055-12-86-0252,"100 HENRY CT, CENTRAL, SC 29630",29630,SC,34.723293,-82.803583,SFR,1983.0,2.0,1.5,1240.0,0.12,222500.0,2026-05-13,Resale,179.44,24860,"Greenville-Anderson-Greer, SC"
12861805,45077,5018-11-56-7759,"117 SPIRIT MOUNTAIN LN, EASLEY, SC 29642",29642,SC,34.809904,-82.613224,SFR,2007.0,3.0,2.0,2032.0,0.2300046,,2024-08-14,Resale,,24860,"Greenville-Anderson-Greer, SC"
12861808,45077,5018-11-57-6024,"104 SPIRIT MOUNTAIN LN, EASLEY, SC 29642",29642,SC,34.810558,-82.613650,SFR,2007.0,3.0,3.0,2307.0,0.2300046,330000.0,2025-11-07,Resale,143.04,24860,"Greenville-Anderson-Greer, SC"
12878501,45077,4053-07-59-6005,"253 ROCK CREEK RD, CLEMSON, SC 29631",29631,SC,34.675988,-82.810727,SFR,2006.0,3.0,3.0,1834.0,0.1600092,310000.0,2025-02-05,Resale,169.03,24860,"Greenville-Anderson-Greer, SC"
12922244,45077,4132-01-05-5242,"444 OLD SHALLOWFORD BRIDGE RD, SUNSET, SC 29685",29685,SC,34.911415,-82.899343,SFR,2023.0,4.0,,2230.0,0.7699954,2100000.0,2024-02-16,Resale,941.7,24860,"Greenville-Anderson-Greer, SC"
12935130,45077,5059-17-01-6133,"109 TEAL DR, EASLEY, SC 29642",29642,SC,34.823233,-82.497234,SFR,1996.0,3.0,2.0,1661.0,,238000.0,2024-03-21,Resale,143.29,24860,"Greenville-Anderson-Greer, SC"
13009045,45077,4164-00-50-2048,"396 BIG ROCK LAKE RD, PICKENS, SC 29671",29671,SC,34.954044,-82.784530,SFR,1967.0,2.0,1.0,875.0,,379000.0,2024-10-04,Resale,433.14,24860,"Greenville-Anderson-Greer, SC"
13025214,45077,5120-17-21-3232,"303 LENHARDT RD, EASLEY, SC 29640",29640,SC,34.849779,-82.592024,SFR,2005.0,3.0,2.0,1430.0,0.26,280000.0,2023-07-31,Resale,195.8,24860,"Greenville-Anderson-Greer, SC"
13068870,45077,5019-08-89-3274,"403 HENRY ST, EASLEY, SC 29640",29640,SC,34.844209,-82.605090,SFR,1958.0,4.0,3.0,2079.0,,,2024-05-24,Resale,,24860,"Greenville-Anderson-Greer, SC"
13127489,45077,4180-16-93-2275,"133 OLD LIBERTY PICKENS RD, PICKENS, SC 29671",29671,SC,34.853968,-82.702206,SFR,1973.0,3.0,1.0,1404.0,2.1,142000.0,2007-11-14,Resale,101.14,24860,"Greenville-Anderson-Greer, SC"
13214232,45077,4055-12-76-6354,"101 ARBORS CT, CENTRAL, SC 29630",29630,SC,34.723581,-82.804922,SFR,1998.0,3.0,2.0,1392.0,,87000.0,2025-04-23,Resale,62.5,24860,"Greenville-Anderson-Greer, SC"
13282512,45077,4087-06-38-6345,"222 BRANCHWOOD DR, LIBERTY, SC 29657",29657,SC,34.785247,-82.719670,SFR,1984.0,3.0,2.0,1538.0,,249900.0,2024-09-13,Resale,162.48,24860,"Greenville-Anderson-Greer, SC"
13297382,45077,4130-00-60-2019,"202 LAKEVIEW WAY, SIX MILE, SC 29682",29682,SC,34.842512,-82.878799,SFR,2005.0,3.0,3.0,2707.0,1.38,350000.0,2023-06-27,Resale,129.29,24860,"Greenville-Anderson-Greer, SC"
13315234,45077,4098-14-43-6338,"336 SPRINGDALE AVE, LIBERTY, SC 29657",29657,SC,34.799593,-82.683375,SFR,1996.0,3.0,3.0,1632.0,,245000.0,2023-09-08,Resale,150.12,24860,"Greenville-Anderson-Greer, SC"
13383411,45077,5019-14-44-6431,"107 ROBINSON AVE, EASLEY, SC 29640",29640,SC,34.830702,-82.617278,SFR,1940.0,3.0,2.0,1525.0,0.5,213900.0,2024-05-23,Resale,140.26,24860,"Greenville-Anderson-Greer, SC"
13414060,45077,4086-00-53-8854,"124 CHANDLER DR, LIBERTY, SC 29657",29657,SC,34.745501,-82.711509,SFR,2004.0,3.0,2.0,1380.0,0.51,305000.0,2026-04-24,Resale,221.01,24860,"Greenville-Anderson-Greer, SC"
13441943,45077,5019-16-93-3919,"102 RUSSELL ST APT 207, EASLEY, SC 29640",29640,SC,34.829767,-82.601753,CONDOMINIUM,2005.0,,,1795.0,,320000.0,2025-09-29,Resale,178.27,24860,"Greenville-Anderson-Greer, SC"
13454826,45077,4098-13-12-3874,"227 HARRY DAVIS DR, LIBERTY, SC 29657",29657,SC,34.797967,-82.694190,SFR,2007.0,3.0,3.0,1462.0,0.75,275000.0,2024-03-11,Resale,188.1,24860,"Greenville-Anderson-Greer, SC"
13546833,45077,5111-00-59-7234,"348 KATIE LN, EASLEY, SC 29640",29640,SC,34.899008,-82.614978,VACANT LAND (NEC),,,,,1.98,,2025-08-12,Resale,,24860,"Greenville-Anderson-Greer, SC"
13574442,45077,4191-08-87-8772,"119 MOUNTAIN VIEW DR, PICKENS, SC 29671",29671,SC,34.894021,-82.671112,SFR,2002.0,3.0,3.0,1917.0,1.13,462500.0,2025-04-14,Resale,241.26,24860,"Greenville-Anderson-Greer, SC"
13577168,45077,4053-12-87-6062,"116 E BROOKWOOD DR, CLEMSON, SC 29631",29631,SC,34.670584,-82.800475,SFR,1970.0,5.0,3.0,1982.0,,407000.0,2025-06-17,Resale,205.35,24860,"Greenville-Anderson-Greer, SC"
13621012,45077,4181-13-23-1012,"210 THOMAS RD, PICKENS, SC 29671",29671,SC,34.880456,-82.726655,SFR,1980.0,3.0,2.0,1240.0,,249900.0,2025-08-25,Resale,201.53,24860,"Greenville-Anderson-Greer, SC"
13647565,45077,4039-00-69-4785,"115 LAKEVIEW WAY, SIX MILE, SC 29682",29682,SC,34.841812,-82.877964,VACANT LAND (NEC),,,,,1.16,30000.0,2024-04-11,Resale,,24860,"Greenville-Anderson-Greer, SC"
13656987,45077,5038-15-53-9539,"111 CREEK DR, EASLEY, SC 29642",29642,SC,34.801938,-82.545796,SFR,1991.0,3.0,2.0,1882.0,,299000.0,2025-01-24,Resale,158.87,24860,"Greenville-Anderson-Greer, SC"
13656996,45077,5038-15-63-2711,"118 CREEK DR, EASLEY, SC 29642",29642,SC,34.802288,-82.544891,SFR,1989.0,3.0,3.0,1739.0,,,2025-01-21,Resale,,24860,"Greenville-Anderson-Greer, SC"
13724675,45077,5110-14-43-9642,"110 MASTERS WOODS WAY, EASLEY, SC 29640",29640,SC,34.856109,-82.616799,SFR,2007.0,4.0,3.0,2409.0,1.47,432500.0,2025-07-01,Resale,179.54,24860,"Greenville-Anderson-Greer, SC"
13751909,45077,5009-18-41-2981,"102 LOGAN LN, EASLEY, SC 29640",29640,SC,34.823393,-82.651796,SFR,1996.0,3.0,2.0,1302.0,0.5699954,263000.0,2024-07-09,Resale,202.0,24860,"Greenville-Anderson-Greer, SC"
13751915,45077,5009-14-42-7730,"136 LOGAN LN, EASLEY, SC 29640",29640,SC,34.825638,-82.650295,SFR,1997.0,3.0,2.0,1260.0,0.7699954,265000.0,2024-04-16,Resale,210.32,24860,"Greenville-Anderson-Greer, SC"
13762742,45077,5018-11-56-5505,"132 SPIRIT MOUNTAIN LN, EASLEY, SC 29642",29642,SC,34.809224,-82.613991,SFR,2007.0,4.0,3.0,2451.0,0.3100092,350000.0,2024-09-09,Resale,142.8,24860,"Greenville-Anderson-Greer, SC"
13799809,45077,5127-00-11-3761,"139 ANDERS CAMP RD, CLEVELAND, SC 29635",29635,SC,35.043357,-82.598807,SFR,1959.0,2.0,1.0,649.0,,140000.0,2023-07-31,Resale,215.72,24860,"Greenville-Anderson-Greer, SC"
13891102,45077,4054-15-64-9145,"205 SKYVIEW DR, CLEMSON, SC 29631",29631,SC,34.690075,-82.806596,SFR,1961.0,4.0,3.0,2262.0,,415000.0,2025-06-10,Resale,183.47,24860,"Greenville-Anderson-Greer, SC"
13905013,45077,4099-00-23-9855,"381 N FREEMAN RD, LIBERTY, SC 29657",29657,SC,34.828220,-82.689522,SFR,1979.0,3.0,2.0,2064.0,1.7,345000.0,2023-08-31,Resale,167.15,24860,"Greenville-Anderson-Greer, SC"
13921501,45077,4063-06-29-5974,"231 KINGS WAY, CLEMSON, SC 29631",29631,SC,34.678819,-82.787688,SFR,1969.0,3.0,3.0,1936.0,,510973.0,2024-06-12,Resale,263.93,24860,"Greenville-Anderson-Greer, SC"
13921580,45077,4048-20-81-6272,"261 SALUDA CIRCLE DR, CENTRAL, SC 29630",29630,SC,34.791485,-82.836282,MOBILE HOME,1999.0,4.0,2.0,1904.0,0.75,78000.0,2023-09-20,Resale,40.97,24860,"Greenville-Anderson-Greer, SC"
13947020,45077,4054-16-83-1258,"206 BLUE RIDGE DR, CLEMSON, SC 29631",29631,SC,34.687715,-82.802518,SFR,1967.0,4.0,2.0,1705.0,0.9300046,200000.0,2025-01-24,Resale,117.3,24860,"Greenville-Anderson-Greer, SC"
13959428,45077,4065-17-00-8967,"200 MORRIS ST, CENTRAL, SC 29630",29630,SC,34.708967,-82.793935,SFR,1969.0,3.0,4.0,1289.0,,140000.0,2025-12-04,Construction Loan/Financing,108.61,24860,"Greenville-Anderson-Greer, SC"
13996534,45077,5120-10-46-8581,"174 JAMESON RD, EASLEY, SC 29640",29640,SC,34.864449,-82.583735,SFR,1984.0,3.0,2.0,1269.0,,230000.0,2025-02-24,Resale,181.25,24860,"Greenville-Anderson-Greer, SC"
14075124,45077,5059-17-00-8940,"112 SNIPE LN, EASLEY, SC 29642",29642,SC,34.822626,-82.496506,SFR,1981.0,3.0,2.0,1368.0,,205000.0,2025-09-16,Resale,149.85,24860,"Greenville-Anderson-Greer, SC"
14100078,45077,5038-15-63-7696,"408 OAKCREEK DR, EASLEY, SC 29642",29642,SC,34.802151,-82.542940,SFR,1989.0,3.0,3.0,1698.0,,281000.0,2023-07-24,Resale,165.49,24860,"Greenville-Anderson-Greer, SC"
14131384,45077,5120-09-07-1004,"145 UPPER LAKE DR, EASLEY, SC 29640",29640,SC,34.865680,-82.599751,SFR,2001.0,5.0,3.5,3429.0,1.11,600000.0,2023-12-11,Resale,174.98,24860,"Greenville-Anderson-Greer, SC"
14206654,45077,5029-14-34-3201,"910 E 2ND AVE, EASLEY, SC 29640",29640,SC,34.830594,-82.588428,SFR,1957.0,2.0,1.0,720.0,,,2025-06-27,Resale,,24860,"Greenville-Anderson-Greer, SC"
14270334,45077,4193-04-51-1875,"134 EASTVIEW DR, PICKENS, SC 29671",29671,SC,34.932691,-82.684252,SFR,2016.0,3.0,2.0,1423.0,0.5699954,285000.0,2024-09-24,Resale,200.28,24860,"Greenville-Anderson-Greer, SC"
14316079,45077,5029-10-36-8380,"405 BLUE RIDGE ST, EASLEY, SC 29640",29640,SC,34.836332,-82.586594,SFR,1920.0,3.0,1.0,1336.0,0.33,55000.0,2026-05-20,Resale,41.17,24860,"Greenville-Anderson-Greer, SC"
14387024,45077,4151-00-18-5448,"505 SCHARLIN DR, PICKENS, SC 29671",29671,SC,34.893987,-82.828839,VACANT LAND (NEC),,,,,1.08,13500.0,2025-07-09,Resale,,24860,"Greenville-Anderson-Greer, SC"
14387405,45077,4196-00-96-0646,"217 BLUEBERRY TRL, PICKENS, SC 29671",29671,SC,35.028564,-82.673209,SFR,2019.0,3.0,2.0,700.0,2.47,,2026-05-14,Resale,,24860,"Greenville-Anderson-Greer, SC"
14387488,45077,5103-00-50-1287,"161 OVERLOOK DR, PICKENS, SC 29671",29671,SC,34.928759,-82.650674,SFR,1989.0,3.0,2.0,1795.0,4.34,300000.0,2025-12-15,Resale,167.13,24860,"Greenville-Anderson-Greer, SC"
14416719,45077,5103-00-27-4360,"847 CONNELLY RD, PICKENS, SC 29671",29671,SC,34.948035,-82.660148,SFR,1978.0,4.0,1.0,1044.0,1.27,,2025-12-30,Resale,,24860,"Greenville-Anderson-Greer, SC"
14416855,45077,4144-00-01-6413,"206 EASTATOE PKWY, SUNSET, SC 29685",29685,SC,34.956638,-82.866427,VACANT LAND (NEC),,,,,4.84,225000.0,2024-08-07,Resale,,24860,"Greenville-Anderson-Greer, SC"
14419964,45077,5134-00-91-7266,"1528 HUNTS BRIDGE RD, EASLEY, SC 29640",29640,SC,34.960502,-82.535916,SFR,1975.0,3.0,3.0,1416.0,1.11,315000.0,2025-05-30,Resale,222.46,24860,"Greenville-Anderson-Greer, SC"
14591426,45077,5039-20-90-3864,"405 CARDINAL WOODS WAY, EASLEY, SC 29642",29642,SC,34.821992,-82.534744,SFR,2004.0,4.0,2.0,1985.0,,325000.0,2024-10-31,Resale,163.73,24860,"Greenville-Anderson-Greer, SC"
14631627,45077,4064-17-10-8952,"214 CAMELOT RD, CLEMSON, SC 29631",29631,SC,34.681457,-82.790059,SFR,1976.0,3.0,2.0,1952.0,0.4199954,355000.0,2025-05-30,Resale,181.86,24860,"Greenville-Anderson-Greer, SC"
14704845,45077,4190-20-91-5518,"122 FERNWOOD DR, EASLEY, SC 29640",29640,SC,34.849776,-82.668061,SFR,1984.0,3.0,2.0,1440.0,,275000.0,2024-12-13,Resale,190.97,24860,"Greenville-Anderson-Greer, SC"
14923275,45077,5028-08-78-9276,"308 MCALISTER RD, EASLEY, SC 29642",29642,SC,34.814439,-82.572551,SFR,1940.0,3.0,2.0,1496.0,,275000.0,2024-10-15,Resale,183.82,24860,"Greenville-Anderson-Greer, SC"
14965769,45077,5009-15-53-1971,"103 MILLSBORO CT, EASLEY, SC 29640",29640,SC,34.828975,-82.648819,SFR,1999.0,3.0,2.0,1150.0,,257000.0,2025-02-17,Resale,223.48,24860,"Greenville-Anderson-Greer, SC"
15045179,45077,4087-06-38-9524,"208 GREEN DR, LIBERTY, SC 29657",29657,SC,34.785809,-82.718763,SFR,1998.0,3.0,2.0,1098.0,,200000.0,2024-04-15,Resale,182.15,24860,"Greenville-Anderson-Greer, SC"
15049590,45077,4098-14-24-6790,"203 MAE ST, LIBERTY, SC 29657",29657,SC,34.803102,-82.689873,SFR,1964.0,3.0,2.0,1448.0,0.4899908,310000.0,2025-09-04,Resale,214.09,24860,"Greenville-Anderson-Greer, SC"
15091679,45077,4068-00-76-2691,"103 TIMBERSTONE TRL, SIX MILE, SC 29682",29682,SC,34.807171,-82.774531,SFR,2008.0,3.0,3.0,2719.0,0.5,510000.0,2025-04-17,Resale,187.57,24860,"Greenville-Anderson-Greer, SC"
15091813,45077,5132-02-69-5901,"268 GARREN RD, EASLEY, SC 29640",29640,SC,34.929059,-82.546129,SFR,2007.0,3.0,3.0,2398.0,8.38,760000.0,2025-09-16,Resale,316.93,24860,"Greenville-Anderson-Greer, SC"
15109127,45077,5028-13-03-8201,"223 MEADOW LN, EASLEY, SC 29642",29642,SC,34.800271,-82.596209,SFR,1966.0,3.0,2.5,1700.0,0.73,340000.0,2026-05-18,Resale,200.0,24860,"Greenville-Anderson-Greer, SC"
15185975,45077,4182-05-27-2964,"209 CITY LAKE DR, PICKENS, SC 29671",29671,SC,34.921412,-82.727050,RESIDENTIAL - VACANT LAND,2004.0,2.0,2.0,1058.0,0.6699954,216000.0,2026-03-09,Resale,204.16,24860,"Greenville-Anderson-Greer, SC"
15499771,45077,5038-15-52-2910,"108 ASCOT CT, EASLEY, SC 29642",29642,SC,34.799991,-82.548161,SFR,1985.0,4.0,3.0,2491.0,,350000.0,2025-07-18,Resale,140.51,24860,"Greenville-Anderson-Greer, SC"
15562102,45077,5008-11-55-7250,"307 SHARON LN, EASLEY, SC 29640",29640,SC,34.805074,-82.646418,SFR,1971.0,3.0,1.5,1546.0,0.25,,2024-02-21,Resale,,24860,"Greenville-Anderson-Greer, SC"
15603733,45077,5019-10-45-8124,"712 W MAIN ST, EASLEY, SC 29640",29640,SC,34.832788,-82.616710,SFR,1924.0,2.0,1.0,1016.0,,185000.0,2025-09-26,Resale,182.09,24860,"Greenville-Anderson-Greer, SC"
15814036,45077,4195-00-55-8085,"187 POSSUM HOLLER, PICKENS, SC 29671",29671,SC,34.996424,-82.683562,SFR,2004.0,3.0,3.0,1091.0,79.4,,2023-12-12,Resale,,24860,"Greenville-Anderson-Greer, SC"
15993113,45077,5038-10-46-6185,"709 ROCK SPRINGS RD, EASLEY, SC 29642",29642,SC,34.808901,-82.550104,SFR,1993.0,3.0,3.0,2759.0,,340000.0,2023-06-20,Resale,123.23,24860,"Greenville-Anderson-Greer, SC"
16023716,45077,4163-00-05-3784,"499 UPPER SPRINGS RD, PICKENS, SC 29671",29671,SC,34.941881,-82.800591,SFR,2022.0,3.0,,1336.0,6.59,,2024-10-10,Resale,,24860,"Greenville-Anderson-Greer, SC"
16095907,45077,5120-09-05-7414,"114 WARREN DR, EASLEY, SC 29640",29640,SC,34.861302,-82.597594,SFR,2002.0,3.0,3.0,1951.0,0.6199954,455000.0,2025-06-02,Resale,233.21,24860,"Greenville-Anderson-Greer, SC"
16545706,45077,5019-14-24-7476,"300 GRAHAM ST, EASLEY, SC 29640",29640,SC,34.830823,-82.623503,VACANT LAND (NEC),,,,,0.23,9000.0,2023-10-10,Resale,,24860,"Greenville-Anderson-Greer, SC"
16619629,45077,4067-00-15-3189,"112 SILVER RIDGE DR, CENTRAL, SC 29630",29630,SC,34.775547,-82.793618,SFR,2009.0,3.0,2.0,2318.0,0.7489899,515500.0,2025-01-15,Resale,222.39,24860,"Greenville-Anderson-Greer, SC"
16620595,45077,4131-00-45-1565,"151 MURPHY RD, SUNSET, SC 29685",29685,SC,34.884867,-82.886758,SFR,1980.0,3.0,2.0,1200.0,9.024,270000.0,2023-05-31,Resale,225.0,24860,"Greenville-Anderson-Greer, SC"
16762189,45077,4166-00-24-8657,"1149 MOOREFIELD MEMORIAL HWY, SUNSET, SC 29685",29685,SC,35.021436,-82.793869,SFR,1945.0,2.0,1.0,942.0,1.0,385000.0,2023-12-11,Resale,408.7,24860,"Greenville-Anderson-Greer, SC"
17166998,45077,4053-07-69-6657,"193 HOLDEN DR, CLEMSON, SC 29631",29631,SC,34.677714,-82.807266,SFR,2017.0,4.0,3.0,2272.0,,388000.0,2025-08-14,Resale,170.77,24860,"Greenville-Anderson-Greer, SC"
17249106,45077,5049-06-48-3790,"28 FRONTIER DR, EASLEY, SC 29640",29640,SC,34.844081,-82.518712,VACANT LAND (NEC),1942.0,3.0,2.0,1069.0,4.915,110000.0,2023-08-21,Resale,102.9,24860,"Greenville-Anderson-Greer, SC"
17730877,45077,4099-00-43-9968,"563 BREAZEALE RD, LIBERTY, SC 29657",29657,SC,34.828645,-82.682793,SFR,1991.0,3.0,2.0,1113.0,0.6699954,215000.0,2025-06-18,Resale,193.17,24860,"Greenville-Anderson-Greer, SC"
18146774,45077,4153-00-85-8232,"523 UPPER SPRINGS RD, PICKENS, SC 29671",29671,SC,34.940288,-82.805486,SFR,2003.0,3.0,2.0,1549.0,16.08,675000.0,2023-10-30,Resale,435.77,24860,"Greenville-Anderson-Greer, SC"
18227542,45077,5027-11-76-1816,"101 HATTERS CT, EASLEY, SC 29642",29642,SC,34.783084,-82.574824,SFR,2000.0,4.0,3.0,2179.0,0.2199954,285000.0,2025-02-13,Resale,130.79,24860,"Greenville-Anderson-Greer, SC"
18227552,45077,5027-06-29-9684,"1001 PELZER HWY, EASLEY, SC 29642",29642,SC,34.790522,-82.588763,SFR,1963.0,3.0,1.0,1900.0,,225000.0,2025-03-07,Resale,118.42,24860,"Greenville-Anderson-Greer, SC"
18340027,45077,5019-06-37-7679,"231 OLD CEDAR ROCK RD, EASLEY, SC 29640",29640,SC,34.839719,-82.620347,SFR,1994.0,3.0,2.0,1551.0,0.5,279900.0,2024-10-18,Resale,180.46,24860,"Greenville-Anderson-Greer, SC"
18363704,45077,4087-16-94-3914,"18 CLEMSON ST, LIBERTY, SC 29657",29657,SC,34.776147,-82.700611,SFR,1925.0,2.0,1.0,728.0,0.23,184000.0,2023-09-07,Resale,252.75,24860,"Greenville-Anderson-Greer, SC"
19090061,45077,4087-06-37-1509,"313 DREAM LN, LIBERTY, SC 29657",29657,SC,34.783171,-82.721432,SFR,2002.0,3.0,2.0,1277.0,0.29,195000.0,2023-10-12,Resale,152.7,24860,"Greenville-Anderson-Greer, SC"
19357290,45077,5018-08-79-7842,"314 S 7TH ST, EASLEY, SC 29640",29640,SC,34.818277,-82.606714,SFR,1960.0,2.0,1.0,1017.0,0.35,187500.0,2025-10-22,Resale,184.37,24860,"Greenville-Anderson-Greer, SC"
19532027,45077,4191-18-21-6754,"119 MEDLIN DR, PICKENS, SC 29671",29671,SC,34.877410,-82.691512,SFR,1967.0,3.0,1.0,1368.0,,242500.0,2023-10-30,Resale,177.27,24860,"Greenville-Anderson-Greer, SC"
19697808,45077,5029-11-65-7726,"100 DOWLING ST, EASLEY, SC 29640",29640,SC,34.834975,-82.577088,SFR,1959.0,3.0,2.0,1173.0,,225000.0,2024-09-20,Resale,191.82,24860,"Greenville-Anderson-Greer, SC"
19697814,45077,5029-18-41-6555,"722 S E ST, EASLEY, SC 29640",29640,SC,34.823325,-82.583790,SFR,1957.0,3.0,1.0,952.0,0.34,193000.0,2023-08-18,Resale,202.73,24860,"Greenville-Anderson-Greer, SC"
19697818,45077,5029-14-42-9830,"305 STEWART DR, EASLEY, SC 29640",29640,SC,34.826777,-82.582863,SFR,1961.0,3.0,2.0,1416.0,,294900.0,2025-05-23,Resale,208.26,24860,"Greenville-Anderson-Greer, SC"
20014685,45077,5110-00-58-2238,"1582 CEDAR ROCK CHURCH RD, EASLEY, SC 29640",29640,SC,34.868995,-82.616218,SFR,1999.0,3.0,2.0,1416.0,0.5,257000.0,2026-04-30,Resale,181.5,24860,"Greenville-Anderson-Greer, SC"
20058178,45077,5018-18-40-6170,"137 DUSTIN ST, EASLEY, SC 29642",29642,SC,34.791464,-82.616433,SFR,1995.0,3.0,3.0,1754.0,,349900.0,2025-05-30,Resale,199.49,24860,"Greenville-Anderson-Greer, SC"
20419865,45077,4181-14-42-7821,"729 W MAIN ST, PICKENS, SC 29671",29671,SC,34.880027,-82.717973,RELIGIOUS,1995.0,,,4080.0,,350000.0,2025-08-19,Construction Loan/Financing,85.78,24860,"Greenville-Anderson-Greer, SC"
20464069,45077,4173-00-28-8629,"139 SHAD RACK RD, PICKENS, SC 29671",29671,SC,34.950494,-82.759123,RESIDENTIAL - VACANT LAND,1983.0,3.0,2.0,1152.0,2.0,4800.0,2023-08-04,Resale,4.17,24860,"Greenville-Anderson-Greer, SC"
20466530,45077,4099-00-42-1639,"117 CEDAR RIDGE DR, LIBERTY, SC 29657",29657,SC,34.825150,-82.685516,MOBILE HOME,2003.0,3.0,2.0,1498.0,0.5699954,82000.0,2024-08-26,Resale,54.74,24860,"Greenville-Anderson-Greer, SC"
20466584,45077,5009-19-61-1592,"201 LOBLOLLY CT, EASLEY, SC 29640",29640,SC,34.822428,-82.645254,MOBILE HOME,2001.0,3.0,2.0,1456.0,0.64,125000.0,2026-04-22,Resale,85.85,24860,"Greenville-Anderson-Greer, SC"
20531580,45077,5038-18-21-6333,"107 FOUR LAKES DR, EASLEY, SC 29642",29642,SC,34.795576,-82.556695,SFR,1992.0,5.0,5.0,5198.0,,761000.0,2025-11-25,Resale,146.4,24860,"Greenville-Anderson-Greer, SC"
20531581,45077,4097-09-06-1997,"6 NORRIS AVE, LIBERTY, SC 29657",29657,SC,34.781792,-82.697770,SFR,2003.0,3.0,2.0,1003.0,0.241,192500.0,2023-07-28,Resale,191.92,24860,"Greenville-Anderson-Greer, SC"
20531788,45077,5029-10-45-6537,"504 BLUE RIDGE ST, EASLEY, SC 29640",29640,SC,34.834373,-82.584070,SFR,1920.0,2.0,1.0,1320.0,0.3,192000.0,2026-04-01,Resale,145.45,24860,"Greenville-Anderson-Greer, SC"
20534785,45077,5018-19-50-5231,"403 PARK WEST CIR, EASLEY, SC 29642",29642,SC,34.791776,-82.613587,SFR,1989.0,3.0,2.0,1610.0,0.5800046,49900.0,2024-01-25,Resale,30.99,24860,"Greenville-Anderson-Greer, SC"
20535258,45077,5135-00-64-9984,"441 FREEMAN BRIDGE RD, MARIETTA, SC 29661",29661,SC,34.998015,-82.545862,SFR,2002.0,2.0,2.0,1051.0,1.98,250000.0,2023-09-29,Resale,237.87,24860,"Greenville-Anderson-Greer, SC"
20535376,45077,5019-18-30-5379,"800 LIBERTY DR, EASLEY, SC 29640",29640,SC,34.819645,-82.620318,SFR,1926.0,3.0,1.0,1300.0,0.6629936,37000.0,2024-09-13,Resale,28.46,24860,"Greenville-Anderson-Greer, SC"
20536531,45077,4089-08-79-9405,"106 QUAIL CREEK DR, LIBERTY, SC 29657",29657,SC,34.843461,-82.706648,SFR,1993.0,3.0,2.0,1164.0,0.5820018,271000.0,2023-08-28,Resale,232.82,24860,"Greenville-Anderson-Greer, SC"
20538949,45077,4088-16-73-6982,"102 ASHTON DR, LIBERTY, SC 29657",29657,SC,34.800731,-82.706493,SFR,2004.0,4.0,3.0,1762.0,0.4800046,281000.0,2024-12-11,Resale,159.48,24860,"Greenville-Anderson-Greer, SC"
20581600,45077,4190-05-08-8933,"170 EVERGREEN ACRES RD, PICKENS, SC 29671",29671,SC,34.869560,-82.697434,SFR,1965.0,3.0,1.0,1115.0,,160000.0,2024-01-10,Resale,143.5,24860,"Greenville-Anderson-Greer, SC"
20583079,45077,4181-16-73-7194,"317 GARVIN ST, PICKENS, SC 29671",29671,SC,34.881032,-82.707758,SFR,1944.0,4.0,2.0,1296.0,,285000.0,2024-06-28,Resale,219.91,24860,"Greenville-Anderson-Greer, SC"
20583087,45077,4191-13-14-3904,"306 RAILROAD ST, PICKENS, SC 29671",29671,SC,34.886138,-82.696138,SFR,1905.0,2.0,1.0,1030.0,,,2024-08-29,Resale,,24860,"Greenville-Anderson-Greer, SC"
20583088,45077,4191-09-15-1006,"301 RAILROAD ST, PICKENS, SC 29671",29671,SC,34.886474,-82.696836,SFR,1905.0,3.0,1.0,1004.0,,85000.0,2024-09-19,Resale,84.66,24860,"Greenville-Anderson-Greer, SC"
20583092,45077,4191-13-04-2994,"303 PLANER ST, PICKENS, SC 29671",29671,SC,34.886120,-82.699497,SFR,1915.0,3.0,2.0,1044.0,,169000.0,2025-02-24,Resale,161.88,24860,"Greenville-Anderson-Greer, SC"
20583094,45077,4191-09-05-5038,"112 OVERBROOK ST, PICKENS, SC 29671",29671,SC,34.886473,-82.698735,SFR,1905.0,2.0,1.0,909.0,0.41,50240.0,2025-09-05,Resale,55.27,24860,"Greenville-Anderson-Greer, SC"
20583103,45077,4088-16-73-7194,"133 FORRESTER DR, LIBERTY, SC 29657",29657,SC,34.798603,-82.706105,SFR,2000.0,3.0,2.0,1200.0,0.2100092,223000.0,2025-03-11,Resale,185.83,24860,"Greenville-Anderson-Greer, SC"
20583107,45077,4088-15-73-4805,"202 ASHTON DR, LIBERTY, SC 29657",29657,SC,34.800544,-82.707444,SFR,2002.0,3.0,2.0,1050.0,0.38,120000.0,2017-04-04,Resale,114.29,24860,"Greenville-Anderson-Greer, SC"
20583110,45077,4054-19-51-2955,"106 RIPPLEVIEW DR, CLEMSON, SC 29631",29631,SC,34.683950,-82.812055,SFR,1986.0,3.0,2.0,1944.0,,425000.0,2025-07-14,Resale,218.62,24860,"Greenville-Anderson-Greer, SC"
20585290,45077,5019-10-36-6030,"400 KING ST, EASLEY, SC 29640",29640,SC,34.835088,-82.620728,SFR,1920.0,3.0,2.0,1792.0,0.47,238000.0,2023-10-06,Resale,132.81,24860,"Greenville-Anderson-Greer, SC"
20585296,45077,5009-08-89-2095,"119 MARGARET ST, EASLEY, SC 29640",29640,SC,34.843222,-82.638709,SFR,1930.0,2.0,1.0,980.0,,195000.0,2025-10-03,Resale,198.98,24860,"Greenville-Anderson-Greer, SC"
20585301,45077,5009-08-88-4729,"105 MARGARET ST, EASLEY, SC 29640",29640,SC,34.842509,-82.638232,SFR,1928.0,1.0,1.0,980.0,,157400.0,2025-09-18,Resale,160.61,24860,"Greenville-Anderson-Greer, SC"
20585324,45077,4087-12-95-5965,"5 CALHOUN ST, LIBERTY, SC 29657",29657,SC,34.778925,-82.699843,SFR,1938.0,2.0,1.0,907.0,,,2025-06-30,Resale,,24860,"Greenville-Anderson-Greer, SC"
20585326,45077,4087-16-94-2778,"19 CLEMSON ST, LIBERTY, SC 29657",29657,SC,34.775759,-82.700695,SFR,1925.0,2.0,1.0,952.0,,197500.0,2024-12-30,Resale,207.46,24860,"Greenville-Anderson-Greer, SC"
20585335,45077,4097-09-07-2152,"3 NORRIS AVE, LIBERTY, SC 29657",29657,SC,34.782190,-82.697598,SFR,1954.0,2.0,1.0,1020.0,,180000.0,2025-05-09,Resale,176.47,24860,"Greenville-Anderson-Greer, SC"
20585337,45077,4097-09-07-1187,"1 NORRIS AVE, LIBERTY, SC 29657",29657,SC,34.782324,-82.697822,SFR,1956.0,3.0,1.0,1038.0,,150000.0,2025-05-28,Resale,144.51,24860,"Greenville-Anderson-Greer, SC"
20586696,45077,5029-15-62-2505,"107 MAE AVE, EASLEY, SC 29640",29640,SC,34.826126,-82.578667,SFR,1971.0,3.0,2.0,1375.0,,259000.0,2025-09-25,Resale,188.36,24860,"Greenville-Anderson-Greer, SC"
20586699,45077,5120-17-00-3453,"106 BURDINE DR, EASLEY, SC 29640",29640,SC,34.847484,-82.598553,SFR,1986.0,3.0,4.0,2400.0,,325000.0,2023-12-20,Resale,135.42,24860,"Greenville-Anderson-Greer, SC"
20587385,45077,5019-08-88-6435,"200 ALFRED RD, EASLEY, SC 29640",29640,SC,34.842021,-82.604202,SFR,1956.0,2.0,1.0,1160.0,0.38,105000.0,2008-02-29,Resale,90.52,24860,"Greenville-Anderson-Greer, SC"
20587389,45077,5019-06-29-8551,"117 MCSCOTT CT, EASLEY, SC 29640",29640,SC,34.844708,-82.623484,SFR,2001.0,3.0,2.0,1404.0,0.1699954,12500.0,2023-07-25,Resale,8.9,24860,"Greenville-Anderson-Greer, SC"
20596096,45077,5009-08-88-3724,"1802 ARIAL ST, EASLEY, SC 29640",29640,SC,34.842386,-82.638567,SFR,1928.0,2.0,1.0,1232.0,,67200.0,2023-11-06,Resale,54.55,24860,"Greenville-Anderson-Greer, SC"
20596214,45077,4175-03-24-2232,"2112 MOOREFIELD MEMORIAL HWY, PICKENS, SC 29671",29671,SC,34.993156,-82.762005,SFR,1981.0,2.0,2.0,1084.0,5.42,360000.0,2025-02-10,Resale,332.1,24860,"Greenville-Anderson-Greer, SC"
20596755,45077,5117-00-53-2241,"129 PLEASANT GROVE RD, PICKENS, SC 29671",29671,SC,35.047265,-82.619393,SFR,1960.0,3.0,1.0,1620.0,1.0,200000.0,2023-10-12,Resale,123.46,24860,"Greenville-Anderson-Greer, SC"
20596769,45077,5058-05-19-3781,"4437 OLD EASLEY BRIDGE RD, EASLEY, SC 29642",29642,SC,34.819257,-82.494956,SFR,1956.0,3.0,1.5,1110.0,14.67,,2023-11-28,Resale,,24860,"Greenville-Anderson-Greer, SC"
20596822,45077,4181-11-75-1237,"247 ANN ST, PICKENS, SC 29671",29671,SC,34.886833,-82.710150,OFFICE BUILDING,1938.0,3.0,1.0,1638.0,1.38,195800.0,2023-05-11,Resale,119.54,24860,"Greenville-Anderson-Greer, SC"
20596825,45077,4181-11-75-0398,"253 ANN ST, PICKENS, SC 29671",29671,SC,34.887142,-82.710220,SFR,1976.0,3.0,3.5,2615.0,0.85,,2026-04-30,Resale,,24860,"Greenville-Anderson-Greer, SC"
20599889,45077,4087-06-38-3529,"230 BRANCHWOOD DR, LIBERTY, SC 29657",29657,SC,34.785909,-82.720734,SFR,1983.0,2.0,1.5,994.0,0.3,200000.0,2026-03-24,Resale,201.21,24860,"Greenville-Anderson-Greer, SC"
20601304,45077,4162-00-21-9794,"334 MOUNT BETHEL RD, PICKENS, SC 29671",29671,SC,34.903508,-82.790888,SFR,1971.0,2.0,1.0,970.0,0.94,185000.0,2023-07-13,Resale,190.72,24860,"Greenville-Anderson-Greer, SC"
20601305,45077,4162-00-22-7981,"364 MOUNT BETHEL RD, PICKENS, SC 29671",29671,SC,34.906802,-82.791616,SFR,1961.0,3.0,2.0,1691.0,4.92,317000.0,2025-04-10,Resale,187.46,24860,"Greenville-Anderson-Greer, SC"
20601308,45077,5028-17-01-7778,"100 PEPPERCORN WAY, EASLEY, SC 29642",29642,SC,34.796325,-82.596204,SFR,2004.0,3.0,2.0,1318.0,,262000.0,2024-02-15,Resale,198.79,24860,"Greenville-Anderson-Greer, SC"
20601310,45077,5017-00-35-4712,"217 HICKORY DR, EASLEY, SC 29642",29642,SC,34.779353,-82.620402,SFR,1978.0,3.0,2.0,1465.0,,82780.0,2024-06-04,Resale,56.51,24860,"Greenville-Anderson-Greer, SC"
20601313,45077,5017-00-35-0332,"233 HICKORY DR, EASLEY, SC 29642",29642,SC,34.778262,-82.621659,SFR,1978.0,3.0,2.0,2055.0,,280000.0,2025-06-13,Resale,136.25,24860,"Greenville-Anderson-Greer, SC"
20601321,45077,5018-19-50-5595,"408 PARK WEST CIR, EASLEY, SC 29642",29642,SC,34.792721,-82.613430,SFR,1988.0,3.0,2.0,1768.0,0.5899908,413500.0,2025-07-01,Resale,233.88,24860,"Greenville-Anderson-Greer, SC"
20602934,45077,5135-00-46-4815,"224 FOREST DALE RD, MARIETTA, SC 29661",29661,SC,35.003140,-82.554188,SFR,1946.0,2.0,1.0,1104.0,7.4,30000.0,2024-10-31,Resale,27.17,24860,"Greenville-Anderson-Greer, SC"
20602998,45077,5039-07-68-0934,"206 CREST WAY, EASLEY, SC 29640",29640,SC,34.844117,-82.546219,SFR,2006.0,3.0,2.0,1327.0,0.58,250000.0,2023-08-21,Resale,188.39,24860,"Greenville-Anderson-Greer, SC"
20602999,45077,5120-00-68-2834,"159 BURDINE CREEK DR, EASLEY, SC 29640",29640,SC,34.870849,-82.579418,SFR,1998.0,4.0,4.5,4468.0,6.28,1844520.0,2026-04-29,Resale,412.83,24860,"Greenville-Anderson-Greer, SC"
20603658,45077,5039-20-91-3114,"319 CARDINAL WOODS WAY, EASLEY, SC 29642",29642,SC,34.822802,-82.534928,SFR,2004.0,3.0,2.0,1363.0,,254000.0,2024-02-14,Resale,186.35,24860,"Greenville-Anderson-Greer, SC"
20603758,45077,4180-16-93-3934,"113 HAINES RD, PICKENS, SC 29671",29671,SC,34.855821,-82.702158,SFR,2005.0,3.0,2.0,1959.0,0.9100092,401000.0,2025-10-07,Resale,204.7,24860,"Greenville-Anderson-Greer, SC"
20603774,45077,5018-06-39-4503,"508 LENA DR, EASLEY, SC 29640",29640,SC,34.817309,-82.621165,SFR,1975.0,3.0,2.0,1077.0,,95000.0,2009-07-24,Resale,88.21,24860,"Greenville-Anderson-Greer, SC"
20605478,45077,5029-17-11-1406,"200 SAINT LO CIR, EASLEY, SC 29640",29640,SC,34.822940,-82.595631,SFR,1950.0,2.0,1.0,1024.0,0.45,190000.0,2023-08-28,Resale,185.55,24860,"Greenville-Anderson-Greer, SC"
20605484,45077,5019-19-70-2828,"205 S 7TH ST, EASLEY, SC 29640",29640,SC,34.821162,-82.608499,SFR,1920.0,2.0,1.0,1116.0,,165500.0,2024-05-30,Resale,148.3,24860,"Greenville-Anderson-Greer, SC"
20605486,45077,5019-19-71-1041,"201 S 7TH ST, EASLEY, SC 29640",29640,SC,34.821524,-82.608775,SFR,1920.0,2.0,1.0,1212.0,0.25,148000.0,2025-11-10,Resale,122.11,24860,"Greenville-Anderson-Greer, SC"
20606081,45077,5027-11-67-6047,"112 HABERSHAM CT, EASLEY, SC 29642",29642,SC,34.783626,-82.576417,SFR,1999.0,3.0,3.0,1802.0,0.2,,2024-05-28,Resale,,24860,"Greenville-Anderson-Greer, SC"
20606084,45077,5027-11-67-4030,"124 HABERSHAM CT, EASLEY, SC 29642",29642,SC,34.783450,-82.577142,SFR,2000.0,4.0,3.5,2369.0,0.27,276500.0,2023-07-18,Resale,116.72,24860,"Greenville-Anderson-Greer, SC"
20606087,45077,5027-11-66-8908,"109 HABERSHAM CT, EASLEY, SC 29642",29642,SC,34.783389,-82.575877,SFR,2000.0,3.0,2.0,1416.0,0.18,100000.0,2025-06-25,Resale,70.62,24860,"Greenville-Anderson-Greer, SC"
20608145,45077,5008-00-84-3396,"931 BLACK SNAKE RD, EASLEY, SC 29640",29640,SC,34.802883,-82.637539,DUPLEX,2006.0,6.0,4.0,2435.0,0.2100092,357500.0,2026-02-20,Resale,146.82,24860,"Greenville-Anderson-Greer, SC"
20608147,45077,5007-00-89-4012,"117 SKY VIEW CIR # A, LIBERTY, SC 29657",29657,SC,34.788277,-82.637161,DUPLEX,2006.0,4.0,4.0,1971.0,0.7600092,232500.0,2025-05-20,Resale,117.96,24860,"Greenville-Anderson-Greer, SC"
20613941,45077,5029-09-06-3866,"101 OAKDALE LN, EASLEY, SC 29640",29640,SC,34.837439,-82.598060,SFR,1950.0,2.0,1.0,832.0,,,2023-09-22,Resale,,24860,"Greenville-Anderson-Greer, SC"
20613947,45077,4191-17-21-1480,"212 NEWTON HILL RD, PICKENS, SC 29671",29671,SC,34.876425,-82.693053,SFR,1982.0,2.0,1.0,882.0,0.5199954,181000.0,2024-02-22,Resale,205.22,24860,"Greenville-Anderson-Greer, SC"
20613951,45077,4191-17-11-8734,"109 E SMITH DR, PICKENS, SC 29671",29671,SC,34.877366,-82.694193,SFR,1958.0,2.0,1.0,864.0,0.8469927,165000.0,2025-04-25,Resale,190.97,24860,"Greenville-Anderson-Greer, SC"
20615722,45077,5150-18-22-5293,"208 MIDLAND DR, EASLEY, SC 29640",29640,SC,34.853865,-82.491182,SFR,1996.0,3.0,2.0,1343.0,0.6,250000.0,2025-05-01,Resale,186.15,24860,"Greenville-Anderson-Greer, SC"
20615725,45077,5150-18-41-1955,"4013 SALUDA DAM RD, EASLEY, SC 29640",29640,SC,34.853050,-82.486021,SFR,1960.0,3.0,3.0,2217.0,2.7,,2025-04-27,Resale,,24860,"Greenville-Anderson-Greer, SC"
20615728,45077,5150-18-31-8529,"422 SONORA DR, EASLEY, SC 29640",29640,SC,34.852091,-82.487066,SFR,1992.0,3.0,2.0,1008.0,,140000.0,2025-04-17,Resale,138.89,24860,"Greenville-Anderson-Greer, SC"
20615730,45077,5150-18-31-4345,"404 SONORA DR, EASLEY, SC 29640",29640,SC,34.851403,-82.488341,SFR,1979.0,3.0,2.0,1484.0,0.64,249500.0,2024-02-26,Resale,168.13,24860,"Greenville-Anderson-Greer, SC"
20615732,45077,5150-14-32-5752,"148 LAZY RIVER LN, EASLEY, SC 29640",29640,SC,34.855238,-82.487992,SFR,1969.0,4.0,3.0,2117.0,1.67,440000.0,2025-08-01,Resale,207.84,24860,"Greenville-Anderson-Greer, SC"
20667540,45077,5131-01-27-7051,"220 FARRS RD, EASLEY, SC 29640",29640,SC,34.893556,-82.558084,MOBILE HOME,1988.0,3.0,2.0,1568.0,2.4,230000.0,2025-07-08,Resale,146.68,24860,"Greenville-Anderson-Greer, SC"
20708884,45077,5019-05-18-8942,"515 JESSICA CT, EASLEY, SC 29640",29640,SC,34.843041,-82.626873,MOBILE HOME,1999.0,3.0,2.0,1248.0,0.2100092,100000.0,2023-06-14,Resale,80.13,24860,"Greenville-Anderson-Greer, SC"
20933690,45077,4097-06-27-5626,"112 BYRNES ST, LIBERTY, SC 29657",29657,SC,34.783756,-82.690090,SFR,1930.0,2.0,1.0,832.0,,32100.0,2025-05-28,Resale,38.58,24860,"Greenville-Anderson-Greer, SC"
20933692,45077,4097-06-27-6679,"108 BYRNES ST, LIBERTY, SC 29657",29657,SC,34.783851,-82.689564,SFR,1920.0,2.0,1.0,833.0,,25000.0,2023-07-19,Resale,30.01,24860,"Greenville-Anderson-Greer, SC"
20933785,45077,4182-16-93-2399,"121 JUDY DR, PICKENS, SC 29671",29671,SC,34.909248,-82.703310,SFR,1962.0,3.0,2.0,1406.0,,234000.0,2024-11-18,Resale,166.43,24860,"Greenville-Anderson-Greer, SC"
20933987,45077,5018-07-58-2228,"129 ROCKMONT RD, EASLEY, SC 29640",29640,SC,34.813932,-82.615030,SFR,1970.0,3.0,2.0,1405.0,,250000.0,2025-04-11,Resale,177.94,24860,"Greenville-Anderson-Greer, SC"
20933993,45077,5018-06-49-9092,"117 ROCKMONT RD, EASLEY, SC 29640",29640,SC,34.815986,-82.615869,SFR,1969.0,3.0,1.5,1434.0,0.99,,2026-04-02,Resale,,24860,"Greenville-Anderson-Greer, SC"
20934012,45077,5029-14-22-5866,"101 ANDREW AVE, EASLEY, SC 29640",29640,SC,34.826776,-82.590988,SFR,1952.0,3.0,1.0,1665.0,0.55,230000.0,2025-04-28,Resale,138.14,24860,"Greenville-Anderson-Greer, SC"
20968585,45077,4098-00-54-0743,"508 HILLANDALE RD, LIBERTY, SC 29657",29657,SC,34.803280,-82.682070,SFR,1995.0,3.0,3.0,1795.0,0.5,285000.0,2025-09-23,Resale,158.77,24860,"Greenville-Anderson-Greer, SC"
20977061,45077,5019-19-61-4873,"115 W 3RD AVE, EASLEY, SC 29640",29640,SC,34.823717,-82.611087,SFR,1908.0,3.0,2.0,1672.0,0.29,,2026-04-14,Resale,,24860,"Greenville-Anderson-Greer, SC"
21009773,45077,4171-00-86-5036,"127 DACE DR, PICKENS, SC 29671",29671,SC,34.888596,-82.738838,SFR,2003.0,3.0,2.0,1355.0,0.7100092,270000.0,2024-09-24,Resale,199.26,24860,"Greenville-Anderson-Greer, SC"
21099237,45077,4190-16-83-0508,"237 OLD BETHLEHEM SCHOOL RD, PICKENS, SC 29671",29671,SC,34.855255,-82.673231,SFR,1983.0,3.0,2.0,1248.0,0.9399908,235000.0,2025-05-16,Resale,188.3,24860,"Greenville-Anderson-Greer, SC"
21099525,45077,5018-07-68-8279,"126 CHEROKEE RD, EASLEY, SC 29642",29642,SC,34.814044,-82.609558,SFR,1972.0,3.0,2.0,1235.0,0.367011,250000.0,2024-10-31,Resale,202.43,24860,"Greenville-Anderson-Greer, SC"
21099551,45077,5131-04-81-3741,"408 JIM HUNT RD, EASLEY, SC 29640",29640,SC,34.877883,-82.541272,VACANT LAND (NEC),1958.0,,,674.0,37.93,,2024-12-19,Resale,,24860,"Greenville-Anderson-Greer, SC"
21123173,45077,5059-17-11-4834,"105 GROUSE CT, EASLEY, SC 29642",29642,SC,34.825228,-82.494587,SFR,1995.0,3.0,2.0,1528.0,,235000.0,2024-04-17,Resale,153.8,24860,"Greenville-Anderson-Greer, SC"
21139397,45077,5131-04-73-6787,"122 SYLVAN CT, EASLEY, SC 29640",29640,SC,34.884884,-82.541480,MOBILE HOME,1989.0,3.0,2.0,1551.0,,130000.0,2023-09-05,Resale,83.82,24860,"Greenville-Anderson-Greer, SC"
21215445,45077,5100-00-78-5506,"371 STORE RD, EASLEY, SC 29640",29640,SC,34.869286,-82.641861,SFR,1837.0,3.0,3.0,2311.0,3.197,648000.0,2025-08-20,Resale,280.4,24860,"Greenville-Anderson-Greer, SC"
21228417,45077,4048-00-68-8247,"331 GRIGGS RD, SIX MILE, SC 29682",29682,SC,34.810888,-82.842875,SFR,1999.0,4.0,2.5,2492.0,7.1,570000.0,2026-04-24,Resale,228.73,24860,"Greenville-Anderson-Greer, SC"
21254156,45077,5100-19-70-4346,"147 OLD POND ST, EASLEY, SC 29640",29640,SC,34.846789,-82.641493,SFR,1928.0,2.0,1.0,952.0,,205200.0,2024-08-22,Resale,215.55,24860,"Greenville-Anderson-Greer, SC"
21261083,45077,5008-11-56-8206,"117 SHALLOWFORD RD, EASLEY, SC 29640",29640,SC,34.808006,-82.646303,SFR,1970.0,3.0,2.0,1032.0,,222500.0,2025-03-07,Resale,215.6,24860,"Greenville-Anderson-Greer, SC"
21264078,45077,4097-10-37-2435,"203 W BEATTIE ST, LIBERTY, SC 29657",29657,SC,34.783224,-82.687712,SFR,1925.0,2.0,1.0,946.0,0.14,185000.0,2026-05-01,Resale,195.56,24860,"Greenville-Anderson-Greer, SC"
21349158,45077,5019-15-62-6847,"202 S 5TH ST, EASLEY, SC 29640",29640,SC,34.826611,-82.610564,SFR,1939.0,3.0,2.0,1478.0,0.25,,2026-01-23,Resale,,24860,"Greenville-Anderson-Greer, SC"
21349159,45077,5019-15-62-4565,"404 W 2ND AVE, EASLEY, SC 29640",29640,SC,34.825711,-82.611127,SFR,1940.0,2.0,1.0,984.0,,,2025-06-27,Resale,,24860,"Greenville-Anderson-Greer, SC"
21354683,45077,4171-00-17-1927,"124 CHOW HOLLOW LN, PICKENS, SC 29671",29671,SC,34.893511,-82.763717,MOBILE HOME,1985.0,2.0,1.0,924.0,1.34,49900.0,2024-03-07,Resale,54.0,24860,"Greenville-Anderson-Greer, SC"
21354701,45077,5019-19-51-8122,"200 JONES AVE, EASLEY, SC 29640",29640,SC,34.821741,-82.613189,VACANT LAND (NEC),1940.0,2.0,1.0,868.0,0.318,40000.0,2025-07-07,Resale,46.08,24860,"Greenville-Anderson-Greer, SC"
21354704,45077,5019-19-50-8903,"205 JONES AVE, EASLEY, SC 29640",29640,SC,34.821245,-82.613231,SFR,1920.0,3.0,2.0,1945.0,,160000.0,2024-08-21,Resale,82.26,24860,"Greenville-Anderson-Greer, SC"
21354707,45077,5019-19-51-5252,"607 W 4TH AVE, EASLEY, SC 29640",29640,SC,34.822051,-82.614076,SFR,1945.0,2.0,1.0,1092.0,,68000.0,2024-07-15,Resale,62.27,24860,"Greenville-Anderson-Greer, SC"
21354738,45077,5019-10-35-5191,"202 PINE ST, EASLEY, SC 29640",29640,SC,34.832626,-82.620816,VACANT LAND (NEC),1920.0,,,896.0,,47000.0,2025-10-06,Resale,52.46,24860,"Greenville-Anderson-Greer, SC"
21354739,45077,5019-10-35-2066,"218 PINE ST, EASLEY, SC 29640",29640,SC,34.832494,-82.621896,SFR,1920.0,2.0,1.0,1064.0,,,2023-08-11,Resale,,24860,"Greenville-Anderson-Greer, SC"
21354750,45077,5140-17-01-0863,"2304 SALUDA DAM RD, EASLEY, SC 29640",29640,SC,34.852193,-82.532958,SFR,1986.0,3.0,2.0,1269.0,0.7399908,,2024-05-16,Resale,,24860,"Greenville-Anderson-Greer, SC"
21354753,45077,5140-17-22-1234,"2423 SALUDA DAM RD, EASLEY, SC 29640",29640,SC,34.853272,-82.526190,SFR,1958.0,4.0,2.0,1901.0,10.92,549000.0,2024-05-05,Resale,288.8,24860,"Greenville-Anderson-Greer, SC"
21364075,45077,4097-09-06-6960,"8 NEALY ST, LIBERTY, SC 29657",29657,SC,34.781595,-82.696191,SFR,1964.0,3.0,1.0,1429.0,,,2024-07-01,Resale,,24860,"Greenville-Anderson-Greer, SC"
21368359,45077,5120-17-11-6210,"111 NICHOLAS CT, EASLEY, SC 29640",29640,SC,34.849708,-82.594405,SFR,1997.0,3.0,2.0,1482.0,0.27,235000.0,2023-08-23,Resale,158.57,24860,"Greenville-Anderson-Greer, SC"
21418736,45077,5008-09-25-2634,"150 LAKE DR, LIBERTY, SC 29657",29657,SC,34.806145,-82.658145,SFR,1966.0,3.0,2.0,1363.0,,237000.0,2025-11-24,Resale,173.88,24860,"Greenville-Anderson-Greer, SC"
21426408,45077,5006-00-84-5369,"313 JOYCE RD, LIBERTY, SC 29657",29657,SC,34.748019,-82.635991,MOBILE HOME,1997.0,3.0,2.0,1818.0,0.6899908,186000.0,2025-05-07,Resale,102.31,24860,"Greenville-Anderson-Greer, SC"
21427253,45077,4097-10-36-3985,"311 W BEATTIE ST, LIBERTY, SC 29657",29657,SC,34.781865,-82.687142,SFR,1910.0,2.0,1.0,944.0,,190000.0,2024-06-24,Resale,201.27,24860,"Greenville-Anderson-Greer, SC"
21431669,45077,5029-11-75-0970,"108 MEADOWOOD DR, EASLEY, SC 29640",29640,SC,34.835406,-82.575941,SFR,1975.0,2.0,1.0,950.0,,232500.0,2025-07-22,Resale,244.74,24860,"Greenville-Anderson-Greer, SC"
21431670,45077,5009-15-73-2567,"434 ENON CHURCH RD, EASLEY, SC 29640",29640,SC,34.828104,-82.641774,MOBILE HOME,1973.0,2.0,2.0,1150.0,,36725.0,2024-11-22,Resale,31.93,24860,"Greenville-Anderson-Greer, SC"
21435509,45077,5009-12-87-8301,"126 ADDIS ST, EASLEY, SC 29640",29640,SC,34.838471,-82.636877,SFR,1963.0,3.0,2.0,1286.0,,90000.0,2023-09-01,Resale,69.98,24860,"Greenville-Anderson-Greer, SC"
21435514,45077,5009-08-87-6763,"125 MULBERRY RD, EASLEY, SC 29640",29640,SC,34.839587,-82.637307,SFR,1960.0,3.0,1.0,1164.0,,,2025-01-27,Resale,,24860,"Greenville-Anderson-Greer, SC"
21436717,45077,5009-07-79-1668,"112 COBB ST, EASLEY, SC 29640",29640,SC,34.844881,-82.642419,SFR,1928.0,2.0,1.0,1048.0,,199000.0,2024-09-24,Resale,189.89,24860,"Greenville-Anderson-Greer, SC"
21436718,45077,5009-07-79-1579,"108 COBB ST, EASLEY, SC 29640",29640,SC,34.844651,-82.642408,SFR,1928.0,2.0,2.0,1875.0,0.28,245000.0,2023-07-21,Resale,130.67,24860,"Greenville-Anderson-Greer, SC"
21458662,45077,5019-10-37-7369,"105 RIDGELAND CIR, EASLEY, SC 29640",29640,SC,34.838921,-82.620373,SFR,1968.0,3.0,1.0,1527.0,,285000.0,2025-06-30,Resale,186.64,24860,"Greenville-Anderson-Greer, SC"
21458664,45077,5019-10-37-2269,"106 RIDGELAND CIR, EASLEY, SC 29640",29640,SC,34.838608,-82.622032,SFR,1971.0,2.0,1.0,1188.0,0.5899908,131000.0,2023-09-28,Resale,110.27,24860,"Greenville-Anderson-Greer, SC"
21468151,45077,5131-01-38-2513,"204 THORNBURY RDG, EASLEY, SC 29640",29640,SC,34.897824,-82.556624,MOBILE HOME,1994.0,3.0,2.0,1512.0,,135000.0,2023-06-13,Resale,89.29,24860,"Greenville-Anderson-Greer, SC"
21468244,45077,5048-12-97-2473,"908 TURNER HILL RD, EASLEY, SC 29642",29642,SC,34.813104,-82.501561,MOBILE HOME,1997.0,3.0,2.0,1509.0,0.5699954,240000.0,2024-06-25,Resale,159.05,24860,"Greenville-Anderson-Greer, SC"
21471380,45077,4181-11-75-3871,"268 ANN ST, PICKENS, SC 29671",29671,SC,34.888352,-82.709327,SFR,1915.0,2.0,1.0,1649.0,,102000.0,2025-10-17,Resale,61.86,24860,"Greenville-Anderson-Greer, SC"
21471382,45077,4181-11-75-0630,"263 ANN ST, PICKENS, SC 29671",29671,SC,34.887839,-82.710139,SFR,1931.0,2.0,1.0,1106.0,0.66,,2026-04-30,Resale,,24860,"Greenville-Anderson-Greer, SC"
21471554,45077,5008-11-56-8297,"119 SHALLOWFORD RD, EASLEY, SC 29640",29640,SC,34.808014,-82.645975,SFR,1970.0,3.0,2.0,1550.0,,112000.0,2023-06-20,REO (Real Estate-Owned),72.26,24860,"Greenville-Anderson-Greer, SC"
21471559,45077,5008-11-66-1213,"123 SHALLOWFORD RD, EASLEY, SC 29640",29640,SC,34.807939,-82.645299,SFR,1967.0,3.0,2.0,992.0,,43000.0,2026-01-07,Resale,43.35,24860,"Greenville-Anderson-Greer, SC"
21471561,45077,5008-11-56-4244,"109 SHALLOWFORD RD, EASLEY, SC 29640",29640,SC,34.807941,-82.647509,SFR,1970.0,3.0,1.5,1417.0,0.27,205000.0,2025-04-30,Resale,144.67,24860,"Greenville-Anderson-Greer, SC"
21503659,45077,4055-12-86-0131,"202 HENRY CT, CENTRAL, SC 29630",29630,SC,34.722982,-82.803639,SFR,1983.0,2.0,3.0,1092.0,,,2025-02-17,Resale,,24860,"Greenville-Anderson-Greer, SC"
21513741,45077,5038-15-63-2350,"201 OAKCREEK DR, EASLEY, SC 29642",29642,SC,34.801164,-82.544734,SFR,1991.0,3.0,3.0,1796.0,,250000.0,2024-05-08,Resale,139.2,24860,"Greenville-Anderson-Greer, SC"
21513746,45077,5038-15-63-3251,"202 OAKCREEK DR, EASLEY, SC 29642",29642,SC,34.800898,-82.544398,SFR,1988.0,3.0,2.0,1354.0,,102500.0,2025-01-29,Resale,75.7,24860,"Greenville-Anderson-Greer, SC"
21516907,45077,5019-20-70-6649,"305 S 6TH ST, EASLEY, SC 29640",29640,SC,34.820664,-82.607084,SFR,1920.0,3.0,1.0,1008.0,,215000.0,2025-10-17,Resale,213.29,24860,"Greenville-Anderson-Greer, SC"
21551189,45077,4132-01-26-1635,"112 CORNSILK WAY, SUNSET, SC 29685",29685,SC,34.915530,-82.894190,SFR,2006.0,4.0,4.0,1697.0,1.4,,2025-04-30,Resale,,24860,"Greenville-Anderson-Greer, SC"
21562041,45077,4064-13-04-2318,"114 SHAFTSBURY RD, CLEMSON, SC 29631",29631,SC,34.690877,-82.795694,SFR,1984.0,3.0,2.0,1788.0,,,2024-09-06,Resale,,24860,"Greenville-Anderson-Greer, SC"
21570830,45077,5019-08-99-0142,"204 WHITTEN ST, EASLEY, SC 29640",29640,SC,34.843901,-82.602858,SFR,1958.0,3.0,2.0,1550.0,,299000.0,2025-07-18,Resale,192.9,24860,"Greenville-Anderson-Greer, SC"
21589647,45077,4058-05-09-1746,"113 GRIGGS RD, SIX MILE, SC 29682",29682,SC,34.815141,-82.832089,SFR,1967.0,3.0,2.0,1500.0,4.24,,2024-09-24,Resale,,24860,"Greenville-Anderson-Greer, SC"
21589649,45077,4048-08-89-9403,"208 GRIGGS RD, SIX MILE, SC 29682",29682,SC,34.814036,-82.835990,SFR,1915.0,3.0,1.0,1242.0,1.959,350000.0,2024-11-19,Resale,281.8,24860,"Greenville-Anderson-Greer, SC"
21594547,45077,4099-00-71-2687,"110 BEE TREE CT, LIBERTY, SC 29657",29657,SC,34.822442,-82.674860,MOBILE HOME,1988.0,3.0,2.0,1138.0,2.51,500000.0,2023-06-12,Resale,439.37,24860,"Greenville-Anderson-Greer, SC"
21599867,45077,5017-00-31-6130,"135 LIZ LN, EASLEY, SC 29642",29642,SC,34.766676,-82.619436,MOBILE HOME,1987.0,2.0,2.0,1104.0,,57000.0,2025-04-23,Resale,51.63,24860,"Greenville-Anderson-Greer, SC"
21636648,45077,5122-02-86-7204,"1025 OLD DACUSVILLE RD, EASLEY, SC 29640",29640,SC,34.918810,-82.572030,SFR,2014.0,3.0,2.0,1835.0,2.0,530000.0,2025-10-07,Resale,288.83,24860,"Greenville-Anderson-Greer, SC"
21636653,45077,5131-01-19-0277,", EASLEY, SC 29640",29640,SC,34.899245,-82.561085,MOBILE HOME,2024.0,4.0,,2128.0,1.47,38000.0,2023-10-16,Resale,17.86,24860,"Greenville-Anderson-Greer, SC"
21636658,45077,5100-19-70-4255,"143 OLD POND ST, EASLEY, SC 29640",29640,SC,34.846546,-82.641378,SFR,1928.0,2.0,1.0,1232.0,0.43,172590.0,2024-05-30,Resale,140.09,24860,"Greenville-Anderson-Greer, SC"
21637858,45077,4193-03-21-8884,"417 PLEASANT VIEW RD, PICKENS, SC 29671",29671,SC,34.932483,-82.691924,SFR,2017.0,1.0,3.0,1224.0,6.569,10000.0,2024-10-29,Resale,8.17,24860,"Greenville-Anderson-Greer, SC"
21637860,45077,4193-00-85-3902,"165 OSSIE HAYES RD, PICKENS, SC 29671",29671,SC,34.944018,-82.673967,SFR,1968.0,3.0,3.0,2498.0,4.29,410000.0,2024-12-30,Resale,164.13,24860,"Greenville-Anderson-Greer, SC"
21659632,45077,5009-19-61-9829,"172 ENON CHURCH RD, EASLEY, SC 29640",29640,SC,34.823654,-82.642889,MOBILE HOME,2003.0,3.0,2.0,1568.0,0.62,208000.0,2023-12-07,Resale,132.65,24860,"Greenville-Anderson-Greer, SC"
21659633,45077,5009-19-61-6672,"167 ENON CHURCH RD, EASLEY, SC 29640",29640,SC,34.822797,-82.643684,MOBILE HOME,1999.0,3.0,2.0,2432.0,0.5699954,202000.0,2024-12-06,Resale,83.06,24860,"Greenville-Anderson-Greer, SC"
21659638,45077,5009-19-71-0285,"146 ENON CHURCH RD, EASLEY, SC 29640",29640,SC,34.821755,-82.642331,SFR,2024.0,3.0,,1226.0,0.6399908,22000.0,2024-06-21,Resale,17.94,24860,"Greenville-Anderson-Greer, SC"
21661897,45077,5100-00-78-6810,"383 STORE RD, EASLEY, SC 29640",29640,SC,34.869907,-82.641470,SFR,1976.0,3.0,3.5,2354.0,1.0,,2023-09-28,Resale,,24860,"Greenville-Anderson-Greer, SC"
21661898,45077,5100-00-78-9629,"386 STORE RD, EASLEY, SC 29640",29640,SC,34.869705,-82.640439,SFR,1953.0,2.0,1.0,1547.0,1.78,,2023-09-28,Resale,,24860,"Greenville-Anderson-Greer, SC"
21661906,45077,5100-00-77-3378,"313 STORE RD, EASLEY, SC 29640",29640,SC,34.866061,-82.642216,SFR,1965.0,3.0,1.0,1395.0,5.86,220000.0,2024-08-20,Resale,157.71,24860,"Greenville-Anderson-Greer, SC"
21673340,45077,5018-10-45-7519,"107 MURDOCK LN, EASLEY, SC 29642",29642,SC,34.806493,-82.616582,SFR,1978.0,2.0,2.0,1017.0,,170000.0,2024-10-29,Resale,167.16,24860,"Greenville-Anderson-Greer, SC"
21686136,45077,5009-07-69-8584,"201 ARIAL ST, EASLEY, SC 29640",29640,SC,34.844515,-82.643406,SFR,1930.0,3.0,1.0,1232.0,,202000.0,2025-05-27,Resale,163.96,24860,"Greenville-Anderson-Greer, SC"
21686141,45077,5009-07-69-3638,"128 RICE ST, EASLEY, SC 29640",29640,SC,34.844887,-82.645242,SFR,1928.0,2.0,1.0,952.0,,210000.0,2024-08-22,Resale,220.59,24860,"Greenville-Anderson-Greer, SC"
21687373,45077,5123-00-75-1870,"384 DEER CREEK RD, EASLEY, SC 29640",29640,SC,34.944977,-82.577648,SFR,1972.0,3.0,2.0,1560.0,1.16,277700.0,2024-05-08,Resale,178.01,24860,"Greenville-Anderson-Greer, SC"
21687374,45077,5123-00-65-8118,"355 DEER CREEK RD, EASLEY, SC 29640",29640,SC,34.943100,-82.579175,SFR,1978.0,5.0,2.0,2420.0,13.41,785000.0,2025-01-30,Resale,324.38,24860,"Greenville-Anderson-Greer, SC"
21696763,45077,5110-18-40-0509,"437 MARY ANN ST, EASLEY, SC 29640",29640,SC,34.847798,-82.619658,SFR,2002.0,3.0,2.0,1298.0,,235000.0,2024-08-19,Resale,181.05,24860,"Greenville-Anderson-Greer, SC"
21696765,45077,5110-18-40-2791,"419 MARY ANN ST, EASLEY, SC 29640",29640,SC,34.848052,-82.618771,SFR,2001.0,3.0,2.0,1258.0,,185000.0,2024-05-13,Resale,147.06,24860,"Greenville-Anderson-Greer, SC"
21750402,45077,5019-14-32-6544,"226 MARK ST, EASLEY, SC 29640",29640,SC,34.825567,-82.620544,SFR,1955.0,2.0,1.0,1087.0,0.3899908,229100.0,2024-06-28,Resale,210.76,24860,"Greenville-Anderson-Greer, SC"
21750406,45077,5019-14-32-5861,"218 MARK ST, EASLEY, SC 29640",29640,SC,34.826323,-82.620795,SFR,1964.0,3.0,1.0,1018.0,,219900.0,2025-05-22,Resale,216.01,24860,"Greenville-Anderson-Greer, SC"
21750407,45077,5019-14-32-5940,"216 MARK ST, EASLEY, SC 29640",29640,SC,34.826540,-82.620864,SFR,1957.0,2.0,1.0,780.0,,200500.0,2024-06-26,Resale,257.05,24860,"Greenville-Anderson-Greer, SC"
21751494,45077,4174-00-92-4374,"231 COVE CREEK RD, PICKENS, SC 29671",29671,SC,34.960822,-82.737161,SFR,1956.0,3.0,1.0,1128.0,3.0,180000.0,2023-08-29,Resale,159.57,24860,"Greenville-Anderson-Greer, SC"
21780673,45077,4190-19-61-2512,"731 GRIFFIN MILL RD, PICKENS, SC 29671",29671,SC,34.849529,-82.679111,SFR,2001.0,3.0,2.0,2074.0,,349000.0,2024-05-20,Resale,168.27,24860,"Greenville-Anderson-Greer, SC"
21780675,45077,4190-19-51-2858,"1069 COUNTRY CLUB RD, PICKENS, SC 29671",29671,SC,34.850426,-82.682258,SFR,1964.0,3.0,1.5,1638.0,0.58,304900.0,2023-07-13,Resale,186.14,24860,"Greenville-Anderson-Greer, SC"
21806856,45077,5029-11-56-9253,"610 SALUDA DAM RD, EASLEY, SC 29640",29640,SC,34.836245,-82.579720,SFR,1943.0,3.0,1.0,1645.0,,90000.0,2024-04-03,Resale,54.71,24860,"Greenville-Anderson-Greer, SC"
21894541,45077,4171-00-25-5765,"102 ERIN LN, PICKENS, SC 29671",29671,SC,34.887479,-82.758701,SFR,1946.0,2.0,1.5,1008.0,0.65,25000.0,2024-04-24,Resale,24.8,24860,"Greenville-Anderson-Greer, SC"
21918499,45077,4180-12-97-7443,"174 KNOLLWOOD HEIGHTS RD, PICKENS, SC 29671",29671,SC,34.865487,-82.700960,SFR,1965.0,3.0,1.0,896.0,,222000.0,2024-04-08,Resale,247.77,24860,"Greenville-Anderson-Greer, SC"
21918502,45077,4180-08-97-6625,"169 KNOLLWOOD HEIGHTS RD, PICKENS, SC 29671",29671,SC,34.866034,-82.701364,SFR,1962.0,2.0,1.0,2170.0,,206489.0,2023-06-21,Resale,95.16,24860,"Greenville-Anderson-Greer, SC"
21924095,45077,5131-04-74-0910,"303 SHADE TREE CIR, EASLEY, SC 29640",29640,SC,34.887966,-82.543780,MOBILE HOME,,3.0,2.0,1716.0,,130000.0,2023-12-20,Resale,75.76,24860,"Greenville-Anderson-Greer, SC"
21937376,45077,4097-11-75-2834,"1075 ANDERSON DR, LIBERTY, SC 29657",29657,SC,34.778973,-82.674229,SFR,1953.0,2.0,1.0,1143.0,4.75,309000.0,2024-08-23,Resale,270.34,24860,"Greenville-Anderson-Greer, SC"
22106619,45077,4037-00-95-5998,"108 TOBY HILLS RD, CENTRAL, SC 29630",29630,SC,34.776575,-82.866275,SFR,1984.0,3.0,1.0,1260.0,,231250.0,2025-07-31,Resale,183.53,24860,"Greenville-Anderson-Greer, SC"
22106623,45077,4058-00-98-7593,"105 EDENS GARDEN WAY, SIX MILE, SC 29682",29682,SC,34.812119,-82.799670,SFR,2007.0,4.0,3.0,3089.0,0.7300046,520000.0,2023-10-31,Resale,168.34,24860,"Greenville-Anderson-Greer, SC"
22107311,45077,5130-18-40-0462,"1611 SALUDA DAM RD, EASLEY, SC 29640",29640,SC,34.848044,-82.552937,SFR,1984.0,3.0,3.0,3273.0,2.59,650000.0,2026-05-05,Resale,198.59,24860,"Greenville-Anderson-Greer, SC"
22222107,45077,5029-14-42-2862,"310 OAKFIELD AVE, EASLEY, SC 29640",29640,SC,34.826799,-82.585140,SFR,1955.0,3.0,2.0,1765.0,,227500.0,2024-08-29,Resale,128.9,24860,"Greenville-Anderson-Greer, SC"
22222228,45077,5019-10-25-6137,"300 LUCKY ST, EASLEY, SC 29640",29640,SC,34.832758,-82.624005,SFR,1921.0,2.0,2.0,805.0,,170000.0,2023-07-18,Resale,211.18,24860,"Greenville-Anderson-Greer, SC"
22233481,45077,5008-11-65-3719,"208 SHARON LN, EASLEY, SC 29640",29640,SC,34.806719,-82.644605,SFR,1972.0,3.0,2.0,1216.0,,71000.0,2023-10-05,Resale,58.39,24860,"Greenville-Anderson-Greer, SC"
22233482,45077,5008-11-65-7771,"100 LISA CT, EASLEY, SC 29640",29640,SC,34.806511,-82.643051,SFR,1976.0,3.0,2.0,1203.0,0.28,,2024-02-21,Resale,,24860,"Greenville-Anderson-Greer, SC"
22234473,45077,5100-20-80-5231,"135 STAR VIEW ST, EASLEY, SC 29640",29640,SC,34.846419,-82.637923,SFR,1928.0,3.0,1.0,1344.0,,,2025-01-07,Resale,,24860,"Greenville-Anderson-Greer, SC"
22234475,45077,5100-20-80-5301,"139 STAR VIEW ST, EASLEY, SC 29640",29640,SC,34.846678,-82.638017,SFR,1928.0,2.0,1.0,1232.0,0.31,,2024-03-25,Resale,,24860,"Greenville-Anderson-Greer, SC"
22234479,45077,5100-20-80-6294,"134 STAR VIEW ST, EASLEY, SC 29640",29640,SC,34.846533,-82.637363,SFR,1928.0,2.0,1.0,1232.0,,,2025-05-21,Resale,,24860,"Greenville-Anderson-Greer, SC"
22234481,45077,5009-08-89-6769,"113 STAR VIEW ST, EASLEY, SC 29640",29640,SC,34.845269,-82.637468,SFR,1928.0,2.0,1.0,1232.0,,6000.0,2025-12-16,Resale,4.87,24860,"Greenville-Anderson-Greer, SC"
22234885,45077,5009-08-98-8965,"101 MAY ST, EASLEY, SC 29640",29640,SC,34.843038,-82.633446,SFR,1940.0,2.0,1.0,672.0,,,2023-06-26,Resale,,24860,"Greenville-Anderson-Greer, SC"
22252866,45077,4054-19-61-4340,"101 WYNTUCK CT, CLEMSON, SC 29631",29631,SC,34.682212,-82.808069,SFR,2007.0,5.0,5.0,3978.0,1.22,1600000.0,2025-04-22,Resale,402.21,24860,"Greenville-Anderson-Greer, SC"
22256282,45077,4076-18-30-8231,"237 EARLE RD, CENTRAL, SC 29630",29630,SC,34.735113,-82.751316,SFR,1972.0,2.0,2.0,1648.0,3.0,,2026-05-04,Resale,,24860,"Greenville-Anderson-Greer, SC"
22256287,45077,4076-18-30-0324,"121 HARVEY RD, CENTRAL, SC 29630",29630,SC,34.735342,-82.754013,SFR,1986.0,2.0,,1912.0,1.391,375000.0,2024-08-21,Resale,196.13,24860,"Greenville-Anderson-Greer, SC"
22256289,45077,4076-18-20-8356,"115 HARVEY RD, CENTRAL, SC 29630",29630,SC,34.735380,-82.754572,SFR,1980.0,3.0,3.0,1680.0,,242500.0,2025-10-01,Resale,144.35,24860,"Greenville-Anderson-Greer, SC"
22264099,45077,5029-09-17-7140,"101 BEVERLY DR, EASLEY, SC 29640",29640,SC,34.838448,-82.593736,SFR,2005.0,3.0,2.5,1514.0,0.23,250000.0,2026-02-27,Resale,165.13,24860,"Greenville-Anderson-Greer, SC"
22272036,45077,4181-19-50-3205,"108 HICKORY DR, PICKENS, SC 29671",29671,SC,34.872978,-82.715898,SFR,1989.0,2.0,1.0,1006.0,,142500.0,2025-07-10,Resale,141.65,24860,"Greenville-Anderson-Greer, SC"
22341380,45077,4190-11-55-9363,"119 SUNRISE LN, PICKENS, SC 29671",29671,SC,34.859960,-82.680091,SFR,1966.0,2.0,1.0,1134.0,,72000.0,2024-06-20,Resale,63.49,24860,"Greenville-Anderson-Greer, SC"
22341418,45077,5018-16-74-7593,"106 BROOKSHIRE DR, EASLEY, SC 29642",29642,SC,34.803738,-82.606299,SFR,1958.0,2.0,2.0,816.0,,189900.0,2024-09-09,Resale,232.72,24860,"Greenville-Anderson-Greer, SC"
22349091,45077,5018-11-75-4178,"201 WOODFIELD DR, EASLEY, SC 29642",29642,SC,34.805279,-82.607393,SFR,1977.0,3.0,2.0,1773.0,,256000.0,2024-12-23,Resale,144.39,24860,"Greenville-Anderson-Greer, SC"
22378976,45077,5019-15-54-0145,"100 HIGHLAND RD, EASLEY, SC 29640",29640,SC,34.830082,-82.615948,SFR,1966.0,3.0,2.0,1661.0,,359900.0,2025-01-30,Resale,216.68,24860,"Greenville-Anderson-Greer, SC"
22378977,45077,5019-15-54-1149,"601 W MAIN ST, EASLEY, SC 29640",29640,SC,34.830180,-82.615552,SFR,1932.0,3.0,1.0,1785.0,0.5600092,415000.0,2025-01-31,Resale,232.49,24860,"Greenville-Anderson-Greer, SC"
22378981,45077,5019-14-43-8888,"105 HIGHLAND RD, EASLEY, SC 29640",29640,SC,34.829309,-82.616431,VACANT LAND (NEC),1903.0,3.0,2.0,1885.0,,30000.0,2025-02-17,Resale,15.92,24860,"Greenville-Anderson-Greer, SC"
22378982,45077,5019-15-53-0972,"103 HIGHLAND RD, EASLEY, SC 29640",29640,SC,34.829427,-82.615898,SFR,1908.0,5.0,3.0,5000.0,,1029090.0,2024-12-09,Resale,205.82,24860,"Greenville-Anderson-Greer, SC"
22382327,45077,5101-00-70-5922,"1257 ROBERT P JEANES RD, EASLEY, SC 29640",29640,SC,34.875770,-82.641896,SFR,1965.0,3.0,2.0,1467.0,,275000.0,2025-07-14,Resale,187.46,24860,"Greenville-Anderson-Greer, SC"
22382834,45077,4076-00-52-0948,"320 CHASTAIN RD, CENTRAL, SC 29630",29630,SC,34.742610,-82.747422,SFR,1982.0,3.0,1.0,1162.0,,247000.0,2024-07-09,Resale,212.56,24860,"Greenville-Anderson-Greer, SC"
22382835,45077,4076-00-52-1964,"328 CHASTAIN RD, CENTRAL, SC 29630",29630,SC,34.742523,-82.747004,SFR,1982.0,3.0,1.0,1130.0,1.0,248000.0,2025-05-05,Resale,219.47,24860,"Greenville-Anderson-Greer, SC"
22385389,45077,5112-03-11-7572,"203 WOLF CREEK RD, EASLEY, SC 29640",29640,SC,34.905105,-82.628376,SFR,1988.0,4.0,2.0,1870.0,15.51,525000.0,2025-09-29,Resale,280.75,24860,"Greenville-Anderson-Greer, SC"
22385396,45077,5111-01-29-0389,"2144 JAMESON RD, EASLEY, SC 29640",29640,SC,34.899259,-82.627068,SFR,1973.0,3.0,2.0,1531.0,8.69,360000.0,2024-09-19,Resale,235.14,24860,"Greenville-Anderson-Greer, SC"
22385614,45077,5048-06-37-8808,"119 THOMPSON TRL, EASLEY, SC 29642",29642,SC,34.814009,-82.519824,SFR,1969.0,3.0,2.0,1218.0,1.0,215000.0,2024-02-21,Resale,176.52,24860,"Greenville-Anderson-Greer, SC"
22385619,45077,5048-06-47-1860,"5010 OLD EASLEY BRIDGE RD, EASLEY, SC 29642",29642,SC,34.813780,-82.518572,OFFICE BUILDING,1999.0,6.0,6.0,3686.0,5.102,4500000.0,2024-08-12,Resale,1220.84,24860,"Greenville-Anderson-Greer, SC"
22385843,45077,4180-00-31-7723,"1736 BELLE SHOALS RD, PICKENS, SC 29671",29671,SC,34.849530,-82.720672,SFR,2005.0,3.0,2.0,1942.0,1.75,540000.0,2024-09-09,Resale,278.06,24860,"Greenville-Anderson-Greer, SC"
22385853,45077,4170-00-80-9980,"162 GREYSTONE PL, PICKENS, SC 29671",29671,SC,34.846617,-82.736181,SFR,1974.0,3.0,2.0,2460.0,21.3,,2025-09-11,Resale,,24860,"Greenville-Anderson-Greer, SC"
22386243,45077,5100-14-33-2470,"180 BAGWELL ST, EASLEY, SC 29640",29640,SC,34.854973,-82.655600,SFR,1996.0,3.0,2.0,1191.0,,215000.0,2024-07-09,Resale,180.52,24860,"Greenville-Anderson-Greer, SC"
22391306,45077,4172-00-02-3202,"230 LOST VALLEY RD, PICKENS, SC 29671",29671,SC,34.905182,-82.766589,SFR,1985.0,3.0,2.0,1275.0,1.5,240000.0,2025-04-28,Resale,188.24,24860,"Greenville-Anderson-Greer, SC"
22391307,45077,4172-00-01-2992,"229 LOST VALLEY RD, PICKENS, SC 29671",29671,SC,34.904326,-82.766625,SFR,1985.0,3.0,2.0,1344.0,,285000.0,2024-04-09,Resale,212.05,24860,"Greenville-Anderson-Greer, SC"
22391308,45077,4172-00-02-6095,"212 LOST VALLEY RD, PICKENS, SC 29671",29671,SC,34.904758,-82.765281,SFR,1996.0,3.0,2.0,1400.0,0.7699954,220000.0,2025-12-11,Resale,157.14,24860,"Greenville-Anderson-Greer, SC"
22406458,45077,4097-10-36-2295,"7 WOODHAVEN DR, LIBERTY, SC 29657",29657,SC,34.779926,-82.687406,SFR,1966.0,2.0,1.0,936.0,,105000.0,2025-08-11,Resale,112.18,24860,"Greenville-Anderson-Greer, SC"
22406461,45077,4097-10-36-2916,"310 W BEATTIE ST, LIBERTY, SC 29657",29657,SC,34.781860,-82.687711,SFR,1932.0,3.0,2.0,1370.0,0.25,240000.0,2024-09-30,Resale,175.18,24860,"Greenville-Anderson-Greer, SC"
22406462,45077,4097-10-37-2016,"308 W BEATTIE ST, LIBERTY, SC 29657",29657,SC,34.782133,-82.687747,SFR,1920.0,2.0,1.0,1280.0,0.33,176000.0,2026-05-15,Resale,137.5,24860,"Greenville-Anderson-Greer, SC"
22555043,45077,5029-17-20-3158,"215 GAIL ST, EASLEY, SC 29642",29642,SC,34.819470,-82.591383,SFR,1958.0,2.0,1.0,900.0,,164900.0,2023-09-18,Resale,183.22,24860,"Greenville-Anderson-Greer, SC"
22555044,45077,5017-06-49-5005,"161 FISH CAMP RD, EASLEY, SC 29642",29642,SC,34.788543,-82.616941,SFR,1986.0,3.0,2.0,1501.0,,320000.0,2024-11-11,Resale,213.19,24860,"Greenville-Anderson-Greer, SC"
22555105,45077,4089-08-89-9780,"217 QUAIL CREEK DR, LIBERTY, SC 29657",29657,SC,34.844211,-82.703064,SFR,1988.0,3.0,2.0,1456.0,,255000.0,2025-03-13,Resale,175.14,24860,"Greenville-Anderson-Greer, SC"
22555131,45077,4086-00-51-2995,"358 SIMMS MILL RD, LIBERTY, SC 29657",29657,SC,34.740273,-82.713228,SFR,1961.0,3.0,1.0,2247.0,3.79,,2023-11-17,Resale,,24860,"Greenville-Anderson-Greer, SC"
22555133,45077,4065-11-65-8545,"203 AIKEN ST, CENTRAL, SC 29630",29630,SC,34.721877,-82.774294,SFR,1925.0,2.0,1.0,1083.0,,,2024-05-14,Resale,,24860,"Greenville-Anderson-Greer, SC"
22555145,45077,4064-05-29-1151,"209 HEATHER DR, CENTRAL, SC 29630",29630,SC,34.703960,-82.789540,SFR,1969.0,4.0,2.0,1715.0,0.4899908,330000.0,2025-06-26,Resale,192.42,24860,"Greenville-Anderson-Greer, SC"
22570826,45077,5019-19-51-7650,"104 MCCOY ST, EASLEY, SC 29640",29640,SC,34.823109,-82.613452,SFR,1930.0,3.0,1.0,1507.0,,64750.0,2025-06-09,Resale,42.97,24860,"Greenville-Anderson-Greer, SC"
22570828,45077,5019-19-51-9621,"103 MCCOY ST # A, EASLEY, SC 29640",29640,SC,34.823142,-82.612875,SFR,1949.0,3.0,2.0,1574.0,,84000.0,2025-03-20,Resale,53.37,24860,"Greenville-Anderson-Greer, SC"
22570829,45077,5019-19-51-4958,"408 W 3RD AVE, EASLEY, SC 29640",29640,SC,34.823927,-82.613897,SFR,1948.0,3.0,2.0,2094.0,1.8,25000.0,2026-02-05,Resale,11.94,24860,"Greenville-Anderson-Greer, SC"
22570833,45077,5019-19-51-8946,"206 W 3RD AVE, EASLEY, SC 29640",29640,SC,34.824090,-82.613181,SFR,1950.0,2.0,1.0,1282.0,0.2100092,250000.0,2024-03-08,Resale,195.01,24860,"Greenville-Anderson-Greer, SC"
22588125,45077,5028-15-54-4944,"305 LONGVIEW TER, EASLEY, SC 29642",29642,SC,34.805292,-82.580835,SFR,1978.0,3.0,2.0,1898.0,,,2023-06-03,Resale,,24860,"Greenville-Anderson-Greer, SC"
22588394,45077,5029-11-55-0848,"202 TURNER ST, EASLEY, SC 29640",29640,SC,34.835292,-82.582831,SFR,1920.0,3.0,1.0,1136.0,,187500.0,2024-07-23,Resale,165.05,24860,"Greenville-Anderson-Greer, SC"
22588396,45077,5029-10-45-8978,"312 SALUDA DAM RD, EASLEY, SC 29640",29640,SC,34.835509,-82.583306,SFR,1920.0,3.0,1.0,1199.0,,,2026-02-12,Resale,,24860,"Greenville-Anderson-Greer, SC"
22588399,45077,5029-10-45-9851,"307 BARTON ST, EASLEY, SC 29640",29640,SC,34.835026,-82.582989,SFR,1920.0,3.0,2.0,1525.0,,309000.0,2024-06-12,Resale,202.62,24860,"Greenville-Anderson-Greer, SC"
22588909,45077,5102-00-91-0518,"283 BOUNDARY DR, PICKENS, SC 29671",29671,SC,34.905242,-82.637398,SFR,1900.0,3.0,2.0,1841.0,1.0,,2025-04-24,Resale,,24860,"Greenville-Anderson-Greer, SC"
22588920,45077,4191-05-29-2199,"658 PUMPKINTOWN HWY, PICKENS, SC 29671",29671,SC,34.897811,-82.693093,SFR,1947.0,3.0,1.0,1298.0,2.9,,2025-05-13,Resale,,24860,"Greenville-Anderson-Greer, SC"
22588935,45077,5018-06-48-7878,"116 ROCKMONT RD, EASLEY, SC 29640",29640,SC,34.815592,-82.616552,SFR,1979.0,2.0,2.0,1323.0,,254900.0,2025-09-30,Resale,192.67,24860,"Greenville-Anderson-Greer, SC"
22591205,45077,5019-08-79-5570,"107 MARY ANN ST, EASLEY, SC 29640",29640,SC,34.844864,-82.607785,SFR,1964.0,3.0,2.0,1350.0,,,2024-10-18,Resale,,24860,"Greenville-Anderson-Greer, SC"
22591220,45077,5038-07-58-7601,"100 VERSAILLES LN, EASLEY, SC 29642",29642,SC,34.815715,-82.546825,SFR,1978.0,3.0,2.0,1456.0,0.54,285000.0,2023-09-26,Resale,195.74,24860,"Greenville-Anderson-Greer, SC"
22591224,45077,5048-13-03-4989,"250 MOSSIE SMITH RD, EASLEY, SC 29642",29642,SC,34.803234,-82.530685,SFR,1982.0,3.0,2.0,1176.0,1.5,294000.0,2025-10-14,Resale,250.0,24860,"Greenville-Anderson-Greer, SC"
22591226,45077,5048-09-05-1100,"110 RICHLAND DR, EASLEY, SC 29642",29642,SC,34.806255,-82.531992,SFR,1995.0,4.0,3.0,2272.0,0.5699954,470000.0,2025-09-26,Resale,206.87,24860,"Greenville-Anderson-Greer, SC"
22623674,45077,5029-11-55-3665,"302 DAY ST, EASLEY, SC 29640",29640,SC,34.834621,-82.581621,SFR,1920.0,2.0,2.0,1234.0,,215000.0,2024-05-29,Resale,174.23,24860,"Greenville-Anderson-Greer, SC"
22718360,45077,4180-00-49-5765,"316 DEAN ST, PICKENS, SC 29671",29671,SC,34.871583,-82.718299,SFR,2008.0,3.0,2.0,1497.0,0.3600092,240000.0,2025-02-10,Resale,160.32,24860,"Greenville-Anderson-Greer, SC"
22741272,45077,5029-11-76-2781,"106 DARLEEN AVE, EASLEY, SC 29640",29640,SC,34.837622,-82.575291,SFR,1968.0,3.0,2.0,1008.0,,215000.0,2024-09-09,Resale,213.29,24860,"Greenville-Anderson-Greer, SC"
22755285,45077,5029-14-34-3253,"912 E 2ND AVE, EASLEY, SC 29640",29640,SC,34.830657,-82.588269,SFR,1957.0,2.0,1.0,720.0,0.1800046,182000.0,2024-04-19,Resale,252.78,24860,"Greenville-Anderson-Greer, SC"
22755288,45077,5029-14-24-9092,"902 E 2ND AVE, EASLEY, SC 29640",29640,SC,34.830039,-82.589448,SFR,1920.0,2.0,1.0,840.0,0.3600092,234900.0,2025-04-11,Resale,279.64,24860,"Greenville-Anderson-Greer, SC"
22759963,45077,5028-17-02-0240,"113 PATIO RD, EASLEY, SC 29642",29642,SC,34.797453,-82.598676,SFR,1996.0,3.0,3.0,1334.0,,265000.0,2023-08-15,Resale,198.65,24860,"Greenville-Anderson-Greer, SC"
22761046,45077,4054-13-24-1404,"112 FRUSTER ST # A, CLEMSON, SC 29631",29631,SC,34.690604,-82.822700,VACANT LAND (NEC),1955.0,,,693.0,,110000.0,2025-06-27,Resale,158.73,24860,"Greenville-Anderson-Greer, SC"
22761051,45077,4054-13-14-8575,"120 FRUSTER ST, CLEMSON, SC 29631",29631,SC,34.690866,-82.823836,VACANT LAND (NEC),,,,,3.09,240000.0,2024-05-09,Resale,,24860,"Greenville-Anderson-Greer, SC"
22761055,45077,4054-13-24-3115,"209 SHAW ST, CLEMSON, SC 29631",29631,SC,34.689859,-82.821993,SFR,1962.0,3.0,1.0,1958.0,0.3089991,216700.0,2024-07-16,Resale,110.67,24860,"Greenville-Anderson-Greer, SC"
23074691,45077,4076-14-42-6685,"156 FIELDCREST DR, CENTRAL, SC 29630",29630,SC,34.741737,-82.748696,SFR,1983.0,3.0,1.0,1144.0,,255000.0,2025-09-16,Resale,222.9,24860,"Greenville-Anderson-Greer, SC"
23074697,45077,4076-00-52-3710,"122 FIELDCREST DR, CENTRAL, SC 29630",29630,SC,34.741854,-82.746450,SFR,1982.0,3.0,1.0,1162.0,,260000.0,2024-09-16,Resale,223.75,24860,"Greenville-Anderson-Greer, SC"
23074703,45077,4065-10-36-1127,"515 MADDEN BRIDGE RD, CENTRAL, SC 29630",29630,SC,34.723336,-82.786686,SFR,1959.0,3.0,1.0,1703.0,0.8600092,,2025-11-25,Resale,,24860,"Greenville-Anderson-Greer, SC"
23074704,45077,4065-14-43-5242,"611 SPRING FOREST DR, CENTRAL, SC 29630",29630,SC,34.715334,-82.781758,SFR,1991.0,3.0,2.0,1241.0,,200000.0,2023-12-15,Resale,161.16,24860,"Greenville-Anderson-Greer, SC"
23074706,45077,4065-06-49-9534,"219 LUNA LN, CENTRAL, SC 29630",29630,SC,34.732723,-82.780838,SFR,1999.0,3.0,2.0,1857.0,,195000.0,2025-03-28,Resale,105.01,24860,"Greenville-Anderson-Greer, SC"
23074708,45077,4065-10-46-3516,"115 BROAD ST # A, CENTRAL, SC 29630",29630,SC,34.724502,-82.782823,RESTAURANT BUILDING,1910.0,3.0,2.0,2174.0,,460000.0,2024-12-19,Resale,211.59,24860,"Greenville-Anderson-Greer, SC"
23074718,45077,4065-12-85-8476,"217 AMANDA DR, CENTRAL, SC 29630",29630,SC,34.721740,-82.767511,SFR,1985.0,3.0,2.0,1152.0,,234000.0,2025-06-16,Resale,203.13,24860,"Greenville-Anderson-Greer, SC"
23083660,45077,5008-11-56-6027,"112 SHALLOWFORD RD, EASLEY, SC 29640",29640,SC,34.807447,-82.646880,SFR,1970.0,3.0,2.0,929.0,,195600.0,2023-06-08,Resale,210.55,24860,"Greenville-Anderson-Greer, SC"
23091696,45077,5121-00-14-0457,"106 DORR CIR, EASLEY, SC 29640",29640,SC,34.886166,-82.596956,SFR,1968.0,3.0,2.0,1508.0,,275000.0,2024-07-29,Resale,182.36,24860,"Greenville-Anderson-Greer, SC"
23169847,45077,5038-17-20-3235,"714 SHEFWOOD DR, EASLEY, SC 29642",29642,SC,34.792608,-82.557627,SFR,2002.0,3.0,3.5,3263.0,0.36,,2025-12-04,Resale,,24860,"Greenville-Anderson-Greer, SC"
23184661,45077,5140-01-36-2006,"504 ANTIOCH RD, EASLEY, SC 29640",29640,SC,34.863965,-82.522719,SFR,1973.0,3.0,1.5,1714.0,0.58,,2024-05-29,Resale,,24860,"Greenville-Anderson-Greer, SC"
23184663,45077,5140-01-35-0529,"105 ROLLINGWOOD WAY, EASLEY, SC 29640",29640,SC,34.862679,-82.523286,SFR,1977.0,3.0,2.0,1693.0,,332000.0,2025-12-12,Resale,196.1,24860,"Greenville-Anderson-Greer, SC"
23184665,45077,5140-01-25-8745,"104 ROLLINGWOOD WAY, EASLEY, SC 29640",29640,SC,34.863097,-82.523919,SFR,1979.0,3.0,2.0,1833.0,0.7600092,372500.0,2024-11-21,Resale,203.22,24860,"Greenville-Anderson-Greer, SC"
23187440,45077,4190-20-90-6708,"101 DIVINE DR, EASLEY, SC 29640",29640,SC,34.847601,-82.667712,SFR,1996.0,3.0,2.0,1680.0,0.682,324900.0,2026-05-11,Resale,193.39,24860,"Greenville-Anderson-Greer, SC"
23264786,45077,5110-18-40-6959,"132 CARLISSA CT, EASLEY, SC 29640",29640,SC,34.848817,-82.617583,SFR,2002.0,3.0,3.0,1818.0,0.75,345000.0,2024-03-13,Resale,189.77,24860,"Greenville-Anderson-Greer, SC"
23264788,45077,5019-14-24-6089,"501 HILL ST, EASLEY, SC 29640",29640,SC,34.829812,-82.623800,SFR,1920.0,2.0,1.0,648.0,,,2024-10-10,Resale,,24860,"Greenville-Anderson-Greer, SC"
23264789,45077,5019-14-24-5164,"502 HILL ST, EASLEY, SC 29640",29640,SC,34.829930,-82.624192,SFR,1920.0,2.0,1.0,732.0,,,2024-10-10,Resale,,24860,"Greenville-Anderson-Greer, SC"
23264791,45077,5019-14-24-6081,"805 BLAIR ST, EASLEY, SC 29640",29640,SC,34.829579,-82.623780,SFR,1920.0,2.0,1.0,732.0,,,2024-10-10,Resale,,24860,"Greenville-Anderson-Greer, SC"
23264792,45077,5019-14-24-7061,"803 BLAIR ST, EASLEY, SC 29640",29640,SC,34.829579,-82.623535,SFR,1920.0,2.0,1.0,648.0,,,2024-10-10,Resale,,24860,"Greenville-Anderson-Greer, SC"
23305559,45077,4065-18-21-7722,"201 CAMPUS DR APT F, CENTRAL, SC 29630",29630,SC,34.711013,-82.787751,TOWNHOUSE/ROWHOUSE,2004.0,4.0,9.0,1550.0,,214900.0,2025-08-22,Resale,138.65,24860,"Greenville-Anderson-Greer, SC"
23377791,45077,5008-10-35-6833,"106 MERGANSER CT, LIBERTY, SC 29657",29657,SC,34.806736,-82.653479,SFR,2003.0,3.0,2.0,1444.0,0.2800046,240000.0,2024-02-29,Resale,166.2,24860,"Greenville-Anderson-Greer, SC"
23377792,45077,5008-00-33-9702,"533 AMSTERDAM RD, LIBERTY, SC 29657",29657,SC,34.800869,-82.652469,SFR,1978.0,3.0,3.0,2209.0,2.0,396000.0,2025-09-05,Resale,179.27,24860,"Greenville-Anderson-Greer, SC"
23470046,45077,5110-18-40-3944,"424 MARY ANN ST, EASLEY, SC 29640",29640,SC,34.848694,-82.618622,SFR,2001.0,3.0,2.0,1360.0,0.2300046,240000.0,2025-05-08,Resale,176.47,24860,"Greenville-Anderson-Greer, SC"
23474289,45077,5019-14-42-3698,"322 KATHERINE ST, EASLEY, SC 29640",29640,SC,34.826002,-82.618037,SFR,1920.0,3.0,3.0,1588.0,0.3399908,331900.0,2025-02-07,Resale,209.01,24860,"Greenville-Anderson-Greer, SC"
23628242,45077,5037-06-39-9014,"100 MEADOW WOODS CT, EASLEY, SC 29642",29642,SC,34.789347,-82.552300,SFR,1989.0,4.0,3.0,2444.0,,290000.0,2024-12-27,Resale,118.66,24860,"Greenville-Anderson-Greer, SC"
23628244,45077,5048-08-99-7811,"109 HARVEY RD, EASLEY, SC 29642",29642,SC,34.819593,-82.500213,MOBILE HOME,1999.0,3.0,2.0,1680.0,0.5800046,65000.0,2023-08-03,Resale,38.69,24860,"Greenville-Anderson-Greer, SC"
23834392,45077,4065-18-21-7882,"237 CAMPUS DR APT B, CENTRAL, SC 29630",29630,SC,34.711331,-82.787533,TOWNHOUSE/ROWHOUSE,2004.0,4.0,9.0,1550.0,4.97,207000.0,2024-10-25,Resale,133.55,24860,"Greenville-Anderson-Greer, SC"
23834394,45077,4065-18-31-0622,"226 CAMPUS DR, CENTRAL, SC 29630",29630,SC,34.710782,-82.786713,TOWNHOUSE/ROWHOUSE,2004.0,4.0,6.5,1550.0,0.043,2073383.0,2024-02-28,Resale,1337.67,24860,"Greenville-Anderson-Greer, SC"
23835101,45077,5018-12-97-7472,"132 WAVERLY ST, EASLEY, SC 29642",29642,SC,34.811358,-82.599898,SFR,1962.0,3.0,2.0,1099.0,2.37,223000.0,2026-02-11,Resale,202.91,24860,"Greenville-Anderson-Greer, SC"
23835104,45077,5018-12-97-4413,"119 WAVERLY ST, EASLEY, SC 29642",29642,SC,34.811778,-82.601025,SFR,1950.0,3.0,1.0,1076.0,,148000.0,2025-08-15,Resale,137.55,24860,"Greenville-Anderson-Greer, SC"
23835106,45077,5018-12-97-3433,"115 WAVERLY ST, EASLEY, SC 29642",29642,SC,34.811786,-82.601293,SFR,1952.0,2.0,2.0,1000.0,,175000.0,2025-11-14,Resale,175.0,24860,"Greenville-Anderson-Greer, SC"
23835150,45077,5029-17-00-5744,"202 WASHINGTON AVE, EASLEY, SC 29640",29640,SC,34.820943,-82.597459,SFR,1951.0,2.0,1.0,1076.0,,224000.0,2025-04-23,Resale,208.18,24860,"Greenville-Anderson-Greer, SC"
23835152,45077,5029-17-00-6922,"205 WASHINGTON AVE, EASLEY, SC 29640",29640,SC,34.821426,-82.597197,SFR,2001.0,3.0,2.0,1563.0,,279000.0,2025-07-08,Resale,178.5,24860,"Greenville-Anderson-Greer, SC"
24072869,45077,4097-05-09-6589,"306 EDGEMONT AVE, LIBERTY, SC 29657",29657,SC,34.788983,-82.696314,SFR,1920.0,3.0,1.0,1439.0,0.3199954,253000.0,2024-12-05,Resale,175.82,24860,"Greenville-Anderson-Greer, SC"
24072870,45077,4098-13-13-2457,"232 CRESTWOOD DR, LIBERTY, SC 29657",29657,SC,34.799667,-82.694599,SFR,2001.0,3.0,2.0,1336.0,,265000.0,2024-03-28,Resale,198.35,24860,"Greenville-Anderson-Greer, SC"
24072874,45077,4098-18-30-6393,"7 WELBORN ST, LIBERTY, SC 29657",29657,SC,34.791165,-82.686274,SFR,1946.0,3.0,1.0,1407.0,,145000.0,2025-10-21,Resale,103.06,24860,"Greenville-Anderson-Greer, SC"
24075155,45077,4055-12-76-8397,"111 ARBORS CT, CENTRAL, SC 29630",29630,SC,34.723677,-82.804143,SFR,1998.0,3.0,2.0,1346.0,0.12,225000.0,2024-06-03,Resale,167.16,24860,"Greenville-Anderson-Greer, SC"
24075156,45077,5029-12-96-3416,"282 OAKVALE DR, EASLEY, SC 29640",29640,SC,34.837001,-82.568515,MOBILE HOME,1995.0,3.0,2.0,1196.0,0.601,35000.0,2026-05-20,Resale,29.26,24860,"Greenville-Anderson-Greer, SC"
24075160,45077,5029-12-96-1509,"266 OAKVALE DR, EASLEY, SC 29640",29640,SC,34.837341,-82.569203,MOBILE HOME,1988.0,3.0,2.0,1339.0,,,2025-10-23,Resale,,24860,"Greenville-Anderson-Greer, SC"
24097089,45077,5100-19-70-2065,"136 COBB ST, EASLEY, SC 29640",29640,SC,34.845920,-82.642175,SFR,1928.0,2.0,1.0,1036.0,,212500.0,2024-12-05,Resale,205.12,24860,"Greenville-Anderson-Greer, SC"
24140844,45077,5009-06-27-5596,"1344 BREAZEALE RD, EASLEY, SC 29640",29640,SC,34.838866,-82.657506,SFR,1950.0,2.0,1.0,797.0,1.79,,2026-04-13,Resale,,24860,"Greenville-Anderson-Greer, SC"
24140849,45077,5028-13-14-9568,"236 SPRINGFIELD CIR # A, EASLEY, SC 29642",29642,SC,34.804048,-82.592392,DUPLEX,2003.0,6.0,4.0,2130.0,0.2199954,305000.0,2024-01-04,Resale,143.19,24860,"Greenville-Anderson-Greer, SC"
24219357,45077,4076-06-47-7937,"241 GARVIN RD, LIBERTY, SC 29657",29657,SC,34.756370,-82.748825,SFR,2004.0,3.0,3.0,1429.0,0.7940083,360000.0,2025-03-21,Resale,251.92,24860,"Greenville-Anderson-Greer, SC"
24249866,45077,4054-17-11-5415,"309 WOODLAND WAY, CLEMSON, SC 29631",29631,SC,34.682385,-82.824473,SFR,1969.0,3.0,2.0,1758.0,0.47,425000.0,2026-03-03,Resale,241.75,24860,"Greenville-Anderson-Greer, SC"
24445393,45077,5019-11-55-2933,"120 N 7TH ST, EASLEY, SC 29640",29640,SC,34.834970,-82.615401,SFR,1964.0,2.0,1.0,840.0,,195000.0,2024-08-06,Resale,232.14,24860,"Greenville-Anderson-Greer, SC"
24467232,45077,5141-03-10-1242,"320 HAMBURG RD, EASLEY, SC 29640",29640,SC,34.874991,-82.529555,SFR,1979.0,3.0,3.0,2349.0,7.0,588000.0,2026-05-14,Resale,250.32,24860,"Greenville-Anderson-Greer, SC"
24467925,45077,4088-16-73-5428,"108 FORRESTER DR, LIBERTY, SC 29657",29657,SC,34.799552,-82.707042,SFR,2007.0,3.0,2.0,1245.0,0.1600092,210000.0,2025-12-19,Resale,168.67,24860,"Greenville-Anderson-Greer, SC"
24474982,45077,4140-00-89-2746,"149 CROWE CREEK CHURCH RD, SIX MILE, SC 29682",29682,SC,34.869899,-82.839440,MOBILE HOME,1984.0,2.0,2.0,968.0,1.53,150000.0,2024-07-29,Resale,154.96,24860,"Greenville-Anderson-Greer, SC"
24475000,45077,4067-19-62-9524,"430 N GARRETT ST, CENTRAL, SC 29630",29630,SC,34.768508,-82.775037,SFR,,,,1150.0,0.75,,2025-06-04,Resale,,24860,"Greenville-Anderson-Greer, SC"
24564668,45077,5019-08-87-4543,"903 N A ST, EASLEY, SC 29640",29640,SC,34.839353,-82.604768,SFR,1940.0,3.0,2.0,1513.0,1.001,,2026-05-14,Resale,,24860,"Greenville-Anderson-Greer, SC"
24621857,45077,4078-07-69-8277,"738 STEWART GIN RD, LIBERTY, SC 29657",29657,SC,34.814457,-82.741644,SFR,2006.0,3.0,2.0,1698.0,3.47,515000.0,2026-03-26,Resale,303.3,24860,"Greenville-Anderson-Greer, SC"
24636398,45077,4099-00-61-8760,"102 BEE TREE CT, LIBERTY, SC 29657",29657,SC,34.822455,-82.676374,MOBILE HOME,2021.0,2.0,,1009.0,,140000.0,2024-05-03,Resale,138.75,24860,"Greenville-Anderson-Greer, SC"
24714177,45077,5038-10-36-2122,"214 AUDUBON ACRES DR, EASLEY, SC 29642",29642,SC,34.808783,-82.554964,SFR,2020.0,3.0,2.0,1969.0,0.6399908,,2025-06-26,Resale,,24860,"Greenville-Anderson-Greer, SC"
24714293,45077,5038-10-36-2276,"218 AUDUBON ACRES DR, EASLEY, SC 29642",29642,SC,34.809173,-82.554801,SFR,2015.0,4.0,2.0,3048.0,0.6399908,855000.0,2024-11-01,Resale,280.51,24860,"Greenville-Anderson-Greer, SC"
24714317,45077,5038-10-37-4495,"259 AUDUBON ACRES DR, EASLEY, SC 29642",29642,SC,34.812465,-82.554178,VACANT LAND (NEC),,,,,0.62,115000.0,2025-09-30,Resale,,24860,"Greenville-Anderson-Greer, SC"
24769179,45077,4182-16-94-4622,"427 CARROL LN, PICKENS, SC 29671",29671,SC,34.912657,-82.702964,SFR,1964.0,3.0,2.0,1401.0,,375000.0,2024-03-28,Resale,267.67,24860,"Greenville-Anderson-Greer, SC"
25056106,45077,5028-07-59-8566,"210 RIDGEWOOD ST, EASLEY, SC 29642",29642,SC,34.817914,-82.579670,SFR,1974.0,4.0,4.0,3791.0,,594500.0,2024-07-29,Resale,156.82,24860,"Greenville-Anderson-Greer, SC"
25304194,45077,5038-16-72-6919,"108 ROSE ANN CT, EASLEY, SC 29642",29642,SC,34.800339,-82.540184,SFR,1989.0,3.0,3.0,1796.0,,260000.0,2023-12-08,Resale,144.77,24860,"Greenville-Anderson-Greer, SC"
25329180,45077,5123-04-93-2096,"197 DEER CREEK RD, EASLEY, SC 29640",29640,SC,34.937553,-82.570440,SFR,1944.0,4.0,3.0,2203.0,1.06,,2026-04-14,Resale,,24860,"Greenville-Anderson-Greer, SC"
25373796,45077,4055-09-17-9085,"212 CEDAR DALE DR, CENTRAL, SC 29630",29630,SC,34.725272,-82.823850,SFR,1988.0,4.0,3.0,2814.0,,560200.0,2024-05-14,Resale,199.08,24860,"Greenville-Anderson-Greer, SC"
25373806,45077,5029-10-36-3469,"112 GARRISON ST, EASLEY, SC 29640",29640,SC,34.836839,-82.588318,SFR,1920.0,3.0,1.0,1408.0,,240000.0,2025-08-18,Resale,170.45,24860,"Greenville-Anderson-Greer, SC"
25373816,45077,5019-20-80-5434,"208 S 3RD ST, EASLEY, SC 29640",29640,SC,34.820015,-82.604101,SFR,1920.0,2.0,1.0,1256.0,,,2024-12-08,Resale,,24860,"Greenville-Anderson-Greer, SC"
25503218,45077,5006-01-27-2842,"129 BROOK MEADOW LN, LIBERTY, SC 29657",29657,SC,34.757170,-82.657149,SFR,2008.0,3.0,2.0,1323.0,0.7629936,295000.0,2025-02-12,Resale,222.98,24860,"Greenville-Anderson-Greer, SC"
25637051,45077,5110-18-30-8416,"644 OLD CEDAR ROCK RD, EASLEY, SC 29640",29640,SC,34.847414,-82.620542,SFR,2001.0,3.0,2.0,1293.0,,271000.0,2025-08-11,Resale,209.59,24860,"Greenville-Anderson-Greer, SC"
25664396,45077,5110-15-54-2402,"322 SCOTLAND RD, EASLEY, SC 29640",29640,SC,34.858300,-82.615956,SFR,1955.0,3.0,1.0,870.0,,150000.0,2025-10-02,Resale,172.41,24860,"Greenville-Anderson-Greer, SC"
25716420,45077,4170-00-45-2315,"800 ALLGOOD BRIDGE RD, PICKENS, SC 29671",29671,SC,34.858956,-82.752543,SFR,1951.0,2.0,2.0,1290.0,1.06,156000.0,2024-01-16,Resale,120.93,24860,"Greenville-Anderson-Greer, SC"
26143832,45077,4046-20-90-7698,"1773 SIX MILE HWY, CENTRAL, SC 29630",29630,SC,34.735144,-82.831291,SFR,1960.0,3.0,2.0,1392.0,,230000.0,2025-11-03,Resale,165.23,24860,"Greenville-Anderson-Greer, SC"
26150047,45077,4098-05-19-7029,"122 GOLDEN SPRINGS LN, LIBERTY, SC 29657",29657,SC,34.815161,-82.693350,SFR,2001.0,3.0,2.0,1408.0,0.6,195000.0,2024-06-11,Resale,138.49,24860,"Greenville-Anderson-Greer, SC"
26150050,45077,4098-05-19-4281,"117 GOLDEN SPRINGS LN, LIBERTY, SC 29657",29657,SC,34.815437,-82.694163,SFR,2000.0,3.0,2.0,1424.0,0.5699954,234500.0,2026-01-05,Resale,164.68,24860,"Greenville-Anderson-Greer, SC"
26150670,45077,5019-06-37-7709,"255 OLD CEDAR ROCK RD, EASLEY, SC 29640",29640,SC,34.840012,-82.620599,SFR,1958.0,3.0,2.0,1446.0,,183000.0,2025-09-12,Resale,126.56,24860,"Greenville-Anderson-Greer, SC"
26259322,45077,5019-11-55-8996,"106 N 6TH ST, EASLEY, SC 29640",29640,SC,34.835066,-82.613185,SFR,1960.0,2.0,1.0,1087.0,,6000.0,2025-12-16,Resale,5.52,24860,"Greenville-Anderson-Greer, SC"
26276928,45077,4087-08-98-9787,"319 W MAIN ST, LIBERTY, SC 29657",29657,SC,34.786636,-82.698539,SFR,1910.0,4.0,2.0,2974.0,0.5,330000.0,2025-10-24,Resale,110.96,24860,"Greenville-Anderson-Greer, SC"
26276930,45077,4087-12-95-3569,"11 JACKSON ST, LIBERTY, SC 29657",29657,SC,34.777933,-82.700500,SFR,1925.0,2.0,1.0,1111.0,0.21,169000.0,2026-05-15,Resale,152.12,24860,"Greenville-Anderson-Greer, SC"
26276934,45077,4097-10-36-5718,"112 E BEATTIE ST, LIBERTY, SC 29657",29657,SC,34.781384,-82.686717,SFR,1910.0,2.0,1.0,898.0,0.24,190000.0,2025-12-01,Resale,211.58,24860,"Greenville-Anderson-Greer, SC"
26276937,45077,4097-10-37-5104,"104 E BEATTIE ST, LIBERTY, SC 29657",29657,SC,34.782385,-82.686745,SFR,1910.0,3.0,2.0,1006.0,,179900.0,2023-09-18,Resale,178.83,24860,"Greenville-Anderson-Greer, SC"
26278335,45077,5029-10-25-8917,"101 GARRISON ST, EASLEY, SC 29640",29640,SC,34.835393,-82.590140,SFR,1920.0,3.0,2.0,1440.0,,285000.0,2025-05-23,Resale,197.92,24860,"Greenville-Anderson-Greer, SC"
26285516,45077,5028-20-71-8589,"224 WORCESTER LN, EASLEY, SC 29642",29642,SC,34.796027,-82.572591,SFR,2004.0,3.0,2.0,2148.0,0.2100092,,2023-09-01,Resale,,24860,"Greenville-Anderson-Greer, SC"
26285520,45077,5018-08-87-7826,"106 JAMES ST, EASLEY, SC 29642",29642,SC,34.812941,-82.603314,SFR,1970.0,3.0,2.0,1566.0,,142500.0,2025-11-05,Resale,91.0,24860,"Greenville-Anderson-Greer, SC"
26285536,45077,4054-13-13-0101,"228 RIGGS DR, CLEMSON, SC 29631",29631,SC,34.686878,-82.826188,SFR,1953.0,3.0,2.0,2217.0,,775000.0,2024-08-07,Resale,349.57,24860,"Greenville-Anderson-Greer, SC"
26287786,45077,4170-00-27-1453,"140 PENROSE CIR, PICKENS, SC 29671",29671,SC,34.864624,-82.759122,SFR,1960.0,3.0,2.0,1766.0,49.25,5000.0,2024-12-30,Resale,2.83,24860,"Greenville-Anderson-Greer, SC"
26287791,45077,5019-18-42-6250,"109 FINLEY CIR, EASLEY, SC 29640",29640,SC,34.824699,-82.617118,SFR,1959.0,2.0,1.0,1113.0,,175000.0,2024-04-22,Resale,157.23,24860,"Greenville-Anderson-Greer, SC"
26287806,45077,5110-15-54-9324,"448 ROBERT P JEANES RD, EASLEY, SC 29640",29640,SC,34.858080,-82.613491,RESIDENTIAL - VACANT LAND,1947.0,2.0,1.0,952.0,0.5300046,,2025-09-23,Resale,,24860,"Greenville-Anderson-Greer, SC"
26297464,45077,5131-02-85-5366,"101 DANIELLE CT, EASLEY, SC 29640",29640,SC,34.889295,-82.538642,MOBILE HOME,1999.0,3.0,2.0,1904.0,,,2025-03-18,Resale,,24860,"Greenville-Anderson-Greer, SC"
26297526,45077,5006-00-42-3808,"117 OAK BROOK DR, LIBERTY, SC 29657",29657,SC,34.743683,-82.650102,SFR,1978.0,2.0,1.5,1047.0,1.09,182000.0,2023-02-27,Resale,173.83,24860,"Greenville-Anderson-Greer, SC"
26302876,45077,5059-17-01-6202,"107 TEAL DR, EASLEY, SC 29642",29642,SC,34.823495,-82.497332,SFR,1995.0,3.0,2.0,1134.0,0.3300046,217500.0,2025-11-25,Resale,191.8,24860,"Greenville-Anderson-Greer, SC"
26313029,45077,5029-05-08-8034,"155 BEVERLY DR, EASLEY, SC 29640",29640,SC,34.841006,-82.596915,SFR,2004.0,3.0,2.0,1626.0,0.4800046,255000.0,2025-10-03,Resale,156.83,24860,"Greenville-Anderson-Greer, SC"
26313316,45077,5122-02-96-0026,"1036 OLD DACUSVILLE RD, EASLEY, SC 29640",29640,SC,34.918310,-82.570973,SFR,1973.0,3.0,2.0,1920.0,,259500.0,2023-06-16,Resale,135.16,24860,"Greenville-Anderson-Greer, SC"
26319831,45077,5100-18-31-2443,"152 RUTLEDGE ST, EASLEY, SC 29640",29640,SC,34.849497,-82.655601,SFR,1972.0,3.0,1.0,1215.0,,199000.0,2025-01-16,Resale,163.79,24860,"Greenville-Anderson-Greer, SC"
26321350,45077,5132-03-43-8882,"115 CARTHAGE DR, EASLEY, SC 29640",29640,SC,34.912426,-82.551236,MOBILE HOME,1994.0,3.0,2.0,2016.0,,148000.0,2024-03-22,Resale,73.41,24860,"Greenville-Anderson-Greer, SC"
26409932,45077,4130-00-67-5091,"107 BUTTON BUSH TRL, SIX MILE, SC 29682",29682,SC,34.861689,-82.878159,SFR,2008.0,3.0,3.0,1676.0,0.7399908,1650000.0,2024-04-12,Resale,984.49,24860,"Greenville-Anderson-Greer, SC"
26409933,45077,4058-00-98-9267,"100 EDENS GARDEN WAY, SIX MILE, SC 29682",29682,SC,34.811432,-82.799065,SFR,2007.0,4.0,3.0,2756.0,0.6,550000.0,2024-08-23,Resale,199.56,24860,"Greenville-Anderson-Greer, SC"
26409939,45077,4048-08-99-0535,"208 DELLA LN, SIX MILE, SC 29682",29682,SC,34.814737,-82.835370,SFR,2002.0,3.0,2.0,1562.0,5.014,350000.0,2024-11-19,Resale,224.07,24860,"Greenville-Anderson-Greer, SC"
26426996,45077,4087-05-09-6835,"154 SILVERY LN, LIBERTY, SC 29657",29657,SC,34.789238,-82.729788,SFR,1992.0,3.0,2.0,1571.0,,260000.0,2024-09-10,Resale,165.5,24860,"Greenville-Anderson-Greer, SC"
26448252,45077,4134-00-92-6010,"135 BLOSSOM HILL TRL, SUNSET, SC 29685",29685,SC,34.958025,-82.870090,SFR,2007.0,3.0,4.0,1501.0,1.04,915000.0,2023-09-27,Resale,609.59,24860,"Greenville-Anderson-Greer, SC"
26448257,45077,4134-00-80-5676,"119 TROUT LILY LN, SUNSET, SC 29685",29685,SC,34.954238,-82.873482,SFR,2000.0,3.0,3.0,2333.0,0.6800046,,2024-11-21,Resale,,24860,"Greenville-Anderson-Greer, SC"
26448261,45077,4065-18-21-9695,"226 CAMPUS DR APT G, CENTRAL, SC 29630",29630,SC,34.710855,-82.786778,TOWNHOUSE/ROWHOUSE,2004.0,4.0,9.0,1550.0,,202500.0,2024-11-08,Resale,130.65,24860,"Greenville-Anderson-Greer, SC"
26448262,45077,4065-18-21-7891,"237 CAMPUS DR APT A, CENTRAL, SC 29630",29630,SC,34.711314,-82.787483,TOWNHOUSE/ROWHOUSE,2004.0,4.0,9.0,1550.0,4.97,204000.0,2024-09-12,Resale,131.61,24860,"Greenville-Anderson-Greer, SC"
26448263,45077,4065-18-21-7954,"236 CAMPUS DR, CENTRAL, SC 29630",29630,SC,34.711711,-82.787663,TOWNHOUSE/ROWHOUSE,2004.0,4.0,6.5,1550.0,4.97,2073383.0,2024-02-28,Resale,1337.67,24860,"Greenville-Anderson-Greer, SC"
26448265,45077,4065-18-21-7983,"236 CAMPUS DR APT C, CENTRAL, SC 29630",29630,SC,34.711687,-82.787558,TOWNHOUSE/ROWHOUSE,2004.0,4.0,9.0,1550.0,4.97,181000.0,2023-10-20,Resale,116.77,24860,"Greenville-Anderson-Greer, SC"
26448388,45077,5038-15-53-8885,"104 STONEHAVEN LN, EASLEY, SC 29642",29642,SC,34.802651,-82.546014,SFR,1984.0,3.0,2.0,1408.0,,295000.0,2024-07-31,Resale,209.52,24860,"Greenville-Anderson-Greer, SC"
26448390,45077,5038-12-95-2519,"115 MALVERN HL, EASLEY, SC 29642",29642,SC,34.807571,-82.534959,SFR,1995.0,4.0,3.0,2150.0,,429000.0,2023-07-07,Resale,199.53,24860,"Greenville-Anderson-Greer, SC"
26448392,45077,5038-15-53-8306,"103 CREEK DR, EASLEY, SC 29642",29642,SC,34.801290,-82.546243,SFR,1991.0,2.0,1.5,1418.0,0.14,250000.0,2026-02-26,Resale,176.3,24860,"Greenville-Anderson-Greer, SC"
26448403,45077,5143-03-02-3603,"507 HUNTS BRIDGE RD, EASLEY, SC 29640",29640,SC,34.936930,-82.533722,SFR,1977.0,3.0,2.0,1755.0,4.92,415000.0,2026-01-29,Resale,236.47,24860,"Greenville-Anderson-Greer, SC"
26448405,45077,5143-03-02-7152,"541 HUNTS BRIDGE RD, EASLEY, SC 29640",29640,SC,34.935429,-82.532107,SFR,1988.0,3.0,2.0,1900.0,0.6100092,299998.0,2025-08-06,Resale,157.89,24860,"Greenville-Anderson-Greer, SC"
26486253,45077,5038-20-92-9367,"103 CANVASBACK WAY, EASLEY, SC 29642",29642,SC,34.798752,-82.532328,SFR,2000.0,3.0,2.0,1570.0,0.2300046,260000.0,2025-09-08,Resale,165.61,24860,"Greenville-Anderson-Greer, SC"
26486265,45077,5038-16-93-3952,"209 W SUNDANCE DR, EASLEY, SC 29642",29642,SC,34.802997,-82.534438,SFR,2006.0,3.0,3.0,2386.0,0.2300046,401500.0,2024-09-20,Resale,168.27,24860,"Greenville-Anderson-Greer, SC"
26560020,45077,5019-11-65-0748,"211 N 5TH ST, EASLEY, SC 29640",29640,SC,34.834586,-82.612655,SFR,1949.0,2.0,1.0,767.0,,180000.0,2023-07-13,Resale,234.68,24860,"Greenville-Anderson-Greer, SC"
26572262,45077,4130-00-78-5054,"185 CREEK STONE CT, SIX MILE, SC 29682",29682,SC,34.864653,-82.874901,VACANT LAND (NEC),,,,,1.78,500000.0,2025-05-12,Resale,,24860,"Greenville-Anderson-Greer, SC"
26572268,45077,5029-19-71-1095,"606 LAUREL RD, EASLEY, SC 29642",29642,SC,34.822071,-82.575239,SFR,1967.0,4.0,3.0,2576.0,0.9910009,465000.0,2025-02-27,Resale,180.51,24860,"Greenville-Anderson-Greer, SC"
26687810,45077,5100-15-73-1341,"816 CEDAR ROCK CHURCH RD, EASLEY, SC 29640",29640,SC,34.854905,-82.642730,SFR,1986.0,3.0,2.0,1756.0,0.73,295000.0,2026-05-11,Resale,168.0,24860,"Greenville-Anderson-Greer, SC"
26687812,45077,5100-16-93-7913,"961 SCOTLAND RD, EASLEY, SC 29640",29640,SC,34.856920,-82.634504,SFR,1925.0,3.0,1.0,2290.0,6.21,231250.0,2025-12-22,Resale,100.98,24860,"Greenville-Anderson-Greer, SC"
26687813,45077,5100-16-93-7885,"941 SCOTLAND RD, EASLEY, SC 29640",29640,SC,34.856499,-82.633950,SFR,1993.0,3.0,2.0,1806.0,1.35,305000.0,2024-08-23,Resale,168.88,24860,"Greenville-Anderson-Greer, SC"
26687831,45077,4190-16-74-9935,"2156 GENTRY MEMORIAL HWY, PICKENS, SC 29671",29671,SC,34.859085,-82.673503,SFR,1956.0,3.0,1.0,1664.0,0.43,220000.0,2026-03-20,Resale,132.21,24860,"Greenville-Anderson-Greer, SC"
26687838,45077,4161-00-49-0149,"262 MOUNT BETHEL RD, PICKENS, SC 29671",29671,SC,34.896526,-82.787342,VACANT LAND (NEC),1956.0,2.0,1.5,1096.0,1.65,15000.0,2025-09-03,Resale,13.69,24860,"Greenville-Anderson-Greer, SC"
26687842,45077,4161-00-27-5866,"139 HARLEY RD, PICKENS, SC 29671",29671,SC,34.892808,-82.792135,SFR,1976.0,3.0,2.0,1385.0,1.0,420000.0,2023-09-28,Resale,303.25,24860,"Greenville-Anderson-Greer, SC"
26688996,45077,4160-00-42-1156,"169 HOMESTEAD RD, PICKENS, SC 29671",29671,SC,34.849855,-82.786024,SFR,1987.0,3.0,2.5,2935.0,9.76,665000.0,2025-08-28,Resale,226.58,24860,"Greenville-Anderson-Greer, SC"
26689647,45077,4067-16-83-3142,"110 NORTH ST, CENTRAL, SC 29630",29630,SC,34.770173,-82.770288,SFR,1950.0,2.0,1.0,902.0,0.93,45000.0,2025-07-03,Resale,49.89,24860,"Greenville-Anderson-Greer, SC"
26689648,45077,4067-16-82-2947,"102 NORTH ST, CENTRAL, SC 29630",29630,SC,34.769751,-82.770692,SFR,1925.0,2.0,1.0,925.0,,,2024-02-20,Resale,,24860,"Greenville-Anderson-Greer, SC"
26689651,45077,4067-16-73-9839,"222 NORTH ST, CENTRAL, SC 29630",29630,SC,34.772266,-82.771729,SFR,1925.0,2.0,1.0,885.0,,65000.0,2024-05-29,Resale,73.45,24860,"Greenville-Anderson-Greer, SC"
26711519,45077,4098-17-10-0690,"11 BLUE RIDGE DR, LIBERTY, SC 29657",29657,SC,34.791782,-82.694981,SFR,1950.0,3.0,1.0,1415.0,,150000.0,2024-08-23,Resale,106.01,24860,"Greenville-Anderson-Greer, SC"
26711523,45077,4098-17-10-1870,"15 BLUE RIDGE DR, LIBERTY, SC 29657",29657,SC,34.792325,-82.694735,SFR,1949.0,3.0,1.0,1475.0,0.5660009,280000.0,2024-05-28,Resale,189.83,24860,"Greenville-Anderson-Greer, SC"
26711524,45077,4098-17-00-9272,"3 BLUE RIDGE DR, LIBERTY, SC 29657",29657,SC,34.790728,-82.695348,SFR,1953.0,3.0,1.0,1055.0,,125000.0,2024-08-23,Resale,118.48,24860,"Greenville-Anderson-Greer, SC"
26711528,45077,4193-04-91-3193,"1747 PUMPKINTOWN HWY, PICKENS, SC 29671",29671,SC,34.931065,-82.670050,SFR,1946.0,3.0,1.0,1314.0,6.23,345000.0,2024-03-22,Resale,262.56,24860,"Greenville-Anderson-Greer, SC"
26711746,45077,5006-01-45-1920,"2803 ANDERSON HWY, LIBERTY, SC 29657",29657,SC,34.751978,-82.650779,SFR,1946.0,2.0,2.0,988.0,1.85,165000.0,2024-06-04,Resale,167.0,24860,"Greenville-Anderson-Greer, SC"
26719633,45077,4049-00-98-8708,"228 IKE RD, SIX MILE, SC 29682",29682,SC,34.837268,-82.833494,SFR,2000.0,3.0,2.0,1269.0,1.01,230000.0,2026-04-07,Resale,181.25,24860,"Greenville-Anderson-Greer, SC"
26719637,45077,4049-00-97-7137,"208 IKE RD, SIX MILE, SC 29682",29682,SC,34.835298,-82.833695,SFR,1979.0,3.0,3.0,1084.0,,10000.0,2025-08-11,Resale,9.23,24860,"Greenville-Anderson-Greer, SC"
26723632,45077,5009-08-99-3923,"231 MOUNTAIN CREST DR, EASLEY, SC 29640",29640,SC,34.845736,-82.635310,SFR,1928.0,2.0,1.0,1232.0,,249000.0,2025-06-16,Resale,202.11,24860,"Greenville-Anderson-Greer, SC"
26723642,45077,4099-12-95-5374,"205 SPRING ESTATES DR, LIBERTY, SC 29657",29657,SC,34.832633,-82.667546,SFR,2002.0,3.0,2.0,1506.0,0.5699954,286000.0,2026-01-30,Resale,189.91,24860,"Greenville-Anderson-Greer, SC"
26735102,45077,5121-00-04-9987,"119 DORR CIR, EASLEY, SC 29640",29640,SC,34.887537,-82.597229,SFR,1968.0,3.0,2.0,1336.0,,,2025-04-16,Resale,,24860,"Greenville-Anderson-Greer, SC"
26821870,45077,4133-00-59-0083,"212 WATERLAKE DR, SUNSET, SC 29685",29685,SC,34.949568,-82.885068,SFR,1991.0,4.0,3.0,3326.0,1.21,3200000.0,2024-04-15,Resale,962.12,24860,"Greenville-Anderson-Greer, SC"
26821955,45077,5027-08-88-0108,"111 REEF CT # A, EASLEY, SC 29642",29642,SC,34.786742,-82.571981,VACANT LAND (NEC),,,,,1.76,217672.0,2025-10-30,Resale,,24860,"Greenville-Anderson-Greer, SC"
26903442,45077,4044-20-81-7941,"99 WYATT AVE, CLEMSON, SC 29631",29631,SC,34.683261,-82.833470,RESIDENTIAL - VACANT LAND,2010.0,2.0,2.5,1096.0,4.45,,2026-04-24,Resale,,24860,"Greenville-Anderson-Greer, SC"
26903451,45077,5008-11-65-9008,"307 JAMESTOWN RD, EASLEY, SC 29640",29640,SC,34.804805,-82.642559,SFR,1979.0,3.0,1.5,1248.0,0.33,180250.0,2026-04-07,Resale,144.43,24860,"Greenville-Anderson-Greer, SC"
26903728,45077,4077-14-34-3363,"448 ROBINSON BRIDGE RD, CENTRAL, SC 29630",29630,SC,34.773735,-82.753692,SFR,1974.0,3.0,1.0,1107.0,,172500.0,2023-06-26,Resale,155.83,24860,"Greenville-Anderson-Greer, SC"
26904718,45077,5120-13-03-1467,"1115 DACUSVILLE HWY, EASLEY, SC 29640",29640,SC,34.855899,-82.599337,SFR,1958.0,2.0,1.0,888.0,,199975.0,2025-02-07,Resale,225.2,24860,"Greenville-Anderson-Greer, SC"
27015401,45077,4191-08-97-0769,"122 MOUNTAIN VIEW DR, PICKENS, SC 29671",29671,SC,34.894315,-82.670469,SFR,1967.0,3.0,2.0,1603.0,0.38,280000.0,2025-09-15,Resale,174.67,24860,"Greenville-Anderson-Greer, SC"
27015433,45077,4065-18-21-6996,"240 CAMPUS DR APT E, CENTRAL, SC 29630",29630,SC,34.711781,-82.787869,TOWNHOUSE/ROWHOUSE,2004.0,4.0,9.0,1550.0,4.97,192000.0,2024-02-28,Resale,123.87,24860,"Greenville-Anderson-Greer, SC"
27015436,45077,4065-18-21-6958,"240 CAMPUS DR, CENTRAL, SC 29630",29630,SC,34.711832,-82.788019,TOWNHOUSE/ROWHOUSE,2004.0,4.0,6.5,1550.0,4.97,2073383.0,2024-02-28,Resale,1337.67,24860,"Greenville-Anderson-Greer, SC"
27015437,45077,4065-18-21-6949,"240 CAMPUS DR, CENTRAL, SC 29630",29630,SC,34.711849,-82.788069,TOWNHOUSE/ROWHOUSE,2004.0,4.0,6.5,1550.0,4.97,2073383.0,2024-02-28,Resale,1337.67,24860,"Greenville-Anderson-Greer, SC"
27045268,45077,4183-00-49-2428,"261 RAVENWOOD LN, PICKENS, SC 29671",29671,SC,34.953210,-82.721129,SFR,1969.0,2.0,1.0,864.0,,181000.0,2025-09-12,Resale,209.49,24860,"Greenville-Anderson-Greer, SC"
27045277,45077,4065-17-11-9175,"112 UNIVERSITY VILLAGE DR APT C, CENTRAL, SC 29630",29630,SC,34.709524,-82.790267,TOWNHOUSE/ROWHOUSE,2006.0,4.0,4.0,1550.0,0.0120064,215000.0,2026-01-09,Resale,138.71,24860,"Greenville-Anderson-Greer, SC"
27045282,45077,4065-17-10-9917,"114 UNIVERSITY VILLAGE DR APT D, CENTRAL, SC 29630",29630,SC,34.709051,-82.790455,TOWNHOUSE/ROWHOUSE,2006.0,4.0,4.0,1550.0,0.0120064,189999.0,2024-02-28,Resale,122.58,24860,"Greenville-Anderson-Greer, SC"
27054862,45077,5019-20-81-6054,"413 S 2ND ST, EASLEY, SC 29640",29640,SC,34.821677,-82.603743,SFR,1920.0,2.0,2.0,1008.0,0.3679982,192750.0,2024-05-25,Resale,191.22,24860,"Greenville-Anderson-Greer, SC"
27054865,45077,5019-20-81-4450,"403 S 2ND ST, EASLEY, SC 29640",29640,SC,34.822661,-82.604428,SFR,1920.0,2.0,1.0,896.0,,155000.0,2025-04-21,Resale,172.99,24860,"Greenville-Anderson-Greer, SC"
27054867,45077,5019-20-81-4394,"405 S 2ND ST, EASLEY, SC 29640",29640,SC,34.822498,-82.604310,SFR,1920.0,3.0,1.0,1280.0,,190550.0,2024-05-23,Resale,148.87,24860,"Greenville-Anderson-Greer, SC"
27056281,45077,4098-05-18-7389,"113 AUBREY LN, LIBERTY, SC 29657",29657,SC,34.813202,-82.693163,SFR,2006.0,3.0,2.0,1152.0,,208000.0,2024-10-31,Resale,180.56,24860,"Greenville-Anderson-Greer, SC"
27056284,45077,4098-05-18-6589,"112 AUBREY LN, LIBERTY, SC 29657",29657,SC,34.813772,-82.693449,SFR,2000.0,3.0,2.0,1126.0,0.5100092,225000.0,2025-04-14,Resale,199.82,24860,"Greenville-Anderson-Greer, SC"
27056287,45077,4098-05-18-8927,"110 TALLAHATCHIE CT, LIBERTY, SC 29657",29657,SC,34.814810,-82.693028,SFR,2001.0,3.0,2.0,1420.0,,222000.0,2025-04-30,Resale,156.34,24860,"Greenville-Anderson-Greer, SC"
27057580,45077,5102-00-75-2113,"661 GLASSY MOUNTAIN CHURCH RD, PICKENS, SC 29671",29671,SC,34.914904,-82.643585,SFR,2002.0,3.0,3.0,1456.0,0.7,250000.0,2024-05-06,Resale,171.7,24860,"Greenville-Anderson-Greer, SC"
27147278,45077,4174-00-11-9072,"151 BEAR RIDGE RD, PICKENS, SC 29671",29671,SC,34.957112,-82.762155,RESIDENTIAL - VACANT LAND,,,,,127.9,,2023-06-16,Resale,,24860,"Greenville-Anderson-Greer, SC"
27147881,45077,4134-00-40-7509,"104 SWEETSHRUB WAY, SUNSET, SC 29685",29685,SC,34.953861,-82.886414,SFR,2004.0,5.0,4.0,2781.0,3.5,1262500.0,2025-08-02,Resale,453.97,24860,"Greenville-Anderson-Greer, SC"
27149252,45077,4097-06-48-5432,"23 ISELIN ST, LIBERTY, SC 29657",29657,SC,34.785937,-82.683410,SFR,1925.0,3.0,2.0,1338.0,,190000.0,2023-11-17,Resale,142.0,24860,"Greenville-Anderson-Greer, SC"
27149254,45077,4098-17-10-2441,"16 BLUE RIDGE DR, LIBERTY, SC 29657",29657,SC,34.791262,-82.694479,SFR,1948.0,2.0,1.0,1364.0,0.4660009,140000.0,2023-02-01,Resale,102.64,24860,"Greenville-Anderson-Greer, SC"
27150211,45077,5029-11-75-0797,"110 MEADOWOOD DR, EASLEY, SC 29640",29640,SC,34.835004,-82.575851,SFR,1975.0,3.0,2.0,950.0,,,2024-10-03,Resale,,24860,"Greenville-Anderson-Greer, SC"
27202163,45077,5140-16-92-0716,"126 HARDWOOD CT, EASLEY, SC 29640",29640,SC,34.855115,-82.503187,MOBILE HOME,1998.0,3.0,2.0,1830.0,,239900.0,2024-08-23,Resale,131.09,24860,"Greenville-Anderson-Greer, SC"
27202166,45077,5150-13-03-2067,"3409 SALUDA DAM RD, EASLEY, SC 29640",29640,SC,34.856085,-82.498694,SFR,1940.0,3.0,2.0,1316.0,2.34,,2023-08-07,Resale,,24860,"Greenville-Anderson-Greer, SC"
27235035,45077,4181-15-73-0937,"140 W MAIN ST, PICKENS, SC 29671",29671,SC,34.883269,-82.710335,OFFICE BUILDING,1997.0,,,1935.0,0.3399908,,2024-08-21,Resale,,24860,"Greenville-Anderson-Greer, SC"
27247006,45077,5039-05-19-0372,"1335 SALUDA DAM RD, EASLEY, SC 29640",29640,SC,34.844910,-82.562883,MOBILE HOME,1992.0,2.0,1.0,1554.0,0.57,225000.0,2025-10-23,Resale,144.79,24860,"Greenville-Anderson-Greer, SC"
27342539,45077,5018-09-26-0561,"208 BAYWOOD DR, EASLEY, SC 29640",29640,SC,34.808947,-82.625471,MOBILE HOME,1998.0,3.0,2.0,1782.0,,89848.0,2025-03-10,Resale,50.42,24860,"Greenville-Anderson-Greer, SC"
27342542,45077,5018-09-16-8617,"213 BAYWOOD DR, EASLEY, SC 29640",29640,SC,34.809379,-82.626329,MOBILE HOME,1994.0,2.0,2.0,1848.0,,67000.0,2015-06-12,Resale,36.26,24860,"Greenville-Anderson-Greer, SC"
27342551,45077,5028-16-82-5832,"330 HAMILTON PKWY, EASLEY, SC 29642",29642,SC,34.799428,-82.570527,SFR,2001.0,3.0,3.0,1369.0,0.2199954,,2024-05-20,Resale,,24860,"Greenville-Anderson-Greer, SC"
27342554,45077,4182-20-91-1942,"109 ENGLISH HOLLEY CT, PICKENS, SC 29671",29671,SC,34.905217,-82.703756,SFR,2001.0,3.0,2.0,1504.0,0.73,314900.0,2026-05-15,Resale,209.38,24860,"Greenville-Anderson-Greer, SC"
27342566,45077,4087-07-67-0754,"118 ALTA VISTA CT, LIBERTY, SC 29657",29657,SC,34.783705,-82.711595,SFR,1963.0,4.0,5.0,3030.0,,365000.0,2024-01-19,Resale,120.46,24860,"Greenville-Anderson-Greer, SC"
27347222,45077,5027-07-78-3674,"210 WINDHAM LN, EASLEY, SC 29642",29642,SC,34.787993,-82.574063,SFR,1991.0,4.0,4.0,2527.0,,359900.0,2023-12-21,Resale,142.42,24860,"Greenville-Anderson-Greer, SC"
28847099,45077,4044-11-65-4933,"250 ELM ST, CLEMSON, SC 29631",29631,SC,34.694527,-82.841650,CLUB,1983.0,2.0,,3742.0,5.07,,2025-11-24,Resale,,24860,"Greenville-Anderson-Greer, SC"
28847137,45077,4065-14-33-3740,"131 COPPERFIELD DR, CENTRAL, SC 29630",29630,SC,34.716655,-82.785878,SFR,2008.0,2.0,2.0,1006.0,0.2800046,,2025-07-15,Resale,,24860,"Greenville-Anderson-Greer, SC"
28847142,45077,4140-00-09-9211,"129 LEAPING BROOK WAY, SIX MILE, SC 29682",29682,SC,34.867943,-82.863894,SFR,2020.0,4.0,6.0,2998.0,1.92,5850000.0,2025-06-03,Resale,1951.3,24860,"Greenville-Anderson-Greer, SC"
28847144,45077,4182-14-42-4994,"157 GRAVLEY RD, PICKENS, SC 29671",29671,SC,34.907923,-82.719343,SFR,2002.0,4.0,3.0,2783.0,4.27,660000.0,2025-10-03,Resale,237.15,24860,"Greenville-Anderson-Greer, SC"
28847150,45077,5122-02-87-8070,"116 CADEN LN, EASLEY, SC 29640",29640,SC,34.921016,-82.571623,SFR,2016.0,3.0,2.0,2451.0,2.19,,2025-07-08,Resale,,24860,"Greenville-Anderson-Greer, SC"
28847153,45077,5131-02-98-2005,"1735 HESTER STORE RD, EASLEY, SC 29640",29640,SC,34.896746,-82.536636,RETAIL TRADE,,,,1063.0,0.8699954,250000.0,2025-06-12,Resale,235.18,24860,"Greenville-Anderson-Greer, SC"
28847161,45077,4063-05-29-2664,"101 PRINCESS LN, CLEMSON, SC 29631",29631,SC,34.677919,-82.788642,SFR,1970.0,4.0,2.0,2193.0,0.6230028,415000.0,2024-12-18,Resale,189.24,24860,"Greenville-Anderson-Greer, SC"
28847169,45077,5038-10-36-6830,"111 GLENN BURNIE DR, EASLEY, SC 29642",29642,SC,34.810692,-82.553599,SFR,1996.0,4.0,4.0,3078.0,,990000.0,2025-09-02,Resale,321.64,24860,"Greenville-Anderson-Greer, SC"
28847186,45077,4123-00-87-9642,"534 GINSENG DR, SUNSET, SC 29685",29685,SC,34.945493,-82.905396,VACANT LAND (NEC),,,,,0.99,,2026-03-24,Resale,,24860,"Greenville-Anderson-Greer, SC"
28847188,45077,4054-20-90-6176,"102 KNOLLWOOD DR, CLEMSON, SC 29631",29631,SC,34.679242,-82.797297,SFR,1998.0,4.0,5.0,2192.0,0.3800046,875000.0,2023-10-09,Resale,399.18,24860,"Greenville-Anderson-Greer, SC"
28847208,45077,5018-08-97-3866,"104 ESTHER DR, EASLEY, SC 29642",29642,SC,34.812979,-82.601192,SFR,1953.0,2.0,1.0,1020.0,0.1899908,207500.0,2026-03-02,Resale,203.43,24860,"Greenville-Anderson-Greer, SC"
28847211,45077,4064-17-01-9772,"530 SQUIRE CIR, CLEMSON, SC 29631",29631,SC,34.683578,-82.793036,SFR,1990.0,3.0,4.0,2541.0,0.5100092,577000.0,2024-04-22,Resale,227.08,24860,"Greenville-Anderson-Greer, SC"
28847224,45077,4054-18-32-3347,"119 FREEDOM DR APT 6, CLEMSON, SC 29631",29631,SC,34.685035,-82.818473,TOWNHOUSE/ROWHOUSE,1979.0,2.0,2.0,1280.0,,202000.0,2024-03-28,Resale,157.81,24860,"Greenville-Anderson-Greer, SC"
28847271,45077,4087-10-27-9181,"112 ROSE LN, LIBERTY, SC 29657",29657,SC,34.781840,-82.721805,SFR,2009.0,3.0,2.0,1568.0,0.25,276000.0,2025-06-03,Resale,176.02,24860,"Greenville-Anderson-Greer, SC"
28847275,45077,5039-17-22-2029,"5188 CALHOUN MEMORIAL HWY, EASLEY, SC 29640",29640,SC,34.825124,-82.558596,AUTO REPAIR,1992.0,,,1370.0,0.5100092,1515400.0,2023-12-07,Resale,1106.13,24860,"Greenville-Anderson-Greer, SC"
28847284,45077,5049-16-84-2185,"3912 CALHOUN MEMORIAL HWY, EASLEY, SC 29640",29640,SC,34.831436,-82.505178,AUTO REPAIR,1983.0,,,3507.0,0.65,365000.0,2026-03-04,Resale,104.08,24860,"Greenville-Anderson-Greer, SC"
28847293,45077,5029-13-14-4710,"509 E MAIN ST, EASLEY, SC 29640",29640,SC,34.831851,-82.594753,RETAIL TRADE,1941.0,,,1188.0,0.1030073,90000.0,2025-03-19,Resale,75.76,24860,"Greenville-Anderson-Greer, SC"
28847298,45077,4085-00-64-0701,"623 PINEDALE RD, LIBERTY, SC 29657",29657,SC,34.720438,-82.710501,MOBILE HOME,2009.0,3.0,,1485.0,1.0,111500.0,2024-02-16,Resale,75.08,24860,"Greenville-Anderson-Greer, SC"
28847307,45077,5120-14-42-4603,"129 WATERSTONE DR, EASLEY, SC 29640",29640,SC,34.853767,-82.585183,SFR,2008.0,3.0,2.5,2195.0,0.58,449900.0,2026-05-12,Resale,204.97,24860,"Greenville-Anderson-Greer, SC"
28847320,45077,4053-10-46-2919,"600 ANDERSON HWY APT 113, CLEMSON, SC 29631",29631,SC,34.670252,-82.815242,TOWNHOUSE/ROWHOUSE,1985.0,2.0,2.0,1425.0,,399000.0,2024-03-08,Resale,280.0,24860,"Greenville-Anderson-Greer, SC"
28847364,45077,4054-20-81-8864,"211 KNOLLWOOD DR, CLEMSON, SC 29631",29631,SC,34.683800,-82.800094,SFR,1998.0,4.0,5.0,3705.0,,745000.0,2023-05-31,Resale,201.08,24860,"Greenville-Anderson-Greer, SC"
28847370,45077,4044-16-83-6549,"115 STRODE CIR, CLEMSON, SC 29631",29631,SC,34.688120,-82.834170,OFFICE BUILDING,1950.0,,,1593.0,0.462,880000.0,2024-05-28,Resale,552.42,24860,"Greenville-Anderson-Greer, SC"
28847388,45077,5028-13-13-6029,"400 PEARLE DR, EASLEY, SC 29642",29642,SC,34.799965,-82.593438,SFR,2008.0,3.0,2.0,1780.0,0.39,343000.0,2026-04-20,Resale,192.7,24860,"Greenville-Anderson-Greer, SC"
28847397,45077,4054-16-83-8780,"116 KAREN DR, CLEMSON, SC 29631",29631,SC,34.688919,-82.800088,SFR,1962.0,3.0,2.5,1923.0,0.48,450000.0,2026-04-22,Resale,234.01,24860,"Greenville-Anderson-Greer, SC"
28847404,45077,5038-05-29-0223,"100 WATERFORD WAY, EASLEY, SC 29642",29642,SC,34.817271,-82.559125,SFR,1995.0,3.0,2.0,1393.0,,,2024-08-12,Resale,,24860,"Greenville-Anderson-Greer, SC"
28847413,45077,4175-01-07-4254,"371 GAULEY FALLS RD, PICKENS, SC 29671",29671,SC,35.001368,-82.768083,VACANT LAND (NEC),,,,,,20000.0,2024-04-22,Resale,,24860,"Greenville-Anderson-Greer, SC"
28847414,45077,5049-14-43-6386,"4271 CALHOUN MEMORIAL HWY, EASLEY, SC 29640",29640,SC,34.829109,-82.517153,WAREHOUSE,2014.0,,,2800.0,0.7300046,1125000.0,2023-06-20,Resale,401.79,24860,"Greenville-Anderson-Greer, SC"
28847424,45077,5124-00-50-3168,"408 SWEETBRIAR WAY, EASLEY, SC 29640",29640,SC,34.956913,-82.583906,SFR,1990.0,2.0,1.0,1024.0,4.6,,2023-11-02,Resale,,24860,"Greenville-Anderson-Greer, SC"
28847429,45077,4039-00-78-6528,"515 GAP HILL RD, SIX MILE, SC 29682",29682,SC,34.838588,-82.874087,VACANT LAND (NEC),,,,,11.32,203760.0,2024-06-20,Resale,,24860,"Greenville-Anderson-Greer, SC"
28847472,45077,4142-00-31-0854,"211 OAKMONT CT, SUNSET, SC 29685",29685,SC,34.902804,-82.857382,VACANT LAND (NEC),,,,,1.22,60000.0,2023-09-19,Resale,,24860,"Greenville-Anderson-Greer, SC"
28847481,45077,5037-00-59-5912,"116 HARTSFIELD DR, EASLEY, SC 29642",29642,SC,34.791828,-82.547007,SFR,2008.0,3.0,2.0,2318.0,0.2699954,390000.0,2025-06-13,Resale,168.25,24860,"Greenville-Anderson-Greer, SC"
28847489,45077,4038-00-67-8352,"3 KITTY HAWK LN, SIX MILE, SC 29682",29682,SC,34.807609,-82.875917,SFR,1998.0,2.0,1.0,708.0,0.0300046,225000.0,2023-12-28,Resale,317.8,24860,"Greenville-Anderson-Greer, SC"
28847492,45077,5018-06-39-6940,"805 LIBERTY DR, EASLEY, SC 29640",29640,SC,34.818438,-82.620414,OFFICE BUILDING,1960.0,,,3000.0,0.667011,404450.0,2024-05-23,Resale,134.82,24860,"Greenville-Anderson-Greer, SC"
28847501,45077,5107-00-46-7141,"110 BLUE MOUNTAIN WAY, CLEVELAND, SC 29635",29635,SC,35.054736,-82.654596,VACANT LAND (NEC),,,,,1.08,22000.0,2025-12-17,Resale,,24860,"Greenville-Anderson-Greer, SC"
28847504,45077,4131-00-80-7639,"108 MOUNTAIN SHORE TRL, SIX MILE, SC 29682",29682,SC,34.872114,-82.871261,VACANT LAND (NEC),,,,,1.36,2333350.0,2023-11-17,Resale,,24860,"Greenville-Anderson-Greer, SC"
28847505,45077,4131-00-80-9627,"104 MOUNTAIN SHORE TRL, SIX MILE, SC 29682",29682,SC,34.872040,-82.870623,SFR,2016.0,4.0,9.0,2374.0,1.24,3625000.0,2025-03-27,Resale,1526.96,24860,"Greenville-Anderson-Greer, SC"
28847514,45077,5120-09-15-5491,"606 MONTAGUE DR, EASLEY, SC 29640",29640,SC,34.861274,-82.594679,SFR,2008.0,4.0,4.0,3184.0,0.6,530000.0,2024-12-19,Resale,166.46,24860,"Greenville-Anderson-Greer, SC"
28847518,45077,5018-11-55-9973,"204 SPIRIT MOUNTAIN LN, EASLEY, SC 29642",29642,SC,34.807594,-82.612401,SFR,2008.0,3.0,3.0,2068.0,0.4899908,300000.0,2024-02-06,Resale,145.07,24860,"Greenville-Anderson-Greer, SC"
28847519,45077,5018-11-56-7131,"160 SPIRIT MOUNTAIN LN, EASLEY, SC 29642",29642,SC,34.808016,-82.613204,SFR,2008.0,3.0,2.0,1911.0,0.44,335000.0,2025-08-04,Resale,175.3,24860,"Greenville-Anderson-Greer, SC"
28847526,45077,5018-11-66-5253,"316 SPIRIT MOUNTAIN LN, EASLEY, SC 29642",29642,SC,34.808382,-82.610505,SFR,2008.0,3.0,2.5,2318.0,0.44,327900.0,2026-04-21,Resale,141.46,24860,"Greenville-Anderson-Greer, SC"
28847531,45077,5141-03-03-8946,"524 HAMBURG RD, EASLEY, SC 29640",29640,SC,34.885530,-82.530911,SFR,1976.0,3.0,2.0,1577.0,1.69,,2026-04-07,Resale,,24860,"Greenville-Anderson-Greer, SC"
28847533,45077,4130-00-63-8639,"129 HAWKS BAY CT, SIX MILE, SC 29682",29682,SC,34.853832,-82.877551,SFR,2021.0,4.0,4.0,2283.0,1.34,,2025-12-04,Resale,,24860,"Greenville-Anderson-Greer, SC"
28847561,45077,4130-00-58-4241,"122 HUNTINGWOOD CT, SIX MILE, SC 29682",29682,SC,34.865054,-82.881889,SFR,2008.0,4.0,4.5,2978.0,0.73,2150000.0,2023-10-23,Resale,721.96,24860,"Greenville-Anderson-Greer, SC"
28847562,45077,4130-00-58-4714,"510 LAKE VISTA WAY, SIX MILE, SC 29682",29682,SC,34.866523,-82.882021,SFR,2008.0,3.0,5.0,2871.0,0.9300046,3250000.0,2023-12-18,Resale,1132.01,24860,"Greenville-Anderson-Greer, SC"
28847563,45077,4130-00-67-6047,"111 BUTTON BUSH TRL, SIX MILE, SC 29682",29682,SC,34.861901,-82.877927,SFR,2008.0,3.0,3.0,1676.0,0.65,,2024-09-11,Resale,,24860,"Greenville-Anderson-Greer, SC"
28847565,45077,4130-00-67-9732,"147 BUTTON BUSH TRL, SIX MILE, SC 29682",29682,SC,34.863787,-82.876923,SFR,2008.0,2.0,3.0,1637.0,0.907989,1475000.0,2023-08-25,Resale,901.04,24860,"Greenville-Anderson-Greer, SC"
28847568,45077,5006-01-28-4226,"222 BROOK WAY, LIBERTY, SC 29657",29657,SC,34.758406,-82.656602,SFR,2008.0,3.0,2.0,1301.0,0.5,279500.0,2023-10-26,Resale,214.83,24860,"Greenville-Anderson-Greer, SC"
28847576,45077,4044-12-85-3777,"103 CALHOUN ST APT 27, CLEMSON, SC 29631",29631,SC,34.693964,-82.835176,CONDOMINIUM,1987.0,2.0,3.0,1164.0,1.82,215000.0,2025-03-19,Resale,184.71,24860,"Greenville-Anderson-Greer, SC"
28847585,45077,5038-08-89-8608,"140 FLEDGLING WAY, EASLEY, SC 29642",29642,SC,34.818791,-82.536552,SFR,2008.0,3.0,2.0,1828.0,0.2,305000.0,2024-06-06,Resale,166.85,24860,"Greenville-Anderson-Greer, SC"
29117594,45077,5019-08-99-7313,"102 FELIX CT, EASLEY, SC 29640",29640,SC,34.844515,-82.600627,SFR,2003.0,3.0,2.0,1541.0,0.2899908,270000.0,2024-11-08,Resale,175.21,24860,"Greenville-Anderson-Greer, SC"
29273650,45077,4141-00-08-9812,"112 S LAWN DR, SUNSET, SC 29685",29685,SC,34.894278,-82.864795,SFR,2008.0,4.0,5.0,3484.0,0.3199954,1750000.0,2024-03-28,Resale,502.3,24860,"Greenville-Anderson-Greer, SC"
29273682,45077,5048-13-02-7532,"112 STAPLEFORD CT, EASLEY, SC 29642",29642,SC,34.799242,-82.529713,SFR,2008.0,4.0,3.0,1911.0,0.1899908,269000.0,2025-03-24,Resale,140.76,24860,"Greenville-Anderson-Greer, SC"
29293150,45077,5028-11-56-7248,"205 IRIS DR, EASLEY, SC 29642",29642,SC,34.808902,-82.579899,SFR,1964.0,3.0,2.0,1242.0,,255000.0,2025-11-07,Construction Loan/Financing,205.31,24860,"Greenville-Anderson-Greer, SC"
29322972,45077,4123-00-67-9902,"300 BUTTERCUP WAY, SUNSET, SC 29685",29685,SC,34.946244,-82.912194,SFR,2008.0,4.0,4.0,3702.0,1.66,3750000.0,2023-06-20,Construction Loan/Financing,1012.97,24860,"Greenville-Anderson-Greer, SC"
29433892,45077,4087-06-49-0135,"211 CONE DR, LIBERTY, SC 29657",29657,SC,34.787487,-82.718420,SFR,1993.0,3.0,2.0,1575.0,,239900.0,2023-06-05,Resale,152.32,24860,"Greenville-Anderson-Greer, SC"
29439255,45077,5018-08-97-6824,"110 ESTHER DR, EASLEY, SC 29642",29642,SC,34.812921,-82.600337,SFR,1955.0,3.0,1.0,1786.0,0.36,70000.0,2025-03-25,Resale,39.19,24860,"Greenville-Anderson-Greer, SC"
29530859,45077,5059-17-10-1423,"108 MALLARD DR, EASLEY, SC 29642",29642,SC,34.821335,-82.495544,SFR,1973.0,3.0,2.0,1610.0,,34000.0,2024-07-27,Resale,21.12,24860,"Greenville-Anderson-Greer, SC"
29744512,45077,4172-00-46-4627,"1237 GRAVLEY RD, PICKENS, SC 29671",29671,SC,34.916462,-82.751719,SFR,1959.0,2.0,2.0,1092.0,0.6179982,75000.0,2025-09-04,Resale,68.68,24860,"Greenville-Anderson-Greer, SC"
30277938,45077,5029-10-26-6270,"103 LEAGUE ST, EASLEY, SC 29640",29640,SC,34.836017,-82.590606,SFR,1920.0,4.0,1.0,1540.0,,140000.0,2023-10-13,Resale,90.91,24860,"Greenville-Anderson-Greer, SC"
30278099,45077,4191-09-25-3166,"109 LIGON ST, PICKENS, SC 29671",29671,SC,34.886783,-82.692622,SFR,1930.0,3.0,1.0,1084.0,,97900.0,2023-09-08,Resale,90.31,24860,"Greenville-Anderson-Greer, SC"
30278101,45077,4171-00-75-7505,"209 ELISE DR, PICKENS, SC 29671",29671,SC,34.887194,-82.741560,SFR,2003.0,4.0,2.0,1487.0,0.61,250000.0,2026-05-15,Resale,168.12,24860,"Greenville-Anderson-Greer, SC"
30393005,45077,4190-12-86-5138,"169 MASSINGILL RD, PICKENS, SC 29671",29671,SC,34.862352,-82.671524,SFR,1969.0,3.0,2.0,1654.0,1.272,137600.0,2023-11-20,Resale,83.19,24860,"Greenville-Anderson-Greer, SC"
30393008,45077,4190-12-95-0732,"179 WILSON WAY, PICKENS, SC 29671",29671,SC,34.861151,-82.669886,SFR,1956.0,3.0,,1432.0,1.691,,2023-10-20,Resale,,24860,"Greenville-Anderson-Greer, SC"
30393038,45077,5029-19-50-8462,"308 CEDAR CIR, EASLEY, SC 29642",29642,SC,34.820298,-82.579711,SFR,1959.0,3.0,2.0,1249.0,,245000.0,2025-04-24,Resale,196.16,24860,"Greenville-Anderson-Greer, SC"
30393039,45077,5028-07-59-4617,"103 NANCY DR, EASLEY, SC 29642",29642,SC,34.818211,-82.581193,SFR,1962.0,3.0,2.0,1472.0,0.5089991,,2023-08-21,Resale,,24860,"Greenville-Anderson-Greer, SC"
30393048,45077,4056-20-91-4033,"315 PIN DU LAC DR, CENTRAL, SC 29630",29630,SC,34.736579,-82.799261,SFR,2000.0,3.0,2.0,1901.0,0.8710055,369000.0,2025-05-13,Resale,194.11,24860,"Greenville-Anderson-Greer, SC"
30393049,45077,4056-20-71-7795,"492 PIN DU LAC DR, CENTRAL, SC 29630",29630,SC,34.738464,-82.804769,SFR,1975.0,3.0,2.0,1252.0,0.6899908,241000.0,2023-05-30,Resale,192.49,24860,"Greenville-Anderson-Greer, SC"
30393062,45077,4131-00-39-3669,"311 TOP RIDGE DR, SUNSET, SC 29685",29685,SC,34.896431,-82.889580,SFR,2007.0,3.0,4.0,3180.0,1.82,1385000.0,2025-09-26,Resale,435.53,24860,"Greenville-Anderson-Greer, SC"
30393066,45077,4121-00-98-8700,"802 TOP RIDGE DR, SUNSET, SC 29685",29685,SC,34.893473,-82.901246,SFR,2007.0,5.0,5.0,4290.0,3.16,2900000.0,2023-11-29,Resale,675.99,24860,"Greenville-Anderson-Greer, SC"
30393068,45077,4121-00-98-5252,"811 TOP RIDGE DR, SUNSET, SC 29685",29685,SC,34.892197,-82.902214,SFR,2007.0,3.0,4.0,2628.0,1.04,1110000.0,2026-04-30,Resale,422.37,24860,"Greenville-Anderson-Greer, SC"
30393069,45077,4171-00-75-8547,"213 ELISE DR, PICKENS, SC 29671",29671,SC,34.887261,-82.741083,SFR,2001.0,3.0,2.0,1362.0,0.5800046,278000.0,2024-12-05,Resale,204.11,24860,"Greenville-Anderson-Greer, SC"
30393074,45077,4191-09-25-4166,"113 LIGON ST, PICKENS, SC 29671",29671,SC,34.886803,-82.692263,SFR,1930.0,2.0,1.0,1116.0,,205000.0,2025-06-27,Resale,183.69,24860,"Greenville-Anderson-Greer, SC"
30393103,45077,5131-01-49-8307,"104 VINE ST, EASLEY, SC 29640",29640,SC,34.900147,-82.551429,SFR,1988.0,3.0,2.0,1736.0,,280000.0,2023-11-21,Resale,161.29,24860,"Greenville-Anderson-Greer, SC"
30393106,45077,5131-01-49-4540,"101 VINE ST, EASLEY, SC 29640",29640,SC,34.900458,-82.552529,SFR,1987.0,3.0,2.0,1915.0,,,2024-09-13,Resale,,24860,"Greenville-Anderson-Greer, SC"
30393109,45077,5131-01-49-9133,"1215 HESTER STORE RD, EASLEY, SC 29640",29640,SC,34.899521,-82.550910,SFR,1989.0,3.0,2.0,1820.0,,,2024-07-24,Resale,,24860,"Greenville-Anderson-Greer, SC"
30393110,45077,5131-01-39-6886,"1124 HESTER STORE RD, EASLEY, SC 29640",29640,SC,34.901446,-82.555136,SFR,1984.0,2.0,1.0,864.0,1.0,11500.0,2023-12-06,Resale,13.31,24860,"Greenville-Anderson-Greer, SC"
30393114,45077,5038-18-30-4433,"103 GREENLEAF LN, EASLEY, SC 29642",29642,SC,34.793166,-82.553945,SFR,1988.0,3.0,3.0,3414.0,,637400.0,2025-10-28,Resale,186.7,24860,"Greenville-Anderson-Greer, SC"
30393711,45077,5009-19-61-5143,"105 REDFERN CT, EASLEY, SC 29640",29640,SC,34.821426,-82.644074,SFR,2006.0,3.0,2.0,1594.0,0.5800046,253125.0,2025-09-16,Resale,158.8,24860,"Greenville-Anderson-Greer, SC"
30393739,45077,5027-11-76-2285,"405 KINGSMAN LN, EASLEY, SC 29642",29642,SC,34.781407,-82.574251,SFR,2004.0,3.0,3.0,1438.0,0.3800046,239000.0,2024-07-12,Resale,166.2,24860,"Greenville-Anderson-Greer, SC"
30393761,45077,5029-14-43-0373,"308 ANDREW AVE, EASLEY, SC 29640",29640,SC,34.828176,-82.585813,SFR,1957.0,3.0,2.0,2201.0,,330000.0,2025-10-23,Resale,149.93,24860,"Greenville-Anderson-Greer, SC"
30393775,45077,4160-00-95-2152,"163 RABBIT RD, PICKENS, SC 29671",29671,SC,34.857636,-82.769521,MOBILE HOME,2023.0,2.0,1.0,768.0,,195000.0,2025-07-25,Resale,253.91,24860,"Greenville-Anderson-Greer, SC"
30393777,45077,5009-18-42-7100,"116 LOGAN LN, EASLEY, SC 29640",29640,SC,34.823906,-82.650371,SFR,1997.0,3.0,2.0,1247.0,0.8699954,251500.0,2025-02-26,Resale,201.68,24860,"Greenville-Anderson-Greer, SC"
30393778,45077,5009-14-42-5542,"119 LOGAN LN, EASLEY, SC 29640",29640,SC,34.825088,-82.650878,SFR,1996.0,3.0,2.0,1302.0,0.5600092,270000.0,2024-11-06,Resale,207.37,24860,"Greenville-Anderson-Greer, SC"
30393800,45077,4054-14-34-2532,"225 STEPHENS RD, CLEMSON, SC 29631",29631,SC,34.690907,-82.818956,SFR,2008.0,3.0,2.0,1171.0,0.2030073,210000.0,2024-08-29,Resale,179.33,24860,"Greenville-Anderson-Greer, SC"
30393804,45077,5029-10-26-7249,"105 LEAGUE ST, EASLEY, SC 29640",29640,SC,34.836273,-82.590380,SFR,1920.0,2.0,1.0,1065.0,,145000.0,2025-06-13,Resale,136.15,24860,"Greenville-Anderson-Greer, SC"
30393818,45077,5133-03-30-4045,"1303 THOMAS MILL RD, EASLEY, SC 29640",29640,SC,34.929483,-82.556409,SFR,1953.0,3.0,2.0,1389.0,0.5800046,,2026-01-14,Resale,,24860,"Greenville-Anderson-Greer, SC"
30393822,45077,4087-12-95-5505,"10 CLAY ST, LIBERTY, SC 29657",29657,SC,34.777842,-82.700007,SFR,1920.0,2.0,1.0,1260.0,0.2,90000.0,2024-07-29,Resale,71.43,24860,"Greenville-Anderson-Greer, SC"
30393828,45077,4087-12-95-6469,"7 CLAY ST, LIBERTY, SC 29657",29657,SC,34.777695,-82.699472,SFR,1920.0,2.0,1.0,918.0,,179900.0,2025-11-14,Resale,195.97,24860,"Greenville-Anderson-Greer, SC"
30393831,45077,4048-00-59-4090,"369 STEWART RD, SIX MILE, SC 29682",29682,SC,34.812723,-82.847342,SFR,1997.0,3.0,2.0,1217.0,1.23,245000.0,2024-12-18,Resale,201.31,24860,"Greenville-Anderson-Greer, SC"
30393832,45077,4048-00-59-3481,"356 STEWART RD, SIX MILE, SC 29682",29682,SC,34.813821,-82.847786,SFR,2007.0,3.0,2.0,1256.0,0.5699954,149000.0,2025-07-30,Resale,118.63,24860,"Greenville-Anderson-Greer, SC"
30393838,45077,5019-08-99-6318,"106 FELIX CT, EASLEY, SC 29640",29640,SC,34.844650,-82.600973,SFR,2003.0,3.0,2.0,1426.0,0.3300046,257000.0,2025-07-30,Resale,180.22,24860,"Greenville-Anderson-Greer, SC"
30394101,45077,4141-00-49-7010,"134 GNARLED PINE CT, SUNSET, SC 29685",29685,SC,34.895129,-82.851784,SFR,2009.0,5.0,5.0,5236.0,1.0,3150000.0,2025-07-29,Resale,601.6,24860,"Greenville-Anderson-Greer, SC"
30475897,45077,5019-19-50-3788,"702 W 5TH AVE, EASLEY, SC 29640",29640,SC,34.820802,-82.614606,SFR,1964.0,2.0,1.0,834.0,,199000.0,2025-09-30,Resale,238.61,24860,"Greenville-Anderson-Greer, SC"
30481509,45077,5038-15-63-1676,"116 CREEK DR, EASLEY, SC 29642",29642,SC,34.802157,-82.545041,SFR,1991.0,3.0,3.0,2124.0,,299900.0,2024-05-13,Resale,141.2,24860,"Greenville-Anderson-Greer, SC"
30481513,45077,5038-15-63-0459,"110 CREEK DR, EASLEY, SC 29642",29642,SC,34.801665,-82.545403,SFR,1991.0,2.0,2.0,1667.0,,270000.0,2025-08-07,Resale,161.97,24860,"Greenville-Anderson-Greer, SC"
30494918,45077,5027-11-65-2127,"1701 PELZER HWY, EASLEY, SC 29642",29642,SC,34.778479,-82.577535,SFR,1955.0,2.0,1.0,744.0,2.15,,2023-10-05,Resale,,24860,"Greenville-Anderson-Greer, SC"
32065520,45077,4098-05-19-9190,"102 TALLAHATCHIE CT, LIBERTY, SC 29657",29657,SC,34.815195,-82.692444,SFR,2000.0,3.0,2.0,1417.0,,255000.0,2023-07-19,Resale,179.96,24860,"Greenville-Anderson-Greer, SC"
32065527,45077,4098-05-28-3047,"617 GOLDEN SPRINGS LN, LIBERTY, SC 29657",29657,SC,34.812250,-82.691165,SFR,2004.0,3.0,2.0,1180.0,1.62,,2026-05-11,Resale,,24860,"Greenville-Anderson-Greer, SC"
32065529,45077,4098-05-28-4156,"613 GOLDEN SPRINGS LN, LIBERTY, SC 29657",29657,SC,34.812570,-82.690853,SFR,2004.0,3.0,1.5,1180.0,1.26,,2026-05-11,Resale,,24860,"Greenville-Anderson-Greer, SC"
32065530,45077,4098-06-28-5226,"609 GOLDEN SPRINGS LN, LIBERTY, SC 29657",29657,SC,34.812852,-82.690585,SFR,2004.0,3.0,1.5,1180.0,1.15,,2026-05-11,Resale,,24860,"Greenville-Anderson-Greer, SC"
32855861,45077,4053-08-89-3140,"106 CREEKVIEW DR, CLEMSON, SC 29631",29631,SC,34.676272,-82.801648,SFR,1981.0,2.0,2.5,2228.0,0.48,350000.0,2026-04-14,Resale,157.09,24860,"Greenville-Anderson-Greer, SC"
32855881,45077,4054-20-92-2282,"602 RED MAPLE WAY, CLEMSON, SC 29631",29631,SC,34.684848,-82.798690,SFR,2002.0,3.0,3.0,2509.0,0.5300046,676539.0,2023-10-24,Resale,269.64,24860,"Greenville-Anderson-Greer, SC"
32855883,45077,4054-20-92-4053,"606 RED MAPLE WAY, CLEMSON, SC 29631",29631,SC,34.684335,-82.798132,SFR,2002.0,4.0,4.0,3177.0,0.45,800000.0,2026-01-06,Resale,251.81,24860,"Greenville-Anderson-Greer, SC"
33470980,45077,5131-04-83-3434,"213 CHANDLER RD, EASLEY, SC 29640",29640,SC,34.884019,-82.539287,MOBILE HOME,1993.0,3.0,2.0,924.0,,,2023-01-30,Resale,,24860,"Greenville-Anderson-Greer, SC"
33931123,45077,5007-00-31-1196,"121 SOUTHSIDE DR, LIBERTY, SC 29657",29657,SC,34.766347,-82.654092,MOBILE HOME,1995.0,3.0,2.0,2128.0,0.5899908,220000.0,2023-08-30,Resale,103.38,24860,"Greenville-Anderson-Greer, SC"
34302810,45077,4044-19-52-7084,"241 N CLEMSON AVE, CLEMSON, SC 29631",29631,SC,34.683719,-82.843568,TOWNHOUSE/ROWHOUSE,1980.0,3.0,3.0,1343.0,0.0539945,310000.0,2024-04-12,Resale,230.83,24860,"Greenville-Anderson-Greer, SC"
34331089,45077,4191-11-56-3264,"817 RAILROAD ST, PICKENS, SC 29671",29671,SC,34.889864,-82.682708,SFR,1965.0,3.0,1.0,1468.0,,210000.0,2024-07-16,Resale,143.05,24860,"Greenville-Anderson-Greer, SC"
34362992,45077,4053-08-99-9830,"126 DOWNS BLVD, CLEMSON, SC 29631",29631,SC,34.678265,-82.796394,SFR,2006.0,4.0,3.0,2228.0,,,2025-08-27,Resale,,24860,"Greenville-Anderson-Greer, SC"
34367081,45077,4068-00-67-1392,"148 TIMBERSTONE TRL, SIX MILE, SC 29682",29682,SC,34.809046,-82.778280,VACANT LAND (NEC),,,,,1.95,75000.0,2025-04-24,Resale,,24860,"Greenville-Anderson-Greer, SC"
34872277,45077,5019-14-33-7426,"101 MARK ST, EASLEY, SC 29640",29640,SC,34.828109,-82.620291,SFR,1954.0,3.0,1.5,1245.0,0.26,150000.0,2024-08-26,Resale,120.48,24860,"Greenville-Anderson-Greer, SC"
34881721,45077,4171-00-14-0042,"637 CONCORD CHURCH RD, PICKENS, SC 29671",29671,SC,34.882688,-82.763664,SFR,1956.0,3.0,1.0,1344.0,0.6679982,190000.0,2025-01-27,Resale,141.37,24860,"Greenville-Anderson-Greer, SC"
34882500,45077,5018-12-76-8132,"125 UPWARD WAY, EASLEY, SC 29642",29642,SC,34.808057,-82.606241,SFR,2003.0,3.0,2.0,1731.0,0.4699954,,2025-07-11,Resale,,24860,"Greenville-Anderson-Greer, SC"
34882560,45077,5009-19-61-4506,"111 LOBLOLLY CT, EASLEY, SC 29640",29640,SC,34.822559,-82.644596,MOBILE HOME,2000.0,3.0,2.0,1848.0,0.5699954,103500.0,2024-12-18,Resale,56.01,24860,"Greenville-Anderson-Greer, SC"
34883188,45077,5019-16-82-0599,"207 W 2ND AVE, EASLEY, SC 29640",29640,SC,34.825723,-82.605654,SFR,1905.0,7.0,2.0,7088.0,,655000.0,2023-07-20,Resale,92.41,24860,"Greenville-Anderson-Greer, SC"
34883506,45077,5028-15-64-5262,"109 FARRIER CT, EASLEY, SC 29642",29642,SC,34.803285,-82.577030,SFR,2013.0,5.0,4.0,4249.0,0.4,865000.0,2023-06-01,Resale,203.58,24860,"Greenville-Anderson-Greer, SC"
34883967,45077,5019-05-28-1995,"409 JESSICA CT, EASLEY, SC 29640",29640,SC,34.843114,-82.625679,VACANT LAND (NEC),,,,,0.2100092,,2024-05-21,Resale,,24860,"Greenville-Anderson-Greer, SC"
34900920,45077,4089-00-08-0293,"150 ROANOKE RD, LIBERTY, SC 29657",29657,SC,34.839768,-82.732575,SFR,1955.0,2.0,1.0,976.0,1.0,,2024-12-23,Resale,,24860,"Greenville-Anderson-Greer, SC"
34900926,45077,4089-00-05-9168,"209 ROANOKE RD, LIBERTY, SC 29657",29657,SC,34.831347,-82.729095,SFR,1970.0,3.0,1.0,1641.0,1.46,,2023-12-20,Resale,,24860,"Greenville-Anderson-Greer, SC"
34921444,45077,4097-09-17-0060,"108 PINEVIEW DR, LIBERTY, SC 29657",29657,SC,34.781896,-82.694909,SFR,1980.0,3.0,1.0,916.0,,195000.0,2026-02-18,Resale,212.88,24860,"Greenville-Anderson-Greer, SC"
34931383,45077,4087-12-86-6664,"200 MAPLECROFT ST, LIBERTY, SC 29657",29657,SC,34.780779,-82.702857,SFR,1916.0,2.0,1.0,1018.0,0.5379936,190000.0,2025-09-26,Resale,186.64,24860,"Greenville-Anderson-Greer, SC"
34957934,45077,5028-15-53-8878,"414 WIMBERLY LN, EASLEY, SC 29642",29642,SC,34.802322,-82.579347,SFR,1976.0,3.0,2.0,1415.0,,279000.0,2024-08-08,Resale,197.17,24860,"Greenville-Anderson-Greer, SC"
34966489,45077,5100-19-51-5253,"234 OAKWOOD DR, EASLEY, SC 29640",29640,SC,34.849050,-82.647919,SFR,1965.0,3.0,2.0,1334.0,,284900.0,2025-04-16,Resale,213.57,24860,"Greenville-Anderson-Greer, SC"
41450047,45077,5007-00-46-2470,"701 N OLD PENDLETON RD, LIBERTY, SC 29657",29657,SC,34.780636,-82.650551,SFR,2009.0,4.0,3.5,3381.0,4.65,,2026-04-09,Resale,,24860,"Greenville-Anderson-Greer, SC"
41457826,45077,4142-00-13-4386,"722 KEOWEE AVE, SUNSET, SC 29685",29685,SC,34.906982,-82.862798,VACANT LAND (NEC),,,,,1.7,30000.0,2025-08-20,Resale,,24860,"Greenville-Anderson-Greer, SC"
41751634,45077,5008-00-74-7238,"926 SMITH GROVE RD, EASLEY, SC 29640",29640,SC,34.802656,-82.639796,SFR,1977.0,3.0,2.0,1176.0,0.25,224900.0,2025-09-15,Resale,191.24,24860,"Greenville-Anderson-Greer, SC"
42389511,45077,5131-04-84-4551,"205 DOUBLE OAKS CT, EASLEY, SC 29640",29640,SC,34.886989,-82.538965,MOBILE HOME,1995.0,3.0,2.0,1056.0,0.6600092,,2024-03-11,Resale,,24860,"Greenville-Anderson-Greer, SC"
42480842,45077,5018-16-73-8654,"208 GLEN LAUREL DR, EASLEY, SC 29642",29642,SC,34.801288,-82.606058,SFR,1991.0,3.0,3.0,2225.0,,589000.0,2026-02-27,Resale,264.72,24860,"Greenville-Anderson-Greer, SC"
44906446,45077,4152-00-64-3598,"2169 SHADY GROVE RD, SUNSET, SC 29685",29685,SC,34.910680,-82.811335,SFR,2000.0,1.0,1.0,480.0,1.67,155000.0,2024-02-16,Resale,322.92,24860,"Greenville-Anderson-Greer, SC"
44915221,45077,5103-00-15-6393,"133 ERNESTINE HAYES RD, PICKENS, SC 29671",29671,SC,34.942598,-82.662629,SFR,1996.0,3.0,2.5,1345.0,5.55,437000.0,2026-05-18,Resale,324.91,24860,"Greenville-Anderson-Greer, SC"
45257840,45077,4078-12-95-0336,"910 GOLDEN CREEK RD, LIBERTY, SC 29657",29657,SC,34.804350,-82.735384,SFR,1980.0,3.0,3.0,3031.0,,278800.0,2024-02-01,Resale,91.98,24860,"Greenville-Anderson-Greer, SC"
45667793,45077,5100-14-34-3016,"212 BAGWELL ST, EASLEY, SC 29640",29640,SC,34.856758,-82.655516,SFR,1967.0,3.0,1.0,1560.0,,271000.0,2025-02-07,Resale,173.72,24860,"Greenville-Anderson-Greer, SC"
45674854,45077,5019-12-96-6572,"409 N B ST, EASLEY, SC 29640",29640,SC,34.836770,-82.600626,SFR,1935.0,3.0,2.0,3314.0,0.482989,625000.0,2023-10-20,Resale,188.59,24860,"Greenville-Anderson-Greer, SC"
45779063,45077,5019-06-37-0731,"301 DUE WEST CIR, EASLEY, SC 29640",29640,SC,34.839738,-82.622816,SFR,1965.0,3.0,2.5,1184.0,0.6,200000.0,2024-03-19,Resale,168.92,24860,"Greenville-Anderson-Greer, SC"
45779079,45077,5120-00-49-2859,"969 HOLLY BUSH RD, EASLEY, SC 29640",29640,SC,34.873674,-82.586105,SFR,1975.0,3.0,2.0,1972.0,3.66,300000.0,2023-06-07,Resale,152.13,24860,"Greenville-Anderson-Greer, SC"
45779081,45077,4088-16-72-5960,"714 N ASHTON DR, LIBERTY, SC 29657",29657,SC,34.797957,-82.706883,SFR,2000.0,3.0,2.0,1078.0,0.16,232500.0,2026-05-11,Resale,215.68,24860,"Greenville-Anderson-Greer, SC"
45779085,45077,4088-15-73-4005,"705 N ASHTON DR, LIBERTY, SC 29657",29657,SC,34.798358,-82.707414,SFR,2004.0,3.0,2.0,1275.0,0.1600092,236000.0,2024-10-01,Resale,185.1,24860,"Greenville-Anderson-Greer, SC"
45779130,45077,4181-11-56-4271,"319 W JONES AVE, PICKENS, SC 29671",29671,SC,34.889360,-82.715670,SFR,1956.0,2.0,1.0,901.0,,,2023-08-30,Resale,,24860,"Greenville-Anderson-Greer, SC"
45779134,45077,4181-11-55-7698,"407 FLORENCE ST, PICKENS, SC 29671",29671,SC,34.887945,-82.714603,SFR,1950.0,2.0,1.0,712.0,0.2800046,,2024-08-21,Resale,,24860,"Greenville-Anderson-Greer, SC"
45779139,45077,5120-18-31-6842,"209 CLIFFSTONE DR, EASLEY, SC 29640",29640,SC,34.851476,-82.587676,SFR,1997.0,3.0,2.0,1246.0,,281500.0,2024-09-20,Resale,225.92,24860,"Greenville-Anderson-Greer, SC"
45779207,45077,5059-17-10-6278,"210 QUAIL HAVEN DR, EASLEY, SC 29642",29642,SC,34.820946,-82.493736,SFR,2002.0,3.0,2.0,1247.0,0.3899908,238000.0,2024-09-20,Resale,190.86,24860,"Greenville-Anderson-Greer, SC"
45779216,45077,5133-04-63-4350,"144 N MARTIN RD, EASLEY, SC 29640",29640,SC,34.938499,-82.546566,SFR,1978.0,3.0,2.0,1395.0,1.31,215000.0,2025-12-02,Resale,154.12,24860,"Greenville-Anderson-Greer, SC"
45779217,45077,5133-04-63-7675,"206 N MARTIN RD, EASLEY, SC 29640",29640,SC,34.939469,-82.545450,SFR,1953.0,2.0,2.0,1375.0,2.0,80000.0,2024-01-18,Resale,58.18,24860,"Greenville-Anderson-Greer, SC"
45779242,45077,5059-17-12-7274,"137 QUAIL HAVEN DR, EASLEY, SC 29642",29642,SC,34.826337,-82.493435,SFR,2002.0,4.0,2.0,1444.0,,285000.0,2024-04-30,Resale,197.37,24860,"Greenville-Anderson-Greer, SC"
45779250,45077,5027-11-76-1308,"500 KINGSMAN LN, EASLEY, SC 29642",29642,SC,34.781747,-82.574855,SFR,2001.0,4.0,3.0,1969.0,0.2699954,260000.0,2023-05-31,Resale,132.05,24860,"Greenville-Anderson-Greer, SC"
45779255,45077,5027-11-66-7535,"536 KINGSMAN LN, EASLEY, SC 29642",29642,SC,34.782222,-82.576113,SFR,2004.0,3.0,3.0,1427.0,0.1800046,205000.0,2023-10-11,Resale,143.66,24860,"Greenville-Anderson-Greer, SC"
45779258,45077,5027-11-66-6751,"544 KINGSMAN LN, EASLEY, SC 29642",29642,SC,34.782646,-82.576351,SFR,2001.0,3.0,3.0,1778.0,0.2899908,274500.0,2025-08-14,Resale,154.39,24860,"Greenville-Anderson-Greer, SC"
45779265,45077,4161-00-35-6279,"323 WINDMONT RD, PICKENS, SC 29671",29671,SC,34.885863,-82.788309,SFR,1988.0,2.0,1.0,672.0,1.87,,2024-07-10,Resale,,24860,"Greenville-Anderson-Greer, SC"
45779272,45077,5019-07-78-1840,"106 FLORIDA CIR, EASLEY, SC 29640",29640,SC,34.842935,-82.609185,SFR,1974.0,3.0,2.0,1682.0,0.532989,245000.0,2023-12-14,Resale,145.66,24860,"Greenville-Anderson-Greer, SC"
45784732,45077,5121-00-15-5046,"131 DORR CIR, EASLEY, SC 29640",29640,SC,34.887789,-82.595353,SFR,1970.0,2.0,2.0,1392.0,,250000.0,2025-10-17,Resale,179.6,24860,"Greenville-Anderson-Greer, SC"
46652087,45077,5114-00-23-9996,"280 DOVEHAVEN DR, PICKENS, SC 29671",29671,SC,34.966851,-82.625300,VACANT LAND (NEC),,,,,5.9,87500.0,2026-02-25,Resale,,24860,"Greenville-Anderson-Greer, SC"
46958055,45077,5027-08-88-4085,"404 SHERIFF MILL RD, EASLEY, SC 29642",29642,SC,34.786386,-82.570270,MOBILE HOME,1974.0,2.0,1.0,1354.0,0.45,200000.0,2025-01-05,Resale,147.71,24860,"Greenville-Anderson-Greer, SC"
47471114,45077,4097-09-07-9026,"112 PINEVIEW DR, LIBERTY, SC 29657",29657,SC,34.782039,-82.695338,SFR,1958.0,3.0,2.0,1679.0,,210000.0,2024-03-08,Resale,125.07,24860,"Greenville-Anderson-Greer, SC"
47471121,45077,4097-09-16-5757,"209 MEADOWBROOK DR, LIBERTY, SC 29657",29657,SC,34.781315,-82.693255,SFR,1963.0,3.0,1.0,1155.0,,230000.0,2025-04-07,Resale,199.13,24860,"Greenville-Anderson-Greer, SC"
49886780,45077,4130-00-77-8738,"182 CREEK STONE CT, SIX MILE, SC 29682",29682,SC,34.863948,-82.873969,VACANT LAND (NEC),,,,,2.09,500000.0,2025-05-12,Resale,,24860,"Greenville-Anderson-Greer, SC"
49886790,45077,5008-00-74-7337,"922 SMITH GROVE RD, EASLEY, SC 29640",29640,SC,34.802904,-82.639777,SFR,1978.0,3.0,2.0,1248.0,,235000.0,2025-05-22,Resale,188.3,24860,"Greenville-Anderson-Greer, SC"
49886797,45077,4175-04-74-3245,"250 CHEROKEE HILLS DR, PICKENS, SC 29671",29671,SC,34.993415,-82.744956,VACANT LAND (NEC),,,,,2.36,22500.0,2024-12-13,Resale,,24860,"Greenville-Anderson-Greer, SC"
49886798,45077,4175-01-47-1725,"305 FALCON CREST WAY, PICKENS, SC 29671",29671,SC,35.002819,-82.755914,VACANT LAND (NEC),,,,,0.8,5000.0,2025-12-09,Resale,,24860,"Greenville-Anderson-Greer, SC"
50996073,45077,4087-12-97-5300,"309 S PEACHTREE ST, LIBERTY, SC 29657",29657,SC,34.782647,-82.700110,SFR,1933.0,2.0,1.0,1075.0,,213000.0,2025-02-20,Resale,198.14,24860,"Greenville-Anderson-Greer, SC"
52247219,45077,5019-15-64-5308,"114 WILBUR ST, EASLEY, SC 29640",29640,SC,34.830742,-82.611098,SFR,1925.0,2.0,1.0,1164.0,,31000.0,2026-03-06,Resale,26.63,24860,"Greenville-Anderson-Greer, SC"
52248268,45077,5028-15-54-8170,"106 WILLOW CT, EASLEY, SC 29642",29642,SC,34.802916,-82.579348,SFR,1975.0,3.0,2.0,1675.0,0.51,312000.0,2023-10-27,Resale,186.27,24860,"Greenville-Anderson-Greer, SC"
52248269,45077,5028-15-54-6040,"102 WILLOW CT, EASLEY, SC 29642",29642,SC,34.802600,-82.580117,SFR,1975.0,3.0,3.0,1585.0,0.5899908,300000.0,2025-06-18,Resale,189.27,24860,"Greenville-Anderson-Greer, SC"
52248493,45077,5038-13-13-0376,"301 CARNOUSTIE DR, EASLEY, SC 29642",29642,SC,34.801086,-82.561992,SFR,1992.0,3.0,3.0,2424.0,,,2026-02-27,Resale,,24860,"Greenville-Anderson-Greer, SC"
