attom_id,fips,apn,address,postal1,state,latitude,longitude,property_type,year_built,beds,baths,sqft,lot_size,sale_amount,sale_date,sale_type,price_per_sqft,area_code,area_title,sale_year,sale_month,property_age,log_price_per_sqft
108521,45045,0137.00-03-021.00,"13 HAYNESWORTH ST, GREENVILLE, SC 29611",29611.0,SC,34.864208,-82.424102,SFR,1986.0,3.0,1.0,1200.0,0.1679982,50359.0,2024-05-13,Resale,41.97,24860,"Greenville-Anderson-Greer, SC",2024,5,38.0,3.7369550773454994
125159,45045,0122.00-10-018.00,"516 SPRING ST, GREENVILLE, SC 29611",29611.0,SC,34.85193,-82.432979,SFR,1950.0,2.0,1.0,1012.0,0.3260101,135000.0,2025-11-12,Resale,133.4,24860,"Greenville-Anderson-Greer, SC",2025,11,75.0,4.893352133481524
126007,45045,0279.04-01-078.00,"2530 E NORTH ST, GREENVILLE, SC 29615",29615.0,SC,34.869093,-82.351674,SFR,1984.0,2.0,1.5,980.0,0.012,130000.0,2025-08-29,Resale,132.65,24860,"Greenville-Anderson-Greer, SC",2025,8,41.0,4.8877140805837485
134601,45045,B002.04-01-021.00,"21 SPINNAKER CT, GREENVILLE, SC 29611",29611.0,SC,34.858852,-82.481322,SFR,1981.0,2.0,2.5,1386.0,0.023,212000.0,2026-05-12,Resale,152.96,24860,"Greenville-Anderson-Greer, SC",2026,5,45.0,5.030176449303092
144807,45045,0559.07-01-056.00,"109 OAK VALLEY DR, SIMPSONVILLE, SC 29681",29681.0,SC,34.775439,-82.22367,SFR,1991.0,3.0,2.0,1120.0,,238000.0,2024-04-15,Resale,212.5,24860,"Greenville-Anderson-Greer, SC",2024,4,33.0,5.358941988364472
151294,45045,0538.16-01-030.00,"7 N WALDEN PT, TAYLORS, SC 29687",29687.0,SC,34.893218,-82.311243,SFR,1985.0,3.0,3.0,2724.0,0.1378788,440000.0,2025-10-31,Resale,161.53,24860,"Greenville-Anderson-Greer, SC",2025,10,40.0,5.084690883925667
163303,45045,0632.01-01-029.00,"119 W MCELHANEY RD, TAYLORS, SC 29687",29687.0,SC,34.965354,-82.302689,SFR,1955.0,2.0,1.0,1110.0,0.8100092,197000.0,2024-03-11,Resale,177.48,24860,"Greenville-Anderson-Greer, SC",2024,3,69.0,5.178857926510709
163304,45045,0428.00-01-252.00,"5 BROOMFIELD DR, GREENVILLE, SC 29617",29617.0,SC,34.909241,-82.442589,SFR,1967.0,4.0,2.0,2166.0,0.3399908,295000.0,2025-03-27,Resale,136.2,24860,"Greenville-Anderson-Greer, SC",2025,3,58.0,4.9141243937154115
163306,45045,0197.00-03-021.00,"303 BEECHWOOD AVE, GREENVILLE, SC 29607",29607.0,SC,34.845997,-82.373964,SFR,1947.0,3.0,2.0,1146.0,0.2120064,400000.0,2024-03-27,Resale,349.04,24860,"Greenville-Anderson-Greer, SC",2024,3,77.0,5.855186528815354
163315,45045,0151.00-11-013.00,"107 CONYERS ST, GREENVILLE, SC 29609",29609.0,SC,34.870091,-82.407103,SFR,1955.0,2.0,2.0,1016.0,0.1600092,210000.0,2025-11-20,Resale,206.69,24860,"Greenville-Anderson-Greer, SC",2025,11,70.0,5.331220086223745
171183,45045,0230.00-07-020.00,"905 GORDON STREET EXT, GREENVILLE, SC 29611",29611.0,SC,34.837679,-82.447581,SFR,1950.0,3.0,2.0,1268.0,0.1600092,250000.0,2025-03-27,Resale,197.16,24860,"Greenville-Anderson-Greer, SC",2025,3,75.0,5.284015581837177
172586,45045,M008.01-01-132.00,"108 KINGSLEY DR, MAULDIN, SC 29662",29662.0,SC,34.785596,-82.31886,SFR,1972.0,4.0,3.0,2828.0,0.488,560000.0,2026-03-27,Resale,198.02,24860,"Greenville-Anderson-Greer, SC",2026,3,54.0,5.2883680356943685
183592,45045,0319.01-01-050.00,"121 DELMAR DR, SIMPSONVILLE, SC 29680",29680.0,SC,34.723747,-82.261498,SFR,1974.0,3.0,2.5,2185.0,0.363,295000.0,2024-07-27,Resale,135.01,24860,"Greenville-Anderson-Greer, SC",2024,7,50.0,4.905348849769155
183608,45045,0543.02-01-022.00,"205 REDCLIFFE RD, GREENVILLE, SC 29615",29615.0,SC,34.859065,-82.316145,SFR,1971.0,4.0,2.0,3144.0,1.001,850000.0,2024-06-03,Resale,270.36,24860,"Greenville-Anderson-Greer, SC",2024,6,53.0,5.599754404232153
192016,45045,0550.09-01-058.00,"8 DRAKEMONT CT, GREER, SC 29651",29651.0,SC,34.802309,-82.185726,MOBILE HOME,2000.0,3.0,2.0,2432.0,,285000.0,2025-02-26,Resale,117.19,24860,"Greenville-Anderson-Greer, SC",2025,2,25.0,4.763796549270511
195404,45045,M013.02-01-026.00,"12 FOWLER CIR, GREENVILLE, SC 29607",29607.0,SC,34.774282,-82.326234,SFR,1965.0,3.0,2.0,2200.0,0.9,368000.0,2025-07-28,Resale,167.27,24860,"Greenville-Anderson-Greer, SC",2025,7,60.0,5.119609273323918
196890,45045,M008.08-01-005.00,"3 CRESTBROOK DR, GREENVILLE, SC 29607",29607.0,SC,34.781624,-82.327342,SFR,2002.0,3.0,2.0,1703.0,0.1719927,299900.0,2024-08-05,Resale,176.1,24860,"Greenville-Anderson-Greer, SC",2024,8,22.0,5.17105201550216
196896,45045,0574.22-01-081.00,"1 DEPFORD CT, SIMPSONVILLE, SC 29680",29680.0,SC,34.724207,-82.302687,SFR,1998.0,3.0,2.0,1750.0,,178000.0,2025-08-29,Resale,101.71,24860,"Greenville-Anderson-Greer, SC",2025,8,27.0,4.622125626637505
199565,45045,0117.00-01-064.00,"226 VIRGINIA AVE, GREENVILLE, SC 29611",29611.0,SC,34.841843,-82.435354,SFR,1986.0,2.0,1.0,1040.0,0.2399908,190150.0,2024-08-01,Resale,182.84,24860,"Greenville-Anderson-Greer, SC",2024,8,38.0,5.2086114534635435
230386,45045,0379.00-04-010.00,"117 S ESTATE DR, GREENVILLE, SC 29605",29605.0,SC,34.780241,-82.379293,SFR,1955.0,3.0,1.0,924.0,0.2609963,225000.0,2025-03-12,Resale,243.51,24860,"Greenville-Anderson-Greer, SC",2025,3,70.0,5.495158009441194
230393,45045,0167.00-01-039.00,"209 VON HOLLEN DR, GREENVILLE, SC 29617",29617.0,SC,34.893564,-82.410488,DUPLEX,1950.0,3.0,2.0,1188.0,0.144146,165000.0,2025-10-30,Resale,138.89,24860,"Greenville-Anderson-Greer, SC",2025,10,75.0,4.9336822529281275
233177,45045,0153.01-01-012.00,"22 BUFF ST, GREENVILLE, SC 29609",29609.0,SC,34.87318,-82.415597,SFR,2001.0,3.0,2.0,1320.0,,165000.0,2024-08-29,Resale,125.0,24860,"Greenville-Anderson-Greer, SC",2024,8,23.0,4.8283137373023015
233189,45045,0337.02-01-042.00,"16 FAWNDALE LN, FOUNTAIN INN, SC 29644",29644.0,SC,34.69651,-82.224688,SFR,1999.0,3.0,2.0,1261.0,,275000.0,2024-03-27,Resale,218.08,24860,"Greenville-Anderson-Greer, SC",2024,3,25.0,5.384861967948223
235917,45045,0640.02-01-006.03,"540 MILFORD CHURCH RD, TAYLORS, SC 29687",29687.0,SC,34.978122,-82.310377,SFR,1963.0,3.0,2.0,1704.0,0.9,225000.0,2024-05-03,Resale,132.04,24860,"Greenville-Anderson-Greer, SC",2024,5,61.0,4.883104906984992
239563,45045,0640.13-01-005.00,"116 HOMES POND LN, TAYLORS, SC 29687",29687.0,SC,34.976705,-82.342986,MOBILE HOME,2002.0,3.0,2.0,1904.0,0.6699954,550000.0,2024-06-27,Resale,288.87,24860,"Greenville-Anderson-Greer, SC",2024,6,22.0,5.665976759920302
276212,45045,0226.00-07-009.00,"19 JAMISON ST, GREENVILLE, SC 29611",29611.0,SC,34.827475,-82.429898,SFR,1940.0,2.0,1.0,1120.0,0.174,249950.0,2026-05-20,Resale,223.17,24860,"Greenville-Anderson-Greer, SC",2026,5,86.0,5.407933812871359
278136,45045,B002.04-01-110.00,"110 ROYAL CT, GREENVILLE, SC 29611",29611.0,SC,34.85895,-82.477755,SFR,1981.0,2.0,3.0,1218.0,,185000.0,2024-02-23,Resale,151.89,24860,"Greenville-Anderson-Greer, SC",2024,2,43.0,5.023156574649928
314156,45045,0363.00-01-013.00,"103 CANNON AVE, FOUNTAIN INN, SC 29644",29644.0,SC,34.692442,-82.19602,SFR,1965.0,2.0,2.0,1186.0,0.2224518,290000.0,2024-07-17,Resale,244.52,24860,"Greenville-Anderson-Greer, SC",2024,7,59.0,5.499297105160525
357255,45045,0279.01-01-101.00,"114 BRIARVIEW CIR, GREENVILLE, SC 29615",29615.0,SC,34.865121,-82.351538,SFR,1983.0,2.0,3.0,1400.0,0.0219927,177000.0,2024-02-29,Resale,126.43,24860,"Greenville-Anderson-Greer, SC",2024,2,41.0,4.839688795323807
359390,45045,0035.00-02-011.00,"215 ELIZABETH ST, GREENVILLE, SC 29609",29609.0,SC,34.864072,-82.391542,SFR,1963.0,2.0,2.0,1379.0,0.1390037,429000.0,2025-01-30,Resale,311.09,24860,"Greenville-Anderson-Greer, SC",2025,1,62.0,5.740082259381818
361250,45045,0198.00-05-023.00,"113 ACKLEY RD, GREENVILLE, SC 29607",29607.0,SC,34.845068,-82.372644,SFR,1962.0,4.0,2.0,1687.0,0.5390037,460000.0,2024-08-02,Resale,272.67,24860,"Greenville-Anderson-Greer, SC",2024,8,62.0,5.608262272798789
365257,45045,0381.00-04-016.00,"27 TWIN SPRINGS DR, GREENVILLE, SC 29605",29605.0,SC,34.76429,-82.388379,SFR,1960.0,2.0,1.0,1190.0,0.2780073,180000.0,2024-05-13,Resale,151.26,24860,"Greenville-Anderson-Greer, SC",2024,5,64.0,5.019000210427883
365259,45045,0453.00-02-002.00,"1902 OLD PARKER RD, GREENVILLE, SC 29609",29609.0,SC,34.917016,-82.421275,SFR,1965.0,2.0,1.0,864.0,0.4050046,190000.0,2024-03-08,Resale,219.91,24860,"Greenville-Anderson-Greer, SC",2024,3,59.0,5.393218371742757
374951,45045,0548.08-01-040.00,"312 CLEVINGTON WAY, SIMPSONVILLE, SC 29681",29681.0,SC,34.784126,-82.23743,SFR,1992.0,4.0,3.0,3218.0,,460850.0,2025-02-05,Resale,143.21,24860,"Greenville-Anderson-Greer, SC",2025,2,33.0,4.9643120844906115
390695,45045,0010.00-01-092.00,"306 W PARK AVE, GREENVILLE, SC 29601",29601.0,SC,34.859473,-82.400388,SFR,1950.0,3.0,1.0,1206.0,0.1879936,380000.0,2025-01-08,Resale,315.09,24860,"Greenville-Anderson-Greer, SC",2025,1,75.0,5.752858312302793
394538,45045,0035.00-06-008.00,"204 E EARLE ST, GREENVILLE, SC 29609",29609.0,SC,34.861085,-82.388861,SFR,2005.0,4.0,4.0,5168.0,0.282989,1650000.0,2024-04-18,Resale,319.27,24860,"Greenville-Anderson-Greer, SC",2024,4,19.0,5.7660371397789225
394557,45045,0163.00-02-020.00,"5 BERKLEY AVE, GREENVILLE, SC 29609",29609.0,SC,34.883772,-82.419922,SFR,1963.0,3.0,2.0,1472.0,0.2611341,322500.0,2025-03-24,Resale,219.09,24860,"Greenville-Anderson-Greer, SC",2025,3,62.0,5.389482604300128
399224,45045,0548.39-01-043.00,"6 BATHURST LN, SIMPSONVILLE, SC 29681",29681.0,SC,34.787216,-82.226458,SFR,1999.0,3.0,2.0,1641.0,0.2,320000.0,2025-04-15,Resale,195.0,24860,"Greenville-Anderson-Greer, SC",2025,4,26.0,5.272999558563747
404605,45045,T008.02-01-019.00,"301 WOOD RIVER WAY, TAYLORS, SC 29687",29687.0,SC,34.930149,-82.301037,SFR,1998.0,3.0,3.0,2079.0,0.3600092,360000.0,2024-02-21,Resale,173.16,24860,"Greenville-Anderson-Greer, SC",2024,2,26.0,5.15421602257378
404610,45045,0373.00-05-006.28,"4 SNOWBIRD LN, GREENVILLE, SC 29605",29605.0,SC,34.785101,-82.38979,SFR,2000.0,3.0,2.0,1202.0,0.282989,231075.0,2024-09-09,Resale,192.24,24860,"Greenville-Anderson-Greer, SC",2024,9,24.0,5.258744591428213
404620,45045,0548.03-01-026.00,"1214 PLANTATION DR, SIMPSONVILLE, SC 29681",29681.0,SC,34.787594,-82.239483,SFR,1978.0,4.0,2.5,2492.0,0.304,505000.0,2026-03-03,Resale,202.65,24860,"Greenville-Anderson-Greer, SC",2026,3,48.0,5.311480353074318
407466,45045,0616.03-01-060.00,"11 LIBERTY ST, PIEDMONT, SC 29673",29673.0,SC,34.70218,-82.456182,SFR,1955.0,3.0,1.0,1747.0,,75000.0,2025-11-12,Resale,42.93,24860,"Greenville-Anderson-Greer, SC",2025,11,70.0,3.7595708822364693
419484,45045,0521.02-01-019.00,"160 CUNNINGHAM RD, TRAVELERS REST, SC 29690",29690.0,SC,35.016349,-82.459351,SFR,1965.0,2.0,2.0,1424.0,2.05,360000.0,2025-01-29,Resale,252.81,24860,"Greenville-Anderson-Greer, SC",2025,1,60.0,5.532638218452371
445035,45045,M007.02-01-060.00,"1 MARSH CREEK DR, MAULDIN, SC 29662",29662.0,SC,34.761574,-82.319323,SFR,2001.0,4.0,3.0,2352.0,,355000.0,2025-09-18,Resale,150.94,24860,"Greenville-Anderson-Greer, SC",2025,9,24.0,5.016882406856722
459803,45045,0379.00-02-040.00,"26 E FAIRFIELD RD, GREENVILLE, SC 29605",29605.0,SC,34.779364,-82.38028,SFR,1955.0,2.0,1.0,1071.0,0.2506887,220000.0,2024-10-30,Resale,205.42,24860,"Greenville-Anderson-Greer, SC",2024,10,69.0,5.325056663737659
474176,45045,0640.12-01-023.00,"107 WHILEAWAY CT, TAYLORS, SC 29687",29687.0,SC,34.978038,-82.338768,SFR,2000.0,3.0,2.0,2302.0,0.584,375000.0,2025-08-29,Resale,162.9,24860,"Greenville-Anderson-Greer, SC",2025,8,25.0,5.093136515607999
495103,45045,0360.01-01-016.00,"106 CATTERICK WAY, FOUNTAIN INN, SC 29644",29644.0,SC,34.70441,-82.190207,SFR,2005.0,3.0,3.0,2232.0,0.2660009,306277.0,2025-04-29,Resale,137.22,24860,"Greenville-Anderson-Greer, SC",2025,4,20.0,4.921585477262745
523687,45045,P016.02-01-049.00,"25 FORESTDALE DR, TAYLORS, SC 29687",29687.0,SC,34.889546,-82.326215,SFR,1950.0,3.0,2.0,1494.0,0.3213958,330000.0,2025-12-02,Resale,220.88,24860,"Greenville-Anderson-Greer, SC",2025,12,75.0,5.3976195676218985
531902,45045,0204.00-07-005.00,"109 E AUGUSTA PL, GREENVILLE, SC 29605",29605.0,SC,34.823534,-82.387761,SFR,1966.0,3.0,2.0,1723.0,0.3219927,825000.0,2025-05-19,Resale,478.82,24860,"Greenville-Anderson-Greer, SC",2025,5,59.0,6.171324743905833
541080,45045,0604.04-01-037.00,"8 WOODED GLENN CT, PELZER, SC 29669",29669.0,SC,34.643971,-82.390673,SFR,2001.0,4.0,3.0,3115.0,0.6129936,425000.0,2025-12-05,Resale,136.44,24860,"Greenville-Anderson-Greer, SC",2025,12,24.0,4.915884957550445
544313,45045,0538.01-01-051.00,"206 DELLROSE CIR, TAYLORS, SC 29687",29687.0,SC,34.888181,-82.314068,SFR,1967.0,4.0,2.0,3352.0,0.5129936,405000.0,2024-10-17,Resale,120.82,24860,"Greenville-Anderson-Greer, SC",2024,10,57.0,4.794301834710595
548757,45045,0194.00-01-010.01,"562 LOWNDES HILL RD, GREENVILLE, SC 29607",29607.0,SC,34.853342,-82.365463,SFR,1920.0,3.0,2.0,1848.0,0.417011,300000.0,2025-09-29,Resale,162.34,24860,"Greenville-Anderson-Greer, SC",2025,9,105.0,5.08969290133303
556526,45045,0507.05-01-014.00,"413 BRADEN CT, GREENVILLE, SC 29617",29617.0,SC,34.919931,-82.473563,SFR,2003.0,3.0,2.0,1460.0,0.292,145250.0,2026-04-16,Resale,99.49,24860,"Greenville-Anderson-Greer, SC",2026,4,23.0,4.600057136601269
590012,45045,0548.40-01-071.00,"202 WOODRUFF PARK LN, SIMPSONVILLE, SC 29681",29681.0,SC,34.803212,-82.235572,SFR,1999.0,3.0,2.0,1276.0,0.069,239000.0,2026-04-10,Resale,187.3,24860,"Greenville-Anderson-Greer, SC",2026,4,27.0,5.2327116094500425
590021,45045,T035.04-01-036.00,"2 KINGSCREEK DR, GREER, SC 29650",29650.0,SC,34.91666,-82.254506,SFR,2001.0,3.0,3.0,2016.0,,270000.0,2024-09-25,Resale,133.93,24860,"Greenville-Anderson-Greer, SC",2024,9,23.0,4.897317275399031
591263,45045,0290.00-01-003.12,"1816 BETHEL RD, SIMPSONVILLE, SC 29681",29681.0,SC,34.778781,-82.277595,SFR,1997.0,5.0,4.0,2515.0,0.78,330000.0,2026-02-13,Resale,131.21,24860,"Greenville-Anderson-Greer, SC",2026,2,29.0,4.876799093117625
591268,45045,T023.00-01-051.00,"109 LAKESIDE DR, TAYLORS, SC 29687",29687.0,SC,34.952961,-82.313923,MOBILE HOME,2000.0,3.0,2.0,1960.0,0.629,212750.0,2024-05-15,Resale,108.55,24860,"Greenville-Anderson-Greer, SC",2024,5,24.0,4.6872108963243
591280,45045,0624.09-01-012.05,"1015 BUTTER ST, LANDRUM, SC 29356",29356.0,SC,35.183807,-82.227906,MOBILE HOME,1995.0,3.0,2.0,1568.0,1.1,174900.0,2025-08-06,Resale,111.54,24860,"Greenville-Anderson-Greer, SC",2025,8,30.0,4.714383270961408
591283,45045,0574.24-01-026.00,"210 GROTON CT, SIMPSONVILLE, SC 29680",29680.0,SC,34.711607,-82.30013,SFR,2001.0,3.0,3.0,2381.0,0.2910009,395000.0,2025-04-28,Resale,165.9,24860,"Greenville-Anderson-Greer, SC",2025,4,24.0,5.111385197196399
592568,45045,0198.00-04-012.11,"15 HALEY CT, GREENVILLE, SC 29607",29607.0,SC,34.84553,-82.368112,SFR,1996.0,3.0,2.0,1391.0,0.14,247000.0,2025-05-20,Resale,177.57,24860,"Greenville-Anderson-Greer, SC",2025,5,29.0,5.179364897370744
597281,45045,0575.18-01-011.00,"22 DAPPLE GRAY CT, SIMPSONVILLE, SC 29680",29680.0,SC,34.710327,-82.284331,SFR,2001.0,3.0,3.0,2880.0,,495000.0,2024-08-16,Resale,171.88,24860,"Greenville-Anderson-Greer, SC",2024,8,23.0,5.146796558906795
597291,45045,0377.00-07-023.00,"220 PINEFIELD DR, GREENVILLE, SC 29605",29605.0,SC,34.780456,-82.386182,SFR,1965.0,3.0,1.5,924.0,0.244,93000.0,2026-03-17,Construction Loan/Financing,100.65,24860,"Greenville-Anderson-Greer, SC",2026,3,61.0,4.611649152085801
603130,45045,0539.12-01-028.00,"205 WEATHERBY DR, GREENVILLE, SC 29615",29615.0,SC,34.836435,-82.255744,SFR,1985.0,3.0,4.0,3512.0,,1050000.0,2025-09-22,Resale,298.97,24860,"Greenville-Anderson-Greer, SC",2025,9,40.0,5.700343233908688
604100,45045,M006.02-01-118.00,"108 PINEHURST DR, MAULDIN, SC 29662",29662.0,SC,34.772612,-82.305522,SFR,1969.0,3.0,2.0,1380.0,0.33,280000.0,2025-12-04,Resale,202.9,24860,"Greenville-Anderson-Greer, SC",2025,12,56.0,5.312713246831769
605635,45045,0117.00-10-006.00,"67 DORSEY AVE, GREENVILLE, SC 29611",29611.0,SC,34.838875,-82.430259,RESIDENTIAL - VACANT LAND,1945.0,2.0,1.0,1029.0,0.187,100000.0,2025-01-22,Resale,97.18,24860,"Greenville-Anderson-Greer, SC",2025,1,80.0,4.576564928977757
614425,45045,0246.01-01-046.00,"7 CHANNEL DR, GREENVILLE, SC 29611",29611.0,SC,34.812604,-82.471508,MOBILE HOME,1998.0,3.0,2.0,1960.0,0.3,315000.0,2024-07-08,Resale,160.71,24860,"Greenville-Anderson-Greer, SC",2024,7,26.0,5.0796014985609785
619052,45045,0585.06-01-017.00,"2537 W GEORGIA RD, PIEDMONT, SC 29673",29673.0,SC,34.687254,-82.34149,SFR,2002.0,3.0,2.0,1872.0,0.7620064,325000.0,2025-03-25,Resale,173.61,24860,"Greenville-Anderson-Greer, SC",2025,3,23.0,5.156811404253857
633855,45045,0513.02-01-104.01,"115 ALTA VISTA CIR, TRAVELERS REST, SC 29690",29690.0,SC,34.994072,-82.486641,SFR,1967.0,3.0,2.0,1823.0,0.8899908,320000.0,2024-06-07,Resale,175.53,24860,"Greenville-Anderson-Greer, SC",2024,6,57.0,5.167809968468254
634799,45045,0117.00-04-015.00,"2 WEST AVE, GREENVILLE, SC 29611",29611.0,SC,34.837713,-82.432812,SFR,1955.0,3.0,1.0,1580.0,0.2350092,156500.0,2024-05-21,Resale,99.05,24860,"Greenville-Anderson-Greer, SC",2024,5,69.0,4.59562477314456
677306,45045,T021.05-01-035.00,"111 N SILVER BEECH LN, GREER, SC 29651",29651.0,SC,34.965787,-82.29098,SFR,1997.0,4.0,2.5,3322.0,0.86,535000.0,2024-04-11,Resale,161.05,24860,"Greenville-Anderson-Greer, SC",2024,4,27.0,5.081714875777208
688312,45045,0543.07-01-023.00,"12 INDEPENDENCE DR, GREENVILLE, SC 29615",29615.0,SC,34.864087,-82.325291,SFR,1969.0,5.0,3.0,2692.0,0.6887052,690000.0,2024-10-25,Resale,256.32,24860,"Greenville-Anderson-Greer, SC",2024,10,55.0,5.546426663879994
692859,45045,0241.00-09-008.00,"203 MARY ST, GREENVILLE, SC 29611",29611.0,SC,34.829929,-82.441499,SFR,1980.0,3.0,2.0,1392.0,0.3801653,253500.0,2024-07-31,Resale,182.11,24860,"Greenville-Anderson-Greer, SC",2024,7,44.0,5.2046109001077285
715084,45045,0201.00-05-010.00,"23 BRIDWELL AVE, GREENVILLE, SC 29607",29607.0,SC,34.838528,-82.376551,SFR,1940.0,3.0,1.0,1000.0,0.0989899,253000.0,2025-04-14,Resale,253.0,24860,"Greenville-Anderson-Greer, SC",2025,4,85.0,5.53338948872752
715088,45045,0548.28-01-060.00,"313 ASHRIDGE WAY, SIMPSONVILLE, SC 29681",29681.0,SC,34.800322,-82.219352,SFR,1998.0,3.0,3.0,1634.0,,274000.0,2025-04-16,Resale,167.69,24860,"Greenville-Anderson-Greer, SC",2025,4,27.0,5.122117036759018
716034,45045,0117.00-05-034.00,"18 SPRINGSIDE AVE, GREENVILLE, SC 29611",29611.0,SC,34.839286,-82.43244,SFR,1966.0,2.0,1.0,876.0,0.2117769,368000.0,2025-08-28,Resale,420.09,24860,"Greenville-Anderson-Greer, SC",2025,8,59.0,6.040468974035796
723113,45045,0540.08-01-099.00,"308 SEABURY DR, GREENVILLE, SC 29615",29615.0,SC,34.860924,-82.308935,SFR,1996.0,3.0,3.0,2827.0,,530000.0,2025-10-30,Resale,187.48,24860,"Greenville-Anderson-Greer, SC",2025,10,29.0,5.233672173054505
723114,45045,0541.00-01-085.00,"3706 E NORTH ST, GREENVILLE, SC 29615",29615.0,SC,34.870869,-82.326159,SFR,1972.0,2.0,1.0,860.0,,70727.0,2025-07-24,Resale,82.24,24860,"Greenville-Anderson-Greer, SC",2025,7,53.0,4.409641801706855
723122,45045,0240.01-01-078.01,"12 TANGLEWOOD DR, GREENVILLE, SC 29611",29611.0,SC,34.82504,-82.456437,SFR,1998.0,3.0,4.0,2992.0,1.54,475900.0,2024-12-10,Resale,159.06,24860,"Greenville-Anderson-Greer, SC",2024,12,26.0,5.069281489528989
762570,45045,0559.10-01-007.00,"812 PALOMINO CT, SIMPSONVILLE, SC 29681",29681.0,SC,34.778837,-82.220962,SFR,2000.0,3.0,2.0,1630.0,0.2679982,329000.0,2025-04-18,Resale,201.84,24860,"Greenville-Anderson-Greer, SC",2025,4,25.0,5.307475304332803
791689,45045,T034.01-05-011.00,"201 PRYOR RD, TAYLORS, SC 29687",29687.0,SC,34.912536,-82.294909,SFR,1972.0,4.0,3.0,1995.0,0.4407713,245000.0,2024-04-15,Resale,122.81,24860,"Greenville-Anderson-Greer, SC",2024,4,52.0,4.810638445622293
797320,45045,0166.00-02-004.00,"215 DUKELAND DR, GREENVILLE, SC 29617",29617.0,SC,34.893201,-82.413236,SFR,1971.0,3.0,1.0,1643.0,0.4318182,146000.0,2024-04-02,Resale,88.86,24860,"Greenville-Anderson-Greer, SC",2024,4,53.0,4.487062097507763
797330,45045,0439.00-01-004.00,"601 TINDAL RD, GREENVILLE, SC 29617",29617.0,SC,34.899569,-82.415506,SFR,1953.0,2.0,1.5,1659.0,0.258,450000.0,2026-03-18,Resale,271.25,24860,"Greenville-Anderson-Greer, SC",2026,3,73.0,5.603040904854669
797331,45045,0439.00-01-005.00,"603 TINDAL RD, GREENVILLE, SC 29617",29617.0,SC,34.899741,-82.415589,SFR,1966.0,3.0,1.0,1290.0,0.268,450000.0,2026-03-18,Resale,348.84,24860,"Greenville-Anderson-Greer, SC",2026,3,60.0,5.8546133643587845
797332,45045,0439.00-01-006.00,"605 TINDAL RD, GREENVILLE, SC 29617",29617.0,SC,34.899915,-82.415638,SFR,1966.0,3.0,1.5,1298.0,0.318,450000.0,2026-03-18,Resale,346.69,24860,"Greenville-Anderson-Greer, SC",2026,3,60.0,5.848431008894555
797338,45045,0439.00-02-030.00,"136 WOODLAND DR, GREENVILLE, SC 29617",29617.0,SC,34.898756,-82.41776,SFR,1966.0,2.0,1.0,858.0,0.3,180000.0,2026-02-18,Resale,209.79,24860,"Greenville-Anderson-Greer, SC",2026,2,60.0,5.346107030383885
1060582,45045,0559.10-01-011.00,"820 PALOMINO CT, SIMPSONVILLE, SC 29681",29681.0,SC,34.779663,-82.220804,SFR,2000.0,4.0,2.0,2113.0,0.2730028,335000.0,2024-08-14,Resale,158.54,24860,"Greenville-Anderson-Greer, SC",2024,8,24.0,5.06600692740901
1205580,45045,0169.00-01-003.00,"4 PARIS MOUNTAIN AVE, GREENVILLE, SC 29609",29609.0,SC,34.888587,-82.415285,SFR,1966.0,2.0,2.0,1770.0,0.2672176,350000.0,2025-09-25,Resale,197.74,24860,"Greenville-Anderson-Greer, SC",2025,9,59.0,5.2869530364689865
1205589,45045,0164.00-06-016.00,"105 RUTLEDGE AVE, GREENVILLE, SC 29617",29617.0,SC,34.888782,-82.421769,SFR,1963.0,3.0,1.0,1260.0,0.202,289000.0,2026-05-18,Resale,229.37,24860,"Greenville-Anderson-Greer, SC",2026,5,63.0,5.4353364202061245
1205605,45045,0604.04-01-028.00,"213 ELLEN WOODSIDE ST, PELZER, SC 29669",29669.0,SC,34.64515,-82.389898,SFR,2003.0,3.0,3.0,1464.0,0.7230028,322000.0,2024-05-28,Resale,219.95,24860,"Greenville-Anderson-Greer, SC",2024,5,21.0,5.3934002477947285
1206688,45045,0252.00-01-008.03,"114 SANDRA AVE, GREENVILLE, SC 29611",29611.0,SC,34.804715,-82.436321,COMMERCIAL (NEC),1940.0,3.0,1.0,1199.0,0.5019972,2075000.0,2024-08-27,Resale,1730.61,24860,"Greenville-Anderson-Greer, SC",2024,8,84.0,7.456229226498715
1208544,45045,0266.00-01-004.18,"423 WILLOW SPRINGS DR, GREENVILLE, SC 29607",29607.0,SC,34.832944,-82.361931,SFR,1972.0,3.0,2.0,1512.0,0.3289945,470000.0,2025-10-22,Resale,310.85,24860,"Greenville-Anderson-Greer, SC",2025,10,53.0,5.739310480715346
1208549,45045,0264.00-04-009.00,"206 WILLOW SPRINGS DR, GREENVILLE, SC 29607",29607.0,SC,34.832656,-82.357517,SFR,1972.0,3.0,2.0,1290.0,0.2149908,507600.0,2025-06-16,Resale,393.49,24860,"Greenville-Anderson-Greer, SC",2025,6,53.0,5.975055654573933
1208558,45045,0268.01-05-005.00,"221 PIMLICO RD, GREENVILLE, SC 29607",29607.0,SC,34.827122,-82.361229,SFR,1982.0,3.0,2.0,2288.0,0.3629936,747000.0,2024-08-12,Resale,326.49,24860,"Greenville-Anderson-Greer, SC",2024,8,42.0,5.78839932037608
1208559,45045,0268.03-04-005.00,"519 WEMBLEY RD, GREENVILLE, SC 29607",29607.0,SC,34.827849,-82.356061,SFR,1972.0,5.0,3.0,3614.0,0.4850092,999607.0,2024-05-02,Resale,276.59,24860,"Greenville-Anderson-Greer, SC",2024,5,52.0,5.622536265287162
1212375,45045,0666.02-01-012.01,"177 RIVER RD, MARIETTA, SC 29661",29661.0,SC,35.093746,-82.468873,SFR,1970.0,3.0,3.0,1750.0,10.258,524900.0,2024-08-09,Resale,299.94,24860,"Greenville-Anderson-Greer, SC",2024,8,54.0,5.703582454653534
1216618,45045,0559.09-01-018.00,"501 LAKE LENNOX DR, SIMPSONVILLE, SC 29681",29681.0,SC,34.77664,-82.215208,SFR,1998.0,3.0,2.0,1498.0,,307900.0,2024-05-22,Resale,205.54,24860,"Greenville-Anderson-Greer, SC",2024,5,26.0,5.3256406621969266
1216622,45045,0559.09-01-019.00,"503 LAKE LENNOX DR, SIMPSONVILLE, SC 29681",29681.0,SC,34.776493,-82.215063,SFR,1996.0,3.0,2.0,1386.0,,320000.0,2025-12-15,Resale,230.88,24860,"Greenville-Anderson-Greer, SC",2025,12,29.0,5.441898095025561
1216627,45045,0550.04-01-015.00,"203 BRUCE MEADOW RD, SIMPSONVILLE, SC 29681",29681.0,SC,34.781229,-82.205818,SFR,1996.0,4.0,2.5,1727.0,5.2,750000.0,2026-02-26,Resale,434.28,24860,"Greenville-Anderson-Greer, SC",2026,2,30.0,6.0736894873636516
1216628,45045,0550.04-01-008.00,"208 BRUCE MEADOW RD, SIMPSONVILLE, SC 29681",29681.0,SC,34.778756,-82.204534,SFR,1993.0,3.0,3.0,2641.0,4.9,1175000.0,2025-11-03,Resale,444.91,24860,"Greenville-Anderson-Greer, SC",2025,11,32.0,6.097872014520508
1217650,45045,0525.13-01-070.00,"108 AMBERJACK CT, TAYLORS, SC 29687",29687.0,SC,34.93149,-82.33876,SFR,1998.0,4.0,3.0,2104.0,,390000.0,2024-12-19,Resale,185.36,24860,"Greenville-Anderson-Greer, SC",2024,12,26.0,5.222299880124121
1218419,45045,0180.00-03-017.00,"108 MORNINGDALE DR, GREENVILLE, SC 29609",29609.0,SC,34.873876,-82.386975,SFR,1956.0,4.0,3.0,2824.0,0.4910009,1100000.0,2025-02-11,Resale,389.52,24860,"Greenville-Anderson-Greer, SC",2025,2,69.0,5.9649152118744455
1218428,45045,0180.00-03-010.00,"222 E AVONDALE DR, GREENVILLE, SC 29609",29609.0,SC,34.875258,-82.386901,SFR,1980.0,2.0,2.0,1920.0,0.367,727000.0,2025-12-12,Resale,378.65,24860,"Greenville-Anderson-Greer, SC",2025,12,45.0,5.936612295559832
1218440,45045,0180.00-01-006.00,"1722 N MAIN ST, GREENVILLE, SC 29609",29609.0,SC,34.874622,-82.388754,SFR,1971.0,4.0,4.0,3514.0,0.5570018,1500000.0,2025-05-01,Resale,426.86,24860,"Greenville-Anderson-Greer, SC",2025,5,54.0,6.056456090615422
1248469,45045,0556.04-01-007.00,"109 CHARLIE WAY, FOUNTAIN INN, SC 29644",29644.0,SC,34.705584,-82.187304,SFR,1997.0,3.0,2.0,1200.0,0.3,272500.0,2025-04-25,Resale,227.08,24860,"Greenville-Anderson-Greer, SC",2025,4,28.0,5.425302378302526
1248477,45045,0556.06-01-030.00,"607 VERY FINE DR, FOUNTAIN INN, SC 29644",29644.0,SC,34.705585,-82.184728,SFR,1998.0,3.0,2.0,1931.0,0.258,240000.0,2024-09-09,Resale,124.29,24860,"Greenville-Anderson-Greer, SC",2024,9,26.0,4.82261754475742
1248481,45045,0556.07-01-019.00,"1105 AUTUMN LEAF LN, FOUNTAIN INN, SC 29644",29644.0,SC,34.710139,-82.184821,SFR,2000.0,3.0,2.0,2268.0,0.544,310000.0,2025-08-25,Resale,136.68,24860,"Greenville-Anderson-Greer, SC",2025,8,25.0,4.917642427247091
1248485,45045,0556.07-01-018.00,"1201 AUTUMN LEAF LN, FOUNTAIN INN, SC 29644",29644.0,SC,34.71035,-82.185016,SFR,2000.0,3.0,2.0,1891.0,0.5,280000.0,2024-11-19,Resale,148.07,24860,"Greenville-Anderson-Greer, SC",2024,11,24.0,4.997685134920627
1250580,45045,0530.16-01-068.00,"223 ROCK RD, GREER, SC 29651",29651.0,SC,34.847179,-82.221291,SFR,1994.0,3.0,2.5,2516.0,0.251,540000.0,2026-05-18,Resale,214.63,24860,"Greenville-Anderson-Greer, SC",2026,5,32.0,5.368915615393574
1250588,45045,0530.12-01-068.00,"14 WHISTLER DR, GREER, SC 29651",29651.0,SC,34.846936,-82.220636,RESIDENTIAL - VACANT LAND,1992.0,4.0,2.5,3008.0,0.253,800000.0,2026-02-20,Resale,265.96,24860,"Greenville-Anderson-Greer, SC",2026,2,34.0,5.583345921534254
1273039,45045,M006.02-01-429.00,"22 WOODHEDGE CT, MAULDIN, SC 29662",29662.0,SC,34.767511,-82.307639,SFR,1999.0,3.0,4.0,4160.0,1.34,630000.0,2025-02-10,Resale,151.44,24860,"Greenville-Anderson-Greer, SC",2025,2,26.0,5.020189506901067
1273445,45045,0538.13-01-040.00,"7 BLACKENRIDGE DR, TAYLORS, SC 29687",29687.0,SC,34.887918,-82.296873,SFR,1975.0,3.0,2.0,1746.0,0.2269972,300000.0,2025-01-08,Resale,171.82,24860,"Greenville-Anderson-Greer, SC",2025,1,50.0,5.14644741720991
1273452,45045,0538.13-01-018.00,"104 GAITHBURG SQ, TAYLORS, SC 29687",29687.0,SC,34.887619,-82.297732,SFR,1978.0,3.0,2.0,1674.0,0.182989,250000.0,2025-04-10,Resale,149.34,24860,"Greenville-Anderson-Greer, SC",2025,4,47.0,5.006225585607556
1323798,45045,0538.13-01-077.00,"1 GUNSTOWN CIR, TAYLORS, SC 29687",29687.0,SC,34.886009,-82.295685,SFR,1992.0,3.0,2.0,1600.0,0.1879936,293000.0,2025-04-28,Resale,183.13,24860,"Greenville-Anderson-Greer, SC",2025,4,33.0,5.210196283152857
1323806,45045,0538.13-01-074.00,"2 BLUFFTON CIR, TAYLORS, SC 29687",29687.0,SC,34.886628,-82.295345,SFR,2002.0,3.0,2.0,1632.0,0.2269972,289400.0,2025-02-21,Resale,177.33,24860,"Greenville-Anderson-Greer, SC",2025,2,23.0,5.178012403504388
1368636,45045,0548.39-01-036.00,"5 BATHURST LN, SIMPSONVILLE, SC 29681",29681.0,SC,34.786722,-82.226621,SFR,1999.0,4.0,2.5,1944.0,0.2,345000.0,2026-03-16,Resale,177.47,24860,"Greenville-Anderson-Greer, SC",2026,3,27.0,5.178801580546473
1368655,45045,0548.43-01-024.00,"135 BATHURST LN, SIMPSONVILLE, SC 29681",29681.0,SC,34.785293,-82.228227,SFR,2001.0,3.0,3.0,1952.0,0.2089991,327000.0,2025-08-01,Resale,167.52,24860,"Greenville-Anderson-Greer, SC",2025,8,24.0,5.121102747122227
1368656,45045,0548.43-01-033.00,"115 BATHURST LN, SIMPSONVILLE, SC 29681",29681.0,SC,34.786849,-82.227977,SFR,2001.0,3.0,2.0,1726.0,0.2140037,315000.0,2024-09-18,Resale,182.5,24860,"Greenville-Anderson-Greer, SC",2024,9,23.0,5.206750173022546
1368674,45045,B008.01-02-007.10,"12 MARINE RD, GREENVILLE, SC 29617",29617.0,SC,34.904186,-82.4601,SFR,2000.0,3.0,2.0,2213.0,,335000.0,2025-09-09,Resale,151.38,24860,"Greenville-Anderson-Greer, SC",2025,9,25.0,5.019793231881021
1368681,45045,B008.01-02-007.04,"121 DUNCAN RD, GREENVILLE, SC 29617",29617.0,SC,34.90443,-82.457992,SFR,1997.0,3.0,2.0,1432.0,,265000.0,2024-01-12,Resale,185.06,24860,"Greenville-Anderson-Greer, SC",2024,1,27.0,5.220680096820884
1368692,45045,0196.00-07-009.00,"12 UNDERWOOD AVE, GREENVILLE, SC 29607",29607.0,SC,34.849637,-82.376601,SFR,1961.0,3.0,1.5,1333.0,0.168,406500.0,2026-03-12,Resale,304.95,24860,"Greenville-Anderson-Greer, SC",2026,3,65.0,5.720147828742466
1368702,45045,0200.00-03-014.00,"223 MACO TER, GREENVILLE, SC 29607",29607.0,SC,34.843133,-82.374034,SFR,1997.0,2.0,1.0,904.0,0.1539945,140000.0,2025-09-24,Resale,154.87,24860,"Greenville-Anderson-Greer, SC",2025,9,28.0,5.0425860553280835
1368724,45045,0187.00-04-018.00,"110 PARKWOOD DR, GREENVILLE, SC 29609",29609.0,SC,34.866009,-82.385901,SFR,1985.0,2.0,2.0,1332.0,0.2510101,450000.0,2025-01-24,Resale,337.84,24860,"Greenville-Anderson-Greer, SC",2025,1,40.0,5.822572410625688
1368731,45045,0035.00-08-006.00,"602 BENNETT ST, GREENVILLE, SC 29609",29609.0,SC,34.863446,-82.388153,SFR,1963.0,3.0,1.0,1395.0,0.1769972,350000.0,2025-08-29,Resale,250.9,24860,"Greenville-Anderson-Greer, SC",2025,8,62.0,5.525054453372377
1368777,45045,0034.00-01-019.00,"7 ROWLEY ST, GREENVILLE, SC 29601",29601.0,SC,34.858518,-82.394145,SFR,1950.0,2.0,2.0,1376.0,0.119,649950.0,2024-12-30,Resale,472.35,24860,"Greenville-Anderson-Greer, SC",2024,12,74.0,6.157720236215144
1368792,45045,0009.00-03-004.00,"12 WILTON ST, GREENVILLE, SC 29601",29601.0,SC,34.859649,-82.398205,RESIDENTIAL - VACANT LAND,1950.0,3.0,1.0,1474.0,0.244,400000.0,2024-03-14,Resale,271.37,24860,"Greenville-Anderson-Greer, SC",2024,3,74.0,5.603483203339636
1368800,45045,0086.00-03-002.01,"503 ANDERSON ST, GREENVILLE, SC 29601",29601.0,SC,34.837399,-82.413674,SFR,1950.0,2.0,1.0,1444.0,0.088,249000.0,2025-01-31,Resale,172.44,24860,"Greenville-Anderson-Greer, SC",2025,1,75.0,5.150049349878934
1368802,45045,0104.00-07-001.00,"116 BIRCHWOOD DR, GREENVILLE, SC 29605",29605.0,SC,34.823503,-82.41624,SFR,1968.0,3.0,2.0,1108.0,0.27,425000.0,2025-08-08,Resale,383.57,24860,"Greenville-Anderson-Greer, SC",2025,8,57.0,5.949522133485931
1368806,45045,0104.00-02-035.00,"112 EDGEWOOD DR, GREENVILLE, SC 29605",29605.0,SC,34.825447,-82.413766,SFR,1965.0,3.0,2.0,1165.0,0.247,285000.0,2026-05-13,Resale,244.64,24860,"Greenville-Anderson-Greer, SC",2026,5,61.0,5.499787742180752
1368827,45045,0103.00-06-014.00,"45 WALLACE ST, GREENVILLE, SC 29605",29605.0,SC,34.822144,-82.419408,SFR,1955.0,2.0,1.0,935.0,0.2121212,65000.0,2025-05-01,Resale,69.52,24860,"Greenville-Anderson-Greer, SC",2025,5,70.0,4.241614480957137
1368828,45045,0104.00-05-019.00,"44 WALLACE ST, GREENVILLE, SC 29605",29605.0,SC,34.822287,-82.4186,SFR,1965.0,3.0,1.0,900.0,0.2760101,166123.0,2024-02-28,Resale,184.58,24860,"Greenville-Anderson-Greer, SC",2024,2,59.0,5.218082973837431
1368842,45045,0337.01-01-056.00,"3 FORTSON WAY, FOUNTAIN INN, SC 29644",29644.0,SC,34.695504,-82.221895,SFR,1995.0,3.0,2.0,1229.0,,252500.0,2024-09-11,Resale,205.45,24860,"Greenville-Anderson-Greer, SC",2024,9,29.0,5.325202695329419
1368850,45045,0337.02-01-048.00,"4 FAWNDALE LN, FOUNTAIN INN, SC 29644",29644.0,SC,34.695344,-82.224248,SFR,1995.0,3.0,2.0,1419.0,,269000.0,2025-07-10,Resale,189.57,24860,"Greenville-Anderson-Greer, SC",2025,7,30.0,5.244758349453473
1368854,45045,0337.02-01-037.00,"7 FAWNDALE LN, FOUNTAIN INN, SC 29644",29644.0,SC,34.695616,-82.224687,SFR,2000.0,3.0,3.0,1656.0,,278000.0,2025-08-06,Resale,167.87,24860,"Greenville-Anderson-Greer, SC",2025,8,25.0,5.123189870334323
1368873,45045,0538.01-01-056.00,"216 DELLROSE CIR, TAYLORS, SC 29687",29687.0,SC,34.88686,-82.314819,SFR,1968.0,4.0,3.0,2306.0,0.8884298,329000.0,2025-11-07,Resale,142.67,24860,"Greenville-Anderson-Greer, SC",2025,11,57.0,4.960534271126723
1412372,45045,G008.00-02-030.00,"110 VIRGINIA AVE, GREER, SC 29650",29650.0,SC,34.938536,-82.237337,SFR,1965.0,2.0,2.0,1372.0,0.4097796,225000.0,2024-03-26,Resale,163.99,24860,"Greenville-Anderson-Greer, SC",2024,3,59.0,5.099805450355355
1412375,45045,G008.00-05-015.00,"206 CONNECTICUT AVE, GREER, SC 29650",29650.0,SC,34.935265,-82.236059,SFR,1945.0,3.0,2.0,1820.0,0.1929982,320000.0,2024-11-15,Resale,175.82,24860,"Greenville-Anderson-Greer, SC",2024,11,79.0,5.1694607444230325
1446687,45045,0574.15-01-021.00,"124 ASHDOWN DR, SIMPSONVILLE, SC 29680",29680.0,SC,34.715572,-82.273283,SFR,1980.0,3.0,2.0,1162.0,,239000.0,2024-11-08,Resale,205.68,24860,"Greenville-Anderson-Greer, SC",2024,11,44.0,5.326321562957634
1446691,45045,0574.15-01-028.00,"138 ASHDOWN DR, SIMPSONVILLE, SC 29680",29680.0,SC,34.715104,-82.271379,SFR,1981.0,3.0,2.0,1152.0,,255000.0,2025-10-22,Resale,221.35,24860,"Greenville-Anderson-Greer, SC",2025,10,44.0,5.39974515917815
1446720,45045,0574.07-01-091.00,"107 BENTBRUSH DR, SIMPSONVILLE, SC 29680",29680.0,SC,34.727644,-82.271459,SFR,1975.0,3.0,2.0,1080.0,0.375,254000.0,2026-04-20,Resale,235.19,24860,"Greenville-Anderson-Greer, SC",2026,4,51.0,5.460393698113796
1481110,45045,0117.00-08-002.00,"1126 BENNETT ST, GREENVILLE, SC 29611",29611.0,SC,34.840001,-82.430057,SFR,1945.0,2.0,1.0,1288.0,0.1868687,134300.0,2024-01-12,Resale,104.27,24860,"Greenville-Anderson-Greer, SC",2024,1,79.0,4.646983688801502
1481123,45045,0228.00-09-005.00,"212 S TEXAS AVE, GREENVILLE, SC 29611",29611.0,SC,34.83236,-82.438351,SFR,1954.0,2.0,1.0,953.0,0.3076217,185000.0,2025-09-23,Resale,194.12,24860,"Greenville-Anderson-Greer, SC",2025,9,71.0,5.268476524537015
1485674,45045,0583.06-01-118.00,"41 REEDY RIVER WAY, GREENVILLE, SC 29605",29605.0,SC,34.738577,-82.326715,SFR,2002.0,3.0,2.0,1090.0,0.219,255000.0,2026-03-04,Resale,233.94,24860,"Greenville-Anderson-Greer, SC",2026,3,24.0,5.455064672222561
1485676,45045,0583.05-01-098.00,"102 KETCHITAN CT, GREENVILLE, SC 29605",29605.0,SC,34.740001,-82.328963,SFR,2003.0,3.0,2.0,1266.0,,287500.0,2025-05-13,Resale,227.09,24860,"Greenville-Anderson-Greer, SC",2025,5,22.0,5.425346414676578
1485677,45045,0583.05-01-097.00,"104 KETCHITAN CT, GREENVILLE, SC 29605",29605.0,SC,34.739859,-82.328861,SFR,2003.0,3.0,2.0,1309.0,0.03,258000.0,2024-03-07,Resale,197.1,24860,"Greenville-Anderson-Greer, SC",2024,3,21.0,5.283711214158674
1485678,45045,0583.05-01-096.00,"106 KETCHITAN CT, GREENVILLE, SC 29605",29605.0,SC,34.739718,-82.328758,SFR,2003.0,3.0,2.0,1218.0,,267000.0,2025-02-26,Resale,219.21,24860,"Greenville-Anderson-Greer, SC",2025,2,22.0,5.390030174471236
1485695,45045,0171.00-02-006.00,"206 SUNSHINE AVE, GREENVILLE, SC 29609",29609.0,SC,34.883304,-82.409149,SFR,1955.0,2.0,1.0,996.0,0.1825069,187500.0,2024-05-15,Resale,188.25,24860,"Greenville-Anderson-Greer, SC",2024,5,69.0,5.237770866680003
1485711,45045,0170.00-03-011.00,"6 DAVIS ST, GREENVILLE, SC 29609",29609.0,SC,34.881881,-82.41371,SFR,1950.0,2.0,1.0,884.0,0.1703398,135000.0,2024-02-08,Resale,152.71,24860,"Greenville-Anderson-Greer, SC",2024,2,74.0,5.028540697965091
1485770,45045,0164.00-01-004.00,"827 N FRANKLIN RD, GREENVILLE, SC 29617",29617.0,SC,34.891562,-82.420906,SFR,1935.0,3.0,1.0,1276.0,0.2277319,240000.0,2025-06-13,Resale,188.09,24860,"Greenville-Anderson-Greer, SC",2025,6,90.0,5.236920571682713
1485780,45045,0146.00-07-013.00,"602 PALMETTO AVE, GREENVILLE, SC 29617",29617.0,SC,34.874122,-82.43164,SFR,1955.0,2.0,1.0,1462.0,0.1434803,189000.0,2025-03-07,Resale,129.27,24860,"Greenville-Anderson-Greer, SC",2025,3,70.0,4.861903240295856
1485816,45045,0415.00-01-056.00,"80 SOUTHWOOD DR, GREENVILLE, SC 29605",29605.0,SC,34.754276,-82.34045,SFR,2023.0,3.0,2.0,1944.0,1.078,520000.0,2026-02-27,Resale,267.49,24860,"Greenville-Anderson-Greer, SC",2026,2,3.0,5.589082182459723
1485853,45045,M007.07-01-061.00,"7 HYDE PARK LN, MAULDIN, SC 29662",29662.0,SC,34.765482,-82.311871,SFR,1993.0,3.0,3.0,2290.0,,337400.0,2025-07-28,Resale,147.34,24860,"Greenville-Anderson-Greer, SC",2025,7,32.0,4.9927428412546675
1485869,45045,0237.02-02-052.00,"3 LARRY CT, GREENVILLE, SC 29611",29611.0,SC,34.843433,-82.451829,SFR,1955.0,2.0,1.0,1095.0,0.467011,120000.0,2024-06-21,Resale,109.59,24860,"Greenville-Anderson-Greer, SC",2024,6,69.0,4.696746129475301
1485928,45045,M007.05-01-004.00,"106 WHITESTONE AVE, MAULDIN, SC 29662",29662.0,SC,34.767135,-82.317411,SFR,1978.0,3.0,2.0,1868.0,0.367,300000.0,2026-05-15,Resale,160.6,24860,"Greenville-Anderson-Greer, SC",2026,5,48.0,5.078916801512661
1485950,45045,0491.00-04-023.00,"8 MCALLISTER ST, TRAVELERS REST, SC 29690",29690.0,SC,34.968133,-82.432489,SFR,1964.0,2.0,1.0,988.0,0.5899908,280000.0,2024-11-11,Resale,283.4,24860,"Greenville-Anderson-Greer, SC",2024,11,60.0,5.64685932725658
1485963,45045,0490.00-02-004.00,"203 LOVE DR, TRAVELERS REST, SC 29690",29690.0,SC,34.971888,-82.438071,SFR,1982.0,4.0,2.0,1714.0,,362000.0,2025-04-15,Resale,211.2,24860,"Greenville-Anderson-Greer, SC",2025,4,43.0,5.352805551832106
1485967,45045,0490.00-05-010.00,"5 S POINSETT HWY, TRAVELERS REST, SC 29690",29690.0,SC,34.968939,-82.439415,SFR,1964.0,3.0,2.0,1522.0,0.23,180000.0,2025-11-24,Resale,118.27,24860,"Greenville-Anderson-Greer, SC",2025,11,61.0,4.772970146263026
1485969,45045,0318.03-01-089.00,"104 BRENDLE DR, SIMPSONVILLE, SC 29681",29681.0,SC,34.732976,-82.239792,SFR,1997.0,3.0,2.0,2142.0,0.383,425000.0,2026-05-07,Resale,198.41,24860,"Greenville-Anderson-Greer, SC",2026,5,29.0,5.290335596806379
1486005,45045,0548.34-01-021.00,"407 GOLDEN LEAF LN, SIMPSONVILLE, SC 29681",29681.0,SC,34.792384,-82.213654,SFR,1999.0,3.0,2.0,1476.0,0.2,225000.0,2025-06-12,Resale,152.44,24860,"Greenville-Anderson-Greer, SC",2025,6,26.0,5.02677107600566
1486030,45045,0241.00-08-019.00,"220 MARY ST, GREENVILLE, SC 29611",29611.0,SC,34.827961,-82.442237,SFR,1950.0,4.0,2.0,1554.0,0.4235537,290000.0,2024-03-04,Resale,186.62,24860,"Greenville-Anderson-Greer, SC",2024,3,74.0,5.229074463805876
1486057,45045,M007.02-01-439.00,"306 PARK GROVE DR, MAULDIN, SC 29662",29662.0,SC,34.764807,-82.323015,SFR,2000.0,3.0,3.0,2099.0,,350000.0,2025-03-10,Resale,166.75,24860,"Greenville-Anderson-Greer, SC",2025,3,25.0,5.1164956847957335
1486076,45045,0584.04-01-002.00,"3 RIVEREEN WAY, SIMPSONVILLE, SC 29680",29680.0,SC,34.706122,-82.314738,SFR,2004.0,3.0,2.0,1156.0,0.404,268500.0,2026-04-14,Resale,232.27,24860,"Greenville-Anderson-Greer, SC",2026,4,22.0,5.447900488087526
1486088,45045,0641.06-01-083.00,"10 BLUE WATER TRL, TAYLORS, SC 29687",29687.0,SC,35.008817,-82.31578,SFR,2004.0,3.0,2.0,2194.0,,525000.0,2025-07-29,Resale,239.29,24860,"Greenville-Anderson-Greer, SC",2025,7,21.0,5.477676205491225
1486102,45045,0165.00-02-029.00,"800 N FRANKLIN RD, GREENVILLE, SC 29617",29617.0,SC,34.891101,-82.417865,SFR,1963.0,3.0,2.0,2492.0,,50000.0,2024-07-05,Resale,20.06,24860,"Greenville-Anderson-Greer, SC",2024,7,61.0,2.9987277825337895
1507736,45045,0525.05-01-014.00,"9 SHELLY LN, TAYLORS, SC 29687",29687.0,SC,34.932346,-82.333248,SFR,1982.0,3.0,2.0,1596.0,0.8398072,330000.0,2024-08-07,Resale,206.77,24860,"Greenville-Anderson-Greer, SC",2024,8,42.0,5.331607064412679
1507738,45045,T029.02-01-096.00,"31 RANDY DR, TAYLORS, SC 29687",29687.0,SC,34.92461,-82.330339,SFR,1964.0,7.0,2.0,1808.0,0.27,10000.0,2025-03-31,Resale,5.53,24860,"Greenville-Anderson-Greer, SC",2025,3,61.0,1.7101878155342434
1507742,45045,0525.13-01-024.00,"15 ANGEL WING CT, TAYLORS, SC 29687",29687.0,SC,34.933733,-82.339446,SFR,1998.0,3.0,2.5,1968.0,0.327,342500.0,2024-06-03,Resale,174.03,24860,"Greenville-Anderson-Greer, SC",2024,6,26.0,5.159227698146083
1507747,45045,0525.05-01-004.00,"101 RYAN ST, TAYLORS, SC 29687",29687.0,SC,34.931111,-82.334473,SFR,1985.0,3.0,2.0,1812.0,0.36,297775.0,2026-02-23,Resale,164.33,24860,"Greenville-Anderson-Greer, SC",2026,2,41.0,5.101876601193199
1537887,45045,0559.07-01-264.00,"7 GLENROCK LN, SIMPSONVILLE, SC 29681",29681.0,SC,34.772901,-82.218064,SFR,1995.0,2.0,2.0,1004.0,0.181,215000.0,2026-05-22,Resale,214.14,24860,"Greenville-Anderson-Greer, SC",2026,5,31.0,5.366630006730124
1537906,45045,0555.02-01-035.00,"20 GREEN HILL DR, SIMPSONVILLE, SC 29681",29681.0,SC,34.744681,-82.210677,SFR,2006.0,4.0,4.5,3980.0,2.83,950000.0,2024-02-28,Resale,238.69,24860,"Greenville-Anderson-Greer, SC",2024,2,18.0,5.475165638876943
1537935,45045,M009.02-01-062.00,"106 MIDDLETON LN, GREENVILLE, SC 29607",29607.0,SC,34.795902,-82.302697,SFR,1969.0,2.0,2.0,1160.0,0.459,242000.0,2026-04-06,Resale,208.62,24860,"Greenville-Anderson-Greer, SC",2026,4,57.0,5.340514415247825
1555946,45045,0103.00-11-014.00,"13 SEYLE ST, GREENVILLE, SC 29605",29605.0,SC,34.82316,-82.424759,SFR,1950.0,3.0,1.0,1377.0,0.1059917,285000.0,2025-03-27,Resale,206.97,24860,"Greenville-Anderson-Greer, SC",2025,3,75.0,5.332573855226127
1555948,45045,0103.00-11-012.00,"17 SEYLE ST, GREENVILLE, SC 29605",29605.0,SC,34.822887,-82.424912,SFR,1945.0,3.0,1.0,1437.0,0.111,323000.0,2024-04-17,Resale,224.77,24860,"Greenville-Anderson-Greer, SC",2024,4,79.0,5.415077657156736
1555949,45045,0103.00-11-015.00,"11 SEYLE ST, GREENVILLE, SC 29605",29605.0,SC,34.823294,-82.424683,SFR,1950.0,3.0,1.0,1437.0,0.104798,300000.0,2025-09-08,Resale,208.77,24860,"Greenville-Anderson-Greer, SC",2025,9,75.0,5.3412331675248685
1605809,45045,0212.00-05-027.00,"27 BECK AVE, GREENVILLE, SC 29605",29605.0,SC,34.809074,-82.385723,SFR,1955.0,2.0,1.0,845.0,0.1899908,445000.0,2025-03-28,Resale,526.63,24860,"Greenville-Anderson-Greer, SC",2025,3,70.0,6.266498214676136
1605810,45045,0213.00-06-007.00,"16 HIGH HILL ST, GREENVILLE, SC 29605",29605.0,SC,34.811866,-82.389212,SFR,1945.0,3.0,2.0,1637.0,0.2269972,300000.0,2025-03-01,Resale,183.26,24860,"Greenville-Anderson-Greer, SC",2025,3,80.0,5.210905909537067
1605811,45045,0212.00-01-015.00,"13 RICE ST, GREENVILLE, SC 29605",29605.0,SC,34.814138,-82.385035,SFR,1968.0,2.0,1.0,1019.0,0.3269972,610000.0,2025-06-24,Resale,598.63,24860,"Greenville-Anderson-Greer, SC",2025,6,57.0,6.3946437111023124
1605817,45045,0213.00-06-011.00,"26 HIGH HILL ST, GREENVILLE, SC 29605",29605.0,SC,34.811348,-82.389753,SFR,1945.0,2.0,2.0,1316.0,0.2800046,495000.0,2024-04-30,Resale,376.14,24860,"Greenville-Anderson-Greer, SC",2024,4,79.0,5.929961414513932
1605821,45045,0212.00-04-041.00,"209 RICE ST, GREENVILLE, SC 29605",29605.0,SC,34.811666,-82.386906,SFR,1955.0,3.0,2.0,2429.0,0.472,1025000.0,2025-12-29,Resale,421.98,24860,"Greenville-Anderson-Greer, SC",2025,12,70.0,6.044957919547982
1605827,45045,0222.01-06-013.00,"147 ROCKWOOD DR, GREENVILLE, SC 29605",29605.0,SC,34.812275,-82.391311,SFR,1968.0,3.0,3.0,2410.0,0.4339991,935000.0,2025-07-17,Resale,387.97,24860,"Greenville-Anderson-Greer, SC",2025,7,57.0,5.9609280170463315
1614008,45045,0498.04-01-019.00,"504 CYPRESS LINKS WAY, TAYLORS, SC 29687",29687.0,SC,34.935373,-82.356151,SFR,2007.0,3.0,3.0,2770.0,0.4,715000.0,2025-12-15,Resale,258.12,24860,"Greenville-Anderson-Greer, SC",2025,12,18.0,5.553424593067639
1614015,45045,0498.04-01-025.00,"516 CYPRESS LINKS WAY, TAYLORS, SC 29687",29687.0,SC,34.93511,-82.358323,SFR,2009.0,3.0,4.5,4454.0,0.794,1132000.0,2026-01-16,Resale,254.15,24860,"Greenville-Anderson-Greer, SC",2026,1,17.0,5.537924643892912
1614023,45045,0525.06-01-060.00,"302 SASSAFRAS DR, TAYLORS, SC 29687",29687.0,SC,34.932271,-82.347065,SFR,1980.0,3.0,3.0,3269.0,0.4235537,627500.0,2025-08-01,Resale,191.95,24860,"Greenville-Anderson-Greer, SC",2025,8,45.0,5.257234921446806
1614026,45045,0525.06-01-044.00,"303 SASSAFRAS DR, TAYLORS, SC 29687",29687.0,SC,34.932662,-82.346509,SFR,1975.0,4.0,3.0,4936.0,,350000.0,2024-03-25,Construction Loan/Financing,70.91,24860,"Greenville-Anderson-Greer, SC",2024,3,49.0,4.261411467315905
1630820,45045,0533.23-01-011.00,"122 WATERFORD PARK DR, GREER, SC 29650",29650.0,SC,34.863919,-82.281465,SFR,1999.0,3.0,3.0,1428.0,,238000.0,2025-01-24,Resale,166.67,24860,"Greenville-Anderson-Greer, SC",2025,1,26.0,5.116015809554085
1630833,45045,0533.23-01-125.00,"336 CLAYBROOKE DR, GREER, SC 29650",29650.0,SC,34.865021,-82.282707,SFR,2000.0,3.0,3.0,1568.0,,243000.0,2024-03-01,Resale,154.97,24860,"Greenville-Anderson-Greer, SC",2024,3,24.0,5.043231549799244
1630835,45045,0533.23-01-126.00,"338 CLAYBROOKE DR, GREER, SC 29650",29650.0,SC,34.864994,-82.282796,SFR,2000.0,3.0,3.0,1599.0,,260000.0,2025-02-19,Resale,162.6,24860,"Greenville-Anderson-Greer, SC",2025,2,25.0,5.0912931971137105
1631395,45045,0535.08-01-171.00,"204 RIVERSIDE CHASE CIR, GREER, SC 29650",29650.0,SC,34.907865,-82.252692,SFR,1997.0,3.0,3.0,1592.0,,300000.0,2025-05-23,Resale,188.44,24860,"Greenville-Anderson-Greer, SC",2025,5,28.0,5.23877965383184
1631403,45045,0535.08-01-059.00,"105 FAWNBROOK DR, GREER, SC 29650",29650.0,SC,34.90767,-82.250165,SFR,1995.0,3.0,2.0,1592.0,,240000.0,2025-03-28,Resale,150.75,24860,"Greenville-Anderson-Greer, SC",2025,3,30.0,5.015622835607295
1640507,45045,0167.00-01-042.00,"203 VON HOLLEN DR, GREENVILLE, SC 29617",29617.0,SC,34.893141,-82.410229,SFR,1963.0,2.0,1.0,870.0,0.188,145000.0,2025-12-31,Resale,166.67,24860,"Greenville-Anderson-Greer, SC",2025,12,62.0,5.116015809554085
1648589,45045,0373.00-05-006.34,"6 PELICAN PL, GREENVILLE, SC 29605",29605.0,SC,34.785002,-82.388691,SFR,2002.0,3.0,2.0,1487.0,0.3949954,245000.0,2024-05-24,Resale,164.76,24860,"Greenville-Anderson-Greer, SC",2024,5,22.0,5.10448986956788
1718856,45045,0234.00-01-027.00,"305 MCDOWELL ST, GREENVILLE, SC 29611",29611.0,SC,34.848943,-82.439164,SFR,1961.0,2.0,1.0,1006.0,0.71,200000.0,2026-04-02,Resale,198.81,24860,"Greenville-Anderson-Greer, SC",2026,4,65.0,5.292349594768245
1718868,45045,0121.00-10-011.00,"8 CALDER ST, GREENVILLE, SC 29611",29611.0,SC,34.846484,-82.431816,RESIDENTIAL - VACANT LAND,1950.0,2.0,1.0,970.0,,709329.0,2025-12-04,Resale,731.27,24860,"Greenville-Anderson-Greer, SC",2025,12,75.0,6.594782748599401
1718888,45045,0394.00-01-013.00,"12 HORSE SHOE CIR, GREENVILLE, SC 29605",29605.0,SC,34.778563,-82.37342,SFR,1960.0,2.0,1.0,1016.0,0.4815427,190000.0,2024-07-31,Resale,187.01,24860,"Greenville-Anderson-Greer, SC",2024,7,64.0,5.231162091360629
1718891,45045,0389.00-07-015.00,"46 ECHOLS DR, GREENVILLE, SC 29605",29605.0,SC,34.785172,-82.369295,SFR,1963.0,3.0,1.0,1275.0,0.2594123,246000.0,2025-04-10,Resale,192.94,24860,"Greenville-Anderson-Greer, SC",2025,4,62.0,5.262379259742407
1718896,45045,0381.00-02-012.00,"6 MAYFLOWER AVE, GREENVILLE, SC 29605",29605.0,SC,34.76794,-82.385617,SFR,1967.0,3.0,1.0,1254.0,0.224,120000.0,2026-04-14,Resale,95.69,24860,"Greenville-Anderson-Greer, SC",2026,4,59.0,4.561113799791172
1718931,45045,0008.00-01-019.00,"309 WILTON ST, GREENVILLE, SC 29609",29609.0,SC,34.864139,-82.398561,SFR,1964.0,3.0,2.0,2253.0,0.1899908,910000.0,2025-04-30,Resale,403.91,24860,"Greenville-Anderson-Greer, SC",2025,4,61.0,6.001192080866493
1718949,45045,0452.00-01-007.02,"18 PATROL CLUB RD, GREENVILLE, SC 29609",29609.0,SC,34.921797,-82.423275,SFR,1971.0,3.0,3.0,2421.0,1.2,355000.0,2025-08-07,Resale,146.63,24860,"Greenville-Anderson-Greer, SC",2025,8,54.0,4.987912406988988
1718954,45045,0454.00-01-014.01,"111 MOUNTAIN BROOK TRL, GREENVILLE, SC 29609",29609.0,SC,34.924481,-82.414541,SFR,1996.0,3.0,2.0,1940.0,0.954,525000.0,2026-03-19,Resale,270.62,24860,"Greenville-Anderson-Greer, SC",2026,3,30.0,5.600715622835498
1718956,45045,0460.00-01-019.00,"7 MERRITT VIEW TER, GREENVILLE, SC 29609",29609.0,SC,34.922732,-82.413405,RESIDENTIAL - VACANT LAND,1963.0,5.0,3.0,3934.0,1.0,180000.0,2025-10-27,Resale,45.75,24860,"Greenville-Anderson-Greer, SC",2025,10,62.0,3.82319179172153
1718957,45045,0460.00-01-021.00,"19 MERRITT VIEW TER, GREENVILLE, SC 29609",29609.0,SC,34.9241,-82.41311,RESIDENTIAL - VACANT LAND,2016.0,3.0,2.0,1812.0,0.1300046,1250000.0,2025-12-15,Resale,689.85,24860,"Greenville-Anderson-Greer, SC",2025,12,9.0,6.536474182654042
1718969,45045,0111.00-09-002.00,"20 10TH ST, GREENVILLE, SC 29611",29611.0,SC,34.832286,-82.425365,SFR,1925.0,1.0,1.0,1152.0,0.1462351,118000.0,2025-01-29,Resale,102.43,24860,"Greenville-Anderson-Greer, SC",2025,1,100.0,4.629179638448443
1742288,45045,0199.01-02-052.00,"7 CLOVERDALE LN, GREENVILLE, SC 29607",29607.0,SC,34.840949,-82.37047,SFR,1961.0,3.0,2.0,1772.0,0.4129936,330000.0,2024-12-20,Resale,186.23,24860,"Greenville-Anderson-Greer, SC",2024,12,63.0,5.226982468943414
1742298,45045,0199.01-01-001.00,"1300 LAURENS RD, GREENVILLE, SC 29607",29607.0,SC,34.845214,-82.366808,OFFICE & RESIDENTIAL,1940.0,3.0,1.0,1204.0,0.357989,430000.0,2024-11-21,Resale,357.14,24860,"Greenville-Anderson-Greer, SC",2024,11,84.0,5.878127861768979
1818606,45045,T010.02-01-004.28,"1514 CLEMENT RD, GREER, SC 29650",29650.0,SC,34.924074,-82.270679,SFR,1987.0,3.0,2.0,2677.0,2.5,468000.0,2026-05-11,Resale,174.82,24860,"Greenville-Anderson-Greer, SC",2026,5,39.0,5.163756873152342
1820987,45045,0533.23-01-130.00,"346 CLAYBROOKE DR, GREER, SC 29650",29650.0,SC,34.865283,-82.283154,SFR,1999.0,3.0,3.0,1567.0,,255000.0,2024-05-24,Resale,162.73,24860,"Greenville-Anderson-Greer, SC",2024,5,25.0,5.092092385672523
1828263,45045,0574.10-01-084.00,"404 TEBBLEWOOD DR, SIMPSONVILLE, SC 29680",29680.0,SC,34.723351,-82.276812,SFR,1975.0,3.0,2.0,1130.0,,224900.0,2025-12-16,Resale,199.03,24860,"Greenville-Anderson-Greer, SC",2025,12,50.0,5.293455567131129
1831737,45045,0164.00-04-008.00,"12 E DECATUR ST, GREENVILLE, SC 29617",29617.0,SC,34.889426,-82.420394,SFR,1950.0,2.0,1.5,903.0,0.22,160000.0,2026-01-06,Resale,177.19,24860,"Greenville-Anderson-Greer, SC",2026,1,76.0,5.177222603169978
1854110,45045,B008.02-01-196.00,"226 ALICE FARR DR, GREENVILLE, SC 29617",29617.0,SC,34.897072,-82.455677,SFR,2020.0,3.0,2.5,1674.0,0.382,313500.0,2026-03-30,Resale,187.28,24860,"Greenville-Anderson-Greer, SC",2026,3,6.0,5.232604823182656
1854133,45045,0201.00-06-001.00,"12 BRIDWELL AVE, GREENVILLE, SC 29607",29607.0,SC,34.839075,-82.37702,RESIDENTIAL - VACANT LAND,1947.0,3.0,1.0,1008.0,0.1,425000.0,2025-12-30,Resale,421.63,24860,"Greenville-Anderson-Greer, SC",2025,12,78.0,6.044128152190834
1854174,45045,0535.10-01-022.00,"7 SAUCER CT, GREER, SC 29650",29650.0,SC,34.910728,-82.258624,SFR,1998.0,3.0,2.0,1742.0,,349900.0,2025-03-07,Resale,200.86,24860,"Greenville-Anderson-Greer, SC",2025,3,27.0,5.302608147965193
1854197,45045,0583.01-01-003.33,"1 NOVATAK CT, GREENVILLE, SC 29605",29605.0,SC,34.740153,-82.33258,SFR,2003.0,3.0,2.0,1166.0,0.2199954,230000.0,2025-10-09,Resale,197.26,24860,"Greenville-Anderson-Greer, SC",2025,10,22.0,5.284522655525848
1854201,45045,0501.05-01-020.00,"2010 TIGERVILLE RD, TRAVELERS REST, SC 29690",29690.0,SC,35.00559,-82.390184,SFR,2004.0,3.0,2.0,1439.0,0.4,310000.0,2025-01-23,Resale,215.43,24860,"Greenville-Anderson-Greer, SC",2025,1,21.0,5.372636030790336
1854206,45045,0502.03-01-007.03,"21 BOULDER CREST CT, TRAVELERS REST, SC 29690",29690.0,SC,35.035137,-82.387187,MOBILE HOME,1992.0,3.0,2.0,1680.0,2.0,257000.0,2025-12-19,Resale,152.98,24860,"Greenville-Anderson-Greer, SC",2025,12,33.0,5.03030719389372
1854227,45045,P015.08-03-007.00,"8 TIPPERARY LN, TAYLORS, SC 29687",29687.0,SC,34.900075,-82.325351,SFR,1964.0,2.0,1.0,1048.0,0.258,225000.0,2024-05-10,Resale,214.69,24860,"Greenville-Anderson-Greer, SC",2024,5,60.0,5.369195127181474
1854228,45045,T031.00-03-156.00,"108 HARTSVILLE DR, TAYLORS, SC 29687",29687.0,SC,34.907898,-82.323269,SFR,1967.0,3.0,2.0,1924.0,0.3305785,216000.0,2024-08-14,Resale,112.27,24860,"Greenville-Anderson-Greer, SC",2024,8,57.0,4.720906684470688
1854231,45045,P015.05-03-017.00,"107 MAYFLOWER ST, TAYLORS, SC 29687",29687.0,SC,34.904995,-82.330112,SFR,1964.0,2.0,1.0,1095.0,0.1205234,199050.0,2024-04-26,Resale,181.78,24860,"Greenville-Anderson-Greer, SC",2024,4,60.0,5.202797164690624
1866070,45045,0117.00-04-011.09,"17 SPRINGSIDE AVE, GREENVILLE, SC 29611",29611.0,SC,34.839043,-82.432879,SFR,1955.0,2.0,1.0,1342.0,0.1899908,85000.0,2025-10-15,Resale,63.34,24860,"Greenville-Anderson-Greer, SC",2025,10,70.0,4.148517041110494
1866327,45045,0354.03-01-065.00,"421 QUAIL RUN CIR, FOUNTAIN INN, SC 29644",29644.0,SC,34.704321,-82.208761,SFR,1990.0,3.0,3.0,2084.0,0.997,220000.0,2026-02-23,Resale,105.57,24860,"Greenville-Anderson-Greer, SC",2026,2,36.0,4.659374240001603
1920788,45045,0548.35-01-118.00,"209 KARSTEN CREEK DR, SIMPSONVILLE, SC 29681",29681.0,SC,34.798248,-82.216686,SFR,1999.0,3.0,2.0,1766.0,0.3,308000.0,2025-08-14,Resale,174.41,24860,"Greenville-Anderson-Greer, SC",2025,8,26.0,5.161408849280577
1920802,45045,0550.11-01-013.00,"10 PASTURE PL, SIMPSONVILLE, SC 29681",29681.0,SC,34.793405,-82.197691,SFR,2000.0,3.0,3.0,2080.0,0.2100092,311900.0,2024-05-24,Resale,149.95,24860,"Greenville-Anderson-Greer, SC",2024,5,24.0,5.010301905195018
1920808,45045,0548.35-01-139.00,"115 INNISBROOK LN, SIMPSONVILLE, SC 29681",29681.0,SC,34.799277,-82.216024,SFR,2000.0,3.0,3.0,1974.0,0.2190083,375000.0,2025-06-10,Resale,189.97,24860,"Greenville-Anderson-Greer, SC",2025,6,25.0,5.246866164956958
1949398,45045,0535.05-01-054.00,"102 W HACKNEY RD, GREER, SC 29650",29650.0,SC,34.899375,-82.277339,SFR,1991.0,4.0,4.0,3127.0,,639900.0,2025-10-24,Resale,204.64,24860,"Greenville-Anderson-Greer, SC",2025,10,34.0,5.321252337830533
1949411,45045,0538.21-01-053.00,"111 FIRETHORNE CT, GREER, SC 29650",29650.0,SC,34.897816,-82.276615,SFR,1997.0,4.0,3.0,2652.0,0.3401974,560000.0,2025-08-22,Resale,211.16,24860,"Greenville-Anderson-Greer, SC",2025,8,28.0,5.3526161399554155
1949626,45045,0479.01-01-008.00,"100 NORTHCLIFF WAY, GREENVILLE, SC 29617",29617.0,SC,34.943163,-82.446384,SFR,1998.0,3.0,2.5,2048.0,0.218,445000.0,2025-04-08,Resale,217.29,24860,"Greenville-Anderson-Greer, SC",2025,4,27.0,5.381232866875345
1963917,45045,0540.06-01-026.00,"306 SEABURY DR, GREENVILLE, SC 29615",29615.0,SC,34.86097,-82.309418,SFR,1978.0,4.0,2.5,2378.0,0.618,375000.0,2024-04-01,Resale,157.7,24860,"Greenville-Anderson-Greer, SC",2024,4,46.0,5.060694493968993
1963933,45045,0537.18-01-016.00,"310 SAINT CROIX CT, GREER, SC 29651",29651.0,SC,34.968894,-82.239961,SFR,2001.0,3.0,3.0,2216.0,0.3320018,385000.0,2025-11-19,Resale,173.74,24860,"Greenville-Anderson-Greer, SC",2025,11,24.0,5.157559928831774
1963937,45045,T018.01-03-007.00,"210 MONTCLAIR RD, GREER, SC 29651",29651.0,SC,34.954304,-82.259103,SFR,1967.0,4.0,3.0,2546.0,0.477,440000.0,2024-05-23,Resale,172.82,24860,"Greenville-Anderson-Greer, SC",2024,5,57.0,5.152250590413253
1963974,45045,0525.03-01-080.00,"118 MONARCH PL, TAYLORS, SC 29687",29687.0,SC,34.933658,-82.334956,SFR,1995.0,3.0,2.0,1756.0,0.3181818,335000.0,2025-10-10,Resale,190.77,24860,"Greenville-Anderson-Greer, SC",2025,10,30.0,5.251068513947426
1964019,45045,0242.01-03-012.00,"17 COLE RD, GREENVILLE, SC 29611",29611.0,SC,34.821372,-82.448249,SFR,1961.0,3.0,1.0,1218.0,0.446281,241000.0,2024-07-19,Resale,197.87,24860,"Greenville-Anderson-Greer, SC",2024,7,63.0,5.287610249404349
2029866,45045,0602.05-01-008.00,"16 LAWS LN, PIEDMONT, SC 29673",29673.0,SC,34.704137,-82.418322,SFR,2004.0,3.0,2.5,1655.0,0.22,260000.0,2026-03-12,Resale,157.1,24860,"Greenville-Anderson-Greer, SC",2026,3,22.0,5.056882545261575
2034527,45045,0198.00-04-012.06,"5 HALEY CT, GREENVILLE, SC 29607",29607.0,SC,34.845226,-82.368979,SFR,1996.0,3.0,2.0,1150.0,0.1379936,371000.0,2024-07-29,Resale,322.61,24860,"Greenville-Anderson-Greer, SC",2024,7,28.0,5.776444163350788
2034529,45045,0198.00-04-012.00,"10 HALEY CT, GREENVILLE, SC 29607",29607.0,SC,34.84511,-82.368354,SFR,1996.0,3.0,2.0,1448.0,0.208,265000.0,2025-10-23,Resale,183.01,24860,"Greenville-Anderson-Greer, SC",2025,10,29.0,5.2095407961571905
2058414,45045,0191.00-05-026.00,"100 WOODVILLE AVE, GREENVILLE, SC 29607",29607.0,SC,34.85531,-82.378414,SFR,1961.0,2.0,1.0,832.0,0.172,290000.0,2026-05-13,Resale,348.56,24860,"Greenville-Anderson-Greer, SC",2026,5,65.0,5.853810381809187
2058421,45045,0190.00-02-029.00,"1511 E NORTH ST, GREENVILLE, SC 29607",29607.0,SC,34.859734,-82.379165,SFR,1975.0,3.0,1.5,1356.0,0.383,371000.0,2026-04-08,Resale,273.6,24860,"Greenville-Anderson-Greer, SC",2026,4,51.0,5.611667185748395
2058963,45045,P015.02-02-014.00,"105 BAHAN ST, TAYLORS, SC 29687",29687.0,SC,34.898054,-82.348739,SFR,1965.0,3.0,1.0,1281.0,,329819.0,2025-02-18,Resale,257.47,24860,"Greenville-Anderson-Greer, SC",2025,2,60.0,5.550903208462204
2058967,45045,P015.03-03-005.00,"300 DONNAN RD, TAYLORS, SC 29687",29687.0,SC,34.902042,-82.345353,SFR,1965.0,3.0,2.0,1590.0,0.316,240000.0,2024-05-10,Resale,150.94,24860,"Greenville-Anderson-Greer, SC",2024,5,59.0,5.016882406856722
2058972,45045,P015.03-05-014.00,"222 MERIDIAN AVE, TAYLORS, SC 29687",29687.0,SC,34.901155,-82.342524,SFR,1965.0,3.0,1.5,1098.0,0.504,274000.0,2026-05-05,Resale,249.54,24860,"Greenville-Anderson-Greer, SC",2026,5,61.0,5.519619222982875
2146206,45045,M006.02-01-158.00,"107 PINEHURST DR, MAULDIN, SC 29662",29662.0,SC,34.772217,-82.304933,SFR,1970.0,4.0,3.0,2777.0,0.3305785,359000.0,2025-07-08,Resale,129.28,24860,"Greenville-Anderson-Greer, SC",2025,7,55.0,4.861980594772786
2153240,45045,0631.13-01-011.00,"505 BRIGHTFIELD LN, GREER, SC 29651",29651.0,SC,34.998031,-82.24647,SFR,2004.0,3.0,2.0,1327.0,0.57,261900.0,2026-04-09,Resale,197.36,24860,"Greenville-Anderson-Greer, SC",2026,4,22.0,5.285029472221101
2173907,45045,0566.06-01-016.00,"630 FAIRVIEW LAKE WAY, SIMPSONVILLE, SC 29680",29680.0,SC,34.696758,-82.248496,SFR,2000.0,3.0,3.0,2042.0,0.2059917,302000.0,2025-10-22,Resale,147.89,24860,"Greenville-Anderson-Greer, SC",2025,10,25.0,4.996468754178678
2173910,45045,0566.05-01-076.00,"6 FAIRVIEW LAKE WAY, SIMPSONVILLE, SC 29680",29680.0,SC,34.701174,-82.256193,SFR,1996.0,3.0,2.0,1441.0,0.2199954,274000.0,2024-11-27,Resale,190.15,24860,"Greenville-Anderson-Greer, SC",2024,11,28.0,5.247813234374268
2173919,45045,0566.05-01-119.00,"104 CROSSVIEW DR, SIMPSONVILLE, SC 29680",29680.0,SC,34.699817,-82.253524,SFR,1998.0,3.0,3.0,2035.0,,295000.0,2024-09-19,Resale,144.96,24860,"Greenville-Anderson-Greer, SC",2024,9,26.0,4.9764578422946695
2177249,45045,0117.00-01-006.02,"303 WEST AVE, GREENVILLE, SC 29611",29611.0,SC,34.842334,-82.434775,SFR,1955.0,3.0,1.0,1255.0,0.3,161000.0,2025-01-23,Resale,128.29,24860,"Greenville-Anderson-Greer, SC",2025,1,70.0,4.854293326261248
2177251,45045,0117.00-02-001.00,"206 WEST AVE, GREENVILLE, SC 29611",29611.0,SC,34.84224,-82.434349,SFR,1992.0,3.0,2.0,864.0,0.2,225870.0,2025-05-30,Resale,261.42,24860,"Greenville-Anderson-Greer, SC",2025,5,33.0,5.566128309357405
2177252,45045,0117.00-02-009.00,"6 WACO ST, GREENVILLE, SC 29611",29611.0,SC,34.841707,-82.433212,SFR,1945.0,2.0,1.0,1072.0,0.2019972,10000.0,2025-03-28,Resale,9.33,24860,"Greenville-Anderson-Greer, SC",2025,3,80.0,2.2332350148592526
2218493,45045,0323.00-01-039.00,"110 CANEBREAK LN, SIMPSONVILLE, SC 29681",29681.0,SC,34.727604,-82.244819,SFR,1977.0,3.0,2.0,1628.0,0.1929982,68604.0,2024-06-06,Resale,42.14,24860,"Greenville-Anderson-Greer, SC",2024,6,47.0,3.740997408376043
2218506,45045,0323.00-01-065.00,"104 BRANDON CT, SIMPSONVILLE, SC 29681",29681.0,SC,34.726657,-82.246428,SFR,1980.0,3.0,2.0,1626.0,0.2699954,230000.0,2024-10-10,Resale,141.45,24860,"Greenville-Anderson-Greer, SC",2024,10,44.0,4.951946297747576
2219313,45045,0125.00-03-027.00,"42 E 8TH ST, GREENVILLE, SC 29611",29611.0,SC,34.857535,-82.425457,SFR,1950.0,3.0,2.0,2048.0,0.1763085,250000.0,2024-01-26,Resale,122.07,24860,"Greenville-Anderson-Greer, SC",2024,1,74.0,4.804594650681708
2219314,45045,0125.00-03-002.00,"57 E 7TH ST, GREENVILLE, SC 29611",29611.0,SC,34.857271,-82.42473,SFR,1940.0,3.0,2.0,1455.0,0.157,275000.0,2026-02-13,Resale,189.0,24860,"Greenville-Anderson-Greer, SC",2026,2,86.0,5.241747015059643
2230477,45045,0540.03-01-009.24,"417 PHILLIPS LN, GREER, SC 29650",29650.0,SC,34.873318,-82.287274,SFR,2009.0,3.0,2.0,4480.0,0.7600092,340000.0,2025-06-25,Resale,75.89,24860,"Greenville-Anderson-Greer, SC",2025,6,16.0,4.3292849234158215
2252178,45045,0187.00-11-027.01,"302 MCDONALD ST, GREENVILLE, SC 29609",29609.0,SC,34.866892,-82.388228,SFR,1961.0,2.0,1.0,1131.0,0.3350092,387750.0,2025-04-24,Resale,342.84,24860,"Greenville-Anderson-Greer, SC",2025,4,64.0,5.837263866030682
2257241,45045,0268.03-08-004.00,"115 BUCKINGHAM RD, GREENVILLE, SC 29607",29607.0,SC,34.828376,-82.3572,SFR,1972.0,4.0,3.0,2691.0,0.43,980000.0,2025-02-03,Construction Loan/Financing,364.18,24860,"Greenville-Anderson-Greer, SC",2025,2,53.0,5.897648250903697
2265757,45045,0534.12-01-012.00,"211 WYCLIFFE DR, GREER, SC 29650",29650.0,SC,34.874263,-82.279364,SFR,1987.0,4.0,2.5,2320.0,0.316,560000.0,2024-09-13,Resale,241.38,24860,"Greenville-Anderson-Greer, SC",2024,9,37.0,5.486372455189752
2270788,45045,T029.05-01-063.00,"204 OLD MILL RD, TAYLORS, SC 29687",29687.0,SC,34.927923,-82.323715,SFR,1964.0,4.0,3.0,2816.0,0.5262856,210000.0,2025-06-06,Resale,74.57,24860,"Greenville-Anderson-Greer, SC",2025,6,61.0,4.311738281555703
2270805,45045,T029.03-01-188.00,"220 EDWARDS MILL RD, TAYLORS, SC 29687",29687.0,SC,34.924481,-82.319959,SFR,1996.0,3.0,3.0,2369.0,0.5831038,425000.0,2025-03-27,Resale,179.4,24860,"Greenville-Anderson-Greer, SC",2025,3,29.0,5.1896179496246955
2270809,45045,T002.01-01-048.00,"5 E WOODBURN DR, TAYLORS, SC 29687",29687.0,SC,34.922253,-82.317815,SFR,1972.0,4.0,3.0,2200.0,0.3181818,372000.0,2025-05-02,Resale,169.09,24860,"Greenville-Anderson-Greer, SC",2025,5,53.0,5.130431117550338
2323147,45045,T021.00-01-104.07,"229 N RUTHERFORD RD, GREER, SC 29651",29651.0,SC,34.967368,-82.283115,SFR,2001.0,3.0,2.0,1861.0,1.01,340000.0,2024-12-30,Resale,182.7,24860,"Greenville-Anderson-Greer, SC",2024,12,23.0,5.207845463383961
2323153,45045,T009.02-01-014.01,"274 FAIRHAVEN DR, GREER, SC 29651",29651.0,SC,34.95055,-82.291209,SFR,1972.0,3.0,2.0,2175.0,1.18,475000.0,2025-04-04,Resale,218.39,24860,"Greenville-Anderson-Greer, SC",2025,4,53.0,5.386282455276681
2323165,45045,0543.06-01-080.04,"8 PRESTIGE CT, GREENVILLE, SC 29615",29615.0,SC,34.860319,-82.318827,SFR,1998.0,5.0,3.0,2874.0,0.4,772100.0,2026-04-17,Resale,268.65,24860,"Greenville-Anderson-Greer, SC",2026,4,28.0,5.59340941717483
2323187,45045,0274.03-01-040.00,"502 DELLWOOD DR, GREENVILLE, SC 29609",29609.0,SC,34.879367,-82.369769,SFR,1963.0,3.0,1.0,1284.0,0.2760101,245000.0,2025-10-29,Resale,190.81,24860,"Greenville-Anderson-Greer, SC",2025,10,62.0,5.2512781685422505
2323211,45045,0538.29-01-048.00,"2 RUNNING SPRINGS CT, GREER, SC 29650",29650.0,SC,34.881687,-82.28007,SFR,1996.0,4.0,3.0,3318.0,0.4300046,775000.0,2025-06-03,Resale,233.57,24860,"Greenville-Anderson-Greer, SC",2025,6,29.0,5.453481818049386
2323212,45045,0534.03-01-105.00,"400 STONE RIDGE RD, GREER, SC 29650",29650.0,SC,34.881278,-82.271662,SFR,1978.0,4.0,3.0,2996.0,0.43,738000.0,2026-02-13,Resale,246.33,24860,"Greenville-Anderson-Greer, SC",2026,2,48.0,5.5066721003888075
2323218,45045,0534.03-01-376.00,"105 BERRYWOOD CT, GREER, SC 29650",29650.0,SC,34.882629,-82.27632,SFR,1979.0,4.0,2.5,2518.0,0.319,575000.0,2026-05-01,Resale,228.36,24860,"Greenville-Anderson-Greer, SC",2026,5,47.0,5.430923331096058
2323255,45045,0534.34-01-009.00,"304 ROCKBROOK CT, GREER, SC 29650",29650.0,SC,34.872363,-82.249546,SFR,1999.0,3.0,3.0,1674.0,,300000.0,2025-02-13,Resale,179.21,24860,"Greenville-Anderson-Greer, SC",2025,2,26.0,5.188558302555298
2327799,45045,0153.01-01-017.00,"32 BUFF ST, GREENVILLE, SC 29609",29609.0,SC,34.872948,-82.415714,SFR,2002.0,3.0,2.0,1320.0,,175000.0,2024-09-25,Resale,132.58,24860,"Greenville-Anderson-Greer, SC",2024,9,22.0,4.887186236813245
2327808,45045,0156.00-05-035.00,"504 MCCRARY ST, GREENVILLE, SC 29609",29609.0,SC,34.877923,-82.421759,SFR,1955.0,2.0,1.0,1272.0,0.1721763,262500.0,2025-02-26,Resale,206.37,24860,"Greenville-Anderson-Greer, SC",2025,2,70.0,5.3296706742060325
2342743,45045,0345.00-04-013.00,"113 3RD ST, FOUNTAIN INN, SC 29644",29644.0,SC,34.690424,-82.203291,SFR,1960.0,2.0,2.0,768.0,0.1050046,205000.0,2025-02-28,Resale,266.93,24860,"Greenville-Anderson-Greer, SC",2025,2,65.0,5.586986451742444
2342779,45045,0574.15-01-057.00,"907 DAVENPORT RD, SIMPSONVILLE, SC 29680",29680.0,SC,34.717365,-82.274176,SFR,1980.0,3.0,2.0,1248.0,,275000.0,2024-03-28,Resale,220.35,24860,"Greenville-Anderson-Greer, SC",2024,3,44.0,5.395217191287996
2346087,45045,0533.20-01-034.00,"416 MILSTEAD WAY, GREENVILLE, SC 29615",29615.0,SC,34.841965,-82.2595,SFR,1998.0,2.0,2.0,1279.0,,230000.0,2025-03-25,Resale,179.83,24860,"Greenville-Anderson-Greer, SC",2025,3,27.0,5.192011960177106
2346090,45045,0533.07-01-043.00,"308 LAKESIDE TER, GREENVILLE, SC 29615",29615.0,SC,34.847398,-82.265842,SFR,1988.0,1.0,1.0,994.0,,130000.0,2025-02-19,Resale,130.78,24860,"Greenville-Anderson-Greer, SC",2025,2,37.0,4.87351652213313
2346092,45045,0533.19-01-038.00,"104 SUMMERSIDE DR, GREENVILLE, SC 29615",29615.0,SC,34.84201,-82.261335,SFR,1996.0,3.0,2.0,2050.0,0.25,400000.0,2025-09-24,Resale,195.12,24860,"Greenville-Anderson-Greer, SC",2025,9,29.0,5.2736147539076645
2352838,45045,0208.00-03-022.00,"25 CLUB DR, GREENVILLE, SC 29605",29605.0,SC,34.811577,-82.380086,SFR,1945.0,4.0,4.0,3962.0,0.2780073,1335000.0,2025-05-30,Resale,336.95,24860,"Greenville-Anderson-Greer, SC",2025,5,80.0,5.819934551392226
2352839,45045,0212.00-04-046.00,"11 WAVERLY CT, GREENVILLE, SC 29605",29605.0,SC,34.811794,-82.385779,SFR,1955.0,3.0,2.0,1388.0,0.2309917,540000.0,2025-06-25,Resale,389.05,24860,"Greenville-Anderson-Greer, SC",2025,6,70.0,5.963707870062939
2352840,45045,0365.00-03-018.00,"18 MILTON DR, GREENVILLE, SC 29605",29605.0,SC,34.802882,-82.383122,SFR,1950.0,3.0,1.0,1173.0,0.389,215000.0,2026-04-27,Resale,183.29,24860,"Greenville-Anderson-Greer, SC",2026,4,76.0,5.211069597983756
2352846,45045,0222.03-04-003.00,"17 PROSPERITY CT, GREENVILLE, SC 29605",29605.0,SC,34.802064,-82.387281,SFR,1964.0,2.0,1.0,1025.0,0.4379936,275000.0,2025-07-11,Resale,268.29,24860,"Greenville-Anderson-Greer, SC",2025,7,61.0,5.5920684850262
2352852,45045,0222.03-04-002.00,"19 PROSPERITY CT, GREENVILLE, SC 29605",29605.0,SC,34.802294,-82.387499,SFR,1965.0,4.0,2.0,1350.0,0.2699954,254374.0,2024-07-19,Resale,188.43,24860,"Greenville-Anderson-Greer, SC",2024,7,59.0,5.238726585134399
2353148,45045,0155.00-13-009.00,"412 MCCRARY ST, GREENVILLE, SC 29609",29609.0,SC,34.877805,-82.421138,SFR,1955.0,3.0,2.0,1178.0,0.1721763,154000.0,2024-05-13,Resale,130.73,24860,"Greenville-Anderson-Greer, SC",2024,5,69.0,4.873134127573769
2358927,45045,0575.10-01-097.00,"311 WINDY MEADOW WAY, SIMPSONVILLE, SC 29680",29680.0,SC,34.696394,-82.282872,SFR,1994.0,3.0,2.0,1297.0,,160000.0,2024-01-09,Resale,123.36,24860,"Greenville-Anderson-Greer, SC",2024,1,30.0,4.815106909815019
2358936,45045,0575.07-01-048.00,"403 WILD HORSE CREEK DR, SIMPSONVILLE, SC 29680",29680.0,SC,34.702534,-82.290641,SFR,1994.0,3.0,3.0,2069.0,0.3469927,445000.0,2024-05-07,Resale,215.08,24860,"Greenville-Anderson-Greer, SC",2024,5,30.0,5.371010051941477
2358937,45045,0575.07-01-044.00,"411 WILD HORSE CREEK DR, SIMPSONVILLE, SC 29680",29680.0,SC,34.703222,-82.291366,SFR,1992.0,3.0,3.0,1888.0,,350000.0,2025-06-24,Resale,185.38,24860,"Greenville-Anderson-Greer, SC",2025,6,33.0,5.222407772447687
2361774,45045,M007.08-01-094.00,"4 OLD HASTINGS CT, MAULDIN, SC 29662",29662.0,SC,34.762653,-82.317153,SFR,1999.0,3.0,2.5,1646.0,0.2,299500.0,2026-03-23,Resale,181.96,24860,"Greenville-Anderson-Greer, SC",2026,3,27.0,5.203786882701803
2367575,45045,0525.13-01-068.00,"104 AMBERJACK CT, TAYLORS, SC 29687",29687.0,SC,34.931951,-82.338856,SFR,1999.0,3.0,2.0,2144.0,,418000.0,2025-01-31,Resale,194.96,24860,"Greenville-Anderson-Greer, SC",2025,1,26.0,5.272794409316951
2372541,45045,0548.35-01-145.00,"114 INNISBROOK LN, SIMPSONVILLE, SC 29681",29681.0,SC,34.799647,-82.216618,SFR,2000.0,3.0,2.0,1766.0,0.2620064,340000.0,2024-09-04,Resale,192.53,24860,"Greenville-Anderson-Greer, SC",2024,9,24.0,5.260251985741244
2379272,45045,0205.00-03-009.00,"71 WOODVALE AVE, GREENVILLE, SC 29605",29605.0,SC,34.821567,-82.379997,SFR,1972.0,4.0,4.0,2448.0,0.2550046,1521000.0,2024-01-26,Resale,621.32,24860,"Greenville-Anderson-Greer, SC",2024,1,52.0,6.431846247119706
2379278,45045,0204.00-03-001.30,"6 STONE HOLW, GREENVILLE, SC 29605",29605.0,SC,34.826619,-82.386658,SFR,1992.0,5.0,4.5,3386.0,0.738,1400000.0,2026-03-12,Resale,413.47,24860,"Greenville-Anderson-Greer, SC",2026,3,34.0,6.0245849604411985
2379288,45045,0098.00-02-034.00,"452 LONGVIEW TER, GREENVILLE, SC 29605",29605.0,SC,34.828058,-82.384274,SFR,1966.0,3.0,2.0,1624.0,0.2969927,835000.0,2024-04-09,Resale,514.16,24860,"Greenville-Anderson-Greer, SC",2024,4,58.0,6.242534501063031
2382363,45045,0279.00-01-007.59,"419 FALLING ROCK WAY, GREENVILLE, SC 29615",29615.0,SC,34.866864,-82.34475,SFR,2002.0,3.0,2.0,1778.0,,391000.0,2025-05-27,Resale,219.91,24860,"Greenville-Anderson-Greer, SC",2025,5,23.0,5.393218371742757
2382372,45045,0543.07-01-029.00,"109 PROVIDENCE SQ, GREENVILLE, SC 29615",29615.0,SC,34.862992,-82.327364,SFR,1970.0,5.0,3.0,3009.0,0.7327824,615000.0,2024-04-30,Resale,204.39,24860,"Greenville-Anderson-Greer, SC",2024,4,54.0,5.320029933453687
2423192,45045,0189.01-10-004.00,"110 RIDGECREST DR, GREENVILLE, SC 29609",29609.0,SC,34.869356,-82.37974,SFR,1971.0,3.0,2.0,1481.0,0.3,429500.0,2025-04-24,Resale,290.01,24860,"Greenville-Anderson-Greer, SC",2025,4,54.0,5.669915405144624
2427532,45045,T033.00-01-015.00,"15 WOOD CIR, TAYLORS, SC 29687",29687.0,SC,34.911182,-82.311484,SFR,1976.0,3.0,2.0,1372.0,0.815,180000.0,2025-08-22,Resale,131.2,24860,"Greenville-Anderson-Greer, SC",2025,8,49.0,4.876722876509988
2427535,45045,T002.00-04-105.00,"405 BROOK GLENN RD, TAYLORS, SC 29687",29687.0,SC,34.914347,-82.309367,SFR,1965.0,3.0,2.0,1524.0,0.3787879,340000.0,2025-11-17,Resale,223.1,24860,"Greenville-Anderson-Greer, SC",2025,11,60.0,5.407620101438487
2427540,45045,T033.00-02-136.00,"7 OAKWOOD AVE, TAYLORS, SC 29687",29687.0,SC,34.908912,-82.30768,SFR,1965.0,3.0,2.0,1525.0,0.3600092,260000.0,2025-02-25,Resale,170.49,24860,"Greenville-Anderson-Greer, SC",2025,2,60.0,5.13867664397714
2427541,45045,T033.00-02-137.00,"9 OAKWOOD AVE, TAYLORS, SC 29687",29687.0,SC,34.908817,-82.307959,SFR,1965.0,3.0,2.0,2452.0,0.3615702,255000.0,2025-03-17,Resale,104.0,24860,"Greenville-Anderson-Greer, SC",2025,3,60.0,4.6443908991413725
2444363,45045,0575.16-01-042.00,"309 SCHOONER CT, SIMPSONVILLE, SC 29680",29680.0,SC,34.705639,-82.305762,SFR,2002.0,3.0,3.0,2130.0,0.3019972,353000.0,2025-09-24,Resale,165.73,24860,"Greenville-Anderson-Greer, SC",2025,9,23.0,5.110359958135453
2444370,45045,0574.24-01-039.00,"408 COTTON HALL CT, SIMPSONVILLE, SC 29680",29680.0,SC,34.711624,-82.299298,SFR,2000.0,3.0,2.0,2028.0,0.2859963,355000.0,2025-07-14,Resale,175.05,24860,"Greenville-Anderson-Greer, SC",2025,7,25.0,5.165071647400675
2444377,45045,0574.24-01-013.00,"108 PRONGHORN CT, SIMPSONVILLE, SC 29680",29680.0,SC,34.711977,-82.30129,SFR,2001.0,3.0,3.0,1942.0,0.2859963,345000.0,2024-12-27,Resale,177.65,24860,"Greenville-Anderson-Greer, SC",2024,12,23.0,5.179815322467036
2457681,45045,0542.02-01-094.00,"115 MUSTANG CIR, SIMPSONVILLE, SC 29681",29681.0,SC,34.784558,-82.273609,SFR,1972.0,3.0,3.0,3328.0,3.15,450000.0,2025-08-12,Resale,135.22,24860,"Greenville-Anderson-Greer, SC",2025,8,53.0,4.906903081662532
2458595,45045,0539.03-01-082.00,"116 BLOCK HOUSE RD, GREENVILLE, SC 29615",29615.0,SC,34.835825,-82.247402,SFR,1990.0,4.0,3.5,3750.0,0.94,820000.0,2024-03-22,Resale,218.67,24860,"Greenville-Anderson-Greer, SC",2024,3,34.0,5.3875637440622315
2461183,45045,0534.35-01-037.00,"15 COULTER CT, GREER, SC 29650",29650.0,SC,34.886585,-82.251317,SFR,2002.0,3.0,2.0,1758.0,,350000.0,2025-10-14,Resale,199.09,24860,"Greenville-Anderson-Greer, SC",2025,10,23.0,5.293756983791705
2475990,45045,P015.13-01-010.00,"21 NORMANDY RD, GREENVILLE, SC 29615",29615.0,SC,34.885546,-82.333292,SFR,1980.0,4.0,3.0,3080.0,0.7070707,850000.0,2025-01-31,Resale,275.97,24860,"Greenville-Anderson-Greer, SC",2025,1,45.0,5.620292164157176
2475995,45045,P016.03-05-007.00,"12 MELBOURNE LN, GREENVILLE, SC 29615",29615.0,SC,34.881781,-82.32797,SFR,1968.0,4.0,2.0,2046.0,0.651,442500.0,2025-12-19,Resale,216.28,24860,"Greenville-Anderson-Greer, SC",2025,12,57.0,5.376573864513804
2476012,45045,P016.02-01-215.00,"200 ROSEMARY LN, GREENVILLE, SC 29615",29615.0,SC,34.885594,-82.325091,SFR,1968.0,4.0,2.5,2704.0,0.424,492500.0,2026-03-20,Resale,182.14,24860,"Greenville-Anderson-Greer, SC",2026,3,58.0,5.204775622139673
2480240,45045,P015.14-01-097.00,"815 EDWARDS RD UNIT 93, GREENVILLE, SC 29615",29615.0,SC,34.884091,-82.345538,SFR,1987.0,2.0,2.0,1080.0,,181000.0,2025-10-06,Resale,167.59,24860,"Greenville-Anderson-Greer, SC",2025,10,38.0,5.121520520396782
2549907,45045,M004.01-01-143.00,"111 PAXTON ST, MAULDIN, SC 29662",29662.0,SC,34.776501,-82.294857,SFR,1972.0,3.0,1.5,1225.0,0.394,175000.0,2024-10-07,Resale,142.86,24860,"Greenville-Anderson-Greer, SC",2024,10,52.0,4.961865129726826
2549910,45045,M004.01-01-166.00,"106 PAXTON ST, MAULDIN, SC 29662",29662.0,SC,34.775938,-82.295234,SFR,1967.0,3.0,2.0,1340.0,0.3334481,305000.0,2025-11-20,Resale,227.61,24860,"Greenville-Anderson-Greer, SC",2025,11,58.0,5.427633638018094
2620788,45045,0135.00-03-008.00,"5 COBB ST, GREENVILLE, SC 29611",29611.0,SC,34.862482,-82.433487,SFR,1958.0,3.0,2.0,1040.0,0.2038567,145000.0,2026-01-13,Resale,139.42,24860,"Greenville-Anderson-Greer, SC",2026,1,68.0,4.937490960058253
2646330,45045,T009.03-01-036.02,"32 CIRCLEVIEW DR, TAYLORS, SC 29687",29687.0,SC,34.942327,-82.277756,SFR,1997.0,3.0,2.0,1280.0,,220750.0,2025-07-22,Resale,172.46,24860,"Greenville-Anderson-Greer, SC",2025,7,28.0,5.150165325524179
2646335,45045,0192.00-03-004.00,"604 OVERBROOK RD, GREENVILLE, SC 29607",29607.0,SC,34.859011,-82.373663,SFR,1961.0,3.0,3.0,1957.0,0.2910009,490000.0,2024-06-21,Resale,250.38,24860,"Greenville-Anderson-Greer, SC",2024,6,63.0,5.522979763831517
2659849,45045,0498.01-01-040.00,"3506 STATE PARK RD, GREENVILLE, SC 29609",29609.0,SC,34.938377,-82.357241,RESIDENTIAL - VACANT LAND,1930.0,1.0,1.0,574.0,1.5,775000.0,2026-04-15,Resale,1350.17,24860,"Greenville-Anderson-Greer, SC",2026,4,96.0,7.207985789430397
2659851,45045,0498.09-01-007.00,"11 OVERLOOK CT, GREENVILLE, SC 29609",29609.0,SC,34.941107,-82.366905,SFR,1997.0,4.0,3.0,3232.0,3.0,725000.0,2025-01-09,Resale,224.32,24860,"Greenville-Anderson-Greer, SC",2025,1,28.0,5.413073603846225
2659861,45045,0531.09-01-134.00,"24 HALEHAVEN DR, SIMPSONVILLE, SC 29681",29681.0,SC,34.82796,-82.222699,SFR,1996.0,3.0,3.0,2406.0,,430000.0,2024-03-22,Resale,178.72,24860,"Greenville-Anderson-Greer, SC",2024,3,28.0,5.185820335320891
2659864,45045,0531.12-01-030.00,"226 N ORCHARD FARMS AVE, SIMPSONVILLE, SC 29681",29681.0,SC,34.827195,-82.220632,SFR,2000.0,4.0,3.0,2699.0,0.286,450000.0,2026-05-22,Resale,166.73,24860,"Greenville-Anderson-Greer, SC",2026,5,26.0,5.116375737572367
2673792,45045,G015.00-05-007.00,"208 GREEN ST, GREER, SC 29650",29650.0,SC,34.944993,-82.232371,SFR,1997.0,2.0,1.0,616.0,0.1,147000.0,2026-04-02,Resale,238.64,24860,"Greenville-Anderson-Greer, SC",2026,4,29.0,5.474956140206493
2673796,45045,G018.00-04-011.05,"103 FINLEY AVE, GREER, SC 29651",29651.0,SC,34.949386,-82.228232,SFR,1971.0,3.0,2.0,3084.0,0.6887052,385000.0,2024-10-08,Construction Loan/Financing,124.84,24860,"Greenville-Anderson-Greer, SC",2024,10,53.0,4.827032917402579
2673802,45045,0220.00-01-059.00,"505 TEAL TRL, GREENVILLE, SC 29605",29605.0,SC,34.821173,-82.403263,SFR,1990.0,2.0,2.0,1863.0,0.1190083,520000.0,2024-06-26,Resale,279.12,24860,"Greenville-Anderson-Greer, SC",2024,6,34.0,5.631641796878519
2678633,45045,P011.00-02-114.00,"35 N ACRES DR, GREENVILLE, SC 29609",29609.0,SC,34.891496,-82.36661,SFR,1965.0,2.0,1.0,957.0,0.195,205500.0,2024-11-15,Resale,214.73,24860,"Greenville-Anderson-Greer, SC",2024,11,59.0,5.369381424979041
2679865,45045,B003.02-05-001.00,"1423 E SALUDA LAKE RD, GREENVILLE, SC 29611",29611.0,SC,34.866578,-82.479004,SFR,1944.0,2.0,1.0,1082.0,2.0,125000.0,2024-11-15,Resale,115.53,24860,"Greenville-Anderson-Greer, SC",2024,11,80.0,4.749530236494927
2679881,45045,0539.21-01-027.00,"8 GALLANT FOX WAY, GREENVILLE, SC 29615",29615.0,SC,34.834439,-82.241227,SFR,1992.0,5.0,4.0,3772.0,1.0,1100000.0,2024-11-01,Resale,291.62,24860,"Greenville-Anderson-Greer, SC",2024,11,32.0,5.6754515848881395
2685329,45045,B008.01-02-080.00,"11 FAIRHOPE LN, GREENVILLE, SC 29617",29617.0,SC,34.911751,-82.451765,SFR,1995.0,3.0,2.0,1260.0,,250000.0,2025-03-19,Resale,198.41,24860,"Greenville-Anderson-Greer, SC",2025,3,30.0,5.290335596806379
2702202,45045,WG06.02-01-079.00,"113 GAYLE ST, PIEDMONT, SC 29673",29673.0,SC,34.769647,-82.422568,SFR,1968.0,3.0,2.0,1150.0,0.367,252000.0,2026-04-23,Resale,219.13,24860,"Greenville-Anderson-Greer, SC",2026,4,58.0,5.389665161007312
2702222,45045,0525.06-01-133.00,"18 HOPPIN JOHN LN, TAYLORS, SC 29687",29687.0,SC,34.929917,-82.341848,SFR,1988.0,6.0,4.0,3636.0,0.5344353,590000.0,2025-08-29,Resale,162.27,24860,"Greenville-Anderson-Greer, SC",2025,8,37.0,5.089261614551446
2720135,45045,0584.04-01-017.00,"19 OXBOW CT, SIMPSONVILLE, SC 29680",29680.0,SC,34.704128,-82.314061,SFR,1998.0,3.0,2.0,2016.0,,290000.0,2025-01-27,Resale,143.85,24860,"Greenville-Anderson-Greer, SC",2025,1,27.0,4.968771089997557
2720136,45045,0575.11-01-149.00,"401 WALKINGSTICK WAY, SIMPSONVILLE, SC 29680",29680.0,SC,34.704217,-82.306132,SFR,1999.0,3.0,2.0,1822.0,0.2,320000.0,2025-02-27,Resale,175.63,24860,"Greenville-Anderson-Greer, SC",2025,2,26.0,5.168379509433644
2720137,45045,0574.20-01-061.00,"34 WINDING CREEK WAY, SIMPSONVILLE, SC 29680",29680.0,SC,34.7358,-82.304432,SFR,1996.0,3.0,2.0,1234.0,,250350.0,2024-03-26,Resale,202.88,24860,"Greenville-Anderson-Greer, SC",2024,3,28.0,5.312614671248861
2737408,45045,0204.00-06-001.01,"119 OREGON ST, GREENVILLE, SC 29605",29605.0,SC,34.824778,-82.387654,SFR,1971.0,2.0,2.0,1536.0,0.1690083,569000.0,2024-03-01,Resale,370.44,24860,"Greenville-Anderson-Greer, SC",2024,3,53.0,5.9146914883020685
2737410,45045,0203.00-06-004.00,"10 LONGVIEW TER, GREENVILLE, SC 29605",29605.0,SC,34.828687,-82.387779,SFR,1938.0,4.0,4.0,6012.0,0.6489899,2445000.0,2025-01-17,Resale,406.69,24860,"Greenville-Anderson-Greer, SC",2025,1,87.0,6.008051224462373
2759628,45045,0239.01-08-009.00,"116 KNOLLVIEW DR, GREENVILLE, SC 29611",29611.0,SC,34.835794,-82.481284,SFR,1963.0,3.0,2.0,2336.0,0.8539945,430000.0,2025-12-08,Resale,184.08,24860,"Greenville-Anderson-Greer, SC",2025,12,62.0,5.21537044572711
2759641,45045,0216.01-01-026.00,"100 LEWIS DR, GREENVILLE, SC 29605",29605.0,SC,34.824507,-82.398924,SFR,1958.0,2.0,1.0,832.0,,225000.0,2025-09-22,Resale,270.43,24860,"Greenville-Anderson-Greer, SC",2025,9,67.0,5.600013284760236
2759645,45045,0216.01-01-075.00,"100 LEWIS DR, GREENVILLE, SC 29605",29605.0,SC,34.825944,-82.400232,SFR,1958.0,1.0,1.0,459.0,,121300.0,2024-03-03,Resale,264.27,24860,"Greenville-Anderson-Greer, SC",2024,3,66.0,5.5769713077898135
2759646,45045,0216.01-01-044.00,"100 LEWIS DR, GREENVILLE, SC 29605",29605.0,SC,34.824367,-82.399616,SFR,1958.0,2.0,1.0,832.0,,237000.0,2025-07-31,Resale,284.86,24860,"Greenville-Anderson-Greer, SC",2025,7,67.0,5.65199783150644
2759654,45045,0219.00-08-027.00,"15 ARTHUR AVE, GREENVILLE, SC 29605",29605.0,SC,34.827957,-82.405011,SFR,1949.0,4.0,3.0,2598.0,0.2440083,675000.0,2024-03-15,Resale,259.82,24860,"Greenville-Anderson-Greer, SC",2024,3,75.0,5.5599890835675865
2759655,45045,0219.00-13-016.00,"115 BROOKWAY DR, GREENVILLE, SC 29605",29605.0,SC,34.82697,-82.407209,SFR,1964.0,4.0,3.0,1965.0,0.2230028,650000.0,2025-03-24,Resale,330.79,24860,"Greenville-Anderson-Greer, SC",2025,3,61.0,5.801483732946538
2772536,45045,0535.08-01-150.00,"133 FAWNBROOK DR, GREER, SC 29650",29650.0,SC,34.909673,-82.252227,SFR,1996.0,3.0,2.0,1956.0,0.17,385000.0,2026-05-01,Resale,196.83,24860,"Greenville-Anderson-Greer, SC",2026,5,30.0,5.282340412024896
2772543,45045,0429.00-01-040.01,"19 ENGEL DR, GREENVILLE, SC 29617",29617.0,SC,34.916033,-82.445604,SFR,1966.0,3.0,3.0,2170.0,0.4017447,425000.0,2024-07-17,Resale,195.85,24860,"Greenville-Anderson-Greer, SC",2024,7,58.0,5.27734906011184
2772556,45045,0413.04-01-006.00,"17 BROCKMORE DR, GREENVILLE, SC 29605",29605.0,SC,34.751742,-82.350019,SFR,2000.0,4.0,3.0,1979.0,0.2760101,320000.0,2024-05-06,Resale,161.7,24860,"Greenville-Anderson-Greer, SC",2024,5,24.0,5.085742766583061
2777392,45045,0290.03-01-026.00,"210 BOOTHBAY CT, SIMPSONVILLE, SC 29681",29681.0,SC,34.77178,-82.285111,SFR,2003.0,3.0,3.0,1795.0,,321800.0,2025-10-20,Resale,179.28,24860,"Greenville-Anderson-Greer, SC",2025,10,22.0,5.188948829492672
2777405,45045,0210.00-03-056.00,"101 BROOKSIDE WAY, GREENVILLE, SC 29605",29605.0,SC,34.810874,-82.373056,SFR,1950.0,6.0,3.0,3549.0,0.6269972,1863888.0,2025-05-20,Resale,525.19,24860,"Greenville-Anderson-Greer, SC",2025,5,75.0,6.263760101881796
2777427,45045,0537.07-01-060.00,"2 BIRCH TREE RD, GREER, SC 29651",29651.0,SC,34.97313,-82.241945,SFR,1998.0,3.0,2.0,1753.0,0.5899908,332000.0,2025-07-10,Resale,189.39,24860,"Greenville-Anderson-Greer, SC",2025,7,27.0,5.243808381047644
2777439,45045,T027.01-01-201.00,"1013 HAVELOCK DR, TAYLORS, SC 29687",29687.0,SC,34.935209,-82.322075,SFR,1988.0,3.0,2.0,1300.0,0.2341598,295000.0,2025-12-19,Resale,226.92,24860,"Greenville-Anderson-Greer, SC",2025,12,37.0,5.424597532458367
2777453,45045,0511.02-01-011.05,"200 FRANK BROWN RD, TRAVELERS REST, SC 29690",29690.0,SC,34.963054,-82.507126,SFR,1967.0,3.0,1.0,1422.0,5.0,275000.0,2024-03-25,Resale,193.39,24860,"Greenville-Anderson-Greer, SC",2024,3,57.0,5.264708875374207
2794590,45045,0492.00-01-018.01,"5803 STATE PARK RD, TRAVELERS REST, SC 29690",29690.0,SC,34.96761,-82.419822,SFR,1955.0,3.0,1.0,944.0,0.6446281,125000.0,2024-07-10,Resale,132.42,24860,"Greenville-Anderson-Greer, SC",2024,7,69.0,4.8859786894967
2794594,45045,0575.09-01-052.00,"10 BROOK RUN CT, SIMPSONVILLE, SC 29680",29680.0,SC,34.708314,-82.290343,SFR,1995.0,4.0,3.0,2590.0,,450000.0,2024-06-03,Resale,173.75,24860,"Greenville-Anderson-Greer, SC",2024,6,29.0,5.157617484444901
2794609,45045,0535.12-01-029.00,"36 BAILESS CT, GREER, SC 29650",29650.0,SC,34.89954,-82.253783,SFR,2001.0,3.0,2.0,1012.0,,40000.0,2024-08-21,Resale,39.53,24860,"Greenville-Anderson-Greer, SC",2024,8,23.0,3.677059877308594
2794614,45045,0532.00-03-001.00,"111 WOOD DR, GREER, SC 29651",29651.0,SC,34.912704,-82.235569,SFR,1964.0,1.0,1.0,1356.0,0.4183884,70000.0,2025-11-12,Resale,51.62,24860,"Greenville-Anderson-Greer, SC",2025,11,61.0,3.943909194290468
2794619,45045,0535.12-01-025.00,"44 BAILESS CT, GREER, SC 29650",29650.0,SC,34.899804,-82.253382,SFR,2001.0,2.0,2.0,1068.0,0.024,234900.0,2026-02-24,Resale,219.94,24860,"Greenville-Anderson-Greer, SC",2026,2,25.0,5.393354781882788
2794630,45045,0539.19-01-067.00,"2 MIDDLECREEK WAY, GREENVILLE, SC 29607",29607.0,SC,34.804373,-82.269034,SFR,1991.0,4.0,3.0,2135.0,,390000.0,2025-05-13,Resale,182.67,24860,"Greenville-Anderson-Greer, SC",2025,5,34.0,5.207681246288592
2794643,45045,0372.00-01-089.00,"101 LANCASTER LN, GREENVILLE, SC 29605",29605.0,SC,34.789262,-82.390914,SFR,1960.0,3.0,2.0,2136.0,0.257,355000.0,2026-02-02,Resale,166.2,24860,"Greenville-Anderson-Greer, SC",2026,2,66.0,5.113191882421348
2811722,45045,0539.03-01-007.21,"12 GERMANDER CT, GREENVILLE, SC 29615",29615.0,SC,34.828535,-82.257828,SFR,1998.0,3.0,2.0,2256.0,,515615.0,2025-12-08,Resale,228.55,24860,"Greenville-Anderson-Greer, SC",2025,12,27.0,5.431755004777753
2821332,45045,0159.00-05-003.00,"101 BUD ST, GREENVILLE, SC 29617",29617.0,SC,34.885071,-82.430597,SFR,1956.0,3.0,2.0,1461.0,0.3450413,355000.0,2024-06-27,New Construction,242.98,24860,"Greenville-Anderson-Greer, SC",2024,6,68.0,5.492979135426596
2821353,45045,B005.01-01-016.10,"315 WINDING BROOK CT, GREENVILLE, SC 29617",29617.0,SC,34.907047,-82.469408,SFR,2004.0,5.0,3.0,2988.0,0.5019972,490000.0,2025-06-23,Resale,163.99,24860,"Greenville-Anderson-Greer, SC",2025,6,21.0,5.099805450355355
3027752,45045,0296.00-01-056.00,"110 ROBIN RD, SIMPSONVILLE, SC 29681",29681.0,SC,34.762678,-82.263156,SFR,1993.0,3.0,2.0,2244.0,0.8264463,439900.0,2025-05-15,Resale,196.03,24860,"Greenville-Anderson-Greer, SC",2025,5,32.0,5.278267708742333
3027771,45045,0574.20-01-010.00,"203 GREAT OAKS WAY, SIMPSONVILLE, SC 29680",29680.0,SC,34.736694,-82.306013,SFR,1996.0,3.0,2.0,1426.0,,260000.0,2025-09-12,Resale,182.33,24860,"Greenville-Anderson-Greer, SC",2025,9,29.0,5.205818232051113
3027781,45045,0574.20-01-029.00,"511 GREAT OAKS WAY, SIMPSONVILLE, SC 29680",29680.0,SC,34.737772,-82.301999,SFR,1994.0,3.0,2.0,1442.0,,290000.0,2025-03-04,Resale,201.11,24860,"Greenville-Anderson-Greer, SC",2025,3,31.0,5.303852022046511
3039746,45045,0370.00-04-008.00,"11 FOXHALL RD, GREENVILLE, SC 29605",29605.0,SC,34.78645,-82.380046,SFR,1955.0,3.0,1.5,1072.0,0.6,205000.0,2026-03-10,Resale,191.23,24860,"Greenville-Anderson-Greer, SC",2026,3,71.0,5.253476892074882
3056237,45045,0533.18-01-030.00,"21 WOODTRACE CIR, GREENVILLE, SC 29615",29615.0,SC,34.840448,-82.268182,SFR,1993.0,3.0,2.0,1607.0,,400000.0,2025-05-30,Resale,248.91,24860,"Greenville-Anderson-Greer, SC",2025,5,32.0,5.517091385344304
3056238,45045,0533.12-01-020.00,"22 CREEKDALE CT, GREENVILLE, SC 29615",29615.0,SC,34.841894,-82.268457,SFR,1990.0,3.0,2.0,1528.0,0.282989,350000.0,2024-09-06,Resale,229.06,24860,"Greenville-Anderson-Greer, SC",2024,9,34.0,5.43398397796957
3056240,45045,0533.07-01-040.00,"236 LAKESIDE CIR, GREENVILLE, SC 29615",29615.0,SC,34.847112,-82.265389,SFR,1987.0,2.0,2.0,1293.0,,170000.0,2024-04-22,Resale,131.48,24860,"Greenville-Anderson-Greer, SC",2024,4,37.0,4.8788547487960185
3056250,45045,B013.01-01-008.00,"117 BEREA DR, GREENVILLE, SC 29617",29617.0,SC,34.87847,-82.457573,RESIDENTIAL - VACANT LAND,1962.0,3.0,1.0,1414.0,3.062,126453.0,2025-12-31,Resale,89.43,24860,"Greenville-Anderson-Greer, SC",2025,12,63.0,4.49345619635809
3056266,45045,P025.00-03-018.08,"135 GREENVISTA LN, GREENVILLE, SC 29609",29609.0,SC,34.911438,-82.369616,SFR,1992.0,3.0,2.0,1627.0,0.5399908,322000.0,2024-12-16,Resale,197.91,24860,"Greenville-Anderson-Greer, SC",2024,12,32.0,5.2878123819028895
3096904,45045,0549.04-01-065.00,"202 GOLDENSTAR LN, GREER, SC 29651",29651.0,SC,34.816079,-82.202148,SFR,2005.0,4.0,5.0,3287.0,0.7899908,753900.0,2024-05-20,Resale,229.36,24860,"Greenville-Anderson-Greer, SC",2024,5,19.0,5.435292821575114
3096905,45045,0549.04-01-036.00,"108 GOLDENSTAR LN, GREER, SC 29651",29651.0,SC,34.816599,-82.202815,SFR,2004.0,4.0,3.0,2708.0,0.858,575000.0,2026-02-24,Resale,212.33,24860,"Greenville-Anderson-Greer, SC",2026,2,22.0,5.358141668193703
3096918,45045,G015.00-02-007.00,"203 GREEN ST, GREER, SC 29650",29650.0,SC,34.944095,-82.233202,SFR,1940.0,2.0,1.0,848.0,0.3,229900.0,2026-04-21,Resale,271.11,24860,"Greenville-Anderson-Greer, SC",2026,4,86.0,5.602524642581974
3096921,45045,G018.00-05-014.00,"113 VILLAGE CT, GREER, SC 29651",29651.0,SC,34.952688,-82.232731,SFR,1983.0,3.0,2.0,1408.0,0.1629936,150000.0,2024-10-31,Resale,106.53,24860,"Greenville-Anderson-Greer, SC",2024,10,41.0,4.668426635623106
3096924,45045,G015.00-02-004.02,"110 EDWARDS AVE, GREER, SC 29650",29650.0,SC,34.945281,-82.233779,SFR,1999.0,3.0,2.0,1260.0,0.17,265000.0,2026-03-30,Resale,210.32,24860,"Greenville-Anderson-Greer, SC",2026,3,27.0,5.348630180421626
3096925,45045,T029.04-01-263.00,"302 STONINGTON WAY, TAYLORS, SC 29687",29687.0,SC,34.920934,-82.328392,SFR,2001.0,3.0,2.0,1738.0,0.2699954,370000.0,2024-06-06,Resale,212.89,24860,"Greenville-Anderson-Greer, SC",2024,6,23.0,5.3607756003876466
3096927,45045,T029.04-01-244.00,"403 PHEASANT RIDGE DR, TAYLORS, SC 29687",29687.0,SC,34.920105,-82.329109,SFR,2002.0,3.0,2.0,1330.0,0.27,268500.0,2024-11-01,Resale,201.88,24860,"Greenville-Anderson-Greer, SC",2024,11,22.0,5.307673461472062
3096930,45045,T029.04-01-243.00,"402 PHEASANT RIDGE DR, TAYLORS, SC 29687",29687.0,SC,34.91987,-82.328622,SFR,2001.0,3.0,2.0,1478.0,0.2399908,295000.0,2024-08-01,Resale,199.59,24860,"Greenville-Anderson-Greer, SC",2024,8,23.0,5.2962652624219055
3107641,45045,0184.00-01-106.01,"11 TABOR ST, GREENVILLE, SC 29609",29609.0,SC,34.880023,-82.382033,SFR,1966.0,2.0,1.0,832.0,0.1890037,394000.0,2024-06-04,Resale,473.56,24860,"Greenville-Anderson-Greer, SC",2024,6,58.0,6.160278620543435
3107674,45045,0166.00-06-017.00,"600 N FRANKLIN RD, GREENVILLE, SC 29609",29609.0,SC,34.888977,-82.415925,SFR,1971.0,3.0,2.0,1595.0,0.2391185,434300.0,2024-05-09,Resale,272.29,24860,"Greenville-Anderson-Greer, SC",2024,5,53.0,5.606867674804115
3107677,45045,0235.00-09-017.00,"106 S OLD WHITE HORSE RD, GREENVILLE, SC 29611",29611.0,SC,34.848197,-82.446945,SFR,1930.0,2.0,2.0,740.0,0.12,80000.0,2025-09-29,Resale,108.11,24860,"Greenville-Anderson-Greer, SC",2025,9,95.0,4.68314922730468
3107682,45045,0575.08-01-022.00,"1 FOXGLEN CT, SIMPSONVILLE, SC 29680",29680.0,SC,34.703055,-82.281573,SFR,1994.0,3.0,3.0,3116.0,,555000.0,2025-10-28,Resale,178.11,24860,"Greenville-Anderson-Greer, SC",2025,10,31.0,5.182401336950694
3107684,45045,0575.15-01-023.00,"408 WORCHESTER PL, SIMPSONVILLE, SC 29680",29680.0,SC,34.706592,-82.281005,SFR,1999.0,4.0,3.0,2901.0,,484000.0,2024-07-18,Resale,166.84,24860,"Greenville-Anderson-Greer, SC",2024,7,25.0,5.117035269328745
3107685,45045,0575.14-01-030.00,"6 BRIGHTLEAF CT, SIMPSONVILLE, SC 29680",29680.0,SC,34.705936,-82.285189,SFR,1998.0,3.0,3.0,2480.0,,474900.0,2024-05-06,Resale,191.49,24860,"Greenville-Anderson-Greer, SC",2024,5,26.0,5.254835587936076
3113105,45045,0548.32-01-003.00,"100 TROTTERS RIDGE LN, SIMPSONVILLE, SC 29681",29681.0,SC,34.779556,-82.247985,SFR,1997.0,3.0,2.0,1995.0,0.248,365000.0,2024-03-08,Resale,182.96,24860,"Greenville-Anderson-Greer, SC",2024,3,27.0,5.209267549714526
3113121,45045,0331.01-01-056.00,"502 WATERSTONE WAY, SIMPSONVILLE, SC 29680",29680.0,SC,34.699262,-82.246635,SFR,2000.0,3.0,3.0,2758.0,,400000.0,2025-03-26,Resale,145.03,24860,"Greenville-Anderson-Greer, SC",2025,3,25.0,4.976940617572159
3118663,45045,T008.01-01-005.00,"103 STONE RIVER WAY, TAYLORS, SC 29687",29687.0,SC,34.93262,-82.298069,SFR,1999.0,3.0,3.0,2294.0,0.2600092,380000.0,2024-07-19,Resale,165.65,24860,"Greenville-Anderson-Greer, SC",2024,7,25.0,5.109877128745905
3118673,45045,0551.02-01-005.00,"141 KINGSWOOD CIR, SIMPSONVILLE, SC 29681",29681.0,SC,34.786935,-82.170879,SFR,1994.0,3.0,3.0,1892.0,1.33,510000.0,2025-03-06,Resale,269.56,24860,"Greenville-Anderson-Greer, SC",2025,3,31.0,5.596791000078016
3118690,45045,0559.07-01-231.00,"9 FIELDCREST CT, SIMPSONVILLE, SC 29681",29681.0,SC,34.774763,-82.218602,SFR,1994.0,3.0,2.0,1253.0,,291000.0,2025-05-02,Resale,232.24,24860,"Greenville-Anderson-Greer, SC",2025,5,31.0,5.447771319716375
3118696,45045,0332.02-01-023.00,"6 ARBORDALE LN, SIMPSONVILLE, SC 29680",29680.0,SC,34.71001,-82.268218,SFR,1995.0,3.0,2.5,1958.0,0.044,311000.0,2024-09-03,Resale,158.84,24860,"Greenville-Anderson-Greer, SC",2024,9,29.0,5.067897406263051
3133641,45045,0538.03-01-002.31,"16 DANCHRIS CT, TAYLORS, SC 29687",29687.0,SC,34.899824,-82.311477,SFR,1997.0,3.0,3.0,1270.0,,290000.0,2025-07-03,Resale,228.35,24860,"Greenville-Anderson-Greer, SC",2025,7,28.0,5.430879539631008
3133642,45045,P016.01-01-334.00,"14 HAMPSHIRE DR, TAYLORS, SC 29687",29687.0,SC,34.897471,-82.316793,SFR,1967.0,3.0,2.0,1387.0,0.4132231,280000.0,2024-07-18,Resale,201.87,24860,"Greenville-Anderson-Greer, SC",2024,7,57.0,5.307623925868336
3135333,45045,0537.01-06-010.00,"209 CLEARVIEW DRIVE EXT, GREER, SC 29651",29651.0,SC,34.958877,-82.24797,SFR,1968.0,3.0,2.0,2125.0,0.4981635,265000.0,2024-05-31,Resale,124.71,24860,"Greenville-Anderson-Greer, SC",2024,5,56.0,4.825991041932656
3135334,45045,0631.05-01-013.09,"15 BECKY GIBSON RD, GREER, SC 29651",29651.0,SC,34.99385,-82.240712,SFR,1999.0,3.0,2.0,1096.0,0.5739899,260000.0,2025-10-16,Resale,237.23,24860,"Greenville-Anderson-Greer, SC",2025,10,26.0,5.469030134674274
3140112,45045,0213.00-06-005.00,"12 HIGH HILL ST, GREENVILLE, SC 29605",29605.0,SC,34.812109,-82.388946,SFR,1955.0,2.0,1.0,819.0,0.215,380000.0,2026-04-10,Resale,463.98,24860,"Greenville-Anderson-Greer, SC",2026,4,71.0,6.139841447848999
3148575,45045,P015.13-01-216.00,"113 RIVIERA DR, GREENVILLE, SC 29615",29615.0,SC,34.88076,-82.330178,SFR,1974.0,4.0,2.0,1972.0,0.379,491000.0,2024-07-05,Resale,248.99,24860,"Greenville-Anderson-Greer, SC",2024,7,50.0,5.517412735015677
3148577,45045,0277.04-01-094.00,"327 MIMOSA DR, GREENVILLE, SC 29615",29615.0,SC,34.876187,-82.332658,SFR,1967.0,3.0,2.0,1703.0,0.3832645,399000.0,2025-04-08,Resale,234.29,24860,"Greenville-Anderson-Greer, SC",2025,4,58.0,5.456559664278548
3148581,45045,0534.33-01-096.00,"205 ASCOT RIDGE LN, GREER, SC 29650",29650.0,SC,34.88043,-82.259902,SFR,2000.0,4.0,4.0,3845.0,0.2550046,647500.0,2025-08-29,Resale,168.4,24860,"Greenville-Anderson-Greer, SC",2025,8,25.0,5.126342101808226
3148583,45045,0534.26-01-054.00,"9 CRIMSON CT, GREER, SC 29650",29650.0,SC,34.873826,-82.256076,SFR,2001.0,4.0,4.0,4107.0,,1095000.0,2024-05-22,Resale,266.62,24860,"Greenville-Anderson-Greer, SC",2024,5,23.0,5.585824423685531
3148604,45045,B009.01-02-012.10,"100 SULPHUR SPRINGS DR, GREENVILLE, SC 29617",29617.0,SC,34.88909,-82.444381,SFR,1982.0,4.0,2.0,1152.0,,225000.0,2025-07-03,Resale,195.31,24860,"Greenville-Anderson-Greer, SC",2025,7,43.0,5.2745880398488
3148607,45045,0574.21-01-078.00,"402 GOLDENRAIN WAY, SIMPSONVILLE, SC 29680",29680.0,SC,34.741285,-82.299184,SFR,1997.0,3.0,2.0,2292.0,0.45,325000.0,2024-04-05,Resale,141.8,24860,"Greenville-Anderson-Greer, SC",2024,4,27.0,4.954417614098027
3148610,45045,0574.18-01-030.00,"131 W LONG CREEK CT, SIMPSONVILLE, SC 29680",29680.0,SC,34.73595,-82.300574,SFR,1993.0,3.0,2.0,1512.0,,280000.0,2025-04-03,Resale,185.19,24860,"Greenville-Anderson-Greer, SC",2025,4,32.0,5.221382325073914
3148613,45045,0574.18-01-009.00,"7 E LONG CREEK CT, SIMPSONVILLE, SC 29680",29680.0,SC,34.735982,-82.296338,SFR,1992.0,3.0,2.0,1260.0,,237000.0,2025-10-16,Resale,188.1,24860,"Greenville-Anderson-Greer, SC",2025,10,33.0,5.236973736306985
3152915,45045,0534.24-01-017.00,"2 STONE VALLEY CT, GREER, SC 29650",29650.0,SC,34.892542,-82.260032,SFR,1995.0,4.0,4.0,2846.0,,601000.0,2024-03-18,Resale,211.17,24860,"Greenville-Anderson-Greer, SC",2024,3,29.0,5.35266349628815
3152919,45045,0535.11-01-048.00,"19 ENOREE VIEW DR, GREER, SC 29650",29650.0,SC,34.896342,-82.256659,SFR,1999.0,2.0,2.0,1144.0,,240000.0,2024-03-04,Resale,209.79,24860,"Greenville-Anderson-Greer, SC",2024,3,25.0,5.346107030383885
3152923,45045,0534.15-01-057.00,"107 RIVER OAKS RD, GREER, SC 29650",29650.0,SC,34.893556,-82.264112,SFR,1989.0,3.0,3.0,2270.0,,650000.0,2024-10-30,Resale,286.34,24860,"Greenville-Anderson-Greer, SC",2024,10,35.0,5.657179915932181
3152924,45045,0535.11-01-056.00,"6 ENOREE VIEW DR, GREER, SC 29650",29650.0,SC,34.896897,-82.256876,SFR,1999.0,2.0,2.0,1144.0,,242000.0,2025-09-27,Resale,211.54,24860,"Greenville-Anderson-Greer, SC",2025,9,26.0,5.354414105899907
3155451,45045,0291.00-01-002.19,"118 CEDAR RIDGE LN, SIMPSONVILLE, SC 29681",29681.0,SC,34.773626,-82.270811,SFR,1990.0,3.0,2.0,1517.0,,262500.0,2024-06-03,Resale,173.04,24860,"Greenville-Anderson-Greer, SC",2024,6,34.0,5.153522781644804
3159715,45045,B005.02-01-016.00,"1051 W DUNCAN RD, GREENVILLE, SC 29617",29617.0,SC,34.89481,-82.469744,SFR,1984.0,2.0,2.0,1164.0,0.37,215000.0,2026-04-02,Resale,184.71,24860,"Greenville-Anderson-Greer, SC",2026,4,42.0,5.218787027591229
3159720,45045,0548.29-01-031.00,"221 ASHRIDGE WAY, SIMPSONVILLE, SC 29681",29681.0,SC,34.802368,-82.218592,SFR,1996.0,3.0,2.0,1500.0,,250000.0,2025-09-04,Resale,166.67,24860,"Greenville-Anderson-Greer, SC",2025,9,29.0,5.116015809554085
3188797,45045,0663.04-01-010.00,"204 LAKE HILLS LN, TRAVELERS REST, SC 29690",29690.0,SC,35.135111,-82.441501,SFR,2007.0,3.0,2.0,4168.0,1.12,1475000.0,2025-04-14,Resale,353.89,24860,"Greenville-Anderson-Greer, SC",2025,4,18.0,5.868986130382541
3188813,45045,0538.14-01-096.00,"614 GRAY FOX SQ, TAYLORS, SC 29687",29687.0,SC,34.899069,-82.300557,SFR,1983.0,3.0,2.0,1812.0,0.269,355000.0,2026-03-02,Resale,195.92,24860,"Greenville-Anderson-Greer, SC",2026,3,43.0,5.277706412643912
3188814,45045,0538.14-01-091.00,"604 GRAY FOX SQ, TAYLORS, SC 29687",29687.0,SC,34.900105,-82.299271,SFR,1983.0,3.0,2.0,1844.0,0.3641414,350000.0,2025-12-11,Resale,189.8,24860,"Greenville-Anderson-Greer, SC",2025,12,42.0,5.245970886175828
3188821,45045,0538.05-01-052.00,"5 BRUSHY CREEK RDG, TAYLORS, SC 29687",29687.0,SC,34.89597,-82.290715,SFR,1986.0,3.0,2.0,1498.0,0.4483471,337000.0,2025-09-26,Resale,224.97,24860,"Greenville-Anderson-Greer, SC",2025,9,39.0,5.415967059981408
3188830,45045,M007.02-01-385.00,"110 PEACH GROVE PL, MAULDIN, SC 29662",29662.0,SC,34.765386,-82.320958,SFR,2003.0,3.0,2.0,1555.0,,358000.0,2024-11-22,Resale,230.23,24860,"Greenville-Anderson-Greer, SC",2024,11,21.0,5.439078809256279
3188839,45045,0537.18-01-004.00,"206 SAINT CROIX CT, GREER, SC 29651",29651.0,SC,34.966625,-82.240592,SFR,2004.0,3.0,2.0,2019.0,0.2780073,340000.0,2025-01-15,Resale,168.4,24860,"Greenville-Anderson-Greer, SC",2025,1,21.0,5.126342101808226
3194665,45045,0584.04-01-003.00,"5 RIVEREEN WAY, SIMPSONVILLE, SC 29680",29680.0,SC,34.706222,-82.314526,SFR,2001.0,3.0,2.0,1191.0,0.472,269000.0,2026-03-12,Resale,225.86,24860,"Greenville-Anderson-Greer, SC",2026,3,25.0,5.4199153382955245
3194676,45045,0290.01-01-111.00,"108 SETTERS CT, MAULDIN, SC 29662",29662.0,SC,34.777389,-82.284657,SFR,1985.0,3.0,2.0,2208.0,0.254,312000.0,2026-01-19,Resale,141.3,24860,"Greenville-Anderson-Greer, SC",2026,1,41.0,4.950885289690482
3194683,45045,B004.01-01-113.00,"16 COUNTY CORK DR, GREENVILLE, SC 29611",29611.0,SC,34.89392,-82.47527,SFR,1970.0,3.0,2.0,1196.0,0.3646924,315000.0,2025-12-01,Resale,263.38,24860,"Greenville-Anderson-Greer, SC",2025,12,55.0,5.573597856282074
3194696,45045,P023.05-01-037.00,"100 SANDTRAP CT, GREENVILLE, SC 29609",29609.0,SC,34.919154,-82.345958,SFR,1999.0,3.0,2.0,2586.0,0.235,516000.0,2026-05-19,Resale,199.54,24860,"Greenville-Anderson-Greer, SC",2026,5,27.0,5.296014717485361
3194722,45045,0535.19-01-022.00,"9 ALLENWOOD LN, GREER, SC 29650",29650.0,SC,34.897654,-82.260003,SFR,1999.0,2.0,2.0,1077.0,0.0399908,183000.0,2024-07-16,Resale,169.92,24860,"Greenville-Anderson-Greer, SC",2024,7,25.0,5.135327738053574
3200061,45045,0534.05-01-039.00,"103 BURGOYNE CT, GREER, SC 29650",29650.0,SC,34.885409,-82.257019,SFR,1983.0,3.0,2.0,1567.0,0.1951331,345000.0,2025-04-04,Resale,220.17,24860,"Greenville-Anderson-Greer, SC",2025,4,42.0,5.394399975225081
3200064,45045,0540.14-01-164.00,"605 HEDGEWOOD TER, GREER, SC 29650",29650.0,SC,34.868568,-82.303481,SFR,1980.0,3.0,2.0,1985.0,0.3609963,375000.0,2024-05-28,Resale,188.92,24860,"Greenville-Anderson-Greer, SC",2024,5,44.0,5.241323645027916
3202912,45045,0537.01-04-012.00,"331 ENDLESS DR, GREER, SC 29651",29651.0,SC,34.961073,-82.248635,SFR,1998.0,3.0,2.0,1176.0,0.379,253000.0,2024-03-21,Resale,215.14,24860,"Greenville-Anderson-Greer, SC",2024,3,26.0,5.371288979003859
3202917,45045,0309.00-01-006.00,"210 S MAIN ST, SIMPSONVILLE, SC 29681",29681.0,SC,34.734091,-82.255355,SFR,1962.0,3.0,1.0,1296.0,0.6199954,150000.0,2025-04-02,Resale,115.74,24860,"Greenville-Anderson-Greer, SC",2025,4,63.0,4.751346296145693
3202919,45045,0321.00-02-006.02,"408 W FERNWOOD RD, SIMPSONVILLE, SC 29681",29681.0,SC,34.732381,-82.253368,SFR,1945.0,2.0,1.0,1014.0,0.2890037,190000.0,2025-09-19,Resale,187.38,24860,"Greenville-Anderson-Greer, SC",2025,9,80.0,5.233138640523042
3231129,45045,0525.06-01-285.00,"2 BLACKBERRY CT, TAYLORS, SC 29687",29687.0,SC,34.932211,-82.351713,SFR,1981.0,3.0,3.0,1642.0,0.1131772,265300.0,2024-06-12,Resale,161.57,24860,"Greenville-Anderson-Greer, SC",2024,6,43.0,5.084938485288739
3231131,45045,0525.09-01-018.00,"5 BELLFORT CT, TAYLORS, SC 29687",29687.0,SC,34.937754,-82.346979,SFR,1989.0,4.0,4.0,2863.0,,525000.0,2025-08-29,Construction Loan/Financing,183.37,24860,"Greenville-Anderson-Greer, SC",2025,8,36.0,5.211505969561073
3231175,45045,0281.00-02-188.00,"116 CORRINE DR, GREENVILLE, SC 29607",29607.0,SC,34.86652,-82.36766,SFR,1963.0,3.0,2.0,1850.0,0.4789945,560000.0,2025-12-12,Resale,302.7,24860,"Greenville-Anderson-Greer, SC",2025,12,62.0,5.712742216027673
3233804,45045,0616.03-01-083.00,"16 HAMMETT ST, PIEDMONT, SC 29673",29673.0,SC,34.703119,-82.456338,SFR,1945.0,4.0,1.0,1632.0,0.3399908,269000.0,2025-03-03,Resale,164.83,24860,"Greenville-Anderson-Greer, SC",2025,3,80.0,5.1049146397432645
3233805,45045,0616.02-01-043.00,"3 HAMMETT ST, PIEDMONT, SC 29673",29673.0,SC,34.704848,-82.456526,SFR,1955.0,3.0,1.0,1773.0,,129900.0,2024-04-17,Resale,73.27,24860,"Greenville-Anderson-Greer, SC",2024,4,69.0,4.294151248171873
3233809,45045,0103.00-11-004.00,"50 HUTCHINS ST, GREENVILLE, SC 29605",29605.0,SC,34.824021,-82.424691,SFR,1940.0,3.0,1.0,1598.0,0.092,160000.0,2025-08-28,Resale,100.13,24860,"Greenville-Anderson-Greer, SC",2025,8,85.0,4.606469341719712
3238189,45045,0539.32-01-017.00,"408 ASHBY PARK LN, GREENVILLE, SC 29607",29607.0,SC,34.81192,-82.273114,SFR,2001.0,3.0,2.0,2325.0,0.3370064,500000.0,2025-03-25,Resale,215.05,24860,"Greenville-Anderson-Greer, SC",2025,3,24.0,5.370870559229745
3238194,45045,0539.02-01-003.29,"102 WINEBERRY WAY, GREENVILLE, SC 29615",29615.0,SC,34.828968,-82.266295,SFR,2002.0,3.0,2.5,2391.0,0.157,495000.0,2026-03-09,Resale,207.03,24860,"Greenville-Anderson-Greer, SC",2026,3,24.0,5.33286371030062
3238195,45045,0539.27-01-021.00,"102 BOUCHILLION DR, GREENVILLE, SC 29615",29615.0,SC,34.826438,-82.271007,SFR,1998.0,3.0,2.0,2265.0,0.239,475000.0,2026-04-17,Resale,209.71,24860,"Greenville-Anderson-Greer, SC",2026,4,28.0,5.345725623943028
3238203,45045,B002.04-01-046.00,"46 JIB CT, GREENVILLE, SC 29611",29611.0,SC,34.859022,-82.480602,SFR,1980.0,2.0,3.0,1218.0,,209900.0,2025-04-25,Resale,172.33,24860,"Greenville-Anderson-Greer, SC",2025,4,45.0,5.1494112432934855
3238205,45045,B002.05-01-087.00,"9 DEBSYL WAY, GREENVILLE, SC 29611",29611.0,SC,34.854637,-82.481368,SFR,1981.0,3.0,2.0,1528.0,,275000.0,2024-04-04,Resale,179.97,24860,"Greenville-Anderson-Greer, SC",2024,4,43.0,5.192790170333112
3252841,45045,0548.22-01-007.00,"27 STAFFORDSHIRE WAY, SIMPSONVILLE, SC 29681",29681.0,SC,34.790324,-82.229191,SFR,1995.0,3.0,3.0,1536.0,,335000.0,2024-12-27,Resale,218.1,24860,"Greenville-Anderson-Greer, SC",2024,12,29.0,5.384953673207583
3271881,45045,0503.03-01-025.03,"909 TUBBS MOUNTAIN RD, TRAVELERS REST, SC 29690",29690.0,SC,34.991325,-82.438733,SFR,2022.0,2.0,2.0,1727.0,2.7,60000.0,2024-09-10,Resale,34.74,24860,"Greenville-Anderson-Greer, SC",2024,9,2.0,3.5478917608129588
3271883,45045,0503.03-01-043.01,"941 TUBBS MOUNTAIN RD, TRAVELERS REST, SC 29690",29690.0,SC,34.992109,-82.43934,SFR,1965.0,3.0,1.0,1404.0,2.96,424500.0,2025-02-06,Resale,302.35,24860,"Greenville-Anderson-Greer, SC",2025,2,60.0,5.711585286719222
3271886,45045,0503.03-01-026.06,"840 TUBBS MOUNTAIN RD, TRAVELERS REST, SC 29690",29690.0,SC,34.990124,-82.43778,SFR,1996.0,4.0,3.0,1912.0,1.6,80000.0,2025-11-20,Resale,41.84,24860,"Greenville-Anderson-Greer, SC",2025,11,29.0,3.7338528197566676
3271887,45045,0503.03-01-025.08,"831 TUBBS MOUNTAIN RD, TRAVELERS REST, SC 29690",29690.0,SC,34.989684,-82.439325,SFR,1993.0,3.0,2.0,1550.0,2.33,560000.0,2025-11-12,Resale,361.29,24860,"Greenville-Anderson-Greer, SC",2025,11,32.0,5.889680959940498
3295228,45045,0117.00-01-038.00,"1102 EASLEY BRIDGE RD, GREENVILLE, SC 29611",29611.0,SC,34.837304,-82.433313,SFR,1963.0,3.0,1.0,1228.0,0.1924931,75238.0,2024-06-27,Resale,61.27,24860,"Greenville-Anderson-Greer, SC",2024,6,61.0,4.115290326737563
3295247,45045,B011.00-02-031.00,"201 GARDENIA DR, GREENVILLE, SC 29617",29617.0,SC,34.879083,-82.439149,SFR,1967.0,3.0,1.0,1404.0,0.2177686,231000.0,2025-09-10,Resale,164.53,24860,"Greenville-Anderson-Greer, SC",2025,9,58.0,5.103092924398559
3485619,45045,0540.06-01-062.00,"51 HILLSBOROUGH DR, GREENVILLE, SC 29615",29615.0,SC,34.86316,-82.310951,SFR,1971.0,3.0,2.0,2424.0,0.4,650000.0,2025-04-03,Resale,268.15,24860,"Greenville-Anderson-Greer, SC",2025,4,54.0,5.591546525428934
3485620,45045,0539.36-01-010.00,"345 SURRYWOOD DR, GREENVILLE, SC 29607",29607.0,SC,34.808525,-82.272602,SFR,2003.0,3.0,2.0,2007.0,0.2629936,375000.0,2025-05-12,Resale,186.85,24860,"Greenville-Anderson-Greer, SC",2025,5,22.0,5.230306155931493
3485624,45045,0534.03-01-140.00,"103 OAK RIDGE CT, GREER, SC 29650",29650.0,SC,34.882249,-82.271069,SFR,1977.0,4.0,2.0,2822.0,0.3939394,560000.0,2024-03-22,Resale,198.44,24860,"Greenville-Anderson-Greer, SC",2024,3,47.0,5.290486787432848
3524352,45045,0535.08-01-077.00,"434 RIVERSIDE CHASE CIR, GREER, SC 29650",29650.0,SC,34.908182,-82.249532,SFR,1995.0,3.0,3.0,1676.0,,260000.0,2025-08-05,Resale,155.13,24860,"Greenville-Anderson-Greer, SC",2025,8,30.0,5.04426347507624
3537689,45045,0151.00-07-011.00,"201 ORDERS ST, GREENVILLE, SC 29609",29609.0,SC,34.869469,-82.405849,SFR,1950.0,2.0,1.0,964.0,0.0570018,235000.0,2025-04-14,Resale,243.78,24860,"Greenville-Anderson-Greer, SC",2025,4,75.0,5.496266179227691
3584286,45045,B008.05-01-041.00,"107 CREEKPOINT DR, GREENVILLE, SC 29617",29617.0,SC,34.903027,-82.458015,SFR,1991.0,3.0,2.0,1140.0,,232000.0,2025-03-04,Resale,203.51,24860,"Greenville-Anderson-Greer, SC",2025,3,34.0,5.315715143724457
3584293,45045,B008.05-01-004.00,"104 CREEKPOINT DR, GREENVILLE, SC 29617",29617.0,SC,34.902693,-82.458558,SFR,1991.0,3.0,2.0,1188.0,0.161,245000.0,2024-03-10,Resale,206.23,24860,"Greenville-Anderson-Greer, SC",2024,3,33.0,5.328992050815955
3584307,45045,0538.04-01-017.41,"208 JONES RD, TAYLORS, SC 29687",29687.0,SC,34.899589,-82.294374,SFR,2002.0,3.0,2.0,1779.0,0.2300046,320000.0,2025-12-10,Resale,179.88,24860,"Greenville-Anderson-Greer, SC",2025,12,23.0,5.192289961902507
3584310,45045,0538.04-01-154.00,"321 ANGIE DR, TAYLORS, SC 29687",29687.0,SC,34.899856,-82.295642,SFR,1986.0,3.0,3.0,1094.0,,200000.0,2025-05-23,Resale,182.82,24860,"Greenville-Anderson-Greer, SC",2025,5,39.0,5.208502062225673
3584319,45045,0538.04-01-017.22,"1 BRUTON CT, TAYLORS, SC 29687",29687.0,SC,34.899599,-82.293564,SFR,1999.0,3.0,2.0,1521.0,0.247,328000.0,2026-03-27,Resale,215.65,24860,"Greenville-Anderson-Greer, SC",2026,3,27.0,5.373656723093852
3661336,45045,0550.15-01-032.00,"5 GINGER GOLD DR, SIMPSONVILLE, SC 29681",29681.0,SC,34.797285,-82.204921,SFR,2002.0,3.0,3.0,2158.0,0.2210055,385000.0,2024-05-17,Resale,178.41,24860,"Greenville-Anderson-Greer, SC",2024,5,22.0,5.184084272386612
3661340,45045,0550.15-01-070.00,"102 SMOKEHOUSE DR, SIMPSONVILLE, SC 29681",29681.0,SC,34.795618,-82.200546,SFR,2002.0,3.0,3.0,2345.0,,359000.0,2024-06-26,Resale,153.09,24860,"Greenville-Anderson-Greer, SC",2024,6,22.0,5.03102598374399
3661345,45045,0550.12-01-031.00,"5 WATERTON CREEK CT, SIMPSONVILLE, SC 29681",29681.0,SC,34.794156,-82.199922,SFR,2002.0,3.0,3.0,1944.0,0.3,306000.0,2024-12-05,Resale,157.41,24860,"Greenville-Anderson-Greer, SC",2024,12,22.0,5.05885386636673
3661361,45045,P016.01-01-409.00,"109 IKES CT, TAYLORS, SC 29687",29687.0,SC,34.893045,-82.324622,SFR,1978.0,3.0,2.0,1512.0,0.1366391,277000.0,2024-08-12,Resale,183.2,24860,"Greenville-Anderson-Greer, SC",2024,8,46.0,5.21057845224003
3661368,45045,P015.11-01-010.00,"103 BREWSTER DR, TAYLORS, SC 29687",29687.0,SC,34.895685,-82.329522,SFR,1965.0,3.0,2.0,1150.0,0.3149908,270000.0,2025-07-28,Resale,234.78,24860,"Greenville-Anderson-Greer, SC",2025,7,60.0,5.458648905450376
3661396,45045,0548.39-01-054.00,"4 HAWKESBURY RD, SIMPSONVILLE, SC 29681",29681.0,SC,34.788733,-82.225577,SFR,2000.0,3.0,2.0,1472.0,0.268,262000.0,2026-01-09,Resale,177.99,24860,"Greenville-Anderson-Greer, SC",2026,1,26.0,5.181727368938661
3661430,45045,P015.07-02-030.00,"6 WILDWOOD RD, GREENVILLE, SC 29615",29615.0,SC,34.892918,-82.349921,SFR,1967.0,2.0,1.0,1401.0,0.3899908,269500.0,2025-07-30,Resale,192.36,24860,"Greenville-Anderson-Greer, SC",2025,7,58.0,5.259368616409462
3661454,45045,0239.02-07-002.00,"16 RISON RD, GREENVILLE, SC 29611",29611.0,SC,34.823726,-82.464923,SFR,1964.0,2.0,2.0,972.0,0.597,275000.0,2026-03-04,Resale,282.92,24860,"Greenville-Anderson-Greer, SC",2026,3,62.0,5.64516417216779
3661469,45045,P027.00-03-014.00,"10 STADIUM DR, GREENVILLE, SC 29609",29609.0,SC,34.904296,-82.369412,SFR,1962.0,4.0,1.0,2240.0,0.7,284900.0,2025-02-25,Resale,127.19,24860,"Greenville-Anderson-Greer, SC",2025,2,63.0,4.845682031463393
3661477,45045,0276.00-03-120.01,"7 DREXEL AVE, GREENVILLE, SC 29615",29615.0,SC,34.877131,-82.349873,SFR,1968.0,3.0,3.0,2915.0,0.5136593,445000.0,2024-12-17,Resale,152.66,24860,"Greenville-Anderson-Greer, SC",2024,12,56.0,5.028213226370324
3661492,45045,0277.00-02-078.00,"223 LAKE FAIRFIELD DR, GREENVILLE, SC 29615",29615.0,SC,34.877718,-82.345839,SFR,1968.0,4.0,3.0,2384.0,0.4393939,240000.0,2024-08-22,Resale,100.67,24860,"Greenville-Anderson-Greer, SC",2024,8,56.0,4.611847840741332
3661495,45045,0103.00-09-010.00,"57 ALLEN ST, GREENVILLE, SC 29605",29605.0,SC,34.822268,-82.423146,SFR,1950.0,1.0,1.0,1020.0,0.24,250000.0,2026-02-13,Resale,245.1,24860,"Greenville-Anderson-Greer, SC",2026,2,76.0,5.501666290534067
3661496,45045,0103.00-19-013.00,"79 WALLACE ST, GREENVILLE, SC 29605",29605.0,SC,34.818915,-82.421143,SFR,1950.0,2.0,1.0,1120.0,0.1414141,265000.0,2024-05-28,Resale,236.61,24860,"Greenville-Anderson-Greer, SC",2024,5,74.0,5.466413216078009
3661501,45045,0103.00-14-008.00,"72 SMYTHE AVE, GREENVILLE, SC 29605",29605.0,SC,34.821121,-82.42442,SFR,1956.0,3.0,1.0,1556.0,0.2653811,315000.0,2025-07-03,Resale,202.44,24860,"Greenville-Anderson-Greer, SC",2025,7,69.0,5.310443546345877
3661516,45045,0162.00-03-007.00,"7 S HAVEN DR, GREENVILLE, SC 29617",29617.0,SC,34.89077,-82.430682,SFR,1955.0,3.0,1.0,1015.0,0.298,240000.0,2026-02-23,Resale,236.45,24860,"Greenville-Anderson-Greer, SC",2026,2,71.0,5.465736769089885
3661529,45045,T033.00-03-095.00,"130 AVON DR, TAYLORS, SC 29687",29687.0,SC,34.900913,-82.312143,SFR,1980.0,3.0,2.0,1624.0,0.3562902,255750.0,2024-03-01,Resale,157.48,24860,"Greenville-Anderson-Greer, SC",2024,3,44.0,5.0592984660755365
3661563,45045,0640.01-01-015.10,"136 EDITH DR, TAYLORS, SC 29687",29687.0,SC,34.971482,-82.317228,SFR,1988.0,3.0,2.0,1582.0,0.9800046,325000.0,2025-08-01,Resale,205.44,24860,"Greenville-Anderson-Greer, SC",2025,8,37.0,5.325154020501596
3661573,45045,0222.04-01-035.00,"9 TASHA DR, GREENVILLE, SC 29605",29605.0,SC,34.8021,-82.390471,SFR,1962.0,3.0,1.0,1096.0,0.3440083,270000.0,2025-03-28,Resale,246.35,24860,"Greenville-Anderson-Greer, SC",2025,3,63.0,5.506753288989972
3661574,45045,0222.04-01-034.00,"15 TASHA DR, GREENVILLE, SC 29605",29605.0,SC,34.801944,-82.390713,SFR,1962.0,3.0,1.0,1160.0,0.298,155000.0,2026-04-22,Resale,133.62,24860,"Greenville-Anderson-Greer, SC",2026,4,64.0,4.894999950497331
3661580,45045,0222.03-06-001.00,"13 PASADENA AVE, GREENVILLE, SC 29605",29605.0,SC,34.802288,-82.389403,SFR,2020.0,3.0,2.0,1503.0,0.1859963,379900.0,2024-10-18,Resale,252.76,24860,"Greenville-Anderson-Greer, SC",2024,10,4.0,5.532440421905254
3661587,45045,0609.02-01-163.00,"407 CARDINGTON AVE, PIEDMONT, SC 29673",29673.0,SC,34.730405,-82.440955,SFR,1972.0,3.0,2.0,1232.0,0.2929982,218000.0,2025-06-11,Resale,176.95,24860,"Greenville-Anderson-Greer, SC",2025,6,53.0,5.175867206791472
3661610,45045,0257.00-08-050.00,"17 SIMMONS AVE, GREENVILLE, SC 29607",29607.0,SC,34.840385,-82.356017,SFR,2000.0,3.0,2.0,1733.0,0.2379936,435000.0,2025-04-16,Resale,251.01,24860,"Greenville-Anderson-Greer, SC",2025,4,25.0,5.525492778975617
3661611,45045,0257.00-07-002.21,"30 SIMMONS AVE, GREENVILLE, SC 29607",29607.0,SC,34.840305,-82.354781,SFR,1965.0,3.0,1.0,1020.0,0.3769972,360000.0,2025-03-27,Resale,352.94,24860,"Greenville-Anderson-Greer, SC",2025,3,60.0,5.866298070815087
3661617,45045,0257.00-07-026.00,"16 EASTWOOD CT, GREENVILLE, SC 29607",29607.0,SC,34.839386,-82.35543,SFR,1965.0,2.0,1.0,850.0,0.2190083,175000.0,2024-11-27,Resale,205.88,24860,"Greenville-Anderson-Greer, SC",2024,11,59.0,5.327293474784554
3661623,45045,0257.00-07-031.00,"7 EASTWOOD CT, GREENVILLE, SC 29607",29607.0,SC,34.839155,-82.354615,SFR,1965.0,2.0,1.0,988.0,0.2339991,430000.0,2025-02-20,Resale,435.22,24860,"Greenville-Anderson-Greer, SC",2025,2,60.0,6.075851650368147
3661654,45045,0369.00-07-008.00,"32 RIDGEWAY DR, GREENVILLE, SC 29605",29605.0,SC,34.788023,-82.383032,SFR,1967.0,3.0,1.0,1040.0,0.2479339,232170.0,2025-01-28,Resale,223.24,24860,"Greenville-Anderson-Greer, SC",2025,1,58.0,5.408247425920233
3661663,45045,0166.00-03-002.00,"221 MCMAKIN DR, GREENVILLE, SC 29617",29617.0,SC,34.89178,-82.414133,SFR,1963.0,3.0,1.0,1330.0,0.2720386,235000.0,2025-12-11,Resale,176.69,24860,"Greenville-Anderson-Greer, SC",2025,12,62.0,5.174396784628558
3661664,45045,0169.00-06-007.00,"623 PERRY RD, GREENVILLE, SC 29609",29609.0,SC,34.888551,-82.40984,SFR,1950.0,2.0,1.0,1064.0,0.1210055,265000.0,2025-12-19,Resale,249.06,24860,"Greenville-Anderson-Greer, SC",2025,12,75.0,5.517693831293003
3661665,45045,0169.00-06-009.00,"619 PERRY RD, GREENVILLE, SC 29609",29609.0,SC,34.88832,-82.410128,SFR,1963.0,2.0,1.0,988.0,0.136,248000.0,2024-08-29,Resale,251.01,24860,"Greenville-Anderson-Greer, SC",2024,8,61.0,5.525492778975617
3661697,45045,0535.09-01-008.00,"106 COTTER LN, GREER, SC 29650",29650.0,SC,34.906813,-82.259204,SFR,1998.0,3.0,2.5,2422.0,0.052,400000.0,2025-12-31,Resale,165.15,24860,"Greenville-Anderson-Greer, SC",2025,12,27.0,5.1068541518367985
3661715,45045,0550.17-01-040.00,"606 GREENING DR, SIMPSONVILLE, SC 29681",29681.0,SC,34.796147,-82.207176,SFR,2003.0,4.0,2.5,2690.0,0.179,395000.0,2026-01-05,Resale,146.84,24860,"Greenville-Anderson-Greer, SC",2026,1,23.0,4.989343558628634
3661718,45045,0550.17-01-033.00,"607 GREENING DR, SIMPSONVILLE, SC 29681",29681.0,SC,34.796518,-82.206815,SFR,2003.0,4.0,2.5,2620.0,0.174,387000.0,2026-04-30,Resale,147.71,24860,"Greenville-Anderson-Greer, SC",2026,4,23.0,4.995250892052509
3661722,45045,B013.02-01-081.00,"5 LILAC ST, GREENVILLE, SC 29617",29617.0,SC,34.8699,-82.453107,SFR,1973.0,4.0,3.0,2352.0,0.392562,317000.0,2025-11-12,Resale,134.78,24860,"Greenville-Anderson-Greer, SC",2025,11,52.0,4.903643819518071
3682694,45045,0155.00-03-037.00,"332 BAILEY ST, GREENVILLE, SC 29609",29609.0,SC,34.880643,-82.41793,SFR,1945.0,2.0,2.0,1332.0,0.1899908,299000.0,2024-12-19,Resale,224.47,24860,"Greenville-Anderson-Greer, SC",2024,12,79.0,5.4137420679634545
3682696,45045,0155.00-03-038.00,"334 BAILEY ST, GREENVILLE, SC 29609",29609.0,SC,34.880796,-82.418024,DUPLEX,1945.0,1.0,1.0,516.0,0.1600092,421500.0,2025-02-25,Resale,816.86,24860,"Greenville-Anderson-Greer, SC",2025,2,80.0,6.705467721547304
3682703,45045,0250.00-02-050.00,"115 OAK DR, GREENVILLE, SC 29611",29611.0,SC,34.821336,-82.439572,SFR,1967.0,3.0,1.5,1100.0,0.39,20000.0,2026-05-11,Resale,18.18,24860,"Greenville-Anderson-Greer, SC",2026,5,59.0,2.900322088749333
3682733,45045,P015.11-06-018.01,"206 CARDINAL DR, TAYLORS, SC 29687",29687.0,SC,34.896405,-82.327831,SFR,1961.0,2.0,1.0,990.0,0.466,245000.0,2026-04-22,Resale,247.47,24860,"Greenville-Anderson-Greer, SC",2026,4,65.0,5.51128936254075
3682735,45045,P015.11-06-020.00,"200 CARDINAL DR, TAYLORS, SC 29687",29687.0,SC,34.897096,-82.328214,SFR,1967.0,2.0,1.0,1290.0,0.289,309000.0,2026-05-22,Resale,239.53,24860,"Greenville-Anderson-Greer, SC",2026,5,59.0,5.478678669966805
3682737,45045,P015.11-06-023.00,"107 CARDINAL DR, TAYLORS, SC 29687",29687.0,SC,34.897565,-82.327772,SFR,1967.0,3.0,2.0,1260.0,0.251,312500.0,2024-10-10,Resale,248.02,24860,"Greenville-Anderson-Greer, SC",2024,10,57.0,5.513509388074627
3682747,45045,0153.01-01-006.00,"10 BUFF ST, GREENVILLE, SC 29609",29609.0,SC,34.873207,-82.416042,SFR,2001.0,3.0,1.5,1056.0,0.023,165000.0,2025-02-18,Resale,156.25,24860,"Greenville-Anderson-Greer, SC",2025,2,24.0,5.051457288616511
3702098,45045,0123.00-14-035.00,"4 JULIAN ST, GREENVILLE, SC 29611",29611.0,SC,34.848074,-82.423173,SFR,1980.0,2.0,1.0,696.0,0.1140037,64080.0,2025-01-06,Resale,92.07,24860,"Greenville-Anderson-Greer, SC",2025,1,45.0,4.522549157299754
3702104,45045,0123.00-14-040.00,"14 JULIAN ST, GREENVILLE, SC 29611",29611.0,SC,34.848277,-82.423786,SFR,1925.0,3.0,1.0,1129.0,0.104,278490.0,2026-04-22,Resale,246.67,24860,"Greenville-Anderson-Greer, SC",2026,4,101.0,5.508051410952312
3703523,45045,0610.10-01-070.00,"415 RUDD RD, PIEDMONT, SC 29673",29673.0,SC,34.704295,-82.439542,SFR,2023.0,3.0,2.0,1810.0,0.2,258550.0,2024-03-28,New Construction,142.85,24860,"Greenville-Anderson-Greer, SC",2024,3,1.0,4.961795128676782
3764091,45045,0602.02-01-009.11,"433 N FLAT ROCK RD, PIEDMONT, SC 29673",29673.0,SC,34.690638,-82.412726,SFR,1995.0,3.0,2.0,1734.0,3.3,371250.0,2025-03-06,Resale,214.1,24860,"Greenville-Anderson-Greer, SC",2025,3,30.0,5.366443195595637
3766268,45045,0208.00-03-024.00,"19 CLUB DR, GREENVILLE, SC 29605",29605.0,SC,34.811396,-82.380558,SFR,1968.0,2.0,1.0,1740.0,0.286,705000.0,2026-05-20,Resale,405.17,24860,"Greenville-Anderson-Greer, SC",2026,5,58.0,6.004306732121277
3766269,45045,0205.00-01-085.00,"27 OAK CREST CT, GREENVILLE, SC 29605",29605.0,SC,34.822191,-82.387561,SFR,1985.0,3.0,3.0,1866.0,0.1839991,550000.0,2024-12-18,Resale,294.75,24860,"Greenville-Anderson-Greer, SC",2024,12,39.0,5.68612753941748
3789018,45045,0610.02-01-036.01,"251 WILLIAMS RD, PIEDMONT, SC 29673",29673.0,SC,34.70249,-82.446308,SFR,1950.0,3.0,1.0,2223.0,1.41,98000.0,2025-10-03,Resale,44.08,24860,"Greenville-Anderson-Greer, SC",2025,10,75.0,3.786006164844659
3789047,45045,M007.02-01-449.00,"303 PARK GROVE DR, MAULDIN, SC 29662",29662.0,SC,34.764271,-82.323524,SFR,1999.0,4.0,3.0,2342.0,,342000.0,2025-09-17,Resale,146.03,24860,"Greenville-Anderson-Greer, SC",2025,9,26.0,4.98381208005238
3789054,45045,G001.00-02-004.00,"104 ALBERT ST, GREER, SC 29651",29651.0,SC,34.93198,-82.22388,SFR,1961.0,2.0,1.0,912.0,0.237,140000.0,2025-06-16,Resale,153.51,24860,"Greenville-Anderson-Greer, SC",2025,6,64.0,5.03376571148511
3789067,45045,G002.00-03-049.01,"108 MADISON AVE, GREER, SC 29651",29651.0,SC,34.926743,-82.228773,SFR,1952.0,2.0,1.0,698.0,0.1641414,100000.0,2025-09-25,Resale,143.27,24860,"Greenville-Anderson-Greer, SC",2025,9,73.0,4.964730961905281
3789070,45045,0192.00-08-017.00,"205 BRIARCLIFF DR, GREENVILLE, SC 29607",29607.0,SC,34.855804,-82.373293,SFR,1950.0,2.0,1.0,1136.0,0.1679982,340000.0,2025-01-08,Resale,299.3,24860,"Greenville-Anderson-Greer, SC",2025,1,75.0,5.701446414858653
3789071,45045,0048.00-02-002.00,"124 EBAUGH AVE, GREENVILLE, SC 29607",29607.0,SC,34.852481,-82.383038,SFR,1940.0,3.0,2.0,1232.0,0.192011,465000.0,2024-12-06,Resale,377.44,24860,"Greenville-Anderson-Greer, SC",2024,12,84.0,5.933411615659365
3789072,45045,0196.00-08-013.00,"12 MCADOO AVE, GREENVILLE, SC 29607",29607.0,SC,34.849884,-82.377729,SFR,1961.0,3.0,1.0,1148.0,0.1730028,430000.0,2024-01-16,Resale,374.56,24860,"Greenville-Anderson-Greer, SC",2024,1,63.0,5.925752003742601
3789093,45045,0437.00-04-016.00,"104 MONTIS DR, GREENVILLE, SC 29617",29617.0,SC,34.899138,-82.423841,SFR,1967.0,2.0,1.5,1197.0,0.321,40000.0,2026-04-10,Resale,33.42,24860,"Greenville-Anderson-Greer, SC",2026,4,59.0,3.509154523167248
3789119,45045,0136.00-03-008.00,"24 MOODY ST, GREENVILLE, SC 29611",29611.0,SC,34.864244,-82.429116,SFR,1986.0,2.0,2.0,924.0,0.2703398,200000.0,2025-07-31,Resale,216.45,24860,"Greenville-Anderson-Greer, SC",2025,7,39.0,5.37735957388799
3789121,45045,0142.00-22-011.00,"16 BEATTIE ST, GREENVILLE, SC 29611",29611.0,SC,34.866059,-82.430851,SFR,1955.0,3.0,1.0,1148.0,0.174472,247500.0,2025-05-02,Resale,215.59,24860,"Greenville-Anderson-Greer, SC",2025,5,70.0,5.373378455769916
3789123,45045,0142.00-22-013.00,"20 BEATTIE ST, GREENVILLE, SC 29611",29611.0,SC,34.866499,-82.430837,SFR,1955.0,2.0,1.0,1148.0,0.192011,179900.0,2025-01-06,Resale,156.71,24860,"Greenville-Anderson-Greer, SC",2025,1,70.0,5.054396963535125
3789145,45045,0556.05-01-021.00,"4 REAGAN WAY, FOUNTAIN INN, SC 29644",29644.0,SC,34.712008,-82.182638,SFR,2000.0,3.0,3.0,1592.0,0.3,265000.0,2025-03-06,Resale,166.46,24860,"Greenville-Anderson-Greer, SC",2025,3,25.0,5.114755040317949
3900404,45045,G018.00-02-025.00,"102 AMERICAN LEGION RD, GREER, SC 29651",29651.0,SC,34.954496,-82.224045,SFR,1978.0,2.0,1.0,1437.0,0.505,295000.0,2024-11-15,Resale,205.29,24860,"Greenville-Anderson-Greer, SC",2024,11,46.0,5.324423613632516
3900443,45045,0574.17-01-008.00,"102 W FALL RIVER WAY, SIMPSONVILLE, SC 29680",29680.0,SC,34.735276,-82.29766,SFR,1991.0,3.0,2.5,1248.0,0.24,269000.0,2026-03-09,Resale,215.54,24860,"Greenville-Anderson-Greer, SC",2026,3,35.0,5.373146507168686
3900451,45045,0448.00-02-008.00,"104 DAVIDSON RD, GREENVILLE, SC 29609",29609.0,SC,34.910928,-82.415413,SFR,1983.0,2.0,2.0,2107.0,0.4679982,430000.0,2025-06-07,Resale,204.08,24860,"Greenville-Anderson-Greer, SC",2025,6,42.0,5.318512073833556
3900459,45045,0448.00-03-007.00,"35 CRESTLINE RD, GREENVILLE, SC 29609",29609.0,SC,34.908976,-82.41464,SFR,2001.0,3.0,3.0,2483.0,0.4240358,546900.0,2025-04-22,Resale,220.26,24860,"Greenville-Anderson-Greer, SC",2025,4,24.0,5.394808666736798
3900467,45045,0453.00-02-005.00,"9 MAULDIN CIR, GREENVILLE, SC 29609",29609.0,SC,34.917445,-82.420717,SFR,1967.0,3.0,2.0,2099.0,0.2754821,425000.0,2025-12-04,Resale,202.48,24860,"Greenville-Anderson-Greer, SC",2025,12,58.0,5.3106411162368685
3900469,45045,0453.00-01-022.00,"8 MAULDIN CIR, GREENVILLE, SC 29609",29609.0,SC,34.917014,-82.420111,SFR,1967.0,3.0,1.5,1907.0,0.424,200000.0,2026-04-09,Resale,104.88,24860,"Greenville-Anderson-Greer, SC",2026,4,59.0,4.652816839455444
3915938,45045,0560.07-01-053.00,"208 SYCAMORE RIDGE DR, SIMPSONVILLE, SC 29681",29681.0,SC,34.739951,-82.215976,SFR,2004.0,4.0,6.0,4920.0,0.5870064,965000.0,2025-03-31,Resale,196.14,24860,"Greenville-Anderson-Greer, SC",2025,3,21.0,5.2788286899641745
3915951,45045,0108.00-02-006.00,"6 ALLEN ST, GREENVILLE, SC 29605",29605.0,SC,34.827403,-82.419554,SFR,1950.0,2.0,1.0,1109.0,0.2399908,175000.0,2024-12-20,Resale,157.8,24860,"Greenville-Anderson-Greer, SC",2024,12,74.0,5.061328408411774
3915953,45045,0108.00-02-011.00,"5 BLAKE ST, GREENVILLE, SC 29605",29605.0,SC,34.827208,-82.41908,SFR,1955.0,2.0,2.0,1314.0,0.252,297500.0,2024-10-31,Resale,226.41,24860,"Greenville-Anderson-Greer, SC",2024,10,69.0,5.422347514964887
3915962,45045,0103.00-13-027.00,"59 SMYTHE AVE, GREENVILLE, SC 29605",29605.0,SC,34.822375,-82.424362,SFR,1945.0,3.0,1.0,1364.0,0.161,140000.0,2025-09-26,Construction Loan/Financing,102.64,24860,"Greenville-Anderson-Greer, SC",2025,9,80.0,4.631227720307381
3915968,45045,0103.00-13-008.00,"32 SEYLE ST, GREENVILLE, SC 29605",29605.0,SC,34.8217,-82.425139,SFR,1955.0,3.0,1.0,1465.0,0.11,285000.0,2025-06-17,Resale,194.54,24860,"Greenville-Anderson-Greer, SC",2025,6,70.0,5.270637797441294
3915975,45045,0640.12-01-001.00,"1 WINSOME DR, TAYLORS, SC 29687",29687.0,SC,34.976008,-82.337119,SFR,2000.0,3.0,2.0,1870.0,0.625,300000.0,2025-08-04,Resale,160.43,24860,"Greenville-Anderson-Greer, SC",2025,8,25.0,5.077857710362984
3915977,45045,0640.12-01-037.00,"6 LASSO LN, TAYLORS, SC 29687",29687.0,SC,34.977175,-82.336543,SFR,2000.0,3.0,2.0,1870.0,0.6280073,406000.0,2024-09-09,Resale,217.11,24860,"Greenville-Anderson-Greer, SC",2024,9,24.0,5.380404137546146
3915982,45045,0226.00-05-004.00,"115 JUDSON RD, GREENVILLE, SC 29611",29611.0,SC,34.829641,-82.431204,SFR,1961.0,2.0,1.0,960.0,0.298,290000.0,2025-01-10,Resale,302.08,24860,"Greenville-Anderson-Greer, SC",2025,1,64.0,5.710691882957136
3915996,45045,0486.00-01-014.00,"25 MCELHANEY RD, TRAVELERS REST, SC 29690",29690.0,SC,34.965511,-82.445343,SFR,1965.0,2.0,1.0,900.0,0.3527089,306000.0,2025-05-30,Resale,340.0,24860,"Greenville-Anderson-Greer, SC",2025,5,60.0,5.8289456176102075
3916023,45045,0290.00-01-262.00,"2 BETHEL OAKS CT, MAULDIN, SC 29662",29662.0,SC,34.778106,-82.282029,SFR,1996.0,3.0,3.0,1911.0,0.2,282000.0,2025-10-02,New Construction,147.57,24860,"Greenville-Anderson-Greer, SC",2025,10,29.0,4.994302639475358
3916026,45045,0290.00-01-256.00,"9 BETHEL OAKS CT, MAULDIN, SC 29662",29662.0,SC,34.778843,-82.282471,SFR,1995.0,3.0,2.5,2170.0,0.4,320000.0,2026-03-25,Resale,147.47,24860,"Greenville-Anderson-Greer, SC",2026,3,31.0,4.993624765262849
3916033,45045,0133.00-02-009.00,"13 ALBERTA AVE, GREENVILLE, SC 29617",29617.0,SC,34.868809,-82.440532,SFR,1965.0,3.0,1.0,1164.0,0.2820018,245000.0,2025-08-28,Resale,210.48,24860,"Greenville-Anderson-Greer, SC",2025,8,60.0,5.349390636732037
3993772,45045,0574.08-01-059.00,"412 SELLWOOD CIR, SIMPSONVILLE, SC 29680",29680.0,SC,34.730169,-82.274217,SFR,1975.0,3.0,2.0,1715.0,,232000.0,2025-08-28,Resale,135.28,24860,"Greenville-Anderson-Greer, SC",2025,8,50.0,4.907346704590325
3993774,45045,0574.07-01-008.00,"405 SEMINOLE DR, SIMPSONVILLE, SC 29680",29680.0,SC,34.731021,-82.270966,RESIDENTIAL - VACANT LAND,1975.0,3.0,2.0,1162.0,0.4850092,5000.0,2025-04-10,Resale,4.3,24860,"Greenville-Anderson-Greer, SC",2025,4,50.0,1.4586150226995167
4000376,45045,0610.10-01-007.00,"105 LABONTE DR, PIEDMONT, SC 29673",29673.0,SC,34.70565,-82.443138,SFR,2006.0,4.0,2.0,1560.0,0.3,234900.0,2024-07-24,Resale,150.58,24860,"Greenville-Anderson-Greer, SC",2024,7,18.0,5.014494504421976
4000377,45045,0610.10-01-006.00,"103 LABONTE DR, PIEDMONT, SC 29673",29673.0,SC,34.705419,-82.443385,SFR,2006.0,4.0,2.0,1560.0,0.3,220000.0,2024-02-07,Resale,141.03,24860,"Greenville-Anderson-Greer, SC",2024,2,18.0,4.948972633704149
4003139,45045,0196.00-06-025.00,"21 UNDERWOOD AVE, GREENVILLE, SC 29607",29607.0,SC,34.848953,-82.376139,SFR,1961.0,2.0,2.0,1620.0,0.1730028,447150.0,2024-02-20,Resale,276.02,24860,"Greenville-Anderson-Greer, SC",2024,2,63.0,5.620473326859893
4149022,45045,B004.04-01-110.01,"18 GLEN HAVEN CT, GREENVILLE, SC 29611",29611.0,SC,34.877091,-82.478061,SFR,1972.0,3.0,2.0,1500.0,0.6600092,220000.0,2024-06-28,Resale,146.67,24860,"Greenville-Anderson-Greer, SC",2024,6,52.0,4.988185165258664
4149023,45045,B004.04-01-114.00,"10 GLEN HAVEN CT, GREENVILLE, SC 29611",29611.0,SC,34.877374,-82.477138,SFR,1975.0,3.0,1.5,1344.0,0.363,240000.0,2026-02-27,Resale,178.57,24860,"Greenville-Anderson-Greer, SC",2026,2,51.0,5.1849806812090335
4149024,45045,B004.04-01-115.00,"8 GLEN HAVEN CT, GREENVILLE, SC 29611",29611.0,SC,34.877464,-82.476869,SFR,1965.0,3.0,1.5,1394.0,0.71,230000.0,2026-02-20,Resale,164.99,24860,"Greenville-Anderson-Greer, SC",2026,2,61.0,5.105884866003353
4149026,45045,B004.04-01-116.00,"6 GLEN HAVEN CT, GREENVILLE, SC 29611",29611.0,SC,34.877548,-82.476576,SFR,1975.0,3.0,2.0,1090.0,0.3202479,261600.0,2025-09-02,Resale,240.0,24860,"Greenville-Anderson-Greer, SC",2025,9,50.0,5.480638923341991
4180353,45045,0198.00-05-004.00,"107 ACKLEY RD, GREENVILLE, SC 29607",29607.0,SC,34.845355,-82.372262,SFR,1961.0,3.0,1.0,1290.0,0.1379936,385000.0,2025-06-02,Resale,298.45,24860,"Greenville-Anderson-Greer, SC",2025,6,64.0,5.698602414614659
4383753,45045,0615.02-01-014.00,"413 OSTEEN RD, PIEDMONT, SC 29673",29673.0,SC,34.738491,-82.447882,SFR,1961.0,3.0,1.0,1246.0,4.2,280000.0,2026-04-30,Resale,224.72,24860,"Greenville-Anderson-Greer, SC",2026,4,65.0,5.414855182795988
4383757,45045,0615.01-01-019.02,"200 MOODY RD, PIEDMONT, SC 29673",29673.0,SC,34.739017,-82.446349,SFR,2023.0,3.0,2.0,1200.0,0.6,279900.0,2025-07-10,Resale,233.25,24860,"Greenville-Anderson-Greer, SC",2025,7,2.0,5.452110839727453
4383758,45045,0615.01-01-022.01,"208 MOODY RD, PIEDMONT, SC 29673",29673.0,SC,34.739566,-82.445019,SFR,1997.0,2.0,2.0,1200.0,0.4,240000.0,2025-11-21,Resale,200.0,24860,"Greenville-Anderson-Greer, SC",2025,11,28.0,5.298317366548036
4383774,45045,0413.04-01-002.00,"7 BROCKMORE DR, GREENVILLE, SC 29605",29605.0,SC,34.751203,-82.350589,SFR,2000.0,3.0,2.0,1642.0,0.292011,303000.0,2025-05-23,Resale,184.53,24860,"Greenville-Anderson-Greer, SC",2025,5,25.0,5.217812051888386
4464458,45045,0550.15-01-006.00,"10 CRITERION DR, SIMPSONVILLE, SC 29681",29681.0,SC,34.798708,-82.205262,SFR,2003.0,3.0,2.5,2294.0,0.256,275000.0,2026-01-07,Resale,119.88,24860,"Greenville-Anderson-Greer, SC",2026,1,23.0,4.786491242448462
4464460,45045,0539.06-01-026.00,"202 LAUREL TREE LN, SIMPSONVILLE, SC 29681",29681.0,SC,34.81034,-82.255125,SFR,1982.0,4.0,3.0,2470.0,0.2964876,212000.0,2024-11-26,Resale,85.83,24860,"Greenville-Anderson-Greer, SC",2024,11,42.0,4.452368595730128
4466429,45045,0575.10-01-039.00,"120 SADDLEMOUNT LN, SIMPSONVILLE, SC 29680",29680.0,SC,34.697032,-82.284189,SFR,1997.0,3.0,2.0,1840.0,0.176,299950.0,2024-06-14,Resale,163.02,24860,"Greenville-Anderson-Greer, SC",2024,6,27.0,5.093872892666312
4468027,45045,P041.00-01-055.00,"210 THREE FORKS PL, GREENVILLE, SC 29609",29609.0,SC,34.904195,-82.379199,SFR,1989.0,3.0,2.5,1788.0,0.243,325000.0,2026-02-11,Resale,181.77,24860,"Greenville-Anderson-Greer, SC",2026,2,37.0,5.202742151625007
4536658,45045,0539.40-01-044.00,"17 CANTERA CIR, GREENVILLE, SC 29615",29615.0,SC,34.830338,-82.269719,SFR,2004.0,3.0,2.0,1735.0,0.1690083,365400.0,2024-10-04,Resale,210.61,24860,"Greenville-Anderson-Greer, SC",2024,10,20.0,5.3500080819533915
4625064,45045,T008.02-01-024.00,"38 RIVER PARK LN, TAYLORS, SC 29687",29687.0,SC,34.931249,-82.301492,SFR,1998.0,4.0,2.0,1850.0,,340000.0,2025-06-13,Resale,183.78,24860,"Greenville-Anderson-Greer, SC",2025,6,27.0,5.213739390072739
4673067,45045,0541.06-01-021.00,"7 BENDINGWOOD CIR, TAYLORS, SC 29687",29687.0,SC,34.889307,-82.318146,SFR,1984.0,4.0,3.0,2816.0,0.3380395,440000.0,2025-07-03,Resale,156.25,24860,"Greenville-Anderson-Greer, SC",2025,7,41.0,5.051457288616511
4673733,45045,0239.02-03-003.00,"101 RISON RD, GREENVILLE, SC 29611",29611.0,SC,34.824674,-82.465172,SFR,1962.0,3.0,2.0,1786.0,0.2167815,278000.0,2025-12-12,Resale,155.66,24860,"Greenville-Anderson-Greer, SC",2025,12,63.0,5.0476741415312425
4683087,45045,0540.01-01-117.00,"2 HITCHING POST LN, GREENVILLE, SC 29615",29615.0,SC,34.851287,-82.306506,SFR,1975.0,4.0,3.0,2070.0,0.4769972,411000.0,2024-08-16,Resale,198.55,24860,"Greenville-Anderson-Greer, SC",2024,8,49.0,5.291040957577261
4730123,45045,0548.27-01-072.00,"109 SUMMERWALK PL, SIMPSONVILLE, SC 29681",29681.0,SC,34.781608,-82.236814,SFR,1996.0,3.0,3.0,2253.0,,375000.0,2024-11-15,Resale,166.44,24860,"Greenville-Anderson-Greer, SC",2024,11,28.0,5.11463488411474
4730225,45045,0337.01-01-081.00,"7 FITZPATRICK CT, FOUNTAIN INN, SC 29644",29644.0,SC,34.696148,-82.221323,SFR,1994.0,3.0,2.0,1364.0,0.179,295000.0,2026-03-26,Resale,216.28,24860,"Greenville-Anderson-Greer, SC",2026,3,32.0,5.376573864513804
4730227,45045,0336.00-01-001.03,"300 PUTMAN RD, FOUNTAIN INN, SC 29644",29644.0,SC,34.692224,-82.221081,RESIDENTIAL - VACANT LAND,1947.0,3.0,1.0,1297.0,2.19,400000.0,2026-05-20,Resale,308.4,24860,"Greenville-Anderson-Greer, SC",2026,5,79.0,5.731397641689174
4730262,45045,P012.00-02-108.00,"10 HAMPTON CT, GREENVILLE, SC 29609",29609.0,SC,34.890758,-82.358278,SFR,1972.0,3.0,2.0,1756.0,0.612,252000.0,2026-04-16,Resale,143.51,24860,"Greenville-Anderson-Greer, SC",2026,4,54.0,4.96640471918284
4730289,45045,0574.12-01-033.00,"204 PINE BARK CT, SIMPSONVILLE, SC 29680",29680.0,SC,34.730927,-82.27965,SFR,1980.0,3.0,2.0,1680.0,0.36,317500.0,2024-05-10,Resale,188.99,24860,"Greenville-Anderson-Greer, SC",2024,5,44.0,5.241694103606946
4730306,45045,B010.00-02-011.03,"637 SULPHUR SPRINGS RD, GREENVILLE, SC 29617",29617.0,SC,34.886271,-82.454035,SFR,1958.0,2.0,1.0,1476.0,2.53,335625.0,2024-08-23,Resale,227.39,24860,"Greenville-Anderson-Greer, SC",2024,8,66.0,5.4266666049757
4753120,45045,P015.08-02-020.00,"503 TIFFANY LN, TAYLORS, SC 29687",29687.0,SC,34.899351,-82.324937,SFR,1945.0,3.0,2.0,1000.0,0.1738981,130000.0,2024-05-14,Resale,130.0,24860,"Greenville-Anderson-Greer, SC",2024,5,79.0,4.867534450455582
4754035,45045,P014.00-02-063.00,"2 BURGUNDY DR, GREENVILLE, SC 29615",29615.0,SC,34.882802,-82.349157,SFR,1972.0,3.0,2.0,1548.0,0.449,291000.0,2026-05-12,Resale,187.98,24860,"Greenville-Anderson-Greer, SC",2026,5,54.0,5.236335574192156
4757698,45045,0615.05-01-044.00,"318 GOLDEN GROVE CIR, PIEDMONT, SC 29673",29673.0,SC,34.722642,-82.457396,SFR,1972.0,4.0,2.5,2240.0,0.564,328000.0,2026-02-27,Resale,146.43,24860,"Greenville-Anderson-Greer, SC",2026,2,54.0,4.986547498567166
4781239,45045,P038.00-01-087.00,"4 PARKSTONE DR, GREENVILLE, SC 29609",29609.0,SC,34.900372,-82.394774,SFR,1982.0,3.0,2.0,1232.0,0.2199954,267500.0,2025-05-07,Resale,217.13,24860,"Greenville-Anderson-Greer, SC",2025,5,43.0,5.38049625250568
4872899,45045,0609.02-01-131.00,"500 CARDINGTON AVE, PIEDMONT, SC 29673",29673.0,SC,34.730969,-82.440723,SFR,1972.0,3.0,2.0,1272.0,,244500.0,2025-04-25,Resale,192.22,24860,"Greenville-Anderson-Greer, SC",2025,4,53.0,5.258640549395138
4877205,45045,0413.04-01-008.00,"21 BROCKMORE DR, GREENVILLE, SC 29605",29605.0,SC,34.752015,-82.349789,SFR,1999.0,3.0,2.5,1686.0,0.2,301500.0,2025-02-05,Resale,178.83,24860,"Greenville-Anderson-Greer, SC",2025,2,26.0,5.186435633899945
4882137,45045,0615.04-01-073.00,"522 PIEDMONT HWY, PIEDMONT, SC 29673",29673.0,SC,34.730161,-82.448503,SFR,1967.0,2.0,2.0,1517.0,,255000.0,2025-02-20,Resale,168.09,24860,"Greenville-Anderson-Greer, SC",2025,2,58.0,5.124499550245303
4882138,45045,0615.04-01-065.00,"506 PIEDMONT HWY, PIEDMONT, SC 29673",29673.0,SC,34.728354,-82.449769,SFR,1955.0,3.0,2.0,1056.0,,220000.0,2025-07-31,Resale,208.33,24860,"Greenville-Anderson-Greer, SC",2025,7,70.0,5.339123360940291
4943087,45045,M009.01-01-065.00,"111 BOULDER RD, GREENVILLE, SC 29607",29607.0,SC,34.804029,-82.301618,SFR,1985.0,3.0,2.0,1745.0,0.3535354,450000.0,2025-03-14,Resale,257.88,24860,"Greenville-Anderson-Greer, SC",2025,3,40.0,5.552494360442419
5040261,45045,0548.34-01-035.00,"28 ACKLEN DR, SIMPSONVILLE, SC 29681",29681.0,SC,34.792728,-82.214614,SFR,1999.0,3.0,2.0,1482.0,0.2,294000.0,2024-06-28,Resale,198.38,24860,"Greenville-Anderson-Greer, SC",2024,6,25.0,5.290184383317848
5040354,45045,0556.08-01-052.00,"1914 COUNTRY APPLE CT, FOUNTAIN INN, SC 29644",29644.0,SC,34.713333,-82.187183,SFR,2002.0,3.0,2.0,1471.0,0.2199954,245000.0,2024-07-30,Resale,166.55,24860,"Greenville-Anderson-Greer, SC",2024,7,22.0,5.1152955646396885
5044758,45045,T006.00-15-002.88,"207 WINDING WILLOW TRL, TAYLORS, SC 29687",29687.0,SC,34.915732,-82.297942,SFR,2002.0,3.0,2.0,1132.0,0.4519972,275000.0,2025-12-18,Resale,242.93,24860,"Greenville-Anderson-Greer, SC",2025,12,23.0,5.492773335997992
5077472,45045,0542.29-01-004.00,"8 PARANOR DR, SIMPSONVILLE, SC 29681",29681.0,SC,34.770542,-82.255613,SFR,2005.0,3.0,3.0,2536.0,0.1480028,350000.0,2025-02-20,Resale,138.01,24860,"Greenville-Anderson-Greer, SC",2025,2,20.0,4.927326146299949
5180267,45045,0179.00-03-002.00,"309 SUMMIT DR, GREENVILLE, SC 29609",29609.0,SC,34.872111,-82.384486,SFR,1966.0,3.0,2.0,3434.0,0.2679982,670000.0,2025-12-01,Resale,195.11,24860,"Greenville-Anderson-Greer, SC",2025,12,59.0,5.2735635020818075
5210210,45045,0602.04-01-132.00,"104 PINE NEEDLE RD, PIEDMONT, SC 29673",29673.0,SC,34.711645,-82.39577,SFR,2004.0,3.0,2.0,1360.0,0.248,222500.0,2024-01-15,Resale,163.6,24860,"Greenville-Anderson-Greer, SC",2024,1,20.0,5.097424424168647
5212010,45045,0537.15-01-013.00,"103 OAK WIND CIR, GREER, SC 29651",29651.0,SC,34.963982,-82.238453,SFR,1998.0,3.0,3.0,3692.0,0.2899908,490000.0,2025-08-28,Resale,132.72,24860,"Greenville-Anderson-Greer, SC",2025,8,27.0,4.888241645882189
5212012,45045,0536.06-01-005.00,"9 FRITZSIMONS CT, GREER, SC 29651",29651.0,SC,34.965973,-82.224724,SFR,2002.0,3.0,2.5,1810.0,0.182,273000.0,2024-02-06,Resale,150.83,24860,"Greenville-Anderson-Greer, SC",2024,2,22.0,5.016153374780161
5212040,45045,M008.07-01-007.00,"513 WATERBROOK DR, GREENVILLE, SC 29607",29607.0,SC,34.776472,-82.326649,SFR,2000.0,3.0,2.5,1373.0,0.04,219000.0,2026-04-14,Resale,159.5,24860,"Greenville-Anderson-Greer, SC",2026,4,26.0,5.072043922224899
5243736,45045,0497.00-02-001.00,"301 N POINSETT HWY, TRAVELERS REST, SC 29690",29690.0,SC,34.973426,-82.433186,SFR,1964.0,2.0,1.0,910.0,0.0019972,2500.0,2024-04-19,Resale,2.75,24860,"Greenville-Anderson-Greer, SC",2024,4,60.0,1.0116009116784799
5253006,45045,0675.02-01-043.00,"109 COOL RIVER DR, MARIETTA, SC 29661",29661.0,SC,35.121046,-82.537621,SFR,1961.0,2.0,1.0,734.0,1.0,150000.0,2025-02-28,Resale,204.36,24860,"Greenville-Anderson-Greer, SC",2025,2,64.0,5.319883144462597
5299249,45045,0530.16-01-032.00,"226 ROCK RD, GREER, SC 29651",29651.0,SC,34.846696,-82.221694,SFR,1993.0,3.0,3.0,2348.0,0.305,500000.0,2026-01-08,Resale,212.95,24860,"Greenville-Anderson-Greer, SC",2026,1,33.0,5.3610573963692225
5300396,45045,0547.04-01-039.00,"620 ROPER MOUNTAIN RD, GREENVILLE, SC 29615",29615.0,SC,34.845643,-82.302446,SFR,1978.0,4.0,6.0,4499.0,2.282,1760000.0,2026-01-14,Resale,391.2,24860,"Greenville-Anderson-Greer, SC",2026,1,48.0,5.969218938160663
5308905,45045,0574.24-01-117.00,"9 ROSEMOSS CT, SIMPSONVILLE, SC 29680",29680.0,SC,34.714007,-82.300854,SFR,2003.0,3.0,2.5,1998.0,0.208,336000.0,2024-01-31,Resale,168.17,24860,"Greenville-Anderson-Greer, SC",2024,1,21.0,5.124975372534658
5309501,45045,0559.10-01-072.00,"1 ARABIAN WAY, SIMPSONVILLE, SC 29681",29681.0,SC,34.778489,-82.22292,SFR,2000.0,3.0,2.0,1652.0,0.2910009,318000.0,2024-04-12,Resale,192.49,24860,"Greenville-Anderson-Greer, SC",2024,4,24.0,5.260044204326544
7057113,45045,0641.01-01-025.25,"107 BROOK LAUREL LN, TAYLORS, SC 29687",29687.0,SC,35.003344,-82.322294,SFR,1999.0,3.0,2.0,1996.0,0.9960055,395000.0,2025-04-14,Resale,197.9,24860,"Greenville-Anderson-Greer, SC",2025,4,26.0,5.28776185260852
7128684,45045,0542.20-01-020.01,"8 AMSTERDAM LN, SIMPSONVILLE, SC 29681",29681.0,SC,34.778741,-82.266923,SFR,2002.0,3.0,2.0,1961.0,0.199,388000.0,2025-12-30,Resale,197.86,24860,"Greenville-Anderson-Greer, SC",2025,12,23.0,5.287559709895077
7132158,45045,0641.08-01-025.00,"111 BROOKE LEE CIR, TAYLORS, SC 29687",29687.0,SC,34.998548,-82.319449,SFR,2001.0,3.0,2.5,1742.0,0.74,362000.0,2025-08-29,Resale,207.81,24860,"Greenville-Anderson-Greer, SC",2025,8,24.0,5.336624200702623
7174305,45045,T033.00-02-220.00,"8 CONFEDERATE CIR, TAYLORS, SC 29687",29687.0,SC,34.904936,-82.308632,SFR,1968.0,3.0,2.0,1809.0,0.3535354,310000.0,2024-07-31,Resale,171.37,24860,"Greenville-Anderson-Greer, SC",2024,7,56.0,5.143824961672758
7174357,45045,0486.01-01-013.00,"11 DAUGHTRY CT, TRAVELERS REST, SC 29690",29690.0,SC,34.960297,-82.448356,SFR,1996.0,3.0,2.0,2033.0,,365000.0,2024-04-18,Resale,179.54,24860,"Greenville-Anderson-Greer, SC",2024,4,28.0,5.190398024328542
7174367,45045,0300.00-02-039.00,"102 PALMETTO DR, SIMPSONVILLE, SC 29681",29681.0,SC,34.747418,-82.257639,SFR,1970.0,4.0,2.0,2671.0,0.45,355000.0,2024-10-04,Resale,132.91,24860,"Greenville-Anderson-Greer, SC",2024,10,54.0,4.889672207433241
7225288,45045,P015.09-01-070.01,"4 ELIZABETH DR, GREENVILLE, SC 29615",29615.0,SC,34.899008,-82.335924,SFR,1964.0,3.0,2.0,1536.0,0.4820018,340000.0,2025-11-17,Resale,221.35,24860,"Greenville-Anderson-Greer, SC",2025,11,61.0,5.39974515917815
7243217,45045,T007.00-01-016.00,"6 CENTER ST, TAYLORS, SC 29687",29687.0,SC,34.924419,-82.28436,SFR,1961.0,3.0,1.0,1320.0,0.25,214000.0,2024-01-08,Resale,162.12,24860,"Greenville-Anderson-Greer, SC",2024,1,63.0,5.088336801760108
7276142,45045,0616.03-01-135.00,"12 LANGSTON ST, PIEDMONT, SC 29673",29673.0,SC,34.700529,-82.456905,SFR,1945.0,2.0,2.0,1104.0,,209900.0,2025-11-21,Resale,190.13,24860,"Greenville-Anderson-Greer, SC",2025,11,80.0,5.247708048721495
7327120,45045,0640.09-01-029.00,"22 SUMMIT CT, TAYLORS, SC 29687",29687.0,SC,34.962641,-82.316109,SFR,1989.0,3.0,2.0,1837.0,0.042,360000.0,2024-12-18,Resale,195.97,24860,"Greenville-Anderson-Greer, SC",2024,12,35.0,5.277961586290963
7357956,45045,0147.00-11-011.00,"101 COLONIAL AVE, GREENVILLE, SC 29611",29611.0,SC,34.870738,-82.424396,SFR,1980.0,3.0,1.0,1790.0,0.2334252,120000.0,2025-11-25,Resale,67.04,24860,"Greenville-Anderson-Greer, SC",2025,11,45.0,4.205289456173828
7358193,45045,0531.08-01-006.00,"14 BIG OAK CT, SIMPSONVILLE, SC 29681",29681.0,SC,34.823283,-82.235107,SFR,1997.0,4.0,2.0,1975.0,,417500.0,2025-04-24,Resale,211.39,24860,"Greenville-Anderson-Greer, SC",2025,4,28.0,5.353704768627595
7373923,45045,M004.06-01-046.00,"709 SUMMER WOODS DR, MAULDIN, SC 29662",29662.0,SC,34.78681,-82.293711,SFR,1983.0,2.0,3.0,1092.0,,191000.0,2025-03-31,Resale,174.91,24860,"Greenville-Anderson-Greer, SC",2025,3,42.0,5.164271555918972
7384829,45045,0479.02-01-042.00,"14 BLUFF RIDGE CT, GREENVILLE, SC 29617",29617.0,SC,34.948218,-82.447971,SFR,2000.0,4.0,4.0,3004.0,0.2469927,605000.0,2025-08-05,Resale,201.4,24860,"Greenville-Anderson-Greer, SC",2025,8,25.0,5.305292980284462
7384837,45045,0380.00-05-021.01,"112 WOODMONT CIR, GREENVILLE, SC 29605",29605.0,SC,34.784355,-82.376901,SFR,1965.0,3.0,2.0,1981.0,0.03,294500.0,2026-03-13,Resale,148.66,24860,"Greenville-Anderson-Greer, SC",2026,3,61.0,5.001661819297148
7384928,45045,0540.23-01-042.00,"402 ROSEBUD CT, GREER, SC 29650",29650.0,SC,34.875464,-82.296306,SFR,1988.0,3.0,2.0,1736.0,0.153168,387000.0,2025-07-29,Resale,222.93,24860,"Greenville-Anderson-Greer, SC",2025,7,37.0,5.406857820837487
7384948,45045,0538.05-01-057.00,"103 OAK DR, GREENVILLE, SC 29611",29611.0,SC,34.903546,-82.284608,SFR,1986.0,3.0,2.0,1447.0,0.3595041,275000.0,2024-12-09,Resale,190.05,24860,"Greenville-Anderson-Greer, SC",2024,12,38.0,5.247287195435258
7384957,45045,0538.10-01-205.00,"1 WOLSELEY RD, GREENVILLE, SC 29615",29615.0,SC,34.881621,-82.29812,SFR,1978.0,3.0,2.0,1692.0,0.3379936,317500.0,2025-06-02,Resale,187.65,24860,"Greenville-Anderson-Greer, SC",2025,6,47.0,5.23457852558103
7384981,45045,G026.00-03-017.00,"209 WESTFIELD AVE, GREER, SC 29651",29651.0,SC,34.933722,-82.228239,SFR,1965.0,2.0,2.0,1212.0,0.197,175000.0,2025-12-17,Resale,144.39,24860,"Greenville-Anderson-Greer, SC",2025,12,60.0,4.972517971983128
7385017,45045,0574.20-01-073.00,"29 WINDING CREEK WAY, SIMPSONVILLE, SC 29680",29680.0,SC,34.735178,-82.304821,SFR,1995.0,3.0,2.0,1535.0,,265000.0,2025-03-14,Resale,172.64,24860,"Greenville-Anderson-Greer, SC",2025,3,30.0,5.151208501509824
7385035,45045,0575.11-01-115.00,"10 WINGCUP WAY, SIMPSONVILLE, SC 29680",29680.0,SC,34.703536,-82.305121,SFR,1994.0,4.0,3.0,1740.0,,325000.0,2025-11-11,Resale,186.78,24860,"Greenville-Anderson-Greer, SC",2025,11,31.0,5.229931453681572
7385143,45045,0109.00-03-044.00,"34 BAGWELL CIR, GREENVILLE, SC 29605",29605.0,SC,34.830547,-82.421324,DUPLEX,1935.0,4.0,2.0,1680.0,0.1625344,315000.0,2025-09-10,Resale,187.5,24860,"Greenville-Anderson-Greer, SC",2025,9,90.0,5.233778845410465
7385435,45045,0369.00-03-021.00,"12 HILLSIDE LN, GREENVILLE, SC 29605",29605.0,SC,34.791972,-82.383723,SFR,1976.0,3.0,2.0,1853.0,0.375,289900.0,2024-11-04,Resale,156.45,24860,"Greenville-Anderson-Greer, SC",2024,11,48.0,5.052736470114891
7389384,45045,0535.01-01-105.00,"384 GRAND TETON DR, GREER, SC 29650",29650.0,SC,34.913325,-82.242159,SFR,1982.0,3.0,2.0,2127.0,0.3760331,490000.0,2025-11-21,Resale,230.37,24860,"Greenville-Anderson-Greer, SC",2025,11,43.0,5.439686712010562
7389387,45045,0535.08-01-002.00,"3 RIVERSIDE CHASE CIR, GREER, SC 29650",29650.0,SC,34.905561,-82.251701,SFR,1995.0,3.0,2.0,1398.0,,279000.0,2025-11-20,Resale,199.57,24860,"Greenville-Anderson-Greer, SC",2025,11,30.0,5.2961650519798935
7389391,45045,0535.01-01-169.00,"102 RICHGLEN WAY, GREER, SC 29650",29650.0,SC,34.912638,-82.248417,SFR,1998.0,3.0,3.0,2592.0,,390000.0,2025-06-11,Resale,150.46,24860,"Greenville-Anderson-Greer, SC",2025,6,27.0,5.013697268132075
7389409,45045,T027.01-01-069.00,"1015 WINTERFIELD PL, TAYLORS, SC 29687",29687.0,SC,34.934114,-82.324007,SFR,1968.0,3.0,2.0,1710.0,0.1193756,260000.0,2024-04-15,Resale,152.05,24860,"Greenville-Anderson-Greer, SC",2024,4,56.0,5.024209414123374
7389436,45045,0391.00-06-016.00,"204 CHURCHILL CIR, GREENVILLE, SC 29605",29605.0,SC,34.781464,-82.370239,SFR,1963.0,3.0,1.0,895.0,0.5050505,184900.0,2024-10-11,Resale,206.59,24860,"Greenville-Anderson-Greer, SC",2024,10,61.0,5.330736152803538
7389551,45045,0331.01-01-024.00,"107 WATERTON WAY, SIMPSONVILLE, SC 29680",29680.0,SC,34.702504,-82.245272,SFR,1998.0,3.0,2.5,2328.0,0.31,340000.0,2024-01-10,Resale,146.05,24860,"Greenville-Anderson-Greer, SC",2024,1,26.0,4.9839490288337505
7389585,45045,0574.15-01-054.00,"103 ASHDOWN DR, SIMPSONVILLE, SC 29680",29680.0,SC,34.717042,-82.27456,SFR,1980.0,3.0,2.0,1280.0,0.3070018,265000.0,2025-02-28,Resale,207.03,24860,"Greenville-Anderson-Greer, SC",2025,2,45.0,5.33286371030062
7389588,45045,0538.33-01-037.00,"12 S ANTIGO CT, GREER, SC 29650",29650.0,SC,34.886776,-82.289248,SFR,1998.0,4.0,3.0,2927.0,0.275,443000.0,2026-05-01,Resale,151.35,24860,"Greenville-Anderson-Greer, SC",2026,5,28.0,5.019595035467727
7389607,45045,0540.03-01-020.00,"100 PHILLIPS LN, GREER, SC 29650",29650.0,SC,34.868038,-82.285424,SFR,1962.0,2.0,1.0,672.0,0.6899908,300000.0,2025-06-12,Resale,446.43,24860,"Greenville-Anderson-Greer, SC",2025,6,63.0,6.101282613110069
7389609,45045,0540.24-01-011.00,"1108 DEVENGER RD, GREER, SC 29650",29650.0,SC,34.86746,-82.285246,SFR,1992.0,3.0,3.0,1649.0,0.2699725,410000.0,2024-12-27,Resale,248.64,24860,"Greenville-Anderson-Greer, SC",2024,12,32.0,5.5160060671792825
7389620,45045,0585.05-01-072.00,"103 LASALLE PL, SIMPSONVILLE, SC 29680",29680.0,SC,34.698799,-82.328074,SFR,1955.0,3.0,2.0,1035.0,0.3390037,215000.0,2024-04-10,Resale,207.73,24860,"Greenville-Anderson-Greer, SC",2024,4,69.0,5.336239159546593
7389626,45045,0575.11-01-097.00,"100 WINGCUP WAY, SIMPSONVILLE, SC 29680",29680.0,SC,34.702189,-82.304843,SFR,1994.0,3.0,3.0,1992.0,,355000.0,2024-05-21,Resale,178.21,24860,"Greenville-Anderson-Greer, SC",2024,5,30.0,5.182962630185008
7389629,45045,0242.02-06-001.02,"6 TALL OAKS DR, GREENVILLE, SC 29611",29611.0,SC,34.818211,-82.456207,SFR,2005.0,3.0,2.0,1264.0,0.2800046,243000.0,2024-04-18,Resale,192.25,24860,"Greenville-Anderson-Greer, SC",2024,4,19.0,5.258796608385754
7389677,45045,0575.07-01-018.00,"600 WILD HORSE CREEK DR, SIMPSONVILLE, SC 29680",29680.0,SC,34.70491,-82.292551,SFR,1994.0,3.0,3.0,1987.0,,395000.0,2025-07-17,Resale,198.79,24860,"Greenville-Anderson-Greer, SC",2025,7,31.0,5.29224899114643
7389720,45045,M006.02-01-171.00,"15 W GOLDEN STRIP DR, MAULDIN, SC 29662",29662.0,SC,34.76752,-82.302662,SFR,1970.0,4.0,2.0,1794.0,0.862,315000.0,2024-03-15,Resale,175.59,24860,"Greenville-Anderson-Greer, SC",2024,3,54.0,5.168151731971239
7389738,45045,T018.02-01-177.00,"239 SHEFFIELD RD, GREER, SC 29651",29651.0,SC,34.950985,-82.25768,SFR,1972.0,4.0,2.0,3116.0,0.467,420000.0,2025-03-28,Resale,134.79,24860,"Greenville-Anderson-Greer, SC",2025,3,53.0,4.903718011750178
7389759,45045,0319.03-01-073.00,"138 HATTERAS LN, SIMPSONVILLE, SC 29680",29680.0,SC,34.726749,-82.268824,SFR,1995.0,3.0,2.0,1236.0,,245930.0,2025-02-14,Resale,198.97,24860,"Greenville-Anderson-Greer, SC",2025,2,30.0,5.293154059591156
7389772,45045,0308.00-02-011.00,"107 S MAPLE ST, SIMPSONVILLE, SC 29681",29681.0,SC,34.736244,-82.255991,SFR,1955.0,4.0,2.0,2057.0,0.4100092,500000.0,2024-07-30,Resale,243.07,24860,"Greenville-Anderson-Greer, SC",2024,7,69.0,5.493349467701171
7389780,45045,0560.07-01-116.00,"109 TURNHOUSE LN, SIMPSONVILLE, SC 29681",29681.0,SC,34.73916,-82.217403,SFR,2005.0,4.0,5.0,3209.0,0.5940083,865000.0,2024-07-29,Resale,269.55,24860,"Greenville-Anderson-Greer, SC",2024,7,19.0,5.596753901897678
7389788,45045,0277.00-02-021.00,"20 LAKE FAIRFIELD DR, GREENVILLE, SC 29615",29615.0,SC,34.881448,-82.347576,SFR,1972.0,3.0,2.0,1468.0,0.379,460000.0,2024-08-28,Resale,313.35,24860,"Greenville-Anderson-Greer, SC",2024,8,52.0,5.747320776670684
7389793,45045,0276.02-01-023.00,"130 GLENBROOKE WAY, GREENVILLE, SC 29615",29615.0,SC,34.881413,-82.353387,SFR,1983.0,3.0,2.0,2283.0,0.052,475000.0,2026-04-17,Resale,208.06,24860,"Greenville-Anderson-Greer, SC",2026,4,43.0,5.337826499642749
7389799,45045,0538.05-01-093.00,"27 CHOSEN CT, GREER, SC 29650",29650.0,SC,34.904619,-82.287163,SFR,1992.0,3.0,2.0,1404.0,,300000.0,2025-12-12,Resale,213.68,24860,"Greenville-Anderson-Greer, SC",2025,12,33.0,5.3644795688017055
7389832,45045,0538.25-01-021.00,"704 E SILVERLEAF ST, GREER, SC 29650",29650.0,SC,34.894292,-82.280883,SFR,1989.0,4.0,3.0,2788.0,,550000.0,2025-08-19,Resale,197.27,24860,"Greenville-Anderson-Greer, SC",2025,8,36.0,5.284573348755777
7389833,45045,0538.10-01-363.00,"300 LADBROKE RD, GREENVILLE, SC 29615",29615.0,SC,34.880348,-82.29459,SFR,1972.0,3.0,2.0,1937.0,0.1566804,400000.0,2024-06-18,Resale,206.5,24860,"Greenville-Anderson-Greer, SC",2024,6,52.0,5.330300412401088
7389861,45045,T033.01-02-010.00,"20 BUCKINGHAM WAY, TAYLORS, SC 29687",29687.0,SC,34.899704,-82.30617,SFR,1986.0,3.0,2.0,1595.0,0.345,324999.0,2026-03-11,Resale,203.76,24860,"Greenville-Anderson-Greer, SC",2026,3,40.0,5.316942830671201
7389896,45045,0574.21-01-083.00,"405 GOLDENRAIN WAY, SIMPSONVILLE, SC 29680",29680.0,SC,34.740571,-82.29956,SFR,1997.0,3.0,2.0,1822.0,,325000.0,2025-07-24,Resale,178.38,24860,"Greenville-Anderson-Greer, SC",2025,7,28.0,5.183916106238061
7389920,45045,M008.05-01-028.00,"119 WOOD CREEK RD, MAULDIN, SC 29662",29662.0,SC,34.779596,-82.318431,SFR,1986.0,4.0,3.0,2148.0,0.37,300000.0,2026-05-01,Resale,139.66,24860,"Greenville-Anderson-Greer, SC",2026,5,40.0,4.939210897417889
7389921,45045,M008.05-01-009.00,"213 PINECREST DR, MAULDIN, SC 29662",29662.0,SC,34.78047,-82.316478,SFR,1986.0,4.0,3.0,2214.0,,363000.0,2025-07-10,Resale,163.96,24860,"Greenville-Anderson-Greer, SC",2025,7,39.0,5.099622495636137
7390100,45045,B007.00-01-067.00,"13 STRAWBERRY DR, GREENVILLE, SC 29617",29617.0,SC,34.891157,-82.45954,SFR,1958.0,3.0,1.5,1135.0,0.29,230000.0,2025-07-02,Resale,202.64,24860,"Greenville-Anderson-Greer, SC",2025,7,67.0,5.31143100569342
7390127,45045,B004.03-01-024.00,"109 PEMBERTON DR, GREENVILLE, SC 29611",29611.0,SC,34.884715,-82.479441,SFR,1972.0,3.0,2.0,1562.0,0.742,232237.0,2024-01-02,Resale,148.68,24860,"Greenville-Anderson-Greer, SC",2024,1,52.0,5.001796345429051
7390606,45045,0538.01-01-015.00,"202 TERRAMONT DR, GREENVILLE, SC 29615",29615.0,SC,34.877557,-82.311434,SFR,1978.0,3.0,3.0,2949.0,0.823921,645000.0,2024-06-27,Resale,218.72,24860,"Greenville-Anderson-Greer, SC",2024,6,46.0,5.38779237297564
7423660,45045,0263.00-01-072.00,"12 CARTER DR, GREENVILLE, SC 29607",29607.0,SC,34.822143,-82.348024,SFR,1962.0,3.0,1.0,950.0,0.2539945,235000.0,2025-08-11,Resale,247.37,24860,"Greenville-Anderson-Greer, SC",2025,8,63.0,5.510885191490062
7423661,45045,0270.01-01-025.00,"27 PONDEROSA RD, GREENVILLE, SC 29607",29607.0,SC,34.815615,-82.362249,SFR,1970.0,5.0,3.5,3173.0,0.769,1299607.0,2026-02-27,Resale,409.58,24860,"Greenville-Anderson-Greer, SC",2026,2,56.0,6.015132244408166
7484328,45045,0539.10-01-027.00,"103 REBEL CT, SIMPSONVILLE, SC 29681",29681.0,SC,34.810117,-82.253466,SFR,1983.0,3.0,2.0,1246.0,0.2995868,265000.0,2025-10-15,Resale,212.68,24860,"Greenville-Anderson-Greer, SC",2025,10,42.0,5.359788688636137
7534809,45045,0514.08-01-067.00,"111 BEAVER CREEK CT, MARIETTA, SC 29661",29661.0,SC,35.023342,-82.505831,SFR,1992.0,3.0,2.0,1125.0,0.4239899,235000.0,2024-01-18,Resale,208.89,24860,"Greenville-Anderson-Greer, SC",2024,1,32.0,5.341807797622565
7534814,45045,P026.00-03-006.08,"105 E BELVUE RD, TAYLORS, SC 29687",29687.0,SC,34.907243,-82.361035,SFR,1998.0,3.0,2.0,1232.0,0.3,255000.0,2026-04-23,Resale,206.98,24860,"Greenville-Anderson-Greer, SC",2026,4,28.0,5.332622170240027
7610891,45045,0548.35-01-033.00,"106 GRAYHAWK WAY, SIMPSONVILLE, SC 29681",29681.0,SC,34.798568,-82.218859,SFR,1999.0,3.0,2.5,1708.0,0.411,308000.0,2024-04-17,Resale,180.33,24860,"Greenville-Anderson-Greer, SC",2024,4,25.0,5.19478850571918
7611906,45045,P038.01-01-025.00,"107 MOUNTAINSIDE WAY, GREENVILLE, SC 29609",29609.0,SC,34.905447,-82.395187,SFR,1998.0,3.0,3.0,1992.0,,405000.0,2024-12-16,Resale,203.31,24860,"Greenville-Anderson-Greer, SC",2024,12,26.0,5.314731907816132
7612021,45045,T009.03-01-027.17,"119 FAIRVIEW PL, GREER, SC 29651",29651.0,SC,34.947546,-82.272402,SFR,1992.0,3.0,2.0,1537.0,,304000.0,2024-07-22,Resale,197.79,24860,"Greenville-Anderson-Greer, SC",2024,7,32.0,5.287205861793318
7693389,45045,0535.08-01-132.00,"138 FAWNBROOK DR, GREER, SC 29650",29650.0,SC,34.910445,-82.252358,SFR,1996.0,3.0,3.0,1676.0,,300000.0,2025-03-24,Resale,179.0,24860,"Greenville-Anderson-Greer, SC",2025,3,29.0,5.187385805840755
7707659,45045,0548.21-01-060.00,"15 CHARIOT LN, SIMPSONVILLE, SC 29681",29681.0,SC,34.800007,-82.23616,SFR,1995.0,3.0,3.0,2092.0,,425000.0,2025-04-14,Resale,203.15,24860,"Greenville-Anderson-Greer, SC",2025,4,30.0,5.313944622433736
7707996,45045,M008.07-01-037.00,"920 GOLDENDALE CT, GREENVILLE, SC 29607",29607.0,SC,34.777512,-82.326355,SFR,2001.0,3.0,2.5,1462.0,0.033,223000.0,2024-10-08,Resale,152.53,24860,"Greenville-Anderson-Greer, SC",2024,10,23.0,5.027361298011842
7793355,45045,0574.21-01-028.00,"122 EAGLESTON LN, SIMPSONVILLE, SC 29680",29680.0,SC,34.74347,-82.298636,SFR,2002.0,3.0,3.0,1804.0,,326000.0,2024-04-19,Resale,180.71,24860,"Greenville-Anderson-Greer, SC",2024,4,22.0,5.196893536410073
7797476,45045,0539.13-01-028.00,"206 S CHANCELOR DR, SIMPSONVILLE, SC 29681",29681.0,SC,34.817591,-82.257142,SFR,1986.0,3.0,2.5,1914.0,0.279,323000.0,2024-07-03,Resale,168.76,24860,"Greenville-Anderson-Greer, SC",2024,7,38.0,5.128477587256138
7816477,45045,0640.09-01-035.00,"25 MIDLAND CT, TAYLORS, SC 29687",29687.0,SC,34.962385,-82.317499,SFR,1988.0,4.0,3.0,2267.0,,435000.0,2025-05-16,Resale,191.88,24860,"Greenville-Anderson-Greer, SC",2025,5,37.0,5.256870176633863
7824196,45045,G008.00-11-008.00,"4 HAYNES ST, GREER, SC 29650",29650.0,SC,34.933899,-82.23772,SFR,1945.0,2.0,2.0,980.0,0.1987603,260000.0,2024-08-16,Resale,265.31,24860,"Greenville-Anderson-Greer, SC",2024,8,79.0,5.580898953610859
7825290,45045,0117.00-05-013.00,"101 LEDBETTER ST, GREENVILLE, SC 29611",29611.0,SC,34.83869,-82.431774,SFR,1945.0,2.0,1.0,1148.0,0.221,200000.0,2025-04-28,Resale,174.22,24860,"Greenville-Anderson-Greer, SC",2025,4,80.0,5.160318868390746
7830537,45045,0556.04-01-016.00,"7 LAWRENCE WARD CT, FOUNTAIN INN, SC 29644",29644.0,SC,34.704482,-82.18599,SFR,1997.0,3.0,2.0,1263.0,0.2,283000.0,2026-04-17,Resale,224.07,24860,"Greenville-Anderson-Greer, SC",2026,4,29.0,5.411958503037085
7842031,45045,M004.02-02-091.00,"926 FARGO ST, MAULDIN, SC 29662",29662.0,SC,34.78603,-82.28891,SFR,1983.0,3.0,2.0,1303.0,0.3787879,205000.0,2025-07-08,Resale,157.33,24860,"Greenville-Anderson-Greer, SC",2025,7,42.0,5.058345510252332
7844943,45045,0547.08-01-016.00,"5 BROOKFORD CT, GREENVILLE, SC 29615",29615.0,SC,34.829607,-82.273511,SFR,1993.0,3.0,3.0,1687.0,,323500.0,2024-04-19,Resale,191.76,24860,"Greenville-Anderson-Greer, SC",2024,4,31.0,5.256244590126129
7846553,45045,0645.07-01-006.01,"3 HIGH ROCK RIDGE DR, LANDRUM, SC 29356",29356.0,SC,35.140384,-82.3189,SFR,1996.0,3.0,3.0,2931.0,2.9,940000.0,2025-06-23,Resale,320.71,24860,"Greenville-Anderson-Greer, SC",2025,6,29.0,5.770537288002802
7851323,45045,B014.00-01-001.12,"225 EASTBOURNE RD, GREENVILLE, SC 29611",29611.0,SC,34.862858,-82.470083,SFR,1978.0,3.0,2.0,1841.0,0.632,376000.0,2024-02-21,Resale,204.24,24860,"Greenville-Anderson-Greer, SC",2024,2,46.0,5.319295772933229
7856451,45045,0525.06-01-097.00,"6 TERRAPIN TRL, TAYLORS, SC 29687",29687.0,SC,34.934495,-82.34406,SFR,2009.0,5.0,6.0,4956.0,0.3781451,975000.0,2025-07-14,Resale,196.73,24860,"Greenville-Anderson-Greer, SC",2025,7,16.0,5.281832230288174
7880302,45045,0542.31-01-006.00,"134 FUDORA CIR, SIMPSONVILLE, SC 29681",29681.0,SC,34.798325,-82.255832,SFR,2005.0,2.0,2.0,1518.0,,385000.0,2025-04-21,Resale,253.62,24860,"Greenville-Anderson-Greer, SC",2025,4,20.0,5.535837083806753
7891695,45045,0546.06-01-011.00,"111 BRAXTON PL, MAULDIN, SC 29662",29662.0,SC,34.795867,-82.286993,SFR,1999.0,3.0,2.0,1856.0,,260000.0,2025-10-27,Resale,140.09,24860,"Greenville-Anderson-Greer, SC",2025,10,26.0,4.942285073208023
7895357,45045,0574.08-01-077.00,"418 SELLWOOD CIR, SIMPSONVILLE, SC 29680",29680.0,SC,34.729853,-82.273692,SFR,1975.0,3.0,1.5,1688.0,0.351,270000.0,2024-04-10,Resale,159.95,24860,"Greenville-Anderson-Greer, SC",2024,4,49.0,5.074861266395527
7898476,45045,0548.42-01-015.00,"628 HEATHERCREST CT, SIMPSONVILLE, SC 29681",29681.0,SC,34.787607,-82.234213,SFR,2002.0,4.0,3.0,2818.0,0.424,615000.0,2025-02-21,Resale,218.24,24860,"Greenville-Anderson-Greer, SC",2025,2,23.0,5.3855953746550975
7898658,45045,0550.21-01-108.00,"205 WINDING RIVER LN, SIMPSONVILLE, SC 29681",29681.0,SC,34.787566,-82.175776,SFR,2006.0,4.0,3.0,4489.0,0.2839991,550000.0,2024-10-28,Resale,122.52,24860,"Greenville-Anderson-Greer, SC",2024,10,18.0,4.808274281964574
7913976,45045,0675.02-01-008.00,"142 COOL RIVER DR, MARIETTA, SC 29661",29661.0,SC,35.123672,-82.540174,SFR,1960.0,2.0,1.0,2011.0,2.23,370000.0,2025-09-12,Resale,183.99,24860,"Greenville-Anderson-Greer, SC",2025,9,65.0,5.214881408306002
7915678,45045,T034.01-10-104.00,"614 HEATHWOOD DR, TAYLORS, SC 29687",29687.0,SC,34.905552,-82.297047,SFR,1970.0,3.0,2.0,1379.0,0.344,290000.0,2026-05-06,Resale,210.3,24860,"Greenville-Anderson-Greer, SC",2026,5,56.0,5.348535082708654
7922695,45045,0574.15-01-052.00,"109 ASHDOWN DR, SIMPSONVILLE, SC 29680",29680.0,SC,34.71668,-82.274341,SFR,1980.0,3.0,1.5,1173.0,0.306,235000.0,2024-10-10,Resale,200.34,24860,"Greenville-Anderson-Greer, SC",2024,10,44.0,5.300015923183619
7922874,45045,0373.00-05-008.19,"34 UNEEDA DR, GREENVILLE, SC 29605",29605.0,SC,34.783821,-82.392222,SFR,1999.0,3.0,2.0,1298.0,0.2,129703.0,2024-04-08,Resale,99.93,24860,"Greenville-Anderson-Greer, SC",2024,4,25.0,4.604469940873698
7926786,45045,0641.09-01-043.00,"15 KING EIDER WAY, TAYLORS, SC 29687",29687.0,SC,35.017654,-82.323761,SFR,2001.0,4.0,3.0,3400.0,0.724,585000.0,2024-02-20,Resale,172.06,24860,"Greenville-Anderson-Greer, SC",2024,2,23.0,5.147843253193202
7926846,45045,0105.00-03-002.00,"19 HAWTHORNE LN, GREENVILLE, SC 29605",29605.0,SC,34.824258,-82.409667,SFR,1947.0,2.0,1.0,1012.0,0.182989,335000.0,2024-05-10,Resale,331.03,24860,"Greenville-Anderson-Greer, SC",2024,5,77.0,5.802209005711098
7926890,45045,0547.08-01-023.00,"4 BROOKFORD CT, GREENVILLE, SC 29615",29615.0,SC,34.829503,-82.272803,SFR,1992.0,3.0,3.0,1972.0,,414000.0,2025-07-10,Resale,209.94,24860,"Greenville-Anderson-Greer, SC",2025,7,33.0,5.346821775607651
7926968,45045,0497.00-03-013.00,"114 TUBBS MOUNTAIN RD, TRAVELERS REST, SC 29690",29690.0,SC,34.974089,-82.435018,SFR,1950.0,1.0,1.0,385.0,1.0,155000.0,2024-03-27,Resale,402.6,24860,"Greenville-Anderson-Greer, SC",2024,3,74.0,5.9979435132056915
7937176,45045,0399.00-01-029.00,"12 FARLEY AVE, GREENVILLE, SC 29605",29605.0,SC,34.763099,-82.383139,SFR,1955.0,2.0,1.5,1142.0,0.254,220000.0,2024-01-05,Resale,192.64,24860,"Greenville-Anderson-Greer, SC",2024,1,69.0,5.260823162120456
7960803,45045,0574.24-01-025.00,"208 GROTON CT, SIMPSONVILLE, SC 29680",29680.0,SC,34.711796,-82.300271,SFR,2001.0,3.0,2.5,2336.0,0.286,329000.0,2024-05-20,Resale,140.84,24860,"Greenville-Anderson-Greer, SC",2024,5,23.0,4.947624494286852
7968813,45045,0651.02-01-001.02,"9045 N TIGERVILLE RD, TRAVELERS REST, SC 29690",29690.0,SC,35.103398,-82.374799,SFR,1988.0,3.0,2.0,1232.0,6.5,425000.0,2024-09-13,Resale,344.97,24860,"Greenville-Anderson-Greer, SC",2024,9,36.0,5.843457456728683
7971840,45045,0575.11-01-135.00,"516 WALKINGSTICK WAY, SIMPSONVILLE, SC 29680",29680.0,SC,34.702987,-82.308392,SFR,1999.0,3.0,2.0,2357.0,0.45,316000.0,2025-01-31,Resale,134.07,24860,"Greenville-Anderson-Greer, SC",2025,1,26.0,4.89836205161347
7972481,45045,B004.01-01-051.00,"23 SHAMROCK CIR, GREENVILLE, SC 29611",29611.0,SC,34.891624,-82.472105,SFR,1970.0,3.0,2.0,1400.0,0.3760101,225000.0,2024-05-31,Resale,160.71,24860,"Greenville-Anderson-Greer, SC",2024,5,54.0,5.0796014985609785
7975309,45045,0525.06-01-160.00,"418 ROBERTS RD, TAYLORS, SC 29687",29687.0,SC,34.930187,-82.339877,SFR,2007.0,3.0,2.0,2382.0,0.188,422500.0,2026-04-23,Resale,177.37,24860,"Greenville-Anderson-Greer, SC",2026,4,19.0,5.178237946217495
7975664,45045,0548.27-01-028.00,"2 SUMMER GLEN DR, SIMPSONVILLE, SC 29681",29681.0,SC,34.781536,-82.23549,SFR,1998.0,3.0,3.0,1870.0,,320000.0,2025-01-30,Resale,171.12,24860,"Greenville-Anderson-Greer, SC",2025,1,27.0,5.14236506477415
7976581,45045,0541.07-03-051.00,"231 MCKENNA CIR, GREENVILLE, SC 29615",29615.0,SC,34.877228,-82.31488,SFR,2003.0,3.0,2.0,1296.0,,215000.0,2025-05-12,Resale,165.9,24860,"Greenville-Anderson-Greer, SC",2025,5,22.0,5.111385197196399
7976703,45045,0192.00-01-013.00,"501 OVERBROOK RD, GREENVILLE, SC 29607",29607.0,SC,34.858626,-82.375257,SFR,1961.0,3.0,2.0,1260.0,0.2690083,552500.0,2025-05-06,Resale,438.49,24860,"Greenville-Anderson-Greer, SC",2025,5,64.0,6.083337006535095
108506,45077,5029-07-68-4564,"118 OAK SPRINGS CT, EASLEY, SC 29640",29640.0,SC,34.842619,-82.578092,SFR,1991.0,3.0,2.0,1428.0,,235000.0,2024-07-22,Resale,164.57,24860,"Greenville-Anderson-Greer, SC",2024,7,33.0,5.103336011607292
108606,45077,5019-19-62-7276,"404 S 5TH ST, EASLEY, SC 29640",29640.0,SC,34.824946,-82.610115,Barber/Hair Salon,1935.0,4.0,2.5,3400.0,,474900.0,2024-09-23,Resale,139.68,24860,"Greenville-Anderson-Greer, SC",2024,9,89.0,4.939354092091292
151481,45077,4098-17-01-5287,"108 KARLA AVE, LIBERTY, SC 29657",29657.0,SC,34.793581,-82.696723,SFR,1973.0,3.0,2.0,1599.0,,280000.0,2025-06-26,Resale,175.11,24860,"Greenville-Anderson-Greer, SC",2025,6,52.0,5.165414347883809
192018,45077,5019-19-50-0947,"94 PRESTON ST, EASLEY, SC 29640",29640.0,SC,34.821284,-82.615811,SFR,1961.0,3.0,1.0,950.0,,212000.0,2024-05-08,Resale,223.16,24860,"Greenville-Anderson-Greer, SC",2024,5,63.0,5.407889002977328
290709,45077,5028-20-82-2418,"354 HAMILTON PKWY, EASLEY, SC 29642",29642.0,SC,34.798479,-82.571555,SFR,2001.0,3.0,2.0,2201.0,0.2100092,350000.0,2024-06-18,Resale,159.02,24860,"Greenville-Anderson-Greer, SC",2024,6,23.0,5.069029980473338
332364,45077,5019-14-33-3326,"105 NALLEY ST, EASLEY, SC 29640",29640.0,SC,34.827804,-82.621595,SFR,1950.0,2.0,1.0,854.0,0.284,145000.0,2024-02-21,Resale,169.79,24860,"Greenville-Anderson-Greer, SC",2024,2,74.0,5.13456237932792
371621,45077,5142-00-12-7362,"149 ELBERT CLARK DR, EASLEY, SC 29640",29640.0,SC,34.908427,-82.528441,SFR,2002.0,3.0,3.0,1983.0,5.0,410000.0,2025-12-30,Resale,206.76,24860,"Greenville-Anderson-Greer, SC",2025,12,23.0,5.331558700327839
372843,45077,5028-12-95-5190,"215 MCARTHUR ST, EASLEY, SC 29642",29642.0,SC,34.805799,-82.567005,SFR,1977.0,3.0,2.0,1608.0,0.61,19000.0,2026-04-23,Resale,11.82,24860,"Greenville-Anderson-Greer, SC",2026,4,49.0,2.469793011977952
441562,45077,5028-20-81-4940,"108 WORCESTER LN, EASLEY, SC 29642",29642.0,SC,34.796937,-82.570752,SFR,2004.0,3.0,2.0,1813.0,0.2300046,314900.0,2024-12-17,Resale,173.69,24860,"Greenville-Anderson-Greer, SC",2024,12,20.0,5.157272101065921
664225,45077,4099-00-60-8605,"402 MORNING DEW CT, LIBERTY, SC 29657",29657.0,SC,34.819634,-82.676451,MOBILE HOME,1997.0,3.0,2.0,1848.0,0.6059917,36000.0,2024-08-30,Resale,19.48,24860,"Greenville-Anderson-Greer, SC",2024,8,27.0,2.969388298214389
791698,45077,5122-04-54-6162,"92 JUBILEE LN, EASLEY, SC 29640",29640.0,SC,34.912876,-82.582065,MOBILE HOME,1985.0,3.0,3.0,1230.0,1.45,196000.0,2025-07-28,Resale,159.35,24860,"Greenville-Anderson-Greer, SC",2025,7,40.0,5.0711030408633455
1206640,45077,5028-11-57-5311,"305 CLAY ST, EASLEY, SC 29642",29642.0,SC,34.811724,-82.580689,SFR,1979.0,3.0,2.0,1552.0,,311000.0,2026-02-27,Resale,200.39,24860,"Greenville-Anderson-Greer, SC",2026,2,47.0,5.300265467766052
1206646,45077,5028-11-65-9564,"128 PINEVIEW DR, EASLEY, SC 29642",29642.0,SC,34.806911,-82.57578,SFR,1978.0,3.0,2.0,1552.0,,103500.0,2024-12-19,Resale,66.69,24860,"Greenville-Anderson-Greer, SC",2024,12,46.0,4.200055016644215
1206659,45077,5028-08-77-6613,"110 CHARLTON CIR, EASLEY, SC 29642",29642.0,SC,34.812682,-82.573738,SFR,1962.0,3.0,2.0,1296.0,,155000.0,2026-02-19,Resale,119.6,24860,"Greenville-Anderson-Greer, SC",2026,2,64.0,4.784152841516532
1206663,45077,5028-07-77-1654,"102 CHARLTON CIR, EASLEY, SC 29642",29642.0,SC,34.812688,-82.575288,SFR,1969.0,3.0,2.0,1161.0,,232000.0,2026-01-22,Resale,199.83,24860,"Greenville-Anderson-Greer, SC",2026,1,57.0,5.297467005093198
1600380,45077,5039-07-59-8534,"114 CREST LN, EASLEY, SC 29640",29640.0,SC,34.845739,-82.546958,MOBILE HOME,2002.0,3.0,2.0,1568.0,0.5800046,213500.0,2024-08-28,Resale,136.16,24860,"Greenville-Anderson-Greer, SC",2024,8,22.0,4.913830664825064
1621543,45077,5019-15-64-9875,"205 W B AVE, EASLEY, SC 29640",29640.0,SC,34.832065,-82.609527,SFR,1958.0,2.0,1.0,774.0,0.1699954,173000.0,2024-07-10,Resale,223.51,24860,"Greenville-Anderson-Greer, SC",2024,7,66.0,5.409456155782004
1621552,45077,5019-14-43-4537,"305 KATHERINE ST, EASLEY, SC 29640",29640.0,SC,34.828433,-82.617918,SFR,1950.0,3.0,2.0,2028.0,0.5239899,208000.0,2024-04-03,Resale,102.56,24860,"Greenville-Anderson-Greer, SC",2024,4,74.0,4.63044799317236
1621558,45077,5019-11-56-2499,"502 FLEETWOOD DR, EASLEY, SC 29640",29640.0,SC,34.836518,-82.615218,SFR,1940.0,2.0,2.0,1101.0,,229000.0,2024-03-13,Resale,207.99,24860,"Greenville-Anderson-Greer, SC",2024,3,84.0,5.337490001622509
1818314,45077,5029-11-65-3788,"203 PHILLIPS AVE, EASLEY, SC 29640",29640.0,SC,34.835026,-82.578197,SFR,1981.0,2.0,2.0,1094.0,,205000.0,2025-09-29,Resale,187.39,24860,"Greenville-Anderson-Greer, SC",2025,9,44.0,5.233192006587575
1818323,45077,5029-11-55-9271,"110 COUCH ST, EASLEY, SC 29640",29640.0,SC,34.833455,-82.579584,MOBILE HOME,1991.0,3.0,1.0,1144.0,0.1899908,145000.0,2025-12-18,Resale,126.75,24860,"Greenville-Anderson-Greer, SC",2025,12,34.0,4.842216642471293
1818324,45077,5029-11-65-0230,"114 COUCH ST, EASLEY, SC 29640",29640.0,SC,34.833424,-82.579367,SFR,1963.0,2.0,1.0,609.0,,40000.0,2026-01-29,Resale,65.68,24860,"Greenville-Anderson-Greer, SC",2026,1,63.0,4.184794465144173
1818410,45077,4087-12-97-5203,"311 S PEACHTREE ST, LIBERTY, SC 29657",29657.0,SC,34.782428,-82.70009,SFR,1953.0,3.0,1.0,1026.0,0.4199954,169000.0,2025-10-20,Resale,164.72,24860,"Greenville-Anderson-Greer, SC",2025,10,72.0,5.104247062719534
1818417,45077,4097-09-05-3428,"330 ODELL ST, LIBERTY, SC 29657",29657.0,SC,34.777693,-82.697237,SFR,1966.0,2.0,1.0,802.0,0.2199954,192000.0,2025-06-02,Resale,239.4,24860,"Greenville-Anderson-Greer, SC",2025,6,59.0,5.478135793123873
1818422,45077,4097-05-19-7796,"34 PICKENS DR, LIBERTY, SC 29657",29657.0,SC,34.7895,-82.69258,SFR,1968.0,3.0,2.0,1542.0,0.5399908,336000.0,2025-09-05,Resale,217.9,24860,"Greenville-Anderson-Greer, SC",2025,9,57.0,5.384036241950574
1831755,45077,5140-01-35-6276,"316 ANTIOCH RD, EASLEY, SC 29640",29640.0,SC,34.861788,-82.521116,SFR,1975.0,4.0,2.0,1323.0,0.81,300000.0,2026-02-12,Resale,226.76,24860,"Greenville-Anderson-Greer, SC",2026,2,51.0,5.423892189456103
1843130,45077,4086-00-63-1720,"112 CHANDLER DR, LIBERTY, SC 29657",29657.0,SC,34.745183,-82.710588,SFR,2002.0,3.0,2.0,1616.0,0.5100092,200000.0,2025-12-11,Resale,123.76,24860,"Greenville-Anderson-Greer, SC",2025,12,23.0,4.81834420626481
1843136,45077,4085-00-55-8522,"103 QUAIL LN, LIBERTY, SC 29657",29657.0,SC,34.722655,-82.7111,MOBILE HOME,1991.0,3.0,2.0,1068.0,1.6,114000.0,2025-01-03,Resale,106.74,24860,"Greenville-Anderson-Greer, SC",2025,1,34.0,4.6703959709057985
1927022,45077,5019-19-70-2870,"207 S 7TH ST, EASLEY, SC 29640",29640.0,SC,34.820949,-82.608337,SFR,1920.0,3.0,1.0,1008.0,,58000.0,2026-02-02,Resale,57.54,24860,"Greenville-Anderson-Greer, SC",2026,2,106.0,4.052480358123402
1927026,45077,5019-20-91-6081,"102 MCBEE AVE, EASLEY, SC 29640",29640.0,SC,34.821651,-82.60033,SFR,1951.0,3.0,1.0,1920.0,,195000.0,2025-11-04,Resale,101.56,24860,"Greenville-Anderson-Greer, SC",2025,11,74.0,4.620649756836477
1927027,45077,5019-19-51-5431,"606 W 4TH AVE, EASLEY, SC 29640",29640.0,SC,34.822554,-82.614143,SFR,1948.0,2.0,1.0,784.0,,59000.0,2025-12-10,Resale,75.26,24860,"Greenville-Anderson-Greer, SC",2025,12,77.0,4.3209487851652915
1949589,45077,5111-00-87-0428,"384 HOOD RD, EASLEY, SC 29640",29640.0,SC,34.894293,-82.607183,SFR,1981.0,3.0,2.0,2801.0,1.778,1000.0,2024-08-23,Resale,0.36,24860,"Greenville-Anderson-Greer, SC",2024,8,43.0,-1.0216512475319814
1949597,45077,5039-17-00-3626,"104 GINGER LN, EASLEY, SC 29642",29642.0,SC,34.821116,-82.564831,SFR,1970.0,3.0,2.0,1531.0,,277000.0,2025-05-02,Resale,180.93,24860,"Greenville-Anderson-Greer, SC",2025,5,55.0,5.198110216131005
1949599,45077,5038-09-17-0120,"304 HUNTINGTON RD, EASLEY, SC 29642",29642.0,SC,34.811368,-82.562366,SFR,1978.0,3.0,2.0,2104.0,,400000.0,2025-01-07,Resale,190.11,24860,"Greenville-Anderson-Greer, SC",2025,1,47.0,5.247602852003535
1949609,45077,5038-05-08-3192,"102 OXFORD CT, EASLEY, SC 29642",29642.0,SC,34.814147,-82.564508,SFR,1987.0,3.0,3.0,2283.0,,430000.0,2025-04-14,Resale,188.35,24860,"Greenville-Anderson-Greer, SC",2025,4,38.0,5.23830193413805
1949611,45077,5038-05-08-5449,"702 HUNTINGTON RD, EASLEY, SC 29642",29642.0,SC,34.81516,-82.564003,SFR,1988.0,7.0,4.0,3290.0,,399900.0,2024-03-22,Resale,121.55,24860,"Greenville-Anderson-Greer, SC",2024,3,36.0,4.800325700762133
1949613,45077,5038-05-08-2560,"701 HUNTINGTON RD, EASLEY, SC 29642",29642.0,SC,34.815185,-82.56494,SFR,1979.0,4.0,3.0,1452.0,0.46,60391.0,2025-06-30,Resale,41.59,24860,"Greenville-Anderson-Greer, SC",2025,6,46.0,3.7278597537548204
2266303,45077,5037-05-29-3797,"104 OVERLOOK CT, EASLEY, SC 29642",29642.0,SC,34.791274,-82.557416,SFR,1995.0,4.0,4.0,3981.0,,575000.0,2024-05-31,Resale,144.44,24860,"Greenville-Anderson-Greer, SC",2024,5,29.0,4.972864196409257
2353454,45077,4182-09-25-2199,"181 BROOKSIDE CIR, PICKENS, SC 29671",29671.0,SC,34.913946,-82.726754,SFR,1983.0,3.0,2.5,1660.0,1.29,440000.0,2026-01-05,Resale,265.06,24860,"Greenville-Anderson-Greer, SC",2026,1,43.0,5.579956215452532
2356227,45077,5008-11-65-7439,"104 SHERRY LN, EASLEY, SC 29640",29640.0,SC,34.805902,-82.643158,SFR,1979.0,3.0,3.0,1248.0,,240000.0,2024-06-20,Resale,192.31,24860,"Greenville-Anderson-Greer, SC",2024,6,45.0,5.259108653322756
2420151,45077,5038-15-63-0058,"103 OAKCREEK DR, EASLEY, SC 29642",29642.0,SC,34.800524,-82.545366,SFR,1990.0,3.0,3.0,1945.0,,270000.0,2025-08-20,Resale,138.82,24860,"Greenville-Anderson-Greer, SC",2025,8,35.0,4.933178129911438
2420166,45077,5038-15-73-2565,"405 CREEK DR, EASLEY, SC 29642",29642.0,SC,34.801883,-82.541366,SFR,1990.0,3.0,2.0,1774.0,0.1899908,285000.0,2026-01-22,Resale,160.65,24860,"Greenville-Anderson-Greer, SC",2026,1,36.0,5.0792280855618674
2420171,45077,5038-15-63-9808,"211 CREEK DR, EASLEY, SC 29642",29642.0,SC,34.802776,-82.542588,SFR,1991.0,4.0,2.0,1931.0,,274000.0,2024-05-17,Resale,141.9,24860,"Greenville-Anderson-Greer, SC",2024,5,33.0,4.955122584165997
2445511,45077,5038-16-84-2857,"428 WEXFORD WAY, EASLEY, SC 29642",29642.0,SC,34.805545,-82.538155,SFR,1997.0,3.0,3.0,2089.0,0.4489899,578000.0,2024-05-24,Resale,276.69,24860,"Greenville-Anderson-Greer, SC",2024,5,27.0,5.622897745915737
2445518,45077,5038-16-84-2430,"106 LOCKMERE CT, EASLEY, SC 29642",29642.0,SC,34.804258,-82.538181,SFR,1996.0,3.0,3.0,2412.0,,535000.0,2025-05-16,Resale,221.81,24860,"Greenville-Anderson-Greer, SC",2025,5,29.0,5.401821159562698
2445519,45077,5038-16-84-1449,"102 LOCKMERE CT, EASLEY, SC 29642",29642.0,SC,34.804498,-82.538491,SFR,1996.0,3.0,2.5,2329.0,0.46,605000.0,2024-09-30,Resale,259.77,24860,"Greenville-Anderson-Greer, SC",2024,9,28.0,5.559796624127819
2460459,45077,4053-12-86-3263,"129 HOLLY AVE, CLEMSON, SC 29631",29631.0,SC,34.668375,-82.801389,SFR,1956.0,3.0,2.0,1808.0,0.4300046,377500.0,2025-04-01,Resale,208.79,24860,"Greenville-Anderson-Greer, SC",2025,4,69.0,5.341328962141284
2481005,45077,4190-20-71-9744,"307 FAIRWAY DR, PICKENS, SC 29671",29671.0,SC,34.849762,-82.673634,SFR,1995.0,3.0,3.0,1920.0,1.75,586000.0,2025-11-17,Resale,305.21,24860,"Greenville-Anderson-Greer, SC",2025,11,30.0,5.721000064273266
2497346,45077,4097-10-37-0437,"202 W BEATTIE ST, LIBERTY, SC 29657",29657.0,SC,34.783295,-82.688326,SFR,1920.0,2.0,1.0,928.0,,218000.0,2025-06-30,Resale,234.91,24860,"Greenville-Anderson-Greer, SC",2025,6,105.0,5.459202462065674
2516569,45077,5019-15-62-3534,"408 W 2ND AVE, EASLEY, SC 29640",29640.0,SC,34.825662,-82.611567,SFR,1930.0,3.0,2.0,1086.0,,195000.0,2024-12-30,Resale,179.56,24860,"Greenville-Anderson-Greer, SC",2024,12,94.0,5.190509413913731
2838401,45077,5028-07-58-0064,"200 CAMILLE ST, EASLEY, SC 29642",29642.0,SC,34.813685,-82.582284,SFR,1974.0,3.0,2.0,1562.0,,270000.0,2025-08-13,Resale,172.86,24860,"Greenville-Anderson-Greer, SC",2025,8,51.0,5.152482018324492
2928535,45077,5008-10-46-8603,"202 SHERWOOD RD, EASLEY, SC 29640",29640.0,SC,34.808968,-82.649633,SFR,1972.0,2.0,2.0,998.0,,215000.0,2025-09-19,Resale,215.43,24860,"Greenville-Anderson-Greer, SC",2025,9,53.0,5.372636030790336
3027735,45077,4065-17-11-3538,"117 WALNUT ST, CENTRAL, SC 29630",29630.0,SC,34.710667,-82.79245,SFR,1966.0,2.0,1.0,1608.0,,195000.0,2024-05-01,Resale,121.27,24860,"Greenville-Anderson-Greer, SC",2024,5,58.0,4.7980194646687
3027740,45077,4065-05-09-4111,"140 MCJUNKIN RD, CENTRAL, SC 29630",29630.0,SC,34.73134,-82.795884,SFR,1951.0,2.0,1.0,952.0,0.8100092,66000.0,2025-10-15,Resale,69.33,24860,"Greenville-Anderson-Greer, SC",2025,10,74.0,4.238877712954399
3205552,45077,5131-02-65-7160,"207 SHADE TREE CIR, EASLEY, SC 29640",29640.0,SC,34.888493,-82.544587,MOBILE HOME,1990.0,3.0,2.0,1792.0,,220000.0,2025-07-29,Resale,122.77,24860,"Greenville-Anderson-Greer, SC",2025,7,35.0,4.8103126861927485
3231190,45077,5049-05-28-0288,"113 HARVARD LN, EASLEY, SC 29640",29640.0,SC,34.842517,-82.526055,SFR,1994.0,3.0,2.0,1320.0,,312000.0,2024-09-13,Resale,236.36,24860,"Greenville-Anderson-Greer, SC",2024,9,30.0,5.465356066477474
3246016,45077,5059-17-12-5178,"134 QUAIL HAVEN DR, EASLEY, SC 29642",29642.0,SC,34.826161,-82.494134,SFR,1978.0,3.0,2.0,1236.0,,255000.0,2025-10-17,Resale,206.31,24860,"Greenville-Anderson-Greer, SC",2025,10,47.0,5.329379891999855
3414618,45077,5019-12-95-5987,"201 E C AVE, EASLEY, SC 29640",29640.0,SC,34.835254,-82.600911,SFR,1946.0,3.0,1.0,1278.0,,175000.0,2025-10-16,Resale,136.93,24860,"Greenville-Anderson-Greer, SC",2025,10,79.0,4.919469846344143
3414619,45077,5029-10-26-9609,"112 CLEVELAND ST, EASLEY, SC 29640",29640.0,SC,34.837365,-82.589865,SFR,1920.0,3.0,1.0,1364.0,,167000.0,2025-01-16,Resale,122.43,24860,"Greenville-Anderson-Greer, SC",2025,1,105.0,4.807539438085824
3414622,45077,5120-17-01-0379,"303 ASBURY CIR, EASLEY, SC 29640",29640.0,SC,34.850141,-82.599591,SFR,1980.0,3.0,2.0,2373.0,0.53,405500.0,2026-03-19,Resale,170.88,24860,"Greenville-Anderson-Greer, SC",2026,3,46.0,5.14096155577183
3777698,45077,5027-06-29-5952,"918 PELZER HWY, EASLEY, SC 29642",29642.0,SC,34.791324,-82.590247,SFR,1988.0,3.0,2.0,1744.0,0.6699954,285000.0,2024-07-03,Resale,163.42,24860,"Greenville-Anderson-Greer, SC",2024,7,36.0,5.096323573956561
3777712,45077,5027-00-04-0384,"572 ZION CHURCH RD, EASLEY, SC 29642",29642.0,SC,34.775872,-82.598118,SFR,1970.0,3.0,2.0,2013.0,0.9699954,340000.0,2024-08-19,Resale,168.9,24860,"Greenville-Anderson-Greer, SC",2024,8,54.0,5.129306823813755
4536870,45077,5029-11-66-6667,"502 GRANT ST, EASLEY, SC 29640",29640.0,SC,34.837479,-82.577353,SFR,1945.0,2.0,1.0,876.0,,175000.0,2024-03-21,Resale,199.77,24860,"Greenville-Anderson-Greer, SC",2024,3,79.0,5.297166704790641
4542609,45077,5029-18-32-9206,"212 GRACE AVE, EASLEY, SC 29640",29640.0,SC,34.825257,-82.586323,SFR,1954.0,2.0,2.0,1218.0,,240000.0,2024-09-06,Resale,197.04,24860,"Greenville-Anderson-Greer, SC",2024,9,70.0,5.283406753812282
4618151,45077,5112-04-71-4291,"1615 JAMESON RD, EASLEY, SC 29640",29640.0,SC,34.904531,-82.609043,MOBILE HOME,2000.0,3.0,2.0,2128.0,1.01,190000.0,2024-06-28,Resale,89.29,24860,"Greenville-Anderson-Greer, SC",2024,6,24.0,4.491889499529125
4618166,45077,4099-00-62-0426,"193 W BAGWELL RD, LIBERTY, SC 29657",29657.0,SC,34.824571,-82.6792,MOBILE HOME,1998.0,3.0,2.0,1170.0,,50000.0,2024-09-17,Resale,42.74,24860,"Greenville-Anderson-Greer, SC",2024,9,26.0,3.755135249891002
4618178,45077,4099-00-61-6221,"108 GOLDEN GLADE CT, LIBERTY, SC 29657",29657.0,SC,34.821069,-82.677127,MOBILE HOME,1999.0,3.0,2.0,1174.0,0.573,40000.0,2026-03-26,Resale,34.07,24860,"Greenville-Anderson-Greer, SC",2026,3,27.0,3.5284172316728752
4618179,45077,5027-08-78-7616,"136 RUBY DR, EASLEY, SC 29642",29642.0,SC,34.788326,-82.572103,MOBILE HOME,1994.0,2.0,2.0,1216.0,1.59,90000.0,2024-12-09,Resale,74.01,24860,"Greenville-Anderson-Greer, SC",2024,12,30.0,4.304200219209375
4618181,45077,5100-00-48-7231,"109 RAYFIELD DR, EASLEY, SC 29640",29640.0,SC,34.868216,-82.650985,MOBILE HOME,1999.0,3.0,2.0,1199.0,0.8399908,50000.0,2025-11-13,Resale,41.7,24860,"Greenville-Anderson-Greer, SC",2025,11,26.0,3.730501128804756
4618190,45077,4065-14-43-4999,"127 DAVIS ST, CENTRAL, SC 29630",29630.0,SC,34.717486,-82.782033,MOBILE HOME,1984.0,2.0,2.0,1449.0,,62000.0,2025-07-25,Resale,42.79,24860,"Greenville-Anderson-Greer, SC",2025,7,41.0,3.7563044304287256
4618222,45077,5140-14-33-6915,"113 WOODBINE TRL, EASLEY, SC 29640",29640.0,SC,34.857951,-82.521679,MOBILE HOME,1989.0,2.0,2.0,1515.0,,140000.0,2024-02-08,Resale,92.41,24860,"Greenville-Anderson-Greer, SC",2024,2,35.0,4.526235197899949
4618226,45077,4046-04-83-3634,"932 OLD SIX MILE RD, CENTRAL, SC 29630",29630.0,SC,34.742667,-82.836319,TAX EXEMPT,1998.0,3.0,2.0,2128.0,0.8179982,105000.0,2025-01-23,REO (Real Estate-Owned),49.34,24860,"Greenville-Anderson-Greer, SC",2025,1,27.0,3.8987351111012107
4618227,45077,5009-15-63-8080,"180 DEARBORN LN, EASLEY, SC 29640",29640.0,SC,34.826551,-82.643042,MOBILE HOME,1989.0,3.0,2.0,1674.0,0.5,50000.0,2024-04-03,Resale,29.87,24860,"Greenville-Anderson-Greer, SC",2024,4,35.0,3.3968546322280186
4618262,45077,5009-15-73-1069,"172 DEARBORN LN, EASLEY, SC 29640",29640.0,SC,34.826824,-82.642101,MOBILE HOME,1994.0,3.0,2.0,1680.0,0.5100092,10000.0,2025-11-20,Resale,5.95,24860,"Greenville-Anderson-Greer, SC",2025,11,31.0,1.7833912195575383
4618263,45077,5100-18-31-6271,"133 CEDAR ROCK CHURCH RD, EASLEY, SC 29640",29640.0,SC,34.849027,-82.654134,MOBILE HOME,2004.0,4.0,2.0,2432.0,1.2,274900.0,2025-12-03,Resale,113.03,24860,"Greenville-Anderson-Greer, SC",2025,12,21.0,4.72765327020264
4618265,45077,5131-02-65-5599,"124 SHADE TREE CIR, EASLEY, SC 29640",29640.0,SC,34.889891,-82.54519,MOBILE HOME,1991.0,3.0,2.0,1248.0,,99000.0,2024-06-18,Resale,79.33,24860,"Greenville-Anderson-Greer, SC",2024,6,33.0,4.373616367313912
4618300,45077,4150-00-36-1489,"151 ROLLING HILLS RD, SIX MILE, SC 29682",29682.0,SC,34.861199,-82.822709,MOBILE HOME,1999.0,3.0,2.0,1716.0,2.19,99000.0,2025-11-07,Resale,57.69,24860,"Greenville-Anderson-Greer, SC",2025,11,26.0,4.055083848268798
4618351,45077,5100-18-41-5321,"104 MCCALL LN, EASLEY, SC 29640",29640.0,SC,34.849294,-82.651336,MOBILE HOME,1986.0,2.0,2.0,1390.0,,190000.0,2025-08-12,Resale,136.69,24860,"Greenville-Anderson-Greer, SC",2025,8,39.0,4.917715588164562
4618376,45077,4150-00-04-8098,"175 DUNCAN RD, SIX MILE, SC 29682",29682.0,SC,34.85433,-82.830242,VACANT LAND (NEC),2001.0,3.0,2.0,1792.0,1.0,60000.0,2024-03-21,Resale,33.48,24860,"Greenville-Anderson-Greer, SC",2024,3,23.0,3.5109482456212744
4618388,45077,5027-00-12-6136,"723 ZION CHURCH RD, EASLEY, SC 29642",29642.0,SC,34.769986,-82.592993,MOBILE HOME,2000.0,2.0,2.0,1920.0,0.9,103500.0,2024-12-18,Resale,53.91,24860,"Greenville-Anderson-Greer, SC",2024,12,24.0,3.9873159894635775
4618405,45077,5049-16-74-9629,"149 EVELYN RD, EASLEY, SC 29640",29640.0,SC,34.832927,-82.506415,MOBILE HOME,1985.0,3.0,2.0,1680.0,0.64,30000.0,2026-05-06,Resale,17.86,24860,"Greenville-Anderson-Greer, SC",2026,5,41.0,2.882563575448353
4618409,45077,4172-00-64-5279,"145 ARTIE DR, PICKENS, SC 29671",29671.0,SC,34.911414,-82.74546,MOBILE HOME,1973.0,3.0,2.0,1344.0,1.0,14000.0,2024-06-25,Resale,10.42,24860,"Greenville-Anderson-Greer, SC",2024,6,51.0,2.343727036325221
4618424,45077,4048-00-38-9803,"122 GIN SHOALS RD, SIX MILE, SC 29682",29682.0,SC,34.812165,-82.852714,MOBILE HOME,2005.0,4.0,2.0,2128.0,1.88,75000.0,2025-10-27,Resale,35.24,24860,"Greenville-Anderson-Greer, SC",2025,10,20.0,3.562181801067979
4618436,45077,5132-03-20-4562,"247 GLENN ST, EASLEY, SC 29640",29640.0,SC,34.903223,-82.559306,MOBILE HOME,1999.0,3.0,2.0,1782.0,0.9600092,2800.0,2025-03-06,Resale,1.57,24860,"Greenville-Anderson-Greer, SC",2025,3,26.0,0.45107561936021673
4618450,45077,5135-00-25-2804,"371 FOREST DALE RD, MARIETTA, SC 29661",29661.0,SC,35.000222,-82.561791,MOBILE HOME,1999.0,3.0,2.0,1678.0,0.81,235000.0,2026-04-08,Resale,140.05,24860,"Greenville-Anderson-Greer, SC",2026,4,27.0,4.941999501706118
4622677,45077,5121-00-74-9333,"230 JENNY LN, EASLEY, SC 29640",29640.0,SC,34.88608,-82.573997,MOBILE HOME,1998.0,3.0,2.0,1680.0,,81000.0,2024-01-09,Resale,48.21,24860,"Greenville-Anderson-Greer, SC",2024,1,26.0,3.875566468417531
4622735,45077,4181-12-85-5117,"145 QUEENS CT, PICKENS, SC 29671",29671.0,SC,34.886668,-82.705486,SFR,1966.0,4.0,3.0,2202.0,,357000.0,2025-04-01,Resale,162.13,24860,"Greenville-Anderson-Greer, SC",2025,4,59.0,5.088398482561978
4622742,45077,5039-20-90-9749,"199 LAKE FOREST CIR, EASLEY, SC 29642",29642.0,SC,34.82189,-82.532652,SFR,1989.0,4.0,4.0,2290.0,1.31,500000.0,2026-02-12,Resale,218.34,24860,"Greenville-Anderson-Greer, SC",2026,2,37.0,5.386053480852124
4622757,45077,4044-16-94-1193,"1108 TIGER BLVD APT 136, CLEMSON, SC 29631",29631.0,SC,34.689648,-82.832365,TOWNHOUSE/ROWHOUSE,1975.0,2.0,2.0,1040.0,,150000.0,2024-09-25,Resale,144.23,24860,"Greenville-Anderson-Greer, SC",2024,9,49.0,4.971409247595418
4622758,45077,4044-16-94-1174,"1108 TIGER BLVD, CLEMSON, SC 29631",29631.0,SC,34.689666,-82.832418,TOWNHOUSE/ROWHOUSE,1975.0,2.0,1.5,1040.0,0.087,465000.0,2025-04-21,Resale,447.12,24860,"Greenville-Anderson-Greer, SC",2025,4,50.0,6.102827014961442
4622761,45077,4044-16-94-5252,"1108 TIGER BLVD APT 158, CLEMSON, SC 29631",29631.0,SC,34.689897,-82.831176,TOWNHOUSE/ROWHOUSE,1975.0,2.0,1.25,1018.0,,150000.0,2024-12-18,Resale,147.35,24860,"Greenville-Anderson-Greer, SC",2024,12,49.0,4.992810709183703
4622763,45077,4044-16-94-0322,"1108 TIGER BLVD APT 115, CLEMSON, SC 29631",29631.0,SC,34.690145,-82.832916,TOWNHOUSE/ROWHOUSE,1975.0,2.0,2.0,1013.0,,157000.0,2025-06-30,Resale,154.99,24860,"Greenville-Anderson-Greer, SC",2025,6,50.0,5.04336059870896
4622774,45077,4054-18-41-5742,"207 BROOK ST, CLEMSON, SC 29631",29631.0,SC,34.683268,-82.814445,SFR,1960.0,3.0,1.5,1418.0,0.4,270000.0,2024-07-02,Resale,190.41,24860,"Greenville-Anderson-Greer, SC",2024,7,64.0,5.249179641986489
4622786,45077,5018-12-86-0298,"204 HIGH RIDGE CT, EASLEY, SC 29642",29642.0,SC,34.808567,-82.605401,SFR,2002.0,4.0,2.0,2175.0,0.2600092,297000.0,2024-06-14,Resale,136.55,24860,"Greenville-Anderson-Greer, SC",2024,6,22.0,4.916690847919714
4622789,45077,5018-12-86-0438,"105 UPWARD WAY, EASLEY, SC 29642",29642.0,SC,34.809115,-82.605588,SFR,2002.0,4.0,3.0,2300.0,0.2600092,349900.0,2024-03-27,Resale,152.13,24860,"Greenville-Anderson-Greer, SC",2024,3,22.0,5.0247354184750375
4622801,45077,4086-00-56-8624,"325 CROWFIELD DR, LIBERTY, SC 29657",29657.0,SC,34.753203,-82.711893,SFR,2002.0,4.0,3.0,2157.0,0.5800046,127000.0,2024-04-12,Resale,58.88,24860,"Greenville-Anderson-Greer, SC",2024,4,22.0,4.075501474420621
4622829,45077,4097-10-37-0239,"5 HUNT AVE, LIBERTY, SC 29657",29657.0,SC,34.782784,-82.688336,SFR,1926.0,2.0,1.0,1006.0,,263000.0,2025-05-20,Resale,261.43,24860,"Greenville-Anderson-Greer, SC",2025,5,99.0,5.5661665612460975
4622840,45077,5018-15-74-4558,"316 WOODFIELD DR, EASLEY, SC 29642",29642.0,SC,34.803838,-82.607324,SFR,1979.0,3.0,2.0,1617.0,,295000.0,2024-07-31,Resale,182.44,24860,"Greenville-Anderson-Greer, SC",2024,7,45.0,5.2064213518435
4622844,45077,4191-09-25-1002,"204 JOHN ST, PICKENS, SC 29671",29671.0,SC,34.886388,-82.693507,SFR,1906.0,2.0,1.0,1458.0,0.35,100000.0,2026-05-18,Resale,68.59,24860,"Greenville-Anderson-Greer, SC",2026,5,120.0,4.22814675151123
4622866,45077,4054-13-03-4788,"328 STONEY CREEK DR, CLEMSON, SC 29631",29631.0,SC,34.68874,-82.828057,SFR,1979.0,3.0,3.0,1581.0,0.2800046,340000.0,2024-07-18,Resale,215.05,24860,"Greenville-Anderson-Greer, SC",2024,7,45.0,5.370870559229745
4910534,45077,4086-00-46-4917,"586 PINEY TRL, LIBERTY, SC 29657",29657.0,SC,34.754049,-82.716419,SFR,1997.0,3.0,3.0,1619.0,3.69,498000.0,2024-06-28,Resale,307.6,24860,"Greenville-Anderson-Greer, SC",2024,6,27.0,5.728800237631489
5202858,45077,4058-05-19-4767,"110 BRIDWELL RD, SIX MILE, SC 29682",29682.0,SC,34.815171,-82.827472,MOBILE HOME,1996.0,3.0,2.0,1240.0,0.8399908,189900.0,2025-09-15,Resale,153.15,24860,"Greenville-Anderson-Greer, SC",2025,9,29.0,5.031417833278784
5278487,45077,4065-14-33-6410,"118 EVERGREEN CT, CENTRAL, SC 29630",29630.0,SC,34.715789,-82.784918,SFR,1978.0,2.0,2.0,1210.0,0.68,15000.0,2024-05-30,Resale,12.4,24860,"Greenville-Anderson-Greer, SC",2024,5,46.0,2.517696472610991
5295744,45077,4064-05-28-2574,"218 HEATHER DR, CENTRAL, SC 29630",29630.0,SC,34.702403,-82.789098,SFR,1971.0,3.0,2.0,1680.0,,299900.0,2024-09-13,Resale,178.51,24860,"Greenville-Anderson-Greer, SC",2024,9,53.0,5.18464462205946
7051787,45077,4065-07-68-7192,"415 EATON ST, CENTRAL, SC 29630",29630.0,SC,34.728899,-82.774671,SFR,1964.0,2.0,1.0,1110.0,0.4100092,264000.0,2025-06-26,Resale,237.84,24860,"Greenville-Anderson-Greer, SC",2025,6,61.0,5.471598178689843
7072806,45077,4172-00-04-1025,"164 CHILDS DR, SUNSET, SC 29685",29685.0,SC,34.910216,-82.767276,SFR,1975.0,2.0,2.0,1092.0,2.0,275000.0,2025-08-22,Resale,251.83,24860,"Greenville-Anderson-Greer, SC",2025,8,50.0,5.528754256689711
7127878,45077,4174-00-07-2095,"475 OLD CHAPMAN TRL, PICKENS, SC 29671",29671.0,SC,34.973249,-82.767937,SFR,1999.0,3.0,3.0,2427.0,7.01,595000.0,2025-07-10,Resale,245.16,24860,"Greenville-Anderson-Greer, SC",2025,7,26.0,5.501911058617531
7652218,45077,5019-12-86-4432,"263 HASTING CIR, EASLEY, SC 29640",29640.0,SC,34.836458,-82.604747,SFR,1972.0,2.0,1.0,1033.0,,35000.0,2025-10-25,Resale,33.88,24860,"Greenville-Anderson-Greer, SC",2025,10,53.0,3.522824869783854
7742502,45077,5037-00-59-3303,"120 PLANTATION DR, EASLEY, SC 29642",29642.0,SC,34.790166,-82.547715,SFR,1990.0,4.0,3.0,2379.0,,299000.0,2025-10-15,Resale,125.68,24860,"Greenville-Anderson-Greer, SC",2025,10,35.0,4.833738993947366
7816047,45077,4055-17-00-4267,"204 CATAWBAH RD, CLEMSON, SC 29631",29631.0,SC,34.706551,-82.828505,SFR,2000.0,3.0,3.0,2437.0,,530000.0,2024-06-17,Resale,217.48,24860,"Greenville-Anderson-Greer, SC",2024,6,24.0,5.3821068922777195
7819154,45077,4064-05-19-7191,"302 WELLINGTON WAY, CENTRAL, SC 29630",29630.0,SC,34.703947,-82.790763,SFR,2025.0,3.0,3.0,2826.0,,417000.0,2025-04-30,Resale,147.56,24860,"Greenville-Anderson-Greer, SC",2025,4,0.0,4.994234872728475
7828441,45077,5117-00-52-4956,"153 PLEASANT GROVE RD, PICKENS, SC 29671",29671.0,SC,35.046552,-82.618663,SFR,1978.0,4.0,2.0,1120.0,2.42,218620.0,2024-07-12,Resale,195.2,24860,"Greenville-Anderson-Greer, SC",2024,7,46.0,5.274024673978992
7842024,45077,5028-06-48-4884,"238 PEARSON RD, EASLEY, SC 29642",29642.0,SC,34.815874,-82.584226,SFR,1958.0,2.0,1.0,1104.0,0.424,265000.0,2026-04-29,Resale,240.04,24860,"Greenville-Anderson-Greer, SC",2026,4,68.0,5.480805576121312
7845058,45077,5019-19-70-1685,"208 S 7TH ST, EASLEY, SC 29640",29640.0,SC,34.820551,-82.608629,SFR,1930.0,2.0,1.0,1008.0,0.18,135000.0,2025-04-04,Resale,133.93,24860,"Greenville-Anderson-Greer, SC",2025,4,95.0,4.897317275399031
7851146,45077,5038-13-24-2320,"209 PINE RIDGE DR, EASLEY, SC 29642",29642.0,SC,34.803723,-82.558214,SFR,1988.0,3.0,4.0,2790.0,,405000.0,2025-08-28,Resale,145.16,24860,"Greenville-Anderson-Greer, SC",2025,8,37.0,4.977836582344869
7859676,45077,4048-08-99-3935,"197 DELLA LN, SIX MILE, SC 29682",29682.0,SC,34.815408,-82.834578,SFR,2001.0,3.0,2.5,1458.0,1.18,255000.0,2024-10-04,Resale,174.9,24860,"Greenville-Anderson-Greer, SC",2024,10,23.0,5.164214382024556
7866102,45077,5019-08-99-3182,"304 CRENSHAW ST, EASLEY, SC 29640",29640.0,SC,34.843924,-82.601726,SFR,2004.0,3.0,2.0,1561.0,0.3300046,80500.0,2025-05-21,Resale,51.57,24860,"Greenville-Anderson-Greer, SC",2025,5,21.0,3.9429401080628677
7867319,45077,4175-01-17-8406,"424 WHISPERING FALLS DR, PICKENS, SC 29671",29671.0,SC,35.002039,-82.763574,SFR,2001.0,3.0,2.0,1811.0,,389000.0,2024-12-30,Resale,214.8,24860,"Greenville-Anderson-Greer, SC",2024,12,23.0,5.36970736263471
7872971,45077,4054-15-74-3944,"136 ABEL RD, CLEMSON, SC 29631",29631.0,SC,34.692259,-82.80532,SFR,1960.0,3.0,1.0,1638.0,0.18,151000.0,2025-12-12,Resale,92.19,24860,"Greenville-Anderson-Greer, SC",2025,12,65.0,4.523851664810503
7879537,45077,5110-20-91-2835,"116 BUCKINGHAM RD, EASLEY, SC 29640",29640.0,SC,34.851407,-82.602346,SFR,1981.0,4.0,3.0,2346.0,,369900.0,2024-01-02,Resale,157.67,24860,"Greenville-Anderson-Greer, SC",2024,1,43.0,5.06050424124939
7901174,45077,5027-00-77-6184,"140 BROWN DR, EASLEY, SC 29642",29642.0,SC,34.783876,-82.572955,SFR,1998.0,3.0,2.0,1291.0,0.1899908,250000.0,2025-05-09,Resale,193.65,24860,"Greenville-Anderson-Greer, SC",2025,5,27.0,5.266052405960761
7924944,45077,4097-10-36-2827,"312 W BEATTIE ST, LIBERTY, SC 29657",29657.0,SC,34.781615,-82.687704,SFR,1910.0,2.0,1.0,964.0,0.24,128700.0,2026-01-30,Resale,133.51,24860,"Greenville-Anderson-Greer, SC",2026,1,116.0,4.894176381402003
7925430,45077,5019-10-36-5274,"501 KING ST, EASLEY, SC 29640",29640.0,SC,34.835739,-82.620967,SFR,1910.0,2.0,1.0,954.0,,20000.0,2025-10-03,Resale,20.96,24860,"Greenville-Anderson-Greer, SC",2025,10,115.0,3.0426158594528414
7926842,45077,5038-13-03-8647,"203 CARNOUSTIE DR, EASLEY, SC 29642",29642.0,SC,34.801947,-82.562773,SFR,1985.0,4.0,3.0,2679.0,,435000.0,2025-01-30,Resale,162.37,24860,"Greenville-Anderson-Greer, SC",2025,1,40.0,5.089877681599023
7930214,45077,4065-10-46-5782,"208 GAINES ST, CENTRAL, SC 29630",29630.0,SC,34.724913,-82.781879,SFR,1966.0,3.0,2.0,1932.0,0.56,375000.0,2025-11-26,Resale,194.1,24860,"Greenville-Anderson-Greer, SC",2025,11,59.0,5.268373490174964
7966758,45077,5059-17-11-1647,"120 QUAIL HAVEN DR, EASLEY, SC 29642",29642.0,SC,34.824737,-82.49556,SFR,1981.0,3.0,2.0,1161.0,,256000.0,2025-04-09,Resale,220.5,24860,"Greenville-Anderson-Greer, SC",2025,4,44.0,5.395897694886901
7970599,45077,5028-16-82-2544,"350 HAMILTON PKWY, EASLEY, SC 29642",29642.0,SC,34.798643,-82.571434,SFR,2003.0,3.0,2.0,1423.0,0.21,251000.0,2025-06-05,Resale,176.39,24860,"Greenville-Anderson-Greer, SC",2025,6,22.0,5.172697452623385
7977828,45077,4089-00-93-3530,"5870 MOOREFIELD MEMORIAL HWY, LIBERTY, SC 29657",29657.0,SC,34.8271,-82.701601,SFR,1948.0,3.0,2.0,3383.0,1.23,220000.0,2025-10-17,Resale,65.03,24860,"Greenville-Anderson-Greer, SC",2025,10,77.0,4.174848701881061
7980936,45077,5150-18-21-9936,"126 MIDLAND DR, EASLEY, SC 29640",29640.0,SC,34.853165,-82.490082,SFR,2002.0,2.0,3.0,2594.0,,440000.0,2025-08-12,Resale,169.62,24860,"Greenville-Anderson-Greer, SC",2025,8,23.0,5.133560640933554
7992742,45077,5009-08-99-5769,"220 MOUNTAIN CREST DR, EASLEY, SC 29640",29640.0,SC,34.845304,-82.634483,SFR,1928.0,3.0,1.0,915.0,0.44,234375.0,2024-04-24,Resale,256.15,24860,"Greenville-Anderson-Greer, SC",2024,4,96.0,5.5457632103852115
7993504,45077,4048-00-45-4373,"110 DAN ROSS RD, SIX MILE, SC 29682",29682.0,SC,34.802608,-82.850559,SFR,1984.0,3.0,2.0,1559.0,2.5,370000.0,2025-02-14,Resale,237.33,24860,"Greenville-Anderson-Greer, SC",2025,2,41.0,5.469451577701415
8012216,45077,5038-12-96-6784,"1611 POWDERSVILLE RD, EASLEY, SC 29642",29642.0,SC,34.81072,-82.533473,SFR,1973.0,4.0,3.0,1106.0,,248000.0,2024-07-18,Resale,224.23,24860,"Greenville-Anderson-Greer, SC",2024,7,51.0,5.412672310785439
8026272,45077,4132-00-34-4216,"104 VILLA CT, SUNSET, SC 29685",29685.0,SC,34.908934,-82.889712,SFR,1996.0,3.0,2.0,2414.0,1.76,895000.0,2025-02-10,Resale,370.75,24860,"Greenville-Anderson-Greer, SC",2025,2,29.0,5.915527981018042
8040524,45077,5140-01-08-2118,"113 VIEW PLACE CT, EASLEY, SC 29640",29640.0,SC,34.869679,-82.532762,SFR,1997.0,3.0,3.0,1736.0,,320000.0,2025-04-15,Resale,184.33,24860,"Greenville-Anderson-Greer, SC",2025,4,28.0,5.216727629508083
8054933,45077,4140-00-98-4046,"1378 MILE CREEK RD, PICKENS, SC 29671",29671.0,SC,34.865302,-82.83529,SFR,1994.0,3.0,2.0,2077.0,2.05,80000.0,2025-09-18,Resale,38.52,24860,"Greenville-Anderson-Greer, SC",2025,9,31.0,3.651177586929925
8079580,45077,4065-08-78-5968,"527 MEREDITH ST, CENTRAL, SC 29630",29630.0,SC,34.731326,-82.772098,SFR,1957.0,2.0,1.0,1064.0,0.81,247000.0,2024-03-15,Resale,232.14,24860,"Greenville-Anderson-Greer, SC",2024,3,67.0,5.447340637940477
8120358,45077,5029-09-17-5486,"117 BEVERLY DR, EASLEY, SC 29640",29640.0,SC,34.839431,-82.59432,SFR,2004.0,3.0,2.0,1375.0,0.2399908,264900.0,2024-11-14,Resale,192.65,24860,"Greenville-Anderson-Greer, SC",2024,11,20.0,5.260875071072166
8131528,45077,4098-14-32-5694,"105 MEADOW LN, LIBERTY, SC 29657",29657.0,SC,34.797475,-82.686768,SFR,1971.0,3.0,2.0,1484.0,,298000.0,2024-09-10,Resale,200.81,24860,"Greenville-Anderson-Greer, SC",2024,9,53.0,5.3023591873743685
8145288,45077,5140-01-39-0498,"270 VINLAND CT, EASLEY, SC 29640",29640.0,SC,34.873198,-82.523209,SFR,2001.0,3.0,3.0,3276.0,16.17,125000.0,2026-04-13,Resale,38.16,24860,"Greenville-Anderson-Greer, SC",2026,4,25.0,3.6417878465800855
8211664,45077,5018-11-66-4810,"413 SPIRIT MOUNTAIN LN, EASLEY, SC 29642",29642.0,SC,34.809938,-82.611027,SFR,2006.0,4.0,3.0,2061.0,0.2399908,324900.0,2024-04-24,Resale,157.64,24860,"Greenville-Anderson-Greer, SC",2024,4,18.0,5.060313952326803
8304498,45077,4087-12-97-3209,"103 OLD NORRIS RD, LIBERTY, SC 29657",29657.0,SC,34.782632,-82.700777,SFR,1920.0,2.0,1.0,1305.0,,180000.0,2024-10-08,Resale,137.93,24860,"Greenville-Anderson-Greer, SC",2024,10,104.0,4.926746310087428
8326161,45077,5029-17-01-0347,"111 MCBEE AVE, EASLEY, SC 29640",29640.0,SC,34.822635,-82.599236,SFR,1958.0,2.0,1.5,1250.0,0.6,280000.0,2025-04-16,Resale,224.0,24860,"Greenville-Anderson-Greer, SC",2025,4,67.0,5.4116460518550396
8452528,45077,4049-20-90-1281,"177 DELLA LN, SIX MILE, SC 29682",29682.0,SC,34.816245,-82.83513,SFR,2003.0,5.0,3.0,1951.0,1.81,345000.0,2025-05-19,Resale,176.83,24860,"Greenville-Anderson-Greer, SC",2025,5,22.0,5.175188819066886
8472091,45077,4181-20-91-2361,"732 S LEWIS ST, PICKENS, SC 29671",29671.0,SC,34.876055,-82.702786,SFR,1930.0,2.0,1.0,888.0,,170000.0,2025-08-04,Resale,191.44,24860,"Greenville-Anderson-Greer, SC",2025,8,95.0,5.254574443600118
8559031,45077,4097-06-48-2098,"12 ISELIN ST, LIBERTY, SC 29657",29657.0,SC,34.784985,-82.68421,SFR,1925.0,2.0,1.0,952.0,,193000.0,2024-12-02,Resale,202.73,24860,"Greenville-Anderson-Greer, SC",2024,12,99.0,5.311875044480103
8577511,45077,5107-00-18-7407,"101 ROCKY RD, CLEVELAND, SC 29635",29635.0,SC,35.061109,-82.664993,SFR,1989.0,2.0,2.0,1565.0,4.74,465000.0,2024-02-01,Resale,297.12,24860,"Greenville-Anderson-Greer, SC",2024,2,35.0,5.694136097604396
8581848,45077,4180-07-59-0416,"205 TIMBER DR, PICKENS, SC 29671",29671.0,SC,34.870811,-82.716825,SFR,2007.0,3.0,2.0,1025.0,0.27,225000.0,2026-05-15,Resale,219.51,24860,"Greenville-Anderson-Greer, SC",2026,5,19.0,5.391397789564048
8583228,45077,4088-16-73-6639,"101 FORRESTER DR, LIBERTY, SC 29657",29657.0,SC,34.800115,-82.706689,SFR,2005.0,3.0,2.0,1364.0,0.21,245000.0,2026-05-14,Resale,179.62,24860,"Greenville-Anderson-Greer, SC",2026,5,21.0,5.1908435082428035
8645644,45077,4054-09-17-0474,"202 CHARLESTON AVE, CLEMSON, SC 29631",29631.0,SC,34.6988,-82.826298,TOWNHOUSE/ROWHOUSE,1976.0,3.0,2.0,1562.0,,137500.0,2025-11-05,Resale,88.03,24860,"Greenville-Anderson-Greer, SC",2025,11,49.0,4.4776776654728145
8693049,45077,5059-18-41-3002,"4116 OLD EASLEY BRIDGE RD, GREENVILLE, SC 29611",29611.0,SC,34.823069,-82.485011,SFR,1955.0,2.0,2.0,1194.0,0.44,110000.0,2026-04-06,Resale,92.13,24860,"Greenville-Anderson-Greer, SC",2026,4,71.0,4.52320062312084
8775198,45077,5008-00-93-6759,"879 BLACK SNAKE RD, EASLEY, SC 29640",29640.0,SC,34.801368,-82.633354,MOBILE HOME,2007.0,3.0,2.0,1623.0,0.58,207500.0,2026-05-06,Resale,127.85,24860,"Greenville-Anderson-Greer, SC",2026,5,19.0,4.850857701737196
8799558,45077,5114-00-90-6358,"3932 DACUSVILLE HWY, EASLEY, SC 29640",29640.0,SC,34.957249,-82.603003,SFR,2004.0,4.0,3.0,2272.0,,359900.0,2024-05-16,Resale,158.41,24860,"Greenville-Anderson-Greer, SC",2024,5,20.0,5.065186608700759
8850075,45077,5103-00-19-1480,"128 BUTTERNUT DR, PICKENS, SC 29671",29671.0,SC,34.953753,-82.664494,SFR,1989.0,4.0,3.0,2722.0,6.83,765000.0,2024-10-01,Resale,281.04,24860,"Greenville-Anderson-Greer, SC",2024,10,35.0,5.638497007957572
8863493,45077,5038-16-94-1136,"105 FIRELIGHT CT, EASLEY, SC 29642",29642.0,SC,34.803644,-82.535198,SFR,2003.0,3.0,3.0,2031.0,0.2600092,394000.0,2024-02-21,Resale,193.99,24860,"Greenville-Anderson-Greer, SC",2024,2,21.0,5.267806611343015
8869894,45077,5122-02-99-3702,"322 FAYE CIR, EASLEY, SC 29640",29640.0,SC,34.928333,-82.570238,SFR,1975.0,3.0,2.5,2973.0,2.07,650000.0,2025-11-12,Resale,218.63,24860,"Greenville-Anderson-Greer, SC",2025,11,50.0,5.387380803288797
8885181,45077,4141-00-64-4146,"1429 CROWE CREEK RD, SIX MILE, SC 29682",29682.0,SC,34.881873,-82.845652,SFR,2015.0,4.0,3.0,1883.0,1.0,899000.0,2024-09-24,Resale,477.43,24860,"Greenville-Anderson-Greer, SC",2024,9,9.0,6.168417552315776
8964489,45077,4065-14-44-0018,"407 SPRING FOREST DR, CENTRAL, SC 29630",29630.0,SC,34.71769,-82.78362,SFR,1978.0,3.0,2.0,1130.0,,212000.0,2024-06-20,Resale,187.61,24860,"Greenville-Anderson-Greer, SC",2024,6,46.0,5.234365340055519
9009217,45077,5018-11-66-1969,"113 GIANTS RIDGE RD, EASLEY, SC 29642",29642.0,SC,34.810442,-82.611849,SFR,2006.0,3.0,2.0,1747.0,0.23,342000.0,2026-05-19,Resale,195.76,24860,"Greenville-Anderson-Greer, SC",2026,5,20.0,5.276889419134416
9009218,45077,5018-11-67-0129,"101 GIANTS RIDGE RD, EASLEY, SC 29642",29642.0,SC,34.810985,-82.612325,SFR,2006.0,4.0,2.0,1752.0,0.24,330000.0,2025-08-19,Resale,188.36,24860,"Greenville-Anderson-Greer, SC",2025,8,19.0,5.238355025375354
9009219,45077,5018-11-66-7325,"108 MOUNT FRONTENAC WAY, EASLEY, SC 29642",29642.0,SC,34.808722,-82.609923,SFR,2006.0,3.0,2.0,1725.0,0.3899908,290000.0,2024-10-07,Resale,168.12,24860,"Greenville-Anderson-Greer, SC",2024,10,18.0,5.124678010136916
9012020,45077,4065-15-53-0252,"156 CEDAR CREEK CIR, CENTRAL, SC 29630",29630.0,SC,34.715332,-82.780122,SFR,1980.0,3.0,2.0,1278.0,,265500.0,2026-02-27,Resale,207.75,24860,"Greenville-Anderson-Greer, SC",2026,2,46.0,5.336335433735558
9033122,45077,5018-20-81-0122,"223 APPLE HILL RD, EASLEY, SC 29642",29642.0,SC,34.794407,-82.605347,MOBILE HOME,2001.0,3.0,2.0,1551.0,0.587,190000.0,2025-08-14,Resale,122.5,24860,"Greenville-Anderson-Greer, SC",2025,8,24.0,4.808111029984782
9123246,45077,5018-11-76-3017,"150 UPWARD WAY, EASLEY, SC 29642",29642.0,SC,34.807953,-82.607977,SFR,2002.0,3.0,3.0,1620.0,0.2300046,280000.0,2025-10-28,Resale,172.84,24860,"Greenville-Anderson-Greer, SC",2025,10,23.0,5.152366311063733
9366154,45077,4044-16-84-9109,"1108 TIGER BLVD APT 127, CLEMSON, SC 29631",29631.0,SC,34.689778,-82.833316,TOWNHOUSE/ROWHOUSE,1975.0,2.0,2.0,1047.0,,160000.0,2025-06-23,Resale,152.82,24860,"Greenville-Anderson-Greer, SC",2025,6,50.0,5.02926075821942
9404485,45077,5028-05-19-1920,"94 LAKESHORE DR, EASLEY, SC 29642",29642.0,SC,34.818653,-82.595399,SFR,2001.0,3.0,2.0,1246.0,0.3100092,232000.0,2025-12-04,Resale,186.2,24860,"Greenville-Anderson-Greer, SC",2025,12,24.0,5.226821364842967
9406424,45077,5019-20-81-4125,"408 S 2ND ST, EASLEY, SC 29640",29640.0,SC,34.821976,-82.604526,SFR,1920.0,3.0,2.0,1327.0,,240000.0,2025-06-26,Resale,180.86,24860,"Greenville-Anderson-Greer, SC",2025,6,105.0,5.197723251312334
9571892,45077,4098-14-44-9513,"503 HILLANDALE RD, LIBERTY, SC 29657",29657.0,SC,34.80275,-82.682411,SFR,1995.0,3.0,3.0,1702.0,0.625,275000.0,2025-04-02,Resale,161.57,24860,"Greenville-Anderson-Greer, SC",2025,4,30.0,5.084938485288739
9588716,45077,4097-06-48-5257,"22 ISELIN ST, LIBERTY, SC 29657",29657.0,SC,34.785539,-82.683338,SFR,1926.0,2.0,2.0,973.0,0.1600092,198000.0,2025-11-28,Resale,203.49,24860,"Greenville-Anderson-Greer, SC",2025,11,99.0,5.315616863626098
9601998,45077,5018-11-66-2083,"300 SPIRIT MOUNTAIN LN, EASLEY, SC 29642",29642.0,SC,34.807818,-82.611402,SFR,2006.0,4.0,3.0,2468.0,0.5300046,350000.0,2025-04-29,Resale,141.82,24860,"Greenville-Anderson-Greer, SC",2025,4,19.0,4.95455864787585
9697864,45077,5029-17-10-1787,"308 MCBEE AVE, EASLEY, SC 29640",29640.0,SC,34.821059,-82.595304,SFR,1959.0,3.0,1.0,1102.0,,199900.0,2024-09-30,Resale,181.4,24860,"Greenville-Anderson-Greer, SC",2024,9,65.0,5.200704537681037
9733114,45077,5103-00-81-4243,"664 EARLS BRIDGE RD, EASLEY, SC 29640",29640.0,SC,34.931606,-82.639907,MOBILE HOME,1996.0,2.0,2.0,1216.0,1.0,112000.0,2024-07-19,Resale,92.11,24860,"Greenville-Anderson-Greer, SC",2024,7,28.0,4.522983515000144
9781645,45077,5027-00-46-9519,"300 MCCUE ST, EASLEY, SC 29642",29642.0,SC,34.782237,-82.582134,SFR,1981.0,3.0,2.0,1191.0,,245000.0,2025-04-09,Resale,205.71,24860,"Greenville-Anderson-Greer, SC",2025,4,44.0,5.3264674099643825
9794188,45077,5150-14-43-0021,"158 SAPPHIRE LN, EASLEY, SC 29640",29640.0,SC,34.85597,-82.486422,SFR,1974.0,4.0,3.0,2028.0,2.71,683000.0,2025-02-11,Resale,336.79,24860,"Greenville-Anderson-Greer, SC",2025,2,51.0,5.819459590715978
9834938,45077,5038-16-93-8737,"322 EDENBERRY WAY, EASLEY, SC 29642",29642.0,SC,34.802581,-82.532812,SFR,2001.0,4.0,3.0,2425.0,0.2199954,392000.0,2024-09-23,Resale,161.65,24860,"Greenville-Anderson-Greer, SC",2024,9,23.0,5.0854335041714425
9856418,45077,5048-14-24-7236,"109 STONEWALL DR, EASLEY, SC 29642",29642.0,SC,34.804053,-82.523186,SFR,1994.0,3.0,3.0,2189.0,,430000.0,2025-03-17,Resale,196.44,24860,"Greenville-Anderson-Greer, SC",2025,3,31.0,5.280357041171044
9856423,45077,5038-09-16-4643,"203 HUNTINGTON RD, EASLEY, SC 29642",29642.0,SC,34.810084,-82.560909,SFR,1988.0,4.0,3.0,2504.0,0.7399908,350000.0,2025-05-15,Resale,139.78,24860,"Greenville-Anderson-Greer, SC",2025,5,37.0,4.940069758048983
9856731,45077,5028-13-02-1652,"106 TERRACE RD, EASLEY, SC 29642",29642.0,SC,34.798595,-82.598327,SFR,1983.0,3.0,2.0,1321.0,,230000.0,2025-06-08,Resale,174.11,24860,"Greenville-Anderson-Greer, SC",2025,6,42.0,5.159687283378507
9857010,45077,4089-00-60-0490,"464 RICES CREEK RD, LIBERTY, SC 29657",29657.0,SC,34.81845,-82.712209,SFR,1991.0,3.0,2.0,1359.0,0.5800046,260000.0,2024-07-03,Resale,191.32,24860,"Greenville-Anderson-Greer, SC",2024,7,33.0,5.253947418812096
9857282,45077,5029-11-75-1449,"114 MEADOWOOD DR, EASLEY, SC 29640",29640.0,SC,34.834265,-82.575698,SFR,1975.0,2.0,1.0,953.0,,195000.0,2025-06-02,Resale,204.62,24860,"Greenville-Anderson-Greer, SC",2025,6,50.0,5.321154600450794
9857316,45077,5133-02-86-0817,"402 RAINES RD, EASLEY, SC 29640",29640.0,SC,34.948397,-82.541576,SFR,1953.0,2.0,1.0,845.0,0.7309917,65000.0,2025-02-24,Resale,76.92,24860,"Greenville-Anderson-Greer, SC",2025,2,72.0,4.342765920720579
10011970,45077,5029-10-26-7192,"102 LEAGUE ST, EASLEY, SC 29640",29640.0,SC,34.835792,-82.590233,SFR,1920.0,2.0,1.0,1102.0,,165000.0,2024-03-25,Resale,149.73,24860,"Greenville-Anderson-Greer, SC",2024,3,104.0,5.008833672149628
10035203,45077,5029-11-66-6693,"500 GRANT ST, EASLEY, SC 29640",29640.0,SC,34.837364,-82.577261,SFR,1939.0,2.0,1.0,925.0,0.16,122500.0,2026-04-15,Resale,132.43,24860,"Greenville-Anderson-Greer, SC",2026,4,87.0,4.8860542039388735
10035640,45077,4058-00-88-8543,"224 RIDGELAND DR, SIX MILE, SC 29682",29682.0,SC,34.812086,-82.802906,SFR,2004.0,3.0,3.0,2595.0,0.65,445000.0,2024-01-26,Resale,171.48,24860,"Greenville-Anderson-Greer, SC",2024,1,20.0,5.144466641729776
10036965,45077,4191-10-37-1073,"513 RUNNYMEDE RD, PICKENS, SC 29671",29671.0,SC,34.891943,-82.690016,MOBILE HOME,2000.0,3.0,2.0,2014.0,1.05,170000.0,2025-10-30,Resale,84.41,24860,"Greenville-Anderson-Greer, SC",2025,10,25.0,4.4356858779956285
10086840,45077,5038-13-23-3991,"220 PINE RIDGE DR, EASLEY, SC 29642",29642.0,SC,34.80263,-82.557635,SFR,2008.0,4.0,4.0,2227.0,0.5699954,1050000.0,2025-03-17,Resale,471.49,24860,"Greenville-Anderson-Greer, SC",2025,3,17.0,6.1558978929408585
10146634,45077,4191-05-09-5200,"226 HOLDER ST, PICKENS, SC 29671",29671.0,SC,34.897824,-82.699059,SFR,1956.0,4.0,2.0,1846.0,0.21,50000.0,2024-12-18,Resale,27.09,24860,"Greenville-Anderson-Greer, SC",2024,12,68.0,3.2991646560970036
10146753,45077,4065-07-78-3422,"204 WOODSON ST, CENTRAL, SC 29630",29630.0,SC,34.729728,-82.772882,SFR,1952.0,3.0,2.0,1152.0,,130744.0,2024-09-13,Resale,113.49,24860,"Greenville-Anderson-Greer, SC",2024,9,72.0,4.731714727313047
10181593,45077,4074-00-28-9448,"1551 EIGHTEEN MILE RD, CENTRAL, SC 29630",29630.0,SC,34.702731,-82.753451,SFR,1892.0,3.0,3.0,3552.0,7.6,1675000.0,2026-02-18,Resale,471.57,24860,"Greenville-Anderson-Greer, SC",2026,2,134.0,6.156067553408256
10270166,45077,5028-14-24-6506,"319 SPRINGFIELD CIR, EASLEY, SC 29642",29642.0,SC,34.804063,-82.590251,SFR,2004.0,3.0,2.0,1345.0,0.14,220000.0,2024-01-18,Resale,163.57,24860,"Greenville-Anderson-Greer, SC",2024,1,20.0,5.097241033270434
10308388,45077,5039-14-43-3309,"329 PRINCE PERRY RD, EASLEY, SC 29640",29640.0,SC,34.828791,-82.551706,SFR,1960.0,3.0,1.0,950.0,0.45,45000.0,2024-08-13,Resale,47.37,24860,"Greenville-Anderson-Greer, SC",2024,8,64.0,3.85798911693566
10412311,45077,5017-06-48-5161,"210 DILLARD DR, EASLEY, SC 29642",29642.0,SC,34.785988,-82.616733,SFR,2002.0,3.0,3.0,2078.0,0.5800046,397000.0,2025-03-10,Resale,191.05,24860,"Greenville-Anderson-Greer, SC",2025,3,23.0,5.252535173892909
10572370,45077,4044-12-85-4325,"103 PICKENS ST, CLEMSON, SC 29631",29631.0,SC,34.692964,-82.834947,RESIDENTIAL - VACANT LAND,2006.0,3.0,3.0,1417.0,1.017,277500.0,2024-06-19,Resale,195.84,24860,"Greenville-Anderson-Greer, SC",2024,6,18.0,5.277297999323961
10588094,45077,5122-01-06-7564,"124 HILLSIDE CIR, EASLEY, SC 29640",29640.0,SC,34.919247,-82.598479,SFR,2003.0,3.0,2.0,2011.0,0.65,385000.0,2026-01-27,Resale,191.45,24860,"Greenville-Anderson-Greer, SC",2026,1,23.0,5.254626677923303
10853885,45077,5029-10-25-9829,"100 GARRISON ST, EASLEY, SC 29640",29640.0,SC,34.835178,-82.589769,SFR,1920.0,2.0,1.0,1045.0,,202500.0,2024-05-31,Resale,193.78,24860,"Greenville-Anderson-Greer, SC",2024,5,104.0,5.266723494956858
10973314,45077,4053-10-47-3203,"600 ANDERSON HWY APT 712, CLEMSON, SC 29631",29631.0,SC,34.670934,-82.814962,TOWNHOUSE/ROWHOUSE,1987.0,2.0,2.0,1440.0,,269900.0,2025-03-04,Resale,187.43,24860,"Greenville-Anderson-Greer, SC",2025,3,38.0,5.233405442370894
10986302,45077,4191-20-81-0258,"1121 IRELAND RD, PICKENS, SC 29671",29671.0,SC,34.876345,-82.67346,SFR,1963.0,3.0,1.0,1457.0,,265000.0,2026-02-04,Resale,181.88,24860,"Greenville-Anderson-Greer, SC",2026,2,63.0,5.20334712895681
11092292,45077,5018-15-74-0889,"107 CAMERON CT, EASLEY, SC 29642",29642.0,SC,34.804693,-82.60869,SFR,1977.0,3.0,2.0,1816.0,,166250.0,2025-03-11,Resale,91.55,24860,"Greenville-Anderson-Greer, SC",2025,3,48.0,4.51688527112052
11211029,45077,4054-05-08-2386,"119 FERN CIR, CLEMSON, SC 29631",29631.0,SC,34.701306,-82.828996,SFR,1997.0,3.0,2.0,1256.0,0.59,335000.0,2026-02-19,Resale,266.72,24860,"Greenville-Anderson-Greer, SC",2026,2,29.0,5.586199419002484
11214889,45077,4064-09-06-4231,"318 PRINCESS GRACE AVE, CLEMSON, SC 29631",29631.0,SC,34.69592,-82.795094,SFR,1979.0,3.0,2.0,2146.0,0.5449954,495000.0,2024-05-09,Resale,230.66,24860,"Greenville-Anderson-Greer, SC",2024,5,45.0,5.440944764797792
11257002,45077,4066-00-62-2065,"111 SOURWOOD ST, CENTRAL, SC 29630",29630.0,SC,34.739682,-82.77657,SFR,1983.0,3.0,2.0,1690.0,0.92,425000.0,2026-04-23,Resale,251.48,24860,"Greenville-Anderson-Greer, SC",2026,4,43.0,5.5273634635148605
11272822,45077,4192-10-26-6740,"110 N BLUE RIDGE CIR, PICKENS, SC 29671",29671.0,SC,34.918508,-82.692362,SFR,1982.0,3.0,1.5,1160.0,0.75,240000.0,2026-05-15,Resale,206.9,24860,"Greenville-Anderson-Greer, SC",2026,5,44.0,5.332235584751498
11512078,45077,5019-12-86-1944,"114 AUGUSTA ST, EASLEY, SC 29640",29640.0,SC,34.837875,-82.605748,SFR,1941.0,3.0,2.0,1384.0,0.2600092,239000.0,2025-07-18,Resale,172.69,24860,"Greenville-Anderson-Greer, SC",2025,7,84.0,5.151498079596578
11539065,45077,5019-12-86-1797,"111 AUGUSTA ST, EASLEY, SC 29640",29640.0,SC,34.837391,-82.60559,SFR,1950.0,2.0,1.0,826.0,0.2,125000.0,2024-04-08,Resale,151.33,24860,"Greenville-Anderson-Greer, SC",2024,4,74.0,5.019462882698935
11620981,45077,4133-00-49-4538,"108 CORAL BEADS WAY, SUNSET, SC 29685",29685.0,SC,34.951082,-82.887268,SFR,2002.0,4.0,4.0,2570.0,1.3,1425000.0,2024-08-15,Resale,554.47,24860,"Greenville-Anderson-Greer, SC",2024,8,22.0,6.318012702531502
11623038,45077,5049-05-18-7985,"205 PRINCETON DR, EASLEY, SC 29640",29640.0,SC,34.844356,-82.52706,SFR,1995.0,3.0,2.0,1095.0,,260000.0,2025-03-20,Resale,237.44,24860,"Greenville-Anderson-Greer, SC",2025,3,30.0,5.469914959979016
11698436,45077,5110-20-82-8284,"201 BUCKINGHAM RD, EASLEY, SC 29640",29640.0,SC,34.852455,-82.60372,SFR,1981.0,3.0,2.0,2330.0,0.81,422900.0,2026-04-06,Resale,181.5,24860,"Greenville-Anderson-Greer, SC",2026,4,45.0,5.201255653704905
12202438,45077,5027-00-76-5933,"602 HABERSHAM LN, EASLEY, SC 29642",29642.0,SC,34.783296,-82.573448,SFR,1998.0,3.0,2.0,1306.0,0.1640037,255000.0,2025-07-23,Resale,195.25,24860,"Greenville-Anderson-Greer, SC",2025,7,27.0,5.274280788719795
12428533,45077,4048-00-48-8647,"105 SORREL LN, SIX MILE, SC 29682",29682.0,SC,34.811776,-82.849414,MOBILE HOME,2000.0,3.0,2.0,1297.0,0.5449954,198900.0,2024-09-06,Resale,153.35,24860,"Greenville-Anderson-Greer, SC",2024,9,24.0,5.032722890560261
12430487,45077,5029-09-15-6279,"605 E MAIN ST, EASLEY, SC 29640",29640.0,SC,34.833476,-82.593908,SFR,1920.0,3.0,2.5,2502.0,0.48,490000.0,2024-05-08,Resale,195.84,24860,"Greenville-Anderson-Greer, SC",2024,5,104.0,5.277297999323961
12779190,45077,4131-00-60-7358,"101 VAUGHN CT, SIX MILE, SC 29682",29682.0,SC,34.871037,-82.877746,SFR,2006.0,5.0,4.0,3429.0,0.5800046,1250000.0,2025-02-27,Resale,364.54,24860,"Greenville-Anderson-Greer, SC",2025,2,19.0,5.898636284796788
12801632,45077,4131-00-50-8428,"103 CATO CT, SIX MILE, SC 29682",29682.0,SC,34.87127,-82.880884,SFR,2005.0,3.0,3.0,2108.0,0.55,2200000.0,2025-12-19,Resale,1043.64,24860,"Greenville-Anderson-Greer, SC",2025,12,20.0,6.950469881389674
12815382,45077,4055-12-86-0252,"100 HENRY CT, CENTRAL, SC 29630",29630.0,SC,34.723293,-82.803583,SFR,1983.0,2.0,1.5,1240.0,0.12,222500.0,2026-05-13,Resale,179.44,24860,"Greenville-Anderson-Greer, SC",2026,5,43.0,5.189840890211953
12861808,45077,5018-11-57-6024,"104 SPIRIT MOUNTAIN LN, EASLEY, SC 29642",29642.0,SC,34.810558,-82.61365,SFR,2007.0,3.0,3.0,2307.0,0.2300046,330000.0,2025-11-07,Resale,143.04,24860,"Greenville-Anderson-Greer, SC",2025,11,18.0,4.963124311425204
12878501,45077,4053-07-59-6005,"253 ROCK CREEK RD, CLEMSON, SC 29631",29631.0,SC,34.675988,-82.810727,SFR,2006.0,3.0,3.0,1834.0,0.1600092,310000.0,2025-02-05,Resale,169.03,24860,"Greenville-Anderson-Greer, SC",2025,2,19.0,5.130076213962086
12935130,45077,5059-17-01-6133,"109 TEAL DR, EASLEY, SC 29642",29642.0,SC,34.823233,-82.497234,SFR,1996.0,3.0,2.0,1661.0,,238000.0,2024-03-21,Resale,143.29,24860,"Greenville-Anderson-Greer, SC",2024,3,28.0,4.964870548728511
13009045,45077,4164-00-50-2048,"396 BIG ROCK LAKE RD, PICKENS, SC 29671",29671.0,SC,34.954044,-82.78453,SFR,1967.0,2.0,1.0,875.0,,379000.0,2024-10-04,Resale,433.14,24860,"Greenville-Anderson-Greer, SC",2024,10,57.0,6.071061001379125
13214232,45077,4055-12-76-6354,"101 ARBORS CT, CENTRAL, SC 29630",29630.0,SC,34.723581,-82.804922,SFR,1998.0,3.0,2.0,1392.0,,87000.0,2025-04-23,Resale,62.5,24860,"Greenville-Anderson-Greer, SC",2025,4,27.0,4.135166556742356
13282512,45077,4087-06-38-6345,"222 BRANCHWOOD DR, LIBERTY, SC 29657",29657.0,SC,34.785247,-82.71967,SFR,1984.0,3.0,2.0,1538.0,,249900.0,2024-09-13,Resale,162.48,24860,"Greenville-Anderson-Greer, SC",2024,9,40.0,5.090554917272129
13383411,45077,5019-14-44-6431,"107 ROBINSON AVE, EASLEY, SC 29640",29640.0,SC,34.830702,-82.617278,SFR,1940.0,3.0,2.0,1525.0,0.5,213900.0,2024-05-23,Resale,140.26,24860,"Greenville-Anderson-Greer, SC",2024,5,84.0,4.943497843108764
13414060,45077,4086-00-53-8854,"124 CHANDLER DR, LIBERTY, SC 29657",29657.0,SC,34.745501,-82.711509,SFR,2004.0,3.0,2.0,1380.0,0.51,305000.0,2026-04-24,Resale,221.01,24860,"Greenville-Anderson-Greer, SC",2026,4,22.0,5.398207949362832
13454826,45077,4098-13-12-3874,"227 HARRY DAVIS DR, LIBERTY, SC 29657",29657.0,SC,34.797967,-82.69419,SFR,2007.0,3.0,3.0,1462.0,0.75,275000.0,2024-03-11,Resale,188.1,24860,"Greenville-Anderson-Greer, SC",2024,3,17.0,5.236973736306985
13574442,45077,4191-08-87-8772,"119 MOUNTAIN VIEW DR, PICKENS, SC 29671",29671.0,SC,34.894021,-82.671112,SFR,2002.0,3.0,3.0,1917.0,1.13,462500.0,2025-04-14,Resale,241.26,24860,"Greenville-Anderson-Greer, SC",2025,4,23.0,5.485875190137238
13577168,45077,4053-12-87-6062,"116 E BROOKWOOD DR, CLEMSON, SC 29631",29631.0,SC,34.670584,-82.800475,SFR,1970.0,5.0,3.0,1982.0,,407000.0,2025-06-17,Resale,205.35,24860,"Greenville-Anderson-Greer, SC",2025,6,55.0,5.324715840402567
13621012,45077,4181-13-23-1012,"210 THOMAS RD, PICKENS, SC 29671",29671.0,SC,34.880456,-82.726655,SFR,1980.0,3.0,2.0,1240.0,,249900.0,2025-08-25,Resale,201.53,24860,"Greenville-Anderson-Greer, SC",2025,8,45.0,5.305938253679398
13656987,45077,5038-15-53-9539,"111 CREEK DR, EASLEY, SC 29642",29642.0,SC,34.801938,-82.545796,SFR,1991.0,3.0,2.0,1882.0,,299000.0,2025-01-24,Resale,158.87,24860,"Greenville-Anderson-Greer, SC",2025,1,34.0,5.068086257731932
13724675,45077,5110-14-43-9642,"110 MASTERS WOODS WAY, EASLEY, SC 29640",29640.0,SC,34.856109,-82.616799,SFR,2007.0,4.0,3.0,2409.0,1.47,432500.0,2025-07-01,Resale,179.54,24860,"Greenville-Anderson-Greer, SC",2025,7,18.0,5.190398024328542
13751909,45077,5009-18-41-2981,"102 LOGAN LN, EASLEY, SC 29640",29640.0,SC,34.823393,-82.651796,SFR,1996.0,3.0,2.0,1302.0,0.5699954,263000.0,2024-07-09,Resale,202.0,24860,"Greenville-Anderson-Greer, SC",2024,7,28.0,5.308267697401205
13751915,45077,5009-14-42-7730,"136 LOGAN LN, EASLEY, SC 29640",29640.0,SC,34.825638,-82.650295,SFR,1997.0,3.0,2.0,1260.0,0.7699954,265000.0,2024-04-16,Resale,210.32,24860,"Greenville-Anderson-Greer, SC",2024,4,27.0,5.348630180421626
13762742,45077,5018-11-56-5505,"132 SPIRIT MOUNTAIN LN, EASLEY, SC 29642",29642.0,SC,34.809224,-82.613991,SFR,2007.0,4.0,3.0,2451.0,0.3100092,350000.0,2024-09-09,Resale,142.8,24860,"Greenville-Anderson-Greer, SC",2024,9,17.0,4.9614450499054845
13891102,45077,4054-15-64-9145,"205 SKYVIEW DR, CLEMSON, SC 29631",29631.0,SC,34.690075,-82.806596,SFR,1961.0,4.0,3.0,2262.0,,415000.0,2025-06-10,Resale,183.47,24860,"Greenville-Anderson-Greer, SC",2025,6,64.0,5.212051166390628
13921501,45077,4063-06-29-5974,"231 KINGS WAY, CLEMSON, SC 29631",29631.0,SC,34.678819,-82.787688,SFR,1969.0,3.0,3.0,1936.0,,510973.0,2024-06-12,Resale,263.93,24860,"Greenville-Anderson-Greer, SC",2024,6,55.0,5.575683916472286
13947020,45077,4054-16-83-1258,"206 BLUE RIDGE DR, CLEMSON, SC 29631",29631.0,SC,34.687715,-82.802518,SFR,1967.0,4.0,2.0,1705.0,0.9300046,200000.0,2025-01-24,Resale,117.3,24860,"Greenville-Anderson-Greer, SC",2025,1,58.0,4.76473475565943
13959428,45077,4065-17-00-8967,"200 MORRIS ST, CENTRAL, SC 29630",29630.0,SC,34.708967,-82.793935,SFR,1969.0,3.0,4.0,1289.0,,140000.0,2025-12-04,Construction Loan/Financing,108.61,24860,"Greenville-Anderson-Greer, SC",2025,12,56.0,4.687763484291945
13996534,45077,5120-10-46-8581,"174 JAMESON RD, EASLEY, SC 29640",29640.0,SC,34.864449,-82.583735,SFR,1984.0,3.0,2.0,1269.0,,230000.0,2025-02-24,Resale,181.25,24860,"Greenville-Anderson-Greer, SC",2025,2,41.0,5.199877293734784
14075124,45077,5059-17-00-8940,"112 SNIPE LN, EASLEY, SC 29642",29642.0,SC,34.822626,-82.496506,SFR,1981.0,3.0,2.0,1368.0,,205000.0,2025-09-16,Resale,149.85,24860,"Greenville-Anderson-Greer, SC",2025,9,44.0,5.009634793762673
14270334,45077,4193-04-51-1875,"134 EASTVIEW DR, PICKENS, SC 29671",29671.0,SC,34.932691,-82.684252,SFR,2016.0,3.0,2.0,1423.0,0.5699954,285000.0,2024-09-24,Resale,200.28,24860,"Greenville-Anderson-Greer, SC",2024,9,8.0,5.299716387461744
14316079,45077,5029-10-36-8380,"405 BLUE RIDGE ST, EASLEY, SC 29640",29640.0,SC,34.836332,-82.586594,SFR,1920.0,3.0,1.0,1336.0,0.33,55000.0,2026-05-20,Resale,41.17,24860,"Greenville-Anderson-Greer, SC",2026,5,106.0,3.7177098357818132
14387488,45077,5103-00-50-1287,"161 OVERLOOK DR, PICKENS, SC 29671",29671.0,SC,34.928759,-82.650674,SFR,1989.0,3.0,2.0,1795.0,4.34,300000.0,2025-12-15,Resale,167.13,24860,"Greenville-Anderson-Greer, SC",2025,12,36.0,5.1187719527008335
14419964,45077,5134-00-91-7266,"1528 HUNTS BRIDGE RD, EASLEY, SC 29640",29640.0,SC,34.960502,-82.535916,SFR,1975.0,3.0,3.0,1416.0,1.11,315000.0,2025-05-30,Resale,222.46,24860,"Greenville-Anderson-Greer, SC",2025,5,50.0,5.404747310163883
14591426,45077,5039-20-90-3864,"405 CARDINAL WOODS WAY, EASLEY, SC 29642",29642.0,SC,34.821992,-82.534744,SFR,2004.0,4.0,2.0,1985.0,,325000.0,2024-10-31,Resale,163.73,24860,"Greenville-Anderson-Greer, SC",2024,10,20.0,5.098218729651401
14631627,45077,4064-17-10-8952,"214 CAMELOT RD, CLEMSON, SC 29631",29631.0,SC,34.681457,-82.790059,SFR,1976.0,3.0,2.0,1952.0,0.4199954,355000.0,2025-05-30,Resale,181.86,24860,"Greenville-Anderson-Greer, SC",2025,5,49.0,5.203237160297767
14704845,45077,4190-20-91-5518,"122 FERNWOOD DR, EASLEY, SC 29640",29640.0,SC,34.849776,-82.668061,SFR,1984.0,3.0,2.0,1440.0,,275000.0,2024-12-13,Resale,190.97,24860,"Greenville-Anderson-Greer, SC",2024,12,40.0,5.2521163476473225
14923275,45077,5028-08-78-9276,"308 MCALISTER RD, EASLEY, SC 29642",29642.0,SC,34.814439,-82.572551,SFR,1940.0,3.0,2.0,1496.0,,275000.0,2024-10-15,Resale,183.82,24860,"Greenville-Anderson-Greer, SC",2024,10,84.0,5.213957017929963
14965769,45077,5009-15-53-1971,"103 MILLSBORO CT, EASLEY, SC 29640",29640.0,SC,34.828975,-82.648819,SFR,1999.0,3.0,2.0,1150.0,,257000.0,2025-02-17,Resale,223.48,24860,"Greenville-Anderson-Greer, SC",2025,2,26.0,5.409321924590948
15045179,45077,4087-06-38-9524,"208 GREEN DR, LIBERTY, SC 29657",29657.0,SC,34.785809,-82.718763,SFR,1998.0,3.0,2.0,1098.0,,200000.0,2024-04-15,Resale,182.15,24860,"Greenville-Anderson-Greer, SC",2024,4,26.0,5.204830523454572
15049590,45077,4098-14-24-6790,"203 MAE ST, LIBERTY, SC 29657",29657.0,SC,34.803102,-82.689873,SFR,1964.0,3.0,2.0,1448.0,0.4899908,310000.0,2025-09-04,Resale,214.09,24860,"Greenville-Anderson-Greer, SC",2025,9,61.0,5.366396487358631
15091679,45077,4068-00-76-2691,"103 TIMBERSTONE TRL, SIX MILE, SC 29682",29682.0,SC,34.807171,-82.774531,SFR,2008.0,3.0,3.0,2719.0,0.5,510000.0,2025-04-17,Resale,187.57,24860,"Greenville-Anderson-Greer, SC",2025,4,17.0,5.23415210907225
15091813,45077,5132-02-69-5901,"268 GARREN RD, EASLEY, SC 29640",29640.0,SC,34.929059,-82.546129,SFR,2007.0,3.0,3.0,2398.0,8.38,760000.0,2025-09-16,Resale,316.93,24860,"Greenville-Anderson-Greer, SC",2025,9,18.0,5.7586809293036385
15109127,45077,5028-13-03-8201,"223 MEADOW LN, EASLEY, SC 29642",29642.0,SC,34.800271,-82.596209,SFR,1966.0,3.0,2.5,1700.0,0.73,340000.0,2026-05-18,Resale,200.0,24860,"Greenville-Anderson-Greer, SC",2026,5,60.0,5.298317366548036
15185975,45077,4182-05-27-2964,"209 CITY LAKE DR, PICKENS, SC 29671",29671.0,SC,34.921412,-82.72705,RESIDENTIAL - VACANT LAND,2004.0,2.0,2.0,1058.0,0.6699954,216000.0,2026-03-09,Resale,204.16,24860,"Greenville-Anderson-Greer, SC",2026,3,22.0,5.318904000156425
15499771,45077,5038-15-52-2910,"108 ASCOT CT, EASLEY, SC 29642",29642.0,SC,34.799991,-82.548161,SFR,1985.0,4.0,3.0,2491.0,,350000.0,2025-07-18,Resale,140.51,24860,"Greenville-Anderson-Greer, SC",2025,7,40.0,4.945278660618249
15603733,45077,5019-10-45-8124,"712 W MAIN ST, EASLEY, SC 29640",29640.0,SC,34.832788,-82.61671,SFR,1924.0,2.0,1.0,1016.0,,185000.0,2025-09-26,Resale,182.09,24860,"Greenville-Anderson-Greer, SC",2025,9,101.0,5.204501070343752
16095907,45077,5120-09-05-7414,"114 WARREN DR, EASLEY, SC 29640",29640.0,SC,34.861302,-82.597594,SFR,2002.0,3.0,3.0,1951.0,0.6199954,455000.0,2025-06-02,Resale,233.21,24860,"Greenville-Anderson-Greer, SC",2025,6,23.0,5.451939335203601
16619629,45077,4067-00-15-3189,"112 SILVER RIDGE DR, CENTRAL, SC 29630",29630.0,SC,34.775547,-82.793618,SFR,2009.0,3.0,2.0,2318.0,0.7489899,515500.0,2025-01-15,Resale,222.39,24860,"Greenville-Anderson-Greer, SC",2025,1,16.0,5.404432597336738
17166998,45077,4053-07-69-6657,"193 HOLDEN DR, CLEMSON, SC 29631",29631.0,SC,34.677714,-82.807266,SFR,2017.0,4.0,3.0,2272.0,,388000.0,2025-08-14,Resale,170.77,24860,"Greenville-Anderson-Greer, SC",2025,8,8.0,5.140317621899148
17730877,45077,4099-00-43-9968,"563 BREAZEALE RD, LIBERTY, SC 29657",29657.0,SC,34.828645,-82.682793,SFR,1991.0,3.0,2.0,1113.0,0.6699954,215000.0,2025-06-18,Resale,193.17,24860,"Greenville-Anderson-Greer, SC",2025,6,34.0,5.263570630218202
18227542,45077,5027-11-76-1816,"101 HATTERS CT, EASLEY, SC 29642",29642.0,SC,34.783084,-82.574824,SFR,2000.0,4.0,3.0,2179.0,0.2199954,285000.0,2025-02-13,Resale,130.79,24860,"Greenville-Anderson-Greer, SC",2025,2,25.0,4.8735929835010605
18227552,45077,5027-06-29-9684,"1001 PELZER HWY, EASLEY, SC 29642",29642.0,SC,34.790522,-82.588763,SFR,1963.0,3.0,1.0,1900.0,,225000.0,2025-03-07,Resale,118.42,24860,"Greenville-Anderson-Greer, SC",2025,3,62.0,4.77423762710363
18340027,45077,5019-06-37-7679,"231 OLD CEDAR ROCK RD, EASLEY, SC 29640",29640.0,SC,34.839719,-82.620347,SFR,1994.0,3.0,2.0,1551.0,0.5,279900.0,2024-10-18,Resale,180.46,24860,"Greenville-Anderson-Greer, SC",2024,10,30.0,5.195509146566355
19357290,45077,5018-08-79-7842,"314 S 7TH ST, EASLEY, SC 29640",29640.0,SC,34.818277,-82.606714,SFR,1960.0,2.0,1.0,1017.0,0.35,187500.0,2025-10-22,Resale,184.37,24860,"Greenville-Anderson-Greer, SC",2025,10,65.0,5.216944608082299
19697808,45077,5029-11-65-7726,"100 DOWLING ST, EASLEY, SC 29640",29640.0,SC,34.834975,-82.577088,SFR,1959.0,3.0,2.0,1173.0,,225000.0,2024-09-20,Resale,191.82,24860,"Greenville-Anderson-Greer, SC",2024,9,65.0,5.256557432299805
19697818,45077,5029-14-42-9830,"305 STEWART DR, EASLEY, SC 29640",29640.0,SC,34.826777,-82.582863,SFR,1961.0,3.0,2.0,1416.0,,294900.0,2025-05-23,Resale,208.26,24860,"Greenville-Anderson-Greer, SC",2025,5,64.0,5.3387872991017495
20014685,45077,5110-00-58-2238,"1582 CEDAR ROCK CHURCH RD, EASLEY, SC 29640",29640.0,SC,34.868995,-82.616218,SFR,1999.0,3.0,2.0,1416.0,0.5,257000.0,2026-04-30,Resale,181.5,24860,"Greenville-Anderson-Greer, SC",2026,4,27.0,5.201255653704905
20058178,45077,5018-18-40-6170,"137 DUSTIN ST, EASLEY, SC 29642",29642.0,SC,34.791464,-82.616433,SFR,1995.0,3.0,3.0,1754.0,,349900.0,2025-05-30,Resale,199.49,24860,"Greenville-Anderson-Greer, SC",2025,5,30.0,5.295764109760319
20466530,45077,4099-00-42-1639,"117 CEDAR RIDGE DR, LIBERTY, SC 29657",29657.0,SC,34.82515,-82.685516,MOBILE HOME,2003.0,3.0,2.0,1498.0,0.5699954,82000.0,2024-08-26,Resale,54.74,24860,"Greenville-Anderson-Greer, SC",2024,8,21.0,4.002594703612533
20466584,45077,5009-19-61-1592,"201 LOBLOLLY CT, EASLEY, SC 29640",29640.0,SC,34.822428,-82.645254,MOBILE HOME,2001.0,3.0,2.0,1456.0,0.64,125000.0,2026-04-22,Resale,85.85,24860,"Greenville-Anderson-Greer, SC",2026,4,25.0,4.4526015873434845
20531580,45077,5038-18-21-6333,"107 FOUR LAKES DR, EASLEY, SC 29642",29642.0,SC,34.795576,-82.556695,SFR,1992.0,5.0,5.0,5198.0,,761000.0,2025-11-25,Resale,146.4,24860,"Greenville-Anderson-Greer, SC",2025,11,33.0,4.986342601527212
20531788,45077,5029-10-45-6537,"504 BLUE RIDGE ST, EASLEY, SC 29640",29640.0,SC,34.834373,-82.58407,SFR,1920.0,2.0,1.0,1320.0,0.3,192000.0,2026-04-01,Resale,145.45,24860,"Greenville-Anderson-Greer, SC",2026,4,106.0,4.9798323849412105
20534785,45077,5018-19-50-5231,"403 PARK WEST CIR, EASLEY, SC 29642",29642.0,SC,34.791776,-82.613587,SFR,1989.0,3.0,2.0,1610.0,0.5800046,49900.0,2024-01-25,Resale,30.99,24860,"Greenville-Anderson-Greer, SC",2024,1,35.0,3.433664571799657
20535376,45077,5019-18-30-5379,"800 LIBERTY DR, EASLEY, SC 29640",29640.0,SC,34.819645,-82.620318,SFR,1926.0,3.0,1.0,1300.0,0.6629936,37000.0,2024-09-13,Resale,28.46,24860,"Greenville-Anderson-Greer, SC",2024,9,98.0,3.3484995926617063
20538949,45077,4088-16-73-6982,"102 ASHTON DR, LIBERTY, SC 29657",29657.0,SC,34.800731,-82.706493,SFR,2004.0,4.0,3.0,1762.0,0.4800046,281000.0,2024-12-11,Resale,159.48,24860,"Greenville-Anderson-Greer, SC",2024,12,20.0,5.071918522513154
20581600,45077,4190-05-08-8933,"170 EVERGREEN ACRES RD, PICKENS, SC 29671",29671.0,SC,34.86956,-82.697434,SFR,1965.0,3.0,1.0,1115.0,,160000.0,2024-01-10,Resale,143.5,24860,"Greenville-Anderson-Greer, SC",2024,1,59.0,4.966335035199676
20583079,45077,4181-16-73-7194,"317 GARVIN ST, PICKENS, SC 29671",29671.0,SC,34.881032,-82.707758,SFR,1944.0,4.0,2.0,1296.0,,285000.0,2024-06-28,Resale,219.91,24860,"Greenville-Anderson-Greer, SC",2024,6,80.0,5.393218371742757
20583088,45077,4191-09-15-1006,"301 RAILROAD ST, PICKENS, SC 29671",29671.0,SC,34.886474,-82.696836,SFR,1905.0,3.0,1.0,1004.0,,85000.0,2024-09-19,Resale,84.66,24860,"Greenville-Anderson-Greer, SC",2024,9,119.0,4.438643235092778
20583092,45077,4191-13-04-2994,"303 PLANER ST, PICKENS, SC 29671",29671.0,SC,34.88612,-82.699497,SFR,1915.0,3.0,2.0,1044.0,,169000.0,2025-02-24,Resale,161.88,24860,"Greenville-Anderson-Greer, SC",2025,2,110.0,5.086855320007665
20583094,45077,4191-09-05-5038,"112 OVERBROOK ST, PICKENS, SC 29671",29671.0,SC,34.886473,-82.698735,SFR,1905.0,2.0,1.0,909.0,0.41,50240.0,2025-09-05,Resale,55.27,24860,"Greenville-Anderson-Greer, SC",2025,9,120.0,4.012230265845171
20583103,45077,4088-16-73-7194,"133 FORRESTER DR, LIBERTY, SC 29657",29657.0,SC,34.798603,-82.706105,SFR,2000.0,3.0,2.0,1200.0,0.2100092,223000.0,2025-03-11,Resale,185.83,24860,"Greenville-Anderson-Greer, SC",2025,3,25.0,5.224832277285559
20583110,45077,4054-19-51-2955,"106 RIPPLEVIEW DR, CLEMSON, SC 29631",29631.0,SC,34.68395,-82.812055,SFR,1986.0,3.0,2.0,1944.0,,425000.0,2025-07-14,Resale,218.62,24860,"Greenville-Anderson-Greer, SC",2025,7,39.0,5.38733506286569
20585296,45077,5009-08-89-2095,"119 MARGARET ST, EASLEY, SC 29640",29640.0,SC,34.843222,-82.638709,SFR,1930.0,2.0,1.0,980.0,,195000.0,2025-10-03,Resale,198.98,24860,"Greenville-Anderson-Greer, SC",2025,10,95.0,5.293204317161214
20585301,45077,5009-08-88-4729,"105 MARGARET ST, EASLEY, SC 29640",29640.0,SC,34.842509,-82.638232,SFR,1928.0,1.0,1.0,980.0,,157400.0,2025-09-18,Resale,160.61,24860,"Greenville-Anderson-Greer, SC",2025,9,97.0,5.0789790660748055
20585326,45077,4087-16-94-2778,"19 CLEMSON ST, LIBERTY, SC 29657",29657.0,SC,34.775759,-82.700695,SFR,1925.0,2.0,1.0,952.0,,197500.0,2024-12-30,Resale,207.46,24860,"Greenville-Anderson-Greer, SC",2024,12,99.0,5.334938550003682
20585335,45077,4097-09-07-2152,"3 NORRIS AVE, LIBERTY, SC 29657",29657.0,SC,34.78219,-82.697598,SFR,1954.0,2.0,1.0,1020.0,,180000.0,2025-05-09,Resale,176.47,24860,"Greenville-Anderson-Greer, SC",2025,5,71.0,5.173150890255142
20585337,45077,4097-09-07-1187,"1 NORRIS AVE, LIBERTY, SC 29657",29657.0,SC,34.782324,-82.697822,SFR,1956.0,3.0,1.0,1038.0,,150000.0,2025-05-28,Resale,144.51,24860,"Greenville-Anderson-Greer, SC",2025,5,69.0,4.973348709310239
20586696,45077,5029-15-62-2505,"107 MAE AVE, EASLEY, SC 29640",29640.0,SC,34.826126,-82.578667,SFR,1971.0,3.0,2.0,1375.0,,259000.0,2025-09-25,Resale,188.36,24860,"Greenville-Anderson-Greer, SC",2025,9,54.0,5.238355025375354
20596214,45077,4175-03-24-2232,"2112 MOOREFIELD MEMORIAL HWY, PICKENS, SC 29671",29671.0,SC,34.993156,-82.762005,SFR,1981.0,2.0,2.0,1084.0,5.42,360000.0,2025-02-10,Resale,332.1,24860,"Greenville-Anderson-Greer, SC",2025,2,44.0,5.805436128382701
20599889,45077,4087-06-38-3529,"230 BRANCHWOOD DR, LIBERTY, SC 29657",29657.0,SC,34.785909,-82.720734,SFR,1983.0,2.0,1.5,994.0,0.3,200000.0,2026-03-24,Resale,201.21,24860,"Greenville-Anderson-Greer, SC",2026,3,43.0,5.304349138779756
20601305,45077,4162-00-22-7981,"364 MOUNT BETHEL RD, PICKENS, SC 29671",29671.0,SC,34.906802,-82.791616,SFR,1961.0,3.0,2.0,1691.0,4.92,317000.0,2025-04-10,Resale,187.46,24860,"Greenville-Anderson-Greer, SC",2025,4,64.0,5.23356548931834
20601308,45077,5028-17-01-7778,"100 PEPPERCORN WAY, EASLEY, SC 29642",29642.0,SC,34.796325,-82.596204,SFR,2004.0,3.0,2.0,1318.0,,262000.0,2024-02-15,Resale,198.79,24860,"Greenville-Anderson-Greer, SC",2024,2,20.0,5.29224899114643
20601310,45077,5017-00-35-4712,"217 HICKORY DR, EASLEY, SC 29642",29642.0,SC,34.779353,-82.620402,SFR,1978.0,3.0,2.0,1465.0,,82780.0,2024-06-04,Resale,56.51,24860,"Greenville-Anderson-Greer, SC",2024,6,46.0,4.034417613641752
20601313,45077,5017-00-35-0332,"233 HICKORY DR, EASLEY, SC 29642",29642.0,SC,34.778262,-82.621659,SFR,1978.0,3.0,2.0,2055.0,,280000.0,2025-06-13,Resale,136.25,24860,"Greenville-Anderson-Greer, SC",2025,6,47.0,4.914491433543353
20601321,45077,5018-19-50-5595,"408 PARK WEST CIR, EASLEY, SC 29642",29642.0,SC,34.792721,-82.61343,SFR,1988.0,3.0,2.0,1768.0,0.5899908,413500.0,2025-07-01,Resale,233.88,24860,"Greenville-Anderson-Greer, SC",2025,7,37.0,5.45480816330747
20602934,45077,5135-00-46-4815,"224 FOREST DALE RD, MARIETTA, SC 29661",29661.0,SC,35.00314,-82.554188,SFR,1946.0,2.0,1.0,1104.0,7.4,30000.0,2024-10-31,Resale,27.17,24860,"Greenville-Anderson-Greer, SC",2024,10,78.0,3.3021134234382563
20602999,45077,5120-00-68-2834,"159 BURDINE CREEK DR, EASLEY, SC 29640",29640.0,SC,34.870849,-82.579418,SFR,1998.0,4.0,4.5,4468.0,6.28,1844520.0,2026-04-29,Resale,412.83,24860,"Greenville-Anderson-Greer, SC",2026,4,28.0,6.0230358859453
20603658,45077,5039-20-91-3114,"319 CARDINAL WOODS WAY, EASLEY, SC 29642",29642.0,SC,34.822802,-82.534928,SFR,2004.0,3.0,2.0,1363.0,,254000.0,2024-02-14,Resale,186.35,24860,"Greenville-Anderson-Greer, SC",2024,2,20.0,5.227626625925267
20603758,45077,4180-16-93-3934,"113 HAINES RD, PICKENS, SC 29671",29671.0,SC,34.855821,-82.702158,SFR,2005.0,3.0,2.0,1959.0,0.9100092,401000.0,2025-10-07,Resale,204.7,24860,"Greenville-Anderson-Greer, SC",2025,10,20.0,5.321545492667243
20605484,45077,5019-19-70-2828,"205 S 7TH ST, EASLEY, SC 29640",29640.0,SC,34.821162,-82.608499,SFR,1920.0,2.0,1.0,1116.0,,165500.0,2024-05-30,Resale,148.3,24860,"Greenville-Anderson-Greer, SC",2024,5,104.0,4.999237249143887
20605486,45077,5019-19-71-1041,"201 S 7TH ST, EASLEY, SC 29640",29640.0,SC,34.821524,-82.608775,SFR,1920.0,2.0,1.0,1212.0,0.25,148000.0,2025-11-10,Resale,122.11,24860,"Greenville-Anderson-Greer, SC",2025,11,105.0,4.8049222778449305
20606087,45077,5027-11-66-8908,"109 HABERSHAM CT, EASLEY, SC 29642",29642.0,SC,34.783389,-82.575877,SFR,2000.0,3.0,2.0,1416.0,0.18,100000.0,2025-06-25,Resale,70.62,24860,"Greenville-Anderson-Greer, SC",2025,6,25.0,4.25731339050024
20608145,45077,5008-00-84-3396,"931 BLACK SNAKE RD, EASLEY, SC 29640",29640.0,SC,34.802883,-82.637539,DUPLEX,2006.0,6.0,4.0,2435.0,0.2100092,357500.0,2026-02-20,Resale,146.82,24860,"Greenville-Anderson-Greer, SC",2026,2,20.0,4.989207346682635
20608147,45077,5007-00-89-4012,"117 SKY VIEW CIR # A, LIBERTY, SC 29657",29657.0,SC,34.788277,-82.637161,DUPLEX,2006.0,4.0,4.0,1971.0,0.7600092,232500.0,2025-05-20,Resale,117.96,24860,"Greenville-Anderson-Greer, SC",2025,5,19.0,4.770345583947075
20613947,45077,4191-17-21-1480,"212 NEWTON HILL RD, PICKENS, SC 29671",29671.0,SC,34.876425,-82.693053,SFR,1982.0,2.0,1.0,882.0,0.5199954,181000.0,2024-02-22,Resale,205.22,24860,"Greenville-Anderson-Greer, SC",2024,2,42.0,5.324082574434063
20613951,45077,4191-17-11-8734,"109 E SMITH DR, PICKENS, SC 29671",29671.0,SC,34.877366,-82.694193,SFR,1958.0,2.0,1.0,864.0,0.8469927,165000.0,2025-04-25,Resale,190.97,24860,"Greenville-Anderson-Greer, SC",2025,4,67.0,5.2521163476473225
20615722,45077,5150-18-22-5293,"208 MIDLAND DR, EASLEY, SC 29640",29640.0,SC,34.853865,-82.491182,SFR,1996.0,3.0,2.0,1343.0,0.6,250000.0,2025-05-01,Resale,186.15,24860,"Greenville-Anderson-Greer, SC",2025,5,29.0,5.226552800318726
20615728,45077,5150-18-31-8529,"422 SONORA DR, EASLEY, SC 29640",29640.0,SC,34.852091,-82.487066,SFR,1992.0,3.0,2.0,1008.0,,140000.0,2025-04-17,Resale,138.89,24860,"Greenville-Anderson-Greer, SC",2025,4,33.0,4.9336822529281275
20615730,45077,5150-18-31-4345,"404 SONORA DR, EASLEY, SC 29640",29640.0,SC,34.851403,-82.488341,SFR,1979.0,3.0,2.0,1484.0,0.64,249500.0,2024-02-26,Resale,168.13,24860,"Greenville-Anderson-Greer, SC",2024,2,45.0,5.124737489690837
20615732,45077,5150-14-32-5752,"148 LAZY RIVER LN, EASLEY, SC 29640",29640.0,SC,34.855238,-82.487992,SFR,1969.0,4.0,3.0,2117.0,1.67,440000.0,2025-08-01,Resale,207.84,24860,"Greenville-Anderson-Greer, SC",2025,8,56.0,5.3367685529222895
20667540,45077,5131-01-27-7051,"220 FARRS RD, EASLEY, SC 29640",29640.0,SC,34.893556,-82.558084,MOBILE HOME,1988.0,3.0,2.0,1568.0,2.4,230000.0,2025-07-08,Resale,146.68,24860,"Greenville-Anderson-Greer, SC",2025,7,37.0,4.988253343203126
20933690,45077,4097-06-27-5626,"112 BYRNES ST, LIBERTY, SC 29657",29657.0,SC,34.783756,-82.69009,SFR,1930.0,2.0,1.0,832.0,,32100.0,2025-05-28,Resale,38.58,24860,"Greenville-Anderson-Greer, SC",2025,5,95.0,3.652734007477583
20933785,45077,4182-16-93-2399,"121 JUDY DR, PICKENS, SC 29671",29671.0,SC,34.909248,-82.70331,SFR,1962.0,3.0,2.0,1406.0,,234000.0,2024-11-18,Resale,166.43,24860,"Greenville-Anderson-Greer, SC",2024,11,62.0,5.114574800598636
20933987,45077,5018-07-58-2228,"129 ROCKMONT RD, EASLEY, SC 29640",29640.0,SC,34.813932,-82.61503,SFR,1970.0,3.0,2.0,1405.0,,250000.0,2025-04-11,Resale,177.94,24860,"Greenville-Anderson-Greer, SC",2025,4,55.0,5.181446414816621
20934012,45077,5029-14-22-5866,"101 ANDREW AVE, EASLEY, SC 29640",29640.0,SC,34.826776,-82.590988,SFR,1952.0,3.0,1.0,1665.0,0.55,230000.0,2025-04-28,Resale,138.14,24860,"Greenville-Anderson-Greer, SC",2025,4,73.0,4.928267663660827
20968585,45077,4098-00-54-0743,"508 HILLANDALE RD, LIBERTY, SC 29657",29657.0,SC,34.80328,-82.68207,SFR,1995.0,3.0,3.0,1795.0,0.5,285000.0,2025-09-23,Resale,158.77,24860,"Greenville-Anderson-Greer, SC",2025,9,30.0,5.06745661408942
21009773,45077,4171-00-86-5036,"127 DACE DR, PICKENS, SC 29671",29671.0,SC,34.888596,-82.738838,SFR,2003.0,3.0,2.0,1355.0,0.7100092,270000.0,2024-09-24,Resale,199.26,24860,"Greenville-Anderson-Greer, SC",2024,9,21.0,5.29461050461671
21099237,45077,4190-16-83-0508,"237 OLD BETHLEHEM SCHOOL RD, PICKENS, SC 29671",29671.0,SC,34.855255,-82.673231,SFR,1983.0,3.0,2.0,1248.0,0.9399908,235000.0,2025-05-16,Resale,188.3,24860,"Greenville-Anderson-Greer, SC",2025,5,42.0,5.238036435663107
21099525,45077,5018-07-68-8279,"126 CHEROKEE RD, EASLEY, SC 29642",29642.0,SC,34.814044,-82.609558,SFR,1972.0,3.0,2.0,1235.0,0.367011,250000.0,2024-10-31,Resale,202.43,24860,"Greenville-Anderson-Greer, SC",2024,10,52.0,5.310394147773486
21123173,45077,5059-17-11-4834,"105 GROUSE CT, EASLEY, SC 29642",29642.0,SC,34.825228,-82.494587,SFR,1995.0,3.0,2.0,1528.0,,235000.0,2024-04-17,Resale,153.8,24860,"Greenville-Anderson-Greer, SC",2024,4,29.0,5.035653057071544
21228417,45077,4048-00-68-8247,"331 GRIGGS RD, SIX MILE, SC 29682",29682.0,SC,34.810888,-82.842875,SFR,1999.0,4.0,2.5,2492.0,7.1,570000.0,2026-04-24,Resale,228.73,24860,"Greenville-Anderson-Greer, SC",2026,4,27.0,5.432542268639268
21254156,45077,5100-19-70-4346,"147 OLD POND ST, EASLEY, SC 29640",29640.0,SC,34.846789,-82.641493,SFR,1928.0,2.0,1.0,952.0,,205200.0,2024-08-22,Resale,215.55,24860,"Greenville-Anderson-Greer, SC",2024,8,96.0,5.373192901193144
21261083,45077,5008-11-56-8206,"117 SHALLOWFORD RD, EASLEY, SC 29640",29640.0,SC,34.808006,-82.646303,SFR,1970.0,3.0,2.0,1032.0,,222500.0,2025-03-07,Resale,215.6,24860,"Greenville-Anderson-Greer, SC",2025,3,55.0,5.3734248390348425
21264078,45077,4097-10-37-2435,"203 W BEATTIE ST, LIBERTY, SC 29657",29657.0,SC,34.783224,-82.687712,SFR,1925.0,2.0,1.0,946.0,0.14,185000.0,2026-05-01,Resale,195.56,24860,"Greenville-Anderson-Greer, SC",2026,5,101.0,5.275867237710445
21354683,45077,4171-00-17-1927,"124 CHOW HOLLOW LN, PICKENS, SC 29671",29671.0,SC,34.893511,-82.763717,MOBILE HOME,1985.0,2.0,1.0,924.0,1.34,49900.0,2024-03-07,Resale,54.0,24860,"Greenville-Anderson-Greer, SC",2024,3,39.0,3.9889840465642745
21354701,45077,5019-19-51-8122,"200 JONES AVE, EASLEY, SC 29640",29640.0,SC,34.821741,-82.613189,VACANT LAND (NEC),1940.0,2.0,1.0,868.0,0.318,40000.0,2025-07-07,Resale,46.08,24860,"Greenville-Anderson-Greer, SC",2025,7,85.0,3.830379016387636
21354704,45077,5019-19-50-8903,"205 JONES AVE, EASLEY, SC 29640",29640.0,SC,34.821245,-82.613231,SFR,1920.0,3.0,2.0,1945.0,,160000.0,2024-08-21,Resale,82.26,24860,"Greenville-Anderson-Greer, SC",2024,8,104.0,4.409884962802278
21354707,45077,5019-19-51-5252,"607 W 4TH AVE, EASLEY, SC 29640",29640.0,SC,34.822051,-82.614076,SFR,1945.0,2.0,1.0,1092.0,,68000.0,2024-07-15,Resale,62.27,24860,"Greenville-Anderson-Greer, SC",2024,7,79.0,4.13147976888436
21354753,45077,5140-17-22-1234,"2423 SALUDA DAM RD, EASLEY, SC 29640",29640.0,SC,34.853272,-82.52619,SFR,1958.0,4.0,2.0,1901.0,10.92,549000.0,2024-05-05,Resale,288.8,24860,"Greenville-Anderson-Greer, SC",2024,5,66.0,5.665734407018671
21418736,45077,5008-09-25-2634,"150 LAKE DR, LIBERTY, SC 29657",29657.0,SC,34.806145,-82.658145,SFR,1966.0,3.0,2.0,1363.0,,237000.0,2025-11-24,Resale,173.88,24860,"Greenville-Anderson-Greer, SC",2025,11,59.0,5.158365406120591
21426408,45077,5006-00-84-5369,"313 JOYCE RD, LIBERTY, SC 29657",29657.0,SC,34.748019,-82.635991,MOBILE HOME,1997.0,3.0,2.0,1818.0,0.6899908,186000.0,2025-05-07,Resale,102.31,24860,"Greenville-Anderson-Greer, SC",2025,5,28.0,4.6280074198908485
21427253,45077,4097-10-36-3985,"311 W BEATTIE ST, LIBERTY, SC 29657",29657.0,SC,34.781865,-82.687142,SFR,1910.0,2.0,1.0,944.0,,190000.0,2024-06-24,Resale,201.27,24860,"Greenville-Anderson-Greer, SC",2024,6,114.0,5.304647290242906
21431669,45077,5029-11-75-0970,"108 MEADOWOOD DR, EASLEY, SC 29640",29640.0,SC,34.835406,-82.575941,SFR,1975.0,2.0,1.0,950.0,,232500.0,2025-07-22,Resale,244.74,24860,"Greenville-Anderson-Greer, SC",2025,7,50.0,5.500196422557522
21431670,45077,5009-15-73-2567,"434 ENON CHURCH RD, EASLEY, SC 29640",29640.0,SC,34.828104,-82.641774,MOBILE HOME,1973.0,2.0,2.0,1150.0,,36725.0,2024-11-22,Resale,31.93,24860,"Greenville-Anderson-Greer, SC",2024,11,51.0,3.4635460067266908
21436717,45077,5009-07-79-1668,"112 COBB ST, EASLEY, SC 29640",29640.0,SC,34.844881,-82.642419,SFR,1928.0,2.0,1.0,1048.0,,199000.0,2024-09-24,Resale,189.89,24860,"Greenville-Anderson-Greer, SC",2024,9,96.0,5.246444957137325
21458662,45077,5019-10-37-7369,"105 RIDGELAND CIR, EASLEY, SC 29640",29640.0,SC,34.838921,-82.620373,SFR,1968.0,3.0,1.0,1527.0,,285000.0,2025-06-30,Resale,186.64,24860,"Greenville-Anderson-Greer, SC",2025,6,57.0,5.229181627713174
21468244,45077,5048-12-97-2473,"908 TURNER HILL RD, EASLEY, SC 29642",29642.0,SC,34.813104,-82.501561,MOBILE HOME,1997.0,3.0,2.0,1509.0,0.5699954,240000.0,2024-06-25,Resale,159.05,24860,"Greenville-Anderson-Greer, SC",2024,6,27.0,5.069218618195153
21471380,45077,4181-11-75-3871,"268 ANN ST, PICKENS, SC 29671",29671.0,SC,34.888352,-82.709327,SFR,1915.0,2.0,1.0,1649.0,,102000.0,2025-10-17,Resale,61.86,24860,"Greenville-Anderson-Greer, SC",2025,10,110.0,4.124873767256924
21471559,45077,5008-11-66-1213,"123 SHALLOWFORD RD, EASLEY, SC 29640",29640.0,SC,34.807939,-82.645299,SFR,1967.0,3.0,2.0,992.0,,43000.0,2026-01-07,Resale,43.35,24860,"Greenville-Anderson-Greer, SC",2026,1,59.0,3.769306703226551
21471561,45077,5008-11-56-4244,"109 SHALLOWFORD RD, EASLEY, SC 29640",29640.0,SC,34.807941,-82.647509,SFR,1970.0,3.0,1.5,1417.0,0.27,205000.0,2025-04-30,Resale,144.67,24860,"Greenville-Anderson-Greer, SC",2025,4,55.0,4.974455286641499
21513741,45077,5038-15-63-2350,"201 OAKCREEK DR, EASLEY, SC 29642",29642.0,SC,34.801164,-82.544734,SFR,1991.0,3.0,3.0,1796.0,,250000.0,2024-05-08,Resale,139.2,24860,"Greenville-Anderson-Greer, SC",2024,5,33.0,4.935911747900319
21513746,45077,5038-15-63-3251,"202 OAKCREEK DR, EASLEY, SC 29642",29642.0,SC,34.800898,-82.544398,SFR,1988.0,3.0,2.0,1354.0,,102500.0,2025-01-29,Resale,75.7,24860,"Greenville-Anderson-Greer, SC",2025,1,37.0,4.3267781604434035
21516907,45077,5019-20-70-6649,"305 S 6TH ST, EASLEY, SC 29640",29640.0,SC,34.820664,-82.607084,SFR,1920.0,3.0,1.0,1008.0,,215000.0,2025-10-17,Resale,213.29,24860,"Greenville-Anderson-Greer, SC",2025,10,105.0,5.362652742052931
21570830,45077,5019-08-99-0142,"204 WHITTEN ST, EASLEY, SC 29640",29640.0,SC,34.843901,-82.602858,SFR,1958.0,3.0,2.0,1550.0,,299000.0,2025-07-18,Resale,192.9,24860,"Greenville-Anderson-Greer, SC",2025,7,67.0,5.262171919911683
21589649,45077,4048-08-89-9403,"208 GRIGGS RD, SIX MILE, SC 29682",29682.0,SC,34.814036,-82.83599,SFR,1915.0,3.0,1.0,1242.0,1.959,350000.0,2024-11-19,Resale,281.8,24860,"Greenville-Anderson-Greer, SC",2024,11,109.0,5.64119759946458
21599867,45077,5017-00-31-6130,"135 LIZ LN, EASLEY, SC 29642",29642.0,SC,34.766676,-82.619436,MOBILE HOME,1987.0,2.0,2.0,1104.0,,57000.0,2025-04-23,Resale,51.63,24860,"Greenville-Anderson-Greer, SC",2025,4,38.0,3.9441028988915576
21636648,45077,5122-02-86-7204,"1025 OLD DACUSVILLE RD, EASLEY, SC 29640",29640.0,SC,34.91881,-82.57203,SFR,2014.0,3.0,2.0,1835.0,2.0,530000.0,2025-10-07,Resale,288.83,24860,"Greenville-Anderson-Greer, SC",2025,10,11.0,5.665838279740057
21636658,45077,5100-19-70-4255,"143 OLD POND ST, EASLEY, SC 29640",29640.0,SC,34.846546,-82.641378,SFR,1928.0,2.0,1.0,1232.0,0.43,172590.0,2024-05-30,Resale,140.09,24860,"Greenville-Anderson-Greer, SC",2024,5,96.0,4.942285073208023
21637858,45077,4193-03-21-8884,"417 PLEASANT VIEW RD, PICKENS, SC 29671",29671.0,SC,34.932483,-82.691924,SFR,2017.0,1.0,3.0,1224.0,6.569,10000.0,2024-10-29,Resale,8.17,24860,"Greenville-Anderson-Greer, SC",2024,10,7.0,2.1004689088719113
21637860,45077,4193-00-85-3902,"165 OSSIE HAYES RD, PICKENS, SC 29671",29671.0,SC,34.944018,-82.673967,SFR,1968.0,3.0,3.0,2498.0,4.29,410000.0,2024-12-30,Resale,164.13,24860,"Greenville-Anderson-Greer, SC",2024,12,56.0,5.100658796743844
21659633,45077,5009-19-61-6672,"167 ENON CHURCH RD, EASLEY, SC 29640",29640.0,SC,34.822797,-82.643684,MOBILE HOME,1999.0,3.0,2.0,2432.0,0.5699954,202000.0,2024-12-06,Resale,83.06,24860,"Greenville-Anderson-Greer, SC",2024,12,25.0,4.419563238202607
21661906,45077,5100-00-77-3378,"313 STORE RD, EASLEY, SC 29640",29640.0,SC,34.866061,-82.642216,SFR,1965.0,3.0,1.0,1395.0,5.86,220000.0,2024-08-20,Resale,157.71,24860,"Greenville-Anderson-Greer, SC",2024,8,59.0,5.060757903499466
21673340,45077,5018-10-45-7519,"107 MURDOCK LN, EASLEY, SC 29642",29642.0,SC,34.806493,-82.616582,SFR,1978.0,2.0,2.0,1017.0,,170000.0,2024-10-29,Resale,167.16,24860,"Greenville-Anderson-Greer, SC",2024,10,46.0,5.118951437579715
21686136,45077,5009-07-69-8584,"201 ARIAL ST, EASLEY, SC 29640",29640.0,SC,34.844515,-82.643406,SFR,1930.0,3.0,1.0,1232.0,,202000.0,2025-05-27,Resale,163.96,24860,"Greenville-Anderson-Greer, SC",2025,5,95.0,5.099622495636137
21686141,45077,5009-07-69-3638,"128 RICE ST, EASLEY, SC 29640",29640.0,SC,34.844887,-82.645242,SFR,1928.0,2.0,1.0,952.0,,210000.0,2024-08-22,Resale,220.59,24860,"Greenville-Anderson-Greer, SC",2024,8,96.0,5.39630577487624
21687373,45077,5123-00-75-1870,"384 DEER CREEK RD, EASLEY, SC 29640",29640.0,SC,34.944977,-82.577648,SFR,1972.0,3.0,2.0,1560.0,1.16,277700.0,2024-05-08,Resale,178.01,24860,"Greenville-Anderson-Greer, SC",2024,5,52.0,5.181839728489342
21687374,45077,5123-00-65-8118,"355 DEER CREEK RD, EASLEY, SC 29640",29640.0,SC,34.9431,-82.579175,SFR,1978.0,5.0,2.0,2420.0,13.41,785000.0,2025-01-30,Resale,324.38,24860,"Greenville-Anderson-Greer, SC",2025,1,47.0,5.781915668059543
21696763,45077,5110-18-40-0509,"437 MARY ANN ST, EASLEY, SC 29640",29640.0,SC,34.847798,-82.619658,SFR,2002.0,3.0,2.0,1298.0,,235000.0,2024-08-19,Resale,181.05,24860,"Greenville-Anderson-Greer, SC",2024,8,22.0,5.19877323621165
21696765,45077,5110-18-40-2791,"419 MARY ANN ST, EASLEY, SC 29640",29640.0,SC,34.848052,-82.618771,SFR,2001.0,3.0,2.0,1258.0,,185000.0,2024-05-13,Resale,147.06,24860,"Greenville-Anderson-Greer, SC",2024,5,23.0,4.990840666768076
21750402,45077,5019-14-32-6544,"226 MARK ST, EASLEY, SC 29640",29640.0,SC,34.825567,-82.620544,SFR,1955.0,2.0,1.0,1087.0,0.3899908,229100.0,2024-06-28,Resale,210.76,24860,"Greenville-Anderson-Greer, SC",2024,6,69.0,5.350720045341085
21750406,45077,5019-14-32-5861,"218 MARK ST, EASLEY, SC 29640",29640.0,SC,34.826323,-82.620795,SFR,1964.0,3.0,1.0,1018.0,,219900.0,2025-05-22,Resale,216.01,24860,"Greenville-Anderson-Greer, SC",2025,5,61.0,5.375324702908821
21750407,45077,5019-14-32-5940,"216 MARK ST, EASLEY, SC 29640",29640.0,SC,34.82654,-82.620864,SFR,1957.0,2.0,1.0,780.0,,200500.0,2024-06-26,Resale,257.05,24860,"Greenville-Anderson-Greer, SC",2024,6,67.0,5.549270618501514
21780673,45077,4190-19-61-2512,"731 GRIFFIN MILL RD, PICKENS, SC 29671",29671.0,SC,34.849529,-82.679111,SFR,2001.0,3.0,2.0,2074.0,,349000.0,2024-05-20,Resale,168.27,24860,"Greenville-Anderson-Greer, SC",2024,5,23.0,5.125569832188355
21806856,45077,5029-11-56-9253,"610 SALUDA DAM RD, EASLEY, SC 29640",29640.0,SC,34.836245,-82.57972,SFR,1943.0,3.0,1.0,1645.0,,90000.0,2024-04-03,Resale,54.71,24860,"Greenville-Anderson-Greer, SC",2024,4,81.0,4.002046508075734
21894541,45077,4171-00-25-5765,"102 ERIN LN, PICKENS, SC 29671",29671.0,SC,34.887479,-82.758701,SFR,1946.0,2.0,1.5,1008.0,0.65,25000.0,2024-04-24,Resale,24.8,24860,"Greenville-Anderson-Greer, SC",2024,4,78.0,3.2108436531709366
21918499,45077,4180-12-97-7443,"174 KNOLLWOOD HEIGHTS RD, PICKENS, SC 29671",29671.0,SC,34.865487,-82.70096,SFR,1965.0,3.0,1.0,896.0,,222000.0,2024-04-08,Resale,247.77,24860,"Greenville-Anderson-Greer, SC",2024,4,59.0,5.512500896490735
21937376,45077,4097-11-75-2834,"1075 ANDERSON DR, LIBERTY, SC 29657",29657.0,SC,34.778973,-82.674229,SFR,1953.0,2.0,1.0,1143.0,4.75,309000.0,2024-08-23,Resale,270.34,24860,"Greenville-Anderson-Greer, SC",2024,8,71.0,5.599680426055682
22106619,45077,4037-00-95-5998,"108 TOBY HILLS RD, CENTRAL, SC 29630",29630.0,SC,34.776575,-82.866275,SFR,1984.0,3.0,1.0,1260.0,,231250.0,2025-07-31,Resale,183.53,24860,"Greenville-Anderson-Greer, SC",2025,7,41.0,5.2123781418703805
22107311,45077,5130-18-40-0462,"1611 SALUDA DAM RD, EASLEY, SC 29640",29640.0,SC,34.848044,-82.552937,SFR,1984.0,3.0,3.0,3273.0,2.59,650000.0,2026-05-05,Resale,198.59,24860,"Greenville-Anderson-Greer, SC",2026,5,42.0,5.291242397876073
22222107,45077,5029-14-42-2862,"310 OAKFIELD AVE, EASLEY, SC 29640",29640.0,SC,34.826799,-82.58514,SFR,1955.0,3.0,2.0,1765.0,,227500.0,2024-08-29,Resale,128.9,24860,"Greenville-Anderson-Greer, SC",2024,8,69.0,4.859036909945142
22234481,45077,5009-08-89-6769,"113 STAR VIEW ST, EASLEY, SC 29640",29640.0,SC,34.845269,-82.637468,SFR,1928.0,2.0,1.0,1232.0,,6000.0,2025-12-16,Resale,4.87,24860,"Greenville-Anderson-Greer, SC",2025,12,97.0,1.5830939370944985
22252866,45077,4054-19-61-4340,"101 WYNTUCK CT, CLEMSON, SC 29631",29631.0,SC,34.682212,-82.808069,SFR,2007.0,5.0,5.0,3978.0,1.22,1600000.0,2025-04-22,Resale,402.21,24860,"Greenville-Anderson-Greer, SC",2025,4,18.0,5.99697434028158
22256289,45077,4076-18-20-8356,"115 HARVEY RD, CENTRAL, SC 29630",29630.0,SC,34.73538,-82.754572,SFR,1980.0,3.0,3.0,1680.0,,242500.0,2025-10-01,Resale,144.35,24860,"Greenville-Anderson-Greer, SC",2025,10,45.0,4.972240906108944
22264099,45077,5029-09-17-7140,"101 BEVERLY DR, EASLEY, SC 29640",29640.0,SC,34.838448,-82.593736,SFR,2005.0,3.0,2.5,1514.0,0.23,250000.0,2026-02-27,Resale,165.13,24860,"Greenville-Anderson-Greer, SC",2026,2,21.0,5.106733042474897
22272036,45077,4181-19-50-3205,"108 HICKORY DR, PICKENS, SC 29671",29671.0,SC,34.872978,-82.715898,SFR,1989.0,2.0,1.0,1006.0,,142500.0,2025-07-10,Resale,141.65,24860,"Greenville-Anderson-Greer, SC",2025,7,36.0,4.953359226276525
22341380,45077,4190-11-55-9363,"119 SUNRISE LN, PICKENS, SC 29671",29671.0,SC,34.85996,-82.680091,SFR,1966.0,2.0,1.0,1134.0,,72000.0,2024-06-20,Resale,63.49,24860,"Greenville-Anderson-Greer, SC",2024,6,58.0,4.150882413182359
22341418,45077,5018-16-74-7593,"106 BROOKSHIRE DR, EASLEY, SC 29642",29642.0,SC,34.803738,-82.606299,SFR,1958.0,2.0,2.0,816.0,,189900.0,2024-09-09,Resale,232.72,24860,"Greenville-Anderson-Greer, SC",2024,9,66.0,5.449836014186946
22349091,45077,5018-11-75-4178,"201 WOODFIELD DR, EASLEY, SC 29642",29642.0,SC,34.805279,-82.607393,SFR,1977.0,3.0,2.0,1773.0,,256000.0,2024-12-23,Resale,144.39,24860,"Greenville-Anderson-Greer, SC",2024,12,47.0,4.972517971983128
22378976,45077,5019-15-54-0145,"100 HIGHLAND RD, EASLEY, SC 29640",29640.0,SC,34.830082,-82.615948,SFR,1966.0,3.0,2.0,1661.0,,359900.0,2025-01-30,Resale,216.68,24860,"Greenville-Anderson-Greer, SC",2025,1,59.0,5.378421610789698
22378977,45077,5019-15-54-1149,"601 W MAIN ST, EASLEY, SC 29640",29640.0,SC,34.83018,-82.615552,SFR,1932.0,3.0,1.0,1785.0,0.5600092,415000.0,2025-01-31,Resale,232.49,24860,"Greenville-Anderson-Greer, SC",2025,1,93.0,5.448847213349734
22378981,45077,5019-14-43-8888,"105 HIGHLAND RD, EASLEY, SC 29640",29640.0,SC,34.829309,-82.616431,VACANT LAND (NEC),1903.0,3.0,2.0,1885.0,,30000.0,2025-02-17,Resale,15.92,24860,"Greenville-Anderson-Greer, SC",2025,2,122.0,2.767576180416237
22378982,45077,5019-15-53-0972,"103 HIGHLAND RD, EASLEY, SC 29640",29640.0,SC,34.829427,-82.615898,SFR,1908.0,5.0,3.0,5000.0,,1029090.0,2024-12-09,Resale,205.82,24860,"Greenville-Anderson-Greer, SC",2024,12,116.0,5.327002000407946
22382327,45077,5101-00-70-5922,"1257 ROBERT P JEANES RD, EASLEY, SC 29640",29640.0,SC,34.87577,-82.641896,SFR,1965.0,3.0,2.0,1467.0,,275000.0,2025-07-14,Resale,187.46,24860,"Greenville-Anderson-Greer, SC",2025,7,60.0,5.23356548931834
22382834,45077,4076-00-52-0948,"320 CHASTAIN RD, CENTRAL, SC 29630",29630.0,SC,34.74261,-82.747422,SFR,1982.0,3.0,1.0,1162.0,,247000.0,2024-07-09,Resale,212.56,24860,"Greenville-Anderson-Greer, SC",2024,7,42.0,5.359224301451558
22382835,45077,4076-00-52-1964,"328 CHASTAIN RD, CENTRAL, SC 29630",29630.0,SC,34.742523,-82.747004,SFR,1982.0,3.0,1.0,1130.0,1.0,248000.0,2025-05-05,Resale,219.47,24860,"Greenville-Anderson-Greer, SC",2025,5,43.0,5.391215548914767
22385389,45077,5112-03-11-7572,"203 WOLF CREEK RD, EASLEY, SC 29640",29640.0,SC,34.905105,-82.628376,SFR,1988.0,4.0,2.0,1870.0,15.51,525000.0,2025-09-29,Resale,280.75,24860,"Greenville-Anderson-Greer, SC",2025,9,37.0,5.637464593618552
22385396,45077,5111-01-29-0389,"2144 JAMESON RD, EASLEY, SC 29640",29640.0,SC,34.899259,-82.627068,SFR,1973.0,3.0,2.0,1531.0,8.69,360000.0,2024-09-19,Resale,235.14,24860,"Greenville-Anderson-Greer, SC",2024,9,51.0,5.460181081439595
22385614,45077,5048-06-37-8808,"119 THOMPSON TRL, EASLEY, SC 29642",29642.0,SC,34.814009,-82.519824,SFR,1969.0,3.0,2.0,1218.0,1.0,215000.0,2024-02-21,Resale,176.52,24860,"Greenville-Anderson-Greer, SC",2024,2,55.0,5.173434184401347
22385619,45077,5048-06-47-1860,"5010 OLD EASLEY BRIDGE RD, EASLEY, SC 29642",29642.0,SC,34.81378,-82.518572,OFFICE BUILDING,1999.0,6.0,6.0,3686.0,5.102,4500000.0,2024-08-12,Resale,1220.84,24860,"Greenville-Anderson-Greer, SC",2024,8,25.0,7.107294425393157
22385843,45077,4180-00-31-7723,"1736 BELLE SHOALS RD, PICKENS, SC 29671",29671.0,SC,34.84953,-82.720672,SFR,2005.0,3.0,2.0,1942.0,1.75,540000.0,2024-09-09,Resale,278.06,24860,"Greenville-Anderson-Greer, SC",2024,9,19.0,5.627836917741397
22386243,45077,5100-14-33-2470,"180 BAGWELL ST, EASLEY, SC 29640",29640.0,SC,34.854973,-82.6556,SFR,1996.0,3.0,2.0,1191.0,,215000.0,2024-07-09,Resale,180.52,24860,"Greenville-Anderson-Greer, SC",2024,7,28.0,5.1958415749588
22391306,45077,4172-00-02-3202,"230 LOST VALLEY RD, PICKENS, SC 29671",29671.0,SC,34.905182,-82.766589,SFR,1985.0,3.0,2.0,1275.0,1.5,240000.0,2025-04-28,Resale,188.24,24860,"Greenville-Anderson-Greer, SC",2025,4,40.0,5.237717744419107
22391307,45077,4172-00-01-2992,"229 LOST VALLEY RD, PICKENS, SC 29671",29671.0,SC,34.904326,-82.766625,SFR,1985.0,3.0,2.0,1344.0,,285000.0,2024-04-09,Resale,212.05,24860,"Greenville-Anderson-Greer, SC",2024,4,39.0,5.3568220959206
22391308,45077,4172-00-02-6095,"212 LOST VALLEY RD, PICKENS, SC 29671",29671.0,SC,34.904758,-82.765281,SFR,1996.0,3.0,2.0,1400.0,0.7699954,220000.0,2025-12-11,Resale,157.14,24860,"Greenville-Anderson-Greer, SC",2025,12,29.0,5.0571371277476755
22406458,45077,4097-10-36-2295,"7 WOODHAVEN DR, LIBERTY, SC 29657",29657.0,SC,34.779926,-82.687406,SFR,1966.0,2.0,1.0,936.0,,105000.0,2025-08-11,Resale,112.18,24860,"Greenville-Anderson-Greer, SC",2025,8,59.0,4.7201047240801906
22406461,45077,4097-10-36-2916,"310 W BEATTIE ST, LIBERTY, SC 29657",29657.0,SC,34.78186,-82.687711,SFR,1932.0,3.0,2.0,1370.0,0.25,240000.0,2024-09-30,Resale,175.18,24860,"Greenville-Anderson-Greer, SC",2024,9,92.0,5.165814016734943
22406462,45077,4097-10-37-2016,"308 W BEATTIE ST, LIBERTY, SC 29657",29657.0,SC,34.782133,-82.687747,SFR,1920.0,2.0,1.0,1280.0,0.33,176000.0,2026-05-15,Resale,137.5,24860,"Greenville-Anderson-Greer, SC",2026,5,106.0,4.923623917106626
22555044,45077,5017-06-49-5005,"161 FISH CAMP RD, EASLEY, SC 29642",29642.0,SC,34.788543,-82.616941,SFR,1986.0,3.0,2.0,1501.0,,320000.0,2024-11-11,Resale,213.19,24860,"Greenville-Anderson-Greer, SC",2024,11,38.0,5.362183786876451
22555105,45077,4089-08-89-9780,"217 QUAIL CREEK DR, LIBERTY, SC 29657",29657.0,SC,34.844211,-82.703064,SFR,1988.0,3.0,2.0,1456.0,,255000.0,2025-03-13,Resale,175.14,24860,"Greenville-Anderson-Greer, SC",2025,3,37.0,5.1655856540940785
22555145,45077,4064-05-29-1151,"209 HEATHER DR, CENTRAL, SC 29630",29630.0,SC,34.70396,-82.78954,SFR,1969.0,4.0,2.0,1715.0,0.4899908,330000.0,2025-06-26,Resale,192.42,24860,"Greenville-Anderson-Greer, SC",2025,6,56.0,5.259680482933119
22570826,45077,5019-19-51-7650,"104 MCCOY ST, EASLEY, SC 29640",29640.0,SC,34.823109,-82.613452,SFR,1930.0,3.0,1.0,1507.0,,64750.0,2025-06-09,Resale,42.97,24860,"Greenville-Anderson-Greer, SC",2025,6,95.0,3.7605021977869035
22570828,45077,5019-19-51-9621,"103 MCCOY ST # A, EASLEY, SC 29640",29640.0,SC,34.823142,-82.612875,SFR,1949.0,3.0,2.0,1574.0,,84000.0,2025-03-20,Resale,53.37,24860,"Greenville-Anderson-Greer, SC",2025,3,76.0,3.9772487903458535
22570829,45077,5019-19-51-4958,"408 W 3RD AVE, EASLEY, SC 29640",29640.0,SC,34.823927,-82.613897,SFR,1948.0,3.0,2.0,2094.0,1.8,25000.0,2026-02-05,Resale,11.94,24860,"Greenville-Anderson-Greer, SC",2026,2,78.0,2.479894107964456
22570833,45077,5019-19-51-8946,"206 W 3RD AVE, EASLEY, SC 29640",29640.0,SC,34.82409,-82.613181,SFR,1950.0,2.0,1.0,1282.0,0.2100092,250000.0,2024-03-08,Resale,195.01,24860,"Greenville-Anderson-Greer, SC",2024,3,74.0,5.273050839300149
22588394,45077,5029-11-55-0848,"202 TURNER ST, EASLEY, SC 29640",29640.0,SC,34.835292,-82.582831,SFR,1920.0,3.0,1.0,1136.0,,187500.0,2024-07-23,Resale,165.05,24860,"Greenville-Anderson-Greer, SC",2024,7,104.0,5.106248458299202
22588399,45077,5029-10-45-9851,"307 BARTON ST, EASLEY, SC 29640",29640.0,SC,34.835026,-82.582989,SFR,1920.0,3.0,2.0,1525.0,,309000.0,2024-06-12,Resale,202.62,24860,"Greenville-Anderson-Greer, SC",2024,6,104.0,5.311332303625531
22588935,45077,5018-06-48-7878,"116 ROCKMONT RD, EASLEY, SC 29640",29640.0,SC,34.815592,-82.616552,SFR,1979.0,2.0,2.0,1323.0,,254900.0,2025-09-30,Resale,192.67,24860,"Greenville-Anderson-Greer, SC",2025,9,46.0,5.260978880892669
22591224,45077,5048-13-03-4989,"250 MOSSIE SMITH RD, EASLEY, SC 29642",29642.0,SC,34.803234,-82.530685,SFR,1982.0,3.0,2.0,1176.0,1.5,294000.0,2025-10-14,Resale,250.0,24860,"Greenville-Anderson-Greer, SC",2025,10,43.0,5.521460917862246
22591226,45077,5048-09-05-1100,"110 RICHLAND DR, EASLEY, SC 29642",29642.0,SC,34.806255,-82.531992,SFR,1995.0,4.0,3.0,2272.0,0.5699954,470000.0,2025-09-26,Resale,206.87,24860,"Greenville-Anderson-Greer, SC",2025,9,30.0,5.332090576654958
22623674,45077,5029-11-55-3665,"302 DAY ST, EASLEY, SC 29640",29640.0,SC,34.834621,-82.581621,SFR,1920.0,2.0,2.0,1234.0,,215000.0,2024-05-29,Resale,174.23,24860,"Greenville-Anderson-Greer, SC",2024,5,104.0,5.160376265434814
22718360,45077,4180-00-49-5765,"316 DEAN ST, PICKENS, SC 29671",29671.0,SC,34.871583,-82.718299,SFR,2008.0,3.0,2.0,1497.0,0.3600092,240000.0,2025-02-10,Resale,160.32,24860,"Greenville-Anderson-Greer, SC",2025,2,17.0,5.0771718178965
22741272,45077,5029-11-76-2781,"106 DARLEEN AVE, EASLEY, SC 29640",29640.0,SC,34.837622,-82.575291,SFR,1968.0,3.0,2.0,1008.0,,215000.0,2024-09-09,Resale,213.29,24860,"Greenville-Anderson-Greer, SC",2024,9,56.0,5.362652742052931
22755285,45077,5029-14-34-3253,"912 E 2ND AVE, EASLEY, SC 29640",29640.0,SC,34.830657,-82.588269,SFR,1957.0,2.0,1.0,720.0,0.1800046,182000.0,2024-04-19,Resale,252.78,24860,"Greenville-Anderson-Greer, SC",2024,4,67.0,5.53251954521898
22755288,45077,5029-14-24-9092,"902 E 2ND AVE, EASLEY, SC 29640",29640.0,SC,34.830039,-82.589448,SFR,1920.0,2.0,1.0,840.0,0.3600092,234900.0,2025-04-11,Resale,279.64,24860,"Greenville-Anderson-Greer, SC",2025,4,105.0,5.6335030616437844
22761055,45077,4054-13-24-3115,"209 SHAW ST, CLEMSON, SC 29631",29631.0,SC,34.689859,-82.821993,SFR,1962.0,3.0,1.0,1958.0,0.3089991,216700.0,2024-07-16,Resale,110.67,24860,"Greenville-Anderson-Greer, SC",2024,7,62.0,4.706552800276694
23074691,45077,4076-14-42-6685,"156 FIELDCREST DR, CENTRAL, SC 29630",29630.0,SC,34.741737,-82.748696,SFR,1983.0,3.0,1.0,1144.0,,255000.0,2025-09-16,Resale,222.9,24860,"Greenville-Anderson-Greer, SC",2025,9,42.0,5.406723240391823
23074697,45077,4076-00-52-3710,"122 FIELDCREST DR, CENTRAL, SC 29630",29630.0,SC,34.741854,-82.74645,SFR,1982.0,3.0,1.0,1162.0,,260000.0,2024-09-16,Resale,223.75,24860,"Greenville-Anderson-Greer, SC",2024,9,42.0,5.410529357154965
23074706,45077,4065-06-49-9534,"219 LUNA LN, CENTRAL, SC 29630",29630.0,SC,34.732723,-82.780838,SFR,1999.0,3.0,2.0,1857.0,,195000.0,2025-03-28,Resale,105.01,24860,"Greenville-Anderson-Greer, SC",2025,3,26.0,4.654055583717902
23074708,45077,4065-10-46-3516,"115 BROAD ST # A, CENTRAL, SC 29630",29630.0,SC,34.724502,-82.782823,RESTAURANT BUILDING,1910.0,3.0,2.0,2174.0,,460000.0,2024-12-19,Resale,211.59,24860,"Greenville-Anderson-Greer, SC",2024,12,114.0,5.354650439888197
23074718,45077,4065-12-85-8476,"217 AMANDA DR, CENTRAL, SC 29630",29630.0,SC,34.72174,-82.767511,SFR,1985.0,3.0,2.0,1152.0,,234000.0,2025-06-16,Resale,203.13,24860,"Greenville-Anderson-Greer, SC",2025,6,40.0,5.3138461681656635
23091696,45077,5121-00-14-0457,"106 DORR CIR, EASLEY, SC 29640",29640.0,SC,34.886166,-82.596956,SFR,1968.0,3.0,2.0,1508.0,,275000.0,2024-07-29,Resale,182.36,24860,"Greenville-Anderson-Greer, SC",2024,7,56.0,5.205982755345241
23184663,45077,5140-01-35-0529,"105 ROLLINGWOOD WAY, EASLEY, SC 29640",29640.0,SC,34.862679,-82.523286,SFR,1977.0,3.0,2.0,1693.0,,332000.0,2025-12-12,Resale,196.1,24860,"Greenville-Anderson-Greer, SC",2025,12,48.0,5.2786247332023
23184665,45077,5140-01-25-8745,"104 ROLLINGWOOD WAY, EASLEY, SC 29640",29640.0,SC,34.863097,-82.523919,SFR,1979.0,3.0,2.0,1833.0,0.7600092,372500.0,2024-11-21,Resale,203.22,24860,"Greenville-Anderson-Greer, SC",2024,11,45.0,5.314289136057735
23187440,45077,4190-20-90-6708,"101 DIVINE DR, EASLEY, SC 29640",29640.0,SC,34.847601,-82.667712,SFR,1996.0,3.0,2.0,1680.0,0.682,324900.0,2026-05-11,Resale,193.39,24860,"Greenville-Anderson-Greer, SC",2026,5,30.0,5.264708875374207
23264786,45077,5110-18-40-6959,"132 CARLISSA CT, EASLEY, SC 29640",29640.0,SC,34.848817,-82.617583,SFR,2002.0,3.0,3.0,1818.0,0.75,345000.0,2024-03-13,Resale,189.77,24860,"Greenville-Anderson-Greer, SC",2024,3,22.0,5.245812812565887
23305559,45077,4065-18-21-7722,"201 CAMPUS DR APT F, CENTRAL, SC 29630",29630.0,SC,34.711013,-82.787751,TOWNHOUSE/ROWHOUSE,2004.0,4.0,9.0,1550.0,,214900.0,2025-08-22,Resale,138.65,24860,"Greenville-Anderson-Greer, SC",2025,8,21.0,4.931952772061787
23377791,45077,5008-10-35-6833,"106 MERGANSER CT, LIBERTY, SC 29657",29657.0,SC,34.806736,-82.653479,SFR,2003.0,3.0,2.0,1444.0,0.2800046,240000.0,2024-02-29,Resale,166.2,24860,"Greenville-Anderson-Greer, SC",2024,2,21.0,5.113191882421348
23377792,45077,5008-00-33-9702,"533 AMSTERDAM RD, LIBERTY, SC 29657",29657.0,SC,34.800869,-82.652469,SFR,1978.0,3.0,3.0,2209.0,2.0,396000.0,2025-09-05,Resale,179.27,24860,"Greenville-Anderson-Greer, SC",2025,9,47.0,5.188893049266747
23470046,45077,5110-18-40-3944,"424 MARY ANN ST, EASLEY, SC 29640",29640.0,SC,34.848694,-82.618622,SFR,2001.0,3.0,2.0,1360.0,0.2300046,240000.0,2025-05-08,Resale,176.47,24860,"Greenville-Anderson-Greer, SC",2025,5,24.0,5.173150890255142
23474289,45077,5019-14-42-3698,"322 KATHERINE ST, EASLEY, SC 29640",29640.0,SC,34.826002,-82.618037,SFR,1920.0,3.0,3.0,1588.0,0.3399908,331900.0,2025-02-07,Resale,209.01,24860,"Greenville-Anderson-Greer, SC",2025,2,105.0,5.3423820977101375
23628242,45077,5037-06-39-9014,"100 MEADOW WOODS CT, EASLEY, SC 29642",29642.0,SC,34.789347,-82.5523,SFR,1989.0,4.0,3.0,2444.0,,290000.0,2024-12-27,Resale,118.66,24860,"Greenville-Anderson-Greer, SC",2024,12,35.0,4.776262260830497
23834392,45077,4065-18-21-7882,"237 CAMPUS DR APT B, CENTRAL, SC 29630",29630.0,SC,34.711331,-82.787533,TOWNHOUSE/ROWHOUSE,2004.0,4.0,9.0,1550.0,4.97,207000.0,2024-10-25,Resale,133.55,24860,"Greenville-Anderson-Greer, SC",2024,10,20.0,4.89447593955597
23834394,45077,4065-18-31-0622,"226 CAMPUS DR, CENTRAL, SC 29630",29630.0,SC,34.710782,-82.786713,TOWNHOUSE/ROWHOUSE,2004.0,4.0,6.5,1550.0,0.043,2073383.0,2024-02-28,Resale,1337.67,24860,"Greenville-Anderson-Greer, SC",2024,2,20.0,7.198684573497023
23835101,45077,5018-12-97-7472,"132 WAVERLY ST, EASLEY, SC 29642",29642.0,SC,34.811358,-82.599898,SFR,1962.0,3.0,2.0,1099.0,2.37,223000.0,2026-02-11,Resale,202.91,24860,"Greenville-Anderson-Greer, SC",2026,2,64.0,5.3127625309795325
23835104,45077,5018-12-97-4413,"119 WAVERLY ST, EASLEY, SC 29642",29642.0,SC,34.811778,-82.601025,SFR,1950.0,3.0,1.0,1076.0,,148000.0,2025-08-15,Resale,137.55,24860,"Greenville-Anderson-Greer, SC",2025,8,75.0,4.923987487370583
23835106,45077,5018-12-97-3433,"115 WAVERLY ST, EASLEY, SC 29642",29642.0,SC,34.811786,-82.601293,SFR,1952.0,2.0,2.0,1000.0,,175000.0,2025-11-14,Resale,175.0,24860,"Greenville-Anderson-Greer, SC",2025,11,73.0,5.1647859739235145
23835150,45077,5029-17-00-5744,"202 WASHINGTON AVE, EASLEY, SC 29640",29640.0,SC,34.820943,-82.597459,SFR,1951.0,2.0,1.0,1076.0,,224000.0,2025-04-23,Resale,208.18,24860,"Greenville-Anderson-Greer, SC",2025,4,74.0,5.338403090087322
23835152,45077,5029-17-00-6922,"205 WASHINGTON AVE, EASLEY, SC 29640",29640.0,SC,34.821426,-82.597197,SFR,2001.0,3.0,2.0,1563.0,,279000.0,2025-07-08,Resale,178.5,24860,"Greenville-Anderson-Greer, SC",2025,7,24.0,5.184588601219693
24072869,45077,4097-05-09-6589,"306 EDGEMONT AVE, LIBERTY, SC 29657",29657.0,SC,34.788983,-82.696314,SFR,1920.0,3.0,1.0,1439.0,0.3199954,253000.0,2024-12-05,Resale,175.82,24860,"Greenville-Anderson-Greer, SC",2024,12,104.0,5.1694607444230325
24072870,45077,4098-13-13-2457,"232 CRESTWOOD DR, LIBERTY, SC 29657",29657.0,SC,34.799667,-82.694599,SFR,2001.0,3.0,2.0,1336.0,,265000.0,2024-03-28,Resale,198.35,24860,"Greenville-Anderson-Greer, SC",2024,3,23.0,5.290033146960339
24072874,45077,4098-18-30-6393,"7 WELBORN ST, LIBERTY, SC 29657",29657.0,SC,34.791165,-82.686274,SFR,1946.0,3.0,1.0,1407.0,,145000.0,2025-10-21,Resale,103.06,24860,"Greenville-Anderson-Greer, SC",2025,10,79.0,4.635311342900078
24075155,45077,4055-12-76-8397,"111 ARBORS CT, CENTRAL, SC 29630",29630.0,SC,34.723677,-82.804143,SFR,1998.0,3.0,2.0,1346.0,0.12,225000.0,2024-06-03,Resale,167.16,24860,"Greenville-Anderson-Greer, SC",2024,6,26.0,5.118951437579715
24075156,45077,5029-12-96-3416,"282 OAKVALE DR, EASLEY, SC 29640",29640.0,SC,34.837001,-82.568515,MOBILE HOME,1995.0,3.0,2.0,1196.0,0.601,35000.0,2026-05-20,Resale,29.26,24860,"Greenville-Anderson-Greer, SC",2026,5,31.0,3.3762213955919784
24097089,45077,5100-19-70-2065,"136 COBB ST, EASLEY, SC 29640",29640.0,SC,34.84592,-82.642175,SFR,1928.0,2.0,1.0,1036.0,,212500.0,2024-12-05,Resale,205.12,24860,"Greenville-Anderson-Greer, SC",2024,12,96.0,5.323595173732305
24140849,45077,5028-13-14-9568,"236 SPRINGFIELD CIR # A, EASLEY, SC 29642",29642.0,SC,34.804048,-82.592392,DUPLEX,2003.0,6.0,4.0,2130.0,0.2199954,305000.0,2024-01-04,Resale,143.19,24860,"Greenville-Anderson-Greer, SC",2024,1,21.0,4.964172419685915
24219357,45077,4076-06-47-7937,"241 GARVIN RD, LIBERTY, SC 29657",29657.0,SC,34.75637,-82.748825,SFR,2004.0,3.0,3.0,1429.0,0.7940083,360000.0,2025-03-21,Resale,251.92,24860,"Greenville-Anderson-Greer, SC",2025,3,21.0,5.529111576792769
24249866,45077,4054-17-11-5415,"309 WOODLAND WAY, CLEMSON, SC 29631",29631.0,SC,34.682385,-82.824473,SFR,1969.0,3.0,2.0,1758.0,0.47,425000.0,2026-03-03,Resale,241.75,24860,"Greenville-Anderson-Greer, SC",2026,3,57.0,5.487904134333403
24445393,45077,5019-11-55-2933,"120 N 7TH ST, EASLEY, SC 29640",29640.0,SC,34.83497,-82.615401,SFR,1964.0,2.0,1.0,840.0,,195000.0,2024-08-06,Resale,232.14,24860,"Greenville-Anderson-Greer, SC",2024,8,60.0,5.447340637940477
24467232,45077,5141-03-10-1242,"320 HAMBURG RD, EASLEY, SC 29640",29640.0,SC,34.874991,-82.529555,SFR,1979.0,3.0,3.0,2349.0,7.0,588000.0,2026-05-14,Resale,250.32,24860,"Greenville-Anderson-Greer, SC",2026,5,47.0,5.522740099360627
24467925,45077,4088-16-73-5428,"108 FORRESTER DR, LIBERTY, SC 29657",29657.0,SC,34.799552,-82.707042,SFR,2007.0,3.0,2.0,1245.0,0.1600092,210000.0,2025-12-19,Resale,168.67,24860,"Greenville-Anderson-Greer, SC",2025,12,18.0,5.127944143269923
24474982,45077,4140-00-89-2746,"149 CROWE CREEK CHURCH RD, SIX MILE, SC 29682",29682.0,SC,34.869899,-82.83944,MOBILE HOME,1984.0,2.0,2.0,968.0,1.53,150000.0,2024-07-29,Resale,154.96,24860,"Greenville-Anderson-Greer, SC",2024,7,40.0,5.043167019098741
24621857,45077,4078-07-69-8277,"738 STEWART GIN RD, LIBERTY, SC 29657",29657.0,SC,34.814457,-82.741644,SFR,2006.0,3.0,2.0,1698.0,3.47,515000.0,2026-03-26,Resale,303.3,24860,"Greenville-Anderson-Greer, SC",2026,3,20.0,5.714722414694536
24714293,45077,5038-10-36-2276,"218 AUDUBON ACRES DR, EASLEY, SC 29642",29642.0,SC,34.809173,-82.554801,SFR,2015.0,4.0,2.0,3048.0,0.6399908,855000.0,2024-11-01,Resale,280.51,24860,"Greenville-Anderson-Greer, SC",2024,11,9.0,5.636609374951169
24769179,45077,4182-16-94-4622,"427 CARROL LN, PICKENS, SC 29671",29671.0,SC,34.912657,-82.702964,SFR,1964.0,3.0,2.0,1401.0,,375000.0,2024-03-28,Resale,267.67,24860,"Greenville-Anderson-Greer, SC",2024,3,60.0,5.5897548785012345
25056106,45077,5028-07-59-8566,"210 RIDGEWOOD ST, EASLEY, SC 29642",29642.0,SC,34.817914,-82.57967,SFR,1974.0,4.0,4.0,3791.0,,594500.0,2024-07-29,Resale,156.82,24860,"Greenville-Anderson-Greer, SC",2024,7,50.0,5.055098650802776
25373796,45077,4055-09-17-9085,"212 CEDAR DALE DR, CENTRAL, SC 29630",29630.0,SC,34.725272,-82.82385,SFR,1988.0,4.0,3.0,2814.0,,560200.0,2024-05-14,Resale,199.08,24860,"Greenville-Anderson-Greer, SC",2024,5,36.0,5.293706753990353
25373806,45077,5029-10-36-3469,"112 GARRISON ST, EASLEY, SC 29640",29640.0,SC,34.836839,-82.588318,SFR,1920.0,3.0,1.0,1408.0,,240000.0,2025-08-18,Resale,170.45,24860,"Greenville-Anderson-Greer, SC",2025,8,105.0,5.138441998583912
25503218,45077,5006-01-27-2842,"129 BROOK MEADOW LN, LIBERTY, SC 29657",29657.0,SC,34.75717,-82.657149,SFR,2008.0,3.0,2.0,1323.0,0.7629936,295000.0,2025-02-12,Resale,222.98,24860,"Greenville-Anderson-Greer, SC",2025,2,17.0,5.407082081339426
25637051,45077,5110-18-30-8416,"644 OLD CEDAR ROCK RD, EASLEY, SC 29640",29640.0,SC,34.847414,-82.620542,SFR,2001.0,3.0,2.0,1293.0,,271000.0,2025-08-11,Resale,209.59,24860,"Greenville-Anderson-Greer, SC",2025,8,24.0,5.345153241385068
25664396,45077,5110-15-54-2402,"322 SCOTLAND RD, EASLEY, SC 29640",29640.0,SC,34.8583,-82.615956,SFR,1955.0,3.0,1.0,870.0,,150000.0,2025-10-02,Resale,172.41,24860,"Greenville-Anderson-Greer, SC",2025,10,70.0,5.1498753611877595
25716420,45077,4170-00-45-2315,"800 ALLGOOD BRIDGE RD, PICKENS, SC 29671",29671.0,SC,34.858956,-82.752543,SFR,1951.0,2.0,2.0,1290.0,1.06,156000.0,2024-01-16,Resale,120.93,24860,"Greenville-Anderson-Greer, SC",2024,1,73.0,4.795211865797184
26143832,45077,4046-20-90-7698,"1773 SIX MILE HWY, CENTRAL, SC 29630",29630.0,SC,34.735144,-82.831291,SFR,1960.0,3.0,2.0,1392.0,,230000.0,2025-11-03,Resale,165.23,24860,"Greenville-Anderson-Greer, SC",2025,11,65.0,5.1073384426629
26150047,45077,4098-05-19-7029,"122 GOLDEN SPRINGS LN, LIBERTY, SC 29657",29657.0,SC,34.815161,-82.69335,SFR,2001.0,3.0,2.0,1408.0,0.6,195000.0,2024-06-11,Resale,138.49,24860,"Greenville-Anderson-Greer, SC",2024,6,23.0,4.930798120854626
26150050,45077,4098-05-19-4281,"117 GOLDEN SPRINGS LN, LIBERTY, SC 29657",29657.0,SC,34.815437,-82.694163,SFR,2000.0,3.0,2.0,1424.0,0.5699954,234500.0,2026-01-05,Resale,164.68,24860,"Greenville-Anderson-Greer, SC",2026,1,26.0,5.104004196901704
26150670,45077,5019-06-37-7709,"255 OLD CEDAR ROCK RD, EASLEY, SC 29640",29640.0,SC,34.840012,-82.620599,SFR,1958.0,3.0,2.0,1446.0,,183000.0,2025-09-12,Resale,126.56,24860,"Greenville-Anderson-Greer, SC",2025,9,67.0,4.840716504019344
26259322,45077,5019-11-55-8996,"106 N 6TH ST, EASLEY, SC 29640",29640.0,SC,34.835066,-82.613185,SFR,1960.0,2.0,1.0,1087.0,,6000.0,2025-12-16,Resale,5.52,24860,"Greenville-Anderson-Greer, SC",2025,12,65.0,1.7083778602890038
26276928,45077,4087-08-98-9787,"319 W MAIN ST, LIBERTY, SC 29657",29657.0,SC,34.786636,-82.698539,SFR,1910.0,4.0,2.0,2974.0,0.5,330000.0,2025-10-24,Resale,110.96,24860,"Greenville-Anderson-Greer, SC",2025,10,115.0,4.7091697760065765
26276930,45077,4087-12-95-3569,"11 JACKSON ST, LIBERTY, SC 29657",29657.0,SC,34.777933,-82.7005,SFR,1925.0,2.0,1.0,1111.0,0.21,169000.0,2026-05-15,Resale,152.12,24860,"Greenville-Anderson-Greer, SC",2026,5,101.0,5.024669683060059
26276934,45077,4097-10-36-5718,"112 E BEATTIE ST, LIBERTY, SC 29657",29657.0,SC,34.781384,-82.686717,SFR,1910.0,2.0,1.0,898.0,0.24,190000.0,2025-12-01,Resale,211.58,24860,"Greenville-Anderson-Greer, SC",2025,12,115.0,5.354603177558628
26278335,45077,5029-10-25-8917,"101 GARRISON ST, EASLEY, SC 29640",29640.0,SC,34.835393,-82.59014,SFR,1920.0,3.0,2.0,1440.0,,285000.0,2025-05-23,Resale,197.92,24860,"Greenville-Anderson-Greer, SC",2025,5,105.0,5.287862908644177
26285520,45077,5018-08-87-7826,"106 JAMES ST, EASLEY, SC 29642",29642.0,SC,34.812941,-82.603314,SFR,1970.0,3.0,2.0,1566.0,,142500.0,2025-11-05,Resale,91.0,24860,"Greenville-Anderson-Greer, SC",2025,11,55.0,4.51085950651685
26285536,45077,4054-13-13-0101,"228 RIGGS DR, CLEMSON, SC 29631",29631.0,SC,34.686878,-82.826188,SFR,1953.0,3.0,2.0,2217.0,,775000.0,2024-08-07,Resale,349.57,24860,"Greenville-Anderson-Greer, SC",2024,8,71.0,5.85670382774231
26287786,45077,4170-00-27-1453,"140 PENROSE CIR, PICKENS, SC 29671",29671.0,SC,34.864624,-82.759122,SFR,1960.0,3.0,2.0,1766.0,49.25,5000.0,2024-12-30,Resale,2.83,24860,"Greenville-Anderson-Greer, SC",2024,12,64.0,1.0402767116551463
26287791,45077,5019-18-42-6250,"109 FINLEY CIR, EASLEY, SC 29640",29640.0,SC,34.824699,-82.617118,SFR,1959.0,2.0,1.0,1113.0,,175000.0,2024-04-22,Resale,157.23,24860,"Greenville-Anderson-Greer, SC",2024,4,65.0,5.057709701482184
26302876,45077,5059-17-01-6202,"107 TEAL DR, EASLEY, SC 29642",29642.0,SC,34.823495,-82.497332,SFR,1995.0,3.0,2.0,1134.0,0.3300046,217500.0,2025-11-25,Resale,191.8,24860,"Greenville-Anderson-Greer, SC",2025,11,30.0,5.256453162449338
26313029,45077,5029-05-08-8034,"155 BEVERLY DR, EASLEY, SC 29640",29640.0,SC,34.841006,-82.596915,SFR,2004.0,3.0,2.0,1626.0,0.4800046,255000.0,2025-10-03,Resale,156.83,24860,"Greenville-Anderson-Greer, SC",2025,10,21.0,5.0551624161463335
26319831,45077,5100-18-31-2443,"152 RUTLEDGE ST, EASLEY, SC 29640",29640.0,SC,34.849497,-82.655601,SFR,1972.0,3.0,1.0,1215.0,,199000.0,2025-01-16,Resale,163.79,24860,"Greenville-Anderson-Greer, SC",2025,1,53.0,5.098585119494288
26321350,45077,5132-03-43-8882,"115 CARTHAGE DR, EASLEY, SC 29640",29640.0,SC,34.912426,-82.551236,MOBILE HOME,1994.0,3.0,2.0,2016.0,,148000.0,2024-03-22,Resale,73.41,24860,"Greenville-Anderson-Greer, SC",2024,3,30.0,4.29606016612269
26409932,45077,4130-00-67-5091,"107 BUTTON BUSH TRL, SIX MILE, SC 29682",29682.0,SC,34.861689,-82.878159,SFR,2008.0,3.0,3.0,1676.0,0.7399908,1650000.0,2024-04-12,Resale,984.49,24860,"Greenville-Anderson-Greer, SC",2024,4,16.0,6.892123740587268
26409933,45077,4058-00-98-9267,"100 EDENS GARDEN WAY, SIX MILE, SC 29682",29682.0,SC,34.811432,-82.799065,SFR,2007.0,4.0,3.0,2756.0,0.6,550000.0,2024-08-23,Resale,199.56,24860,"Greenville-Anderson-Greer, SC",2024,8,17.0,5.296114942992837
26409939,45077,4048-08-99-0535,"208 DELLA LN, SIX MILE, SC 29682",29682.0,SC,34.814737,-82.83537,SFR,2002.0,3.0,2.0,1562.0,5.014,350000.0,2024-11-19,Resale,224.07,24860,"Greenville-Anderson-Greer, SC",2024,11,22.0,5.411958503037085
26426996,45077,4087-05-09-6835,"154 SILVERY LN, LIBERTY, SC 29657",29657.0,SC,34.789238,-82.729788,SFR,1992.0,3.0,2.0,1571.0,,260000.0,2024-09-10,Resale,165.5,24860,"Greenville-Anderson-Greer, SC",2024,9,32.0,5.1089711948171175
26448261,45077,4065-18-21-9695,"226 CAMPUS DR APT G, CENTRAL, SC 29630",29630.0,SC,34.710855,-82.786778,TOWNHOUSE/ROWHOUSE,2004.0,4.0,9.0,1550.0,,202500.0,2024-11-08,Resale,130.65,24860,"Greenville-Anderson-Greer, SC",2024,11,20.0,4.872521991966622
26448262,45077,4065-18-21-7891,"237 CAMPUS DR APT A, CENTRAL, SC 29630",29630.0,SC,34.711314,-82.787483,TOWNHOUSE/ROWHOUSE,2004.0,4.0,9.0,1550.0,4.97,204000.0,2024-09-12,Resale,131.61,24860,"Greenville-Anderson-Greer, SC",2024,9,20.0,4.879843003846233
26448263,45077,4065-18-21-7954,"236 CAMPUS DR, CENTRAL, SC 29630",29630.0,SC,34.711711,-82.787663,TOWNHOUSE/ROWHOUSE,2004.0,4.0,6.5,1550.0,4.97,2073383.0,2024-02-28,Resale,1337.67,24860,"Greenville-Anderson-Greer, SC",2024,2,20.0,7.198684573497023
26448388,45077,5038-15-53-8885,"104 STONEHAVEN LN, EASLEY, SC 29642",29642.0,SC,34.802651,-82.546014,SFR,1984.0,3.0,2.0,1408.0,,295000.0,2024-07-31,Resale,209.52,24860,"Greenville-Anderson-Greer, SC",2024,7,40.0,5.344819200199456
26448392,45077,5038-15-53-8306,"103 CREEK DR, EASLEY, SC 29642",29642.0,SC,34.80129,-82.546243,SFR,1991.0,2.0,1.5,1418.0,0.14,250000.0,2026-02-26,Resale,176.3,24860,"Greenville-Anderson-Greer, SC",2026,2,35.0,5.172187089403825
26448403,45077,5143-03-02-3603,"507 HUNTS BRIDGE RD, EASLEY, SC 29640",29640.0,SC,34.93693,-82.533722,SFR,1977.0,3.0,2.0,1755.0,4.92,415000.0,2026-01-29,Resale,236.47,24860,"Greenville-Anderson-Greer, SC",2026,1,49.0,5.465821349991567
26448405,45077,5143-03-02-7152,"541 HUNTS BRIDGE RD, EASLEY, SC 29640",29640.0,SC,34.935429,-82.532107,SFR,1988.0,3.0,2.0,1900.0,0.6100092,299998.0,2025-08-06,Resale,157.89,24860,"Greenville-Anderson-Greer, SC",2025,8,37.0,5.061898588033797
26486253,45077,5038-20-92-9367,"103 CANVASBACK WAY, EASLEY, SC 29642",29642.0,SC,34.798752,-82.532328,SFR,2000.0,3.0,2.0,1570.0,0.2300046,260000.0,2025-09-08,Resale,165.61,24860,"Greenville-Anderson-Greer, SC",2025,9,25.0,5.1096356266014
26486265,45077,5038-16-93-3952,"209 W SUNDANCE DR, EASLEY, SC 29642",29642.0,SC,34.802997,-82.534438,SFR,2006.0,3.0,3.0,2386.0,0.2300046,401500.0,2024-09-20,Resale,168.27,24860,"Greenville-Anderson-Greer, SC",2024,9,18.0,5.125569832188355
26572268,45077,5029-19-71-1095,"606 LAUREL RD, EASLEY, SC 29642",29642.0,SC,34.822071,-82.575239,SFR,1967.0,4.0,3.0,2576.0,0.9910009,465000.0,2025-02-27,Resale,180.51,24860,"Greenville-Anderson-Greer, SC",2025,2,58.0,5.19578617790037
26687810,45077,5100-15-73-1341,"816 CEDAR ROCK CHURCH RD, EASLEY, SC 29640",29640.0,SC,34.854905,-82.64273,SFR,1986.0,3.0,2.0,1756.0,0.73,295000.0,2026-05-11,Resale,168.0,24860,"Greenville-Anderson-Greer, SC",2026,5,40.0,5.123963979403259
26687812,45077,5100-16-93-7913,"961 SCOTLAND RD, EASLEY, SC 29640",29640.0,SC,34.85692,-82.634504,SFR,1925.0,3.0,1.0,2290.0,6.21,231250.0,2025-12-22,Resale,100.98,24860,"Greenville-Anderson-Greer, SC",2025,12,100.0,4.6149224774307696
26687813,45077,5100-16-93-7885,"941 SCOTLAND RD, EASLEY, SC 29640",29640.0,SC,34.856499,-82.63395,SFR,1993.0,3.0,2.0,1806.0,1.35,305000.0,2024-08-23,Resale,168.88,24860,"Greenville-Anderson-Greer, SC",2024,8,31.0,5.129188403540065
26687831,45077,4190-16-74-9935,"2156 GENTRY MEMORIAL HWY, PICKENS, SC 29671",29671.0,SC,34.859085,-82.673503,SFR,1956.0,3.0,1.0,1664.0,0.43,220000.0,2026-03-20,Resale,132.21,24860,"Greenville-Anderson-Greer, SC",2026,3,70.0,4.884391567522005
26687838,45077,4161-00-49-0149,"262 MOUNT BETHEL RD, PICKENS, SC 29671",29671.0,SC,34.896526,-82.787342,VACANT LAND (NEC),1956.0,2.0,1.5,1096.0,1.65,15000.0,2025-09-03,Resale,13.69,24860,"Greenville-Anderson-Greer, SC",2025,9,69.0,2.6166656393003573
26688996,45077,4160-00-42-1156,"169 HOMESTEAD RD, PICKENS, SC 29671",29671.0,SC,34.849855,-82.786024,SFR,1987.0,3.0,2.5,2935.0,9.76,665000.0,2025-08-28,Resale,226.58,24860,"Greenville-Anderson-Greer, SC",2025,8,38.0,5.423098083445343
26689647,45077,4067-16-83-3142,"110 NORTH ST, CENTRAL, SC 29630",29630.0,SC,34.770173,-82.770288,SFR,1950.0,2.0,1.0,902.0,0.93,45000.0,2025-07-03,Resale,49.89,24860,"Greenville-Anderson-Greer, SC",2025,7,75.0,3.909820581872946
26689651,45077,4067-16-73-9839,"222 NORTH ST, CENTRAL, SC 29630",29630.0,SC,34.772266,-82.771729,SFR,1925.0,2.0,1.0,885.0,,65000.0,2024-05-29,Resale,73.45,24860,"Greenville-Anderson-Greer, SC",2024,5,99.0,4.296604902619887
26711519,45077,4098-17-10-0690,"11 BLUE RIDGE DR, LIBERTY, SC 29657",29657.0,SC,34.791782,-82.694981,SFR,1950.0,3.0,1.0,1415.0,,150000.0,2024-08-23,Resale,106.01,24860,"Greenville-Anderson-Greer, SC",2024,8,74.0,4.663533429285006
26711523,45077,4098-17-10-1870,"15 BLUE RIDGE DR, LIBERTY, SC 29657",29657.0,SC,34.792325,-82.694735,SFR,1949.0,3.0,1.0,1475.0,0.5660009,280000.0,2024-05-28,Resale,189.83,24860,"Greenville-Anderson-Greer, SC",2024,5,75.0,5.24612893480245
26711524,45077,4098-17-00-9272,"3 BLUE RIDGE DR, LIBERTY, SC 29657",29657.0,SC,34.790728,-82.695348,SFR,1953.0,3.0,1.0,1055.0,,125000.0,2024-08-23,Resale,118.48,24860,"Greenville-Anderson-Greer, SC",2024,8,71.0,4.774744169959543
26711528,45077,4193-04-91-3193,"1747 PUMPKINTOWN HWY, PICKENS, SC 29671",29671.0,SC,34.931065,-82.67005,SFR,1946.0,3.0,1.0,1314.0,6.23,345000.0,2024-03-22,Resale,262.56,24860,"Greenville-Anderson-Greer, SC",2024,3,78.0,5.570479627341781
26711746,45077,5006-01-45-1920,"2803 ANDERSON HWY, LIBERTY, SC 29657",29657.0,SC,34.751978,-82.650779,SFR,1946.0,2.0,2.0,988.0,1.85,165000.0,2024-06-04,Resale,167.0,24860,"Greenville-Anderson-Greer, SC",2024,6,78.0,5.117993812416755
26719633,45077,4049-00-98-8708,"228 IKE RD, SIX MILE, SC 29682",29682.0,SC,34.837268,-82.833494,SFR,2000.0,3.0,2.0,1269.0,1.01,230000.0,2026-04-07,Resale,181.25,24860,"Greenville-Anderson-Greer, SC",2026,4,26.0,5.199877293734784
26719637,45077,4049-00-97-7137,"208 IKE RD, SIX MILE, SC 29682",29682.0,SC,34.835298,-82.833695,SFR,1979.0,3.0,3.0,1084.0,,10000.0,2025-08-11,Resale,9.23,24860,"Greenville-Anderson-Greer, SC",2025,8,46.0,2.222459048514761
26723632,45077,5009-08-99-3923,"231 MOUNTAIN CREST DR, EASLEY, SC 29640",29640.0,SC,34.845736,-82.63531,SFR,1928.0,2.0,1.0,1232.0,,249000.0,2025-06-16,Resale,202.11,24860,"Greenville-Anderson-Greer, SC",2025,6,97.0,5.308812103640678
26723642,45077,4099-12-95-5374,"205 SPRING ESTATES DR, LIBERTY, SC 29657",29657.0,SC,34.832633,-82.667546,SFR,2002.0,3.0,2.0,1506.0,0.5699954,286000.0,2026-01-30,Resale,189.91,24860,"Greenville-Anderson-Greer, SC",2026,1,24.0,5.246550275726154
26821870,45077,4133-00-59-0083,"212 WATERLAKE DR, SUNSET, SC 29685",29685.0,SC,34.949568,-82.885068,SFR,1991.0,4.0,3.0,3326.0,1.21,3200000.0,2024-04-15,Resale,962.12,24860,"Greenville-Anderson-Greer, SC",2024,4,33.0,6.869139183011044
26903451,45077,5008-11-65-9008,"307 JAMESTOWN RD, EASLEY, SC 29640",29640.0,SC,34.804805,-82.642559,SFR,1979.0,3.0,1.5,1248.0,0.33,180250.0,2026-04-07,Resale,144.43,24860,"Greenville-Anderson-Greer, SC",2026,4,47.0,4.972794961113076
26904718,45077,5120-13-03-1467,"1115 DACUSVILLE HWY, EASLEY, SC 29640",29640.0,SC,34.855899,-82.599337,SFR,1958.0,2.0,1.0,888.0,,199975.0,2025-02-07,Resale,225.2,24860,"Greenville-Anderson-Greer, SC",2025,2,67.0,5.4169888962655355
27015401,45077,4191-08-97-0769,"122 MOUNTAIN VIEW DR, PICKENS, SC 29671",29671.0,SC,34.894315,-82.670469,SFR,1967.0,3.0,2.0,1603.0,0.38,280000.0,2025-09-15,Resale,174.67,24860,"Greenville-Anderson-Greer, SC",2025,9,58.0,5.162898479440301
27015433,45077,4065-18-21-6996,"240 CAMPUS DR APT E, CENTRAL, SC 29630",29630.0,SC,34.711781,-82.787869,TOWNHOUSE/ROWHOUSE,2004.0,4.0,9.0,1550.0,4.97,192000.0,2024-02-28,Resale,123.87,24860,"Greenville-Anderson-Greer, SC",2024,2,20.0,4.819232628566109
27015436,45077,4065-18-21-6958,"240 CAMPUS DR, CENTRAL, SC 29630",29630.0,SC,34.711832,-82.788019,TOWNHOUSE/ROWHOUSE,2004.0,4.0,6.5,1550.0,4.97,2073383.0,2024-02-28,Resale,1337.67,24860,"Greenville-Anderson-Greer, SC",2024,2,20.0,7.198684573497023
27015437,45077,4065-18-21-6949,"240 CAMPUS DR, CENTRAL, SC 29630",29630.0,SC,34.711849,-82.788069,TOWNHOUSE/ROWHOUSE,2004.0,4.0,6.5,1550.0,4.97,2073383.0,2024-02-28,Resale,1337.67,24860,"Greenville-Anderson-Greer, SC",2024,2,20.0,7.198684573497023
27045268,45077,4183-00-49-2428,"261 RAVENWOOD LN, PICKENS, SC 29671",29671.0,SC,34.95321,-82.721129,SFR,1969.0,2.0,1.0,864.0,,181000.0,2025-09-12,Resale,209.49,24860,"Greenville-Anderson-Greer, SC",2025,9,56.0,5.344676005526054
27045277,45077,4065-17-11-9175,"112 UNIVERSITY VILLAGE DR APT C, CENTRAL, SC 29630",29630.0,SC,34.709524,-82.790267,TOWNHOUSE/ROWHOUSE,2006.0,4.0,4.0,1550.0,0.0120064,215000.0,2026-01-09,Resale,138.71,24860,"Greenville-Anderson-Greer, SC",2026,1,20.0,4.932385422775199
27045282,45077,4065-17-10-9917,"114 UNIVERSITY VILLAGE DR APT D, CENTRAL, SC 29630",29630.0,SC,34.709051,-82.790455,TOWNHOUSE/ROWHOUSE,2006.0,4.0,4.0,1550.0,0.0120064,189999.0,2024-02-28,Resale,122.58,24860,"Greenville-Anderson-Greer, SC",2024,2,18.0,4.808763878057586
27054862,45077,5019-20-81-6054,"413 S 2ND ST, EASLEY, SC 29640",29640.0,SC,34.821677,-82.603743,SFR,1920.0,2.0,2.0,1008.0,0.3679982,192750.0,2024-05-25,Resale,191.22,24860,"Greenville-Anderson-Greer, SC",2024,5,104.0,5.2534245976573
27054865,45077,5019-20-81-4450,"403 S 2ND ST, EASLEY, SC 29640",29640.0,SC,34.822661,-82.604428,SFR,1920.0,2.0,1.0,896.0,,155000.0,2025-04-21,Resale,172.99,24860,"Greenville-Anderson-Greer, SC",2025,4,105.0,5.153233789358886
27054867,45077,5019-20-81-4394,"405 S 2ND ST, EASLEY, SC 29640",29640.0,SC,34.822498,-82.60431,SFR,1920.0,3.0,1.0,1280.0,,190550.0,2024-05-23,Resale,148.87,24860,"Greenville-Anderson-Greer, SC",2024,5,104.0,5.003073441888966
27056281,45077,4098-05-18-7389,"113 AUBREY LN, LIBERTY, SC 29657",29657.0,SC,34.813202,-82.693163,SFR,2006.0,3.0,2.0,1152.0,,208000.0,2024-10-31,Resale,180.56,24860,"Greenville-Anderson-Greer, SC",2024,10,18.0,5.1960631325092805
27056284,45077,4098-05-18-6589,"112 AUBREY LN, LIBERTY, SC 29657",29657.0,SC,34.813772,-82.693449,SFR,2000.0,3.0,2.0,1126.0,0.5100092,225000.0,2025-04-14,Resale,199.82,24860,"Greenville-Anderson-Greer, SC",2025,4,25.0,5.297416961304872
27056287,45077,4098-05-18-8927,"110 TALLAHATCHIE CT, LIBERTY, SC 29657",29657.0,SC,34.81481,-82.693028,SFR,2001.0,3.0,2.0,1420.0,,222000.0,2025-04-30,Resale,156.34,24860,"Greenville-Anderson-Greer, SC",2025,4,24.0,5.052033122792184
27057580,45077,5102-00-75-2113,"661 GLASSY MOUNTAIN CHURCH RD, PICKENS, SC 29671",29671.0,SC,34.914904,-82.643585,SFR,2002.0,3.0,3.0,1456.0,0.7,250000.0,2024-05-06,Resale,171.7,24860,"Greenville-Anderson-Greer, SC",2024,5,22.0,5.14574876790343
27147881,45077,4134-00-40-7509,"104 SWEETSHRUB WAY, SUNSET, SC 29685",29685.0,SC,34.953861,-82.886414,SFR,2004.0,5.0,4.0,2781.0,3.5,1262500.0,2025-08-02,Resale,453.97,24860,"Greenville-Anderson-Greer, SC",2025,8,21.0,6.118031116562861
27202163,45077,5140-16-92-0716,"126 HARDWOOD CT, EASLEY, SC 29640",29640.0,SC,34.855115,-82.503187,MOBILE HOME,1998.0,3.0,2.0,1830.0,,239900.0,2024-08-23,Resale,131.09,24860,"Greenville-Anderson-Greer, SC",2024,8,26.0,4.875884110209718
27247006,45077,5039-05-19-0372,"1335 SALUDA DAM RD, EASLEY, SC 29640",29640.0,SC,34.84491,-82.562883,MOBILE HOME,1992.0,2.0,1.0,1554.0,0.57,225000.0,2025-10-23,Resale,144.79,24860,"Greenville-Anderson-Greer, SC",2025,10,33.0,4.97528441679333
27342539,45077,5018-09-26-0561,"208 BAYWOOD DR, EASLEY, SC 29640",29640.0,SC,34.808947,-82.625471,MOBILE HOME,1998.0,3.0,2.0,1782.0,,89848.0,2025-03-10,Resale,50.42,24860,"Greenville-Anderson-Greer, SC",2025,3,27.0,3.9203879217597737
27342554,45077,4182-20-91-1942,"109 ENGLISH HOLLEY CT, PICKENS, SC 29671",29671.0,SC,34.905217,-82.703756,SFR,2001.0,3.0,2.0,1504.0,0.73,314900.0,2026-05-15,Resale,209.38,24860,"Greenville-Anderson-Greer, SC",2026,5,25.0,5.344150782891209
27342566,45077,4087-07-67-0754,"118 ALTA VISTA CT, LIBERTY, SC 29657",29657.0,SC,34.783705,-82.711595,SFR,1963.0,4.0,5.0,3030.0,,365000.0,2024-01-19,Resale,120.46,24860,"Greenville-Anderson-Greer, SC",2024,1,61.0,4.791317747615575
28847142,45077,4140-00-09-9211,"129 LEAPING BROOK WAY, SIX MILE, SC 29682",29682.0,SC,34.867943,-82.863894,SFR,2020.0,4.0,6.0,2998.0,1.92,5850000.0,2025-06-03,Resale,1951.3,24860,"Greenville-Anderson-Greer, SC",2025,6,5.0,7.576251096100953
28847144,45077,4182-14-42-4994,"157 GRAVLEY RD, PICKENS, SC 29671",29671.0,SC,34.907923,-82.719343,SFR,2002.0,4.0,3.0,2783.0,4.27,660000.0,2025-10-03,Resale,237.15,24860,"Greenville-Anderson-Greer, SC",2025,10,23.0,5.468692852323591
28847161,45077,4063-05-29-2664,"101 PRINCESS LN, CLEMSON, SC 29631",29631.0,SC,34.677919,-82.788642,SFR,1970.0,4.0,2.0,2193.0,0.6230028,415000.0,2024-12-18,Resale,189.24,24860,"Greenville-Anderson-Greer, SC",2024,12,54.0,5.2430160507629475
28847169,45077,5038-10-36-6830,"111 GLENN BURNIE DR, EASLEY, SC 29642",29642.0,SC,34.810692,-82.553599,SFR,1996.0,4.0,4.0,3078.0,,990000.0,2025-09-02,Resale,321.64,24860,"Greenville-Anderson-Greer, SC",2025,9,29.0,5.773432907679949
28847208,45077,5018-08-97-3866,"104 ESTHER DR, EASLEY, SC 29642",29642.0,SC,34.812979,-82.601192,SFR,1953.0,2.0,1.0,1020.0,0.1899908,207500.0,2026-03-02,Resale,203.43,24860,"Greenville-Anderson-Greer, SC",2026,3,73.0,5.315321965363861
28847211,45077,4064-17-01-9772,"530 SQUIRE CIR, CLEMSON, SC 29631",29631.0,SC,34.683578,-82.793036,SFR,1990.0,3.0,4.0,2541.0,0.5100092,577000.0,2024-04-22,Resale,227.08,24860,"Greenville-Anderson-Greer, SC",2024,4,34.0,5.425302378302526
28847224,45077,4054-18-32-3347,"119 FREEDOM DR APT 6, CLEMSON, SC 29631",29631.0,SC,34.685035,-82.818473,TOWNHOUSE/ROWHOUSE,1979.0,2.0,2.0,1280.0,,202000.0,2024-03-28,Resale,157.81,24860,"Greenville-Anderson-Greer, SC",2024,3,45.0,5.061391777760042
28847271,45077,4087-10-27-9181,"112 ROSE LN, LIBERTY, SC 29657",29657.0,SC,34.78184,-82.721805,SFR,2009.0,3.0,2.0,1568.0,0.25,276000.0,2025-06-03,Resale,176.02,24860,"Greenville-Anderson-Greer, SC",2025,6,16.0,5.170597624945666
28847307,45077,5120-14-42-4603,"129 WATERSTONE DR, EASLEY, SC 29640",29640.0,SC,34.853767,-82.585183,SFR,2008.0,3.0,2.5,2195.0,0.58,449900.0,2026-05-12,Resale,204.97,24860,"Greenville-Anderson-Greer, SC",2026,5,18.0,5.322863626966037
28847320,45077,4053-10-46-2919,"600 ANDERSON HWY APT 113, CLEMSON, SC 29631",29631.0,SC,34.670252,-82.815242,TOWNHOUSE/ROWHOUSE,1985.0,2.0,2.0,1425.0,,399000.0,2024-03-08,Resale,280.0,24860,"Greenville-Anderson-Greer, SC",2024,3,39.0,5.634789603169249
28847388,45077,5028-13-13-6029,"400 PEARLE DR, EASLEY, SC 29642",29642.0,SC,34.799965,-82.593438,SFR,2008.0,3.0,2.0,1780.0,0.39,343000.0,2026-04-20,Resale,192.7,24860,"Greenville-Anderson-Greer, SC",2026,4,18.0,5.2611345754203205
28847397,45077,4054-16-83-8780,"116 KAREN DR, CLEMSON, SC 29631",29631.0,SC,34.688919,-82.800088,SFR,1962.0,3.0,2.5,1923.0,0.48,450000.0,2026-04-22,Resale,234.01,24860,"Greenville-Anderson-Greer, SC",2026,4,64.0,5.455363849487321
28847481,45077,5037-00-59-5912,"116 HARTSFIELD DR, EASLEY, SC 29642",29642.0,SC,34.791828,-82.547007,SFR,2008.0,3.0,2.0,2318.0,0.2699954,390000.0,2025-06-13,Resale,168.25,24860,"Greenville-Anderson-Greer, SC",2025,6,17.0,5.125450968524837
28847505,45077,4131-00-80-9627,"104 MOUNTAIN SHORE TRL, SIX MILE, SC 29682",29682.0,SC,34.87204,-82.870623,SFR,2016.0,4.0,9.0,2374.0,1.24,3625000.0,2025-03-27,Resale,1526.96,24860,"Greenville-Anderson-Greer, SC",2025,3,9.0,7.331034109721637
28847514,45077,5120-09-15-5491,"606 MONTAGUE DR, EASLEY, SC 29640",29640.0,SC,34.861274,-82.594679,SFR,2008.0,4.0,4.0,3184.0,0.6,530000.0,2024-12-19,Resale,166.46,24860,"Greenville-Anderson-Greer, SC",2024,12,16.0,5.114755040317949
28847518,45077,5018-11-55-9973,"204 SPIRIT MOUNTAIN LN, EASLEY, SC 29642",29642.0,SC,34.807594,-82.612401,SFR,2008.0,3.0,3.0,2068.0,0.4899908,300000.0,2024-02-06,Resale,145.07,24860,"Greenville-Anderson-Greer, SC",2024,2,16.0,4.977216384550811
28847519,45077,5018-11-56-7131,"160 SPIRIT MOUNTAIN LN, EASLEY, SC 29642",29642.0,SC,34.808016,-82.613204,SFR,2008.0,3.0,2.0,1911.0,0.44,335000.0,2025-08-04,Resale,175.3,24860,"Greenville-Anderson-Greer, SC",2025,8,17.0,5.1664987919271885
28847526,45077,5018-11-66-5253,"316 SPIRIT MOUNTAIN LN, EASLEY, SC 29642",29642.0,SC,34.808382,-82.610505,SFR,2008.0,3.0,2.5,2318.0,0.44,327900.0,2026-04-21,Resale,141.46,24860,"Greenville-Anderson-Greer, SC",2026,4,18.0,4.952016991607844
28847576,45077,4044-12-85-3777,"103 CALHOUN ST APT 27, CLEMSON, SC 29631",29631.0,SC,34.693964,-82.835176,CONDOMINIUM,1987.0,2.0,3.0,1164.0,1.82,215000.0,2025-03-19,Resale,184.71,24860,"Greenville-Anderson-Greer, SC",2025,3,38.0,5.218787027591229
28847585,45077,5038-08-89-8608,"140 FLEDGLING WAY, EASLEY, SC 29642",29642.0,SC,34.818791,-82.536552,SFR,2008.0,3.0,2.0,1828.0,0.2,305000.0,2024-06-06,Resale,166.85,24860,"Greenville-Anderson-Greer, SC",2024,6,16.0,5.117095205197383
29117594,45077,5019-08-99-7313,"102 FELIX CT, EASLEY, SC 29640",29640.0,SC,34.844515,-82.600627,SFR,2003.0,3.0,2.0,1541.0,0.2899908,270000.0,2024-11-08,Resale,175.21,24860,"Greenville-Anderson-Greer, SC",2024,11,21.0,5.165985254498996
29273650,45077,4141-00-08-9812,"112 S LAWN DR, SUNSET, SC 29685",29685.0,SC,34.894278,-82.864795,SFR,2008.0,4.0,5.0,3484.0,0.3199954,1750000.0,2024-03-28,Resale,502.3,24860,"Greenville-Anderson-Greer, SC",2024,3,16.0,6.219197550755999
29273682,45077,5048-13-02-7532,"112 STAPLEFORD CT, EASLEY, SC 29642",29642.0,SC,34.799242,-82.529713,SFR,2008.0,4.0,3.0,1911.0,0.1899908,269000.0,2025-03-24,Resale,140.76,24860,"Greenville-Anderson-Greer, SC",2025,3,17.0,4.947056312453384
29293150,45077,5028-11-56-7248,"205 IRIS DR, EASLEY, SC 29642",29642.0,SC,34.808902,-82.579899,SFR,1964.0,3.0,2.0,1242.0,,255000.0,2025-11-07,Construction Loan/Financing,205.31,24860,"Greenville-Anderson-Greer, SC",2025,11,61.0,5.324521032044673
29439255,45077,5018-08-97-6824,"110 ESTHER DR, EASLEY, SC 29642",29642.0,SC,34.812921,-82.600337,SFR,1955.0,3.0,1.0,1786.0,0.36,70000.0,2025-03-25,Resale,39.19,24860,"Greenville-Anderson-Greer, SC",2025,3,70.0,3.66842161221154
29530859,45077,5059-17-10-1423,"108 MALLARD DR, EASLEY, SC 29642",29642.0,SC,34.821335,-82.495544,SFR,1973.0,3.0,2.0,1610.0,,34000.0,2024-07-27,Resale,21.12,24860,"Greenville-Anderson-Greer, SC",2024,7,51.0,3.050220458838061
29744512,45077,4172-00-46-4627,"1237 GRAVLEY RD, PICKENS, SC 29671",29671.0,SC,34.916462,-82.751719,SFR,1959.0,2.0,2.0,1092.0,0.6179982,75000.0,2025-09-04,Resale,68.68,24860,"Greenville-Anderson-Greer, SC",2025,9,66.0,4.229458036029275
30278101,45077,4171-00-75-7505,"209 ELISE DR, PICKENS, SC 29671",29671.0,SC,34.887194,-82.74156,SFR,2003.0,4.0,2.0,1487.0,0.61,250000.0,2026-05-15,Resale,168.12,24860,"Greenville-Anderson-Greer, SC",2026,5,23.0,5.124678010136916
30393038,45077,5029-19-50-8462,"308 CEDAR CIR, EASLEY, SC 29642",29642.0,SC,34.820298,-82.579711,SFR,1959.0,3.0,2.0,1249.0,,245000.0,2025-04-24,Resale,196.16,24860,"Greenville-Anderson-Greer, SC",2025,4,66.0,5.278930652747847
30393048,45077,4056-20-91-4033,"315 PIN DU LAC DR, CENTRAL, SC 29630",29630.0,SC,34.736579,-82.799261,SFR,2000.0,3.0,2.0,1901.0,0.8710055,369000.0,2025-05-13,Resale,194.11,24860,"Greenville-Anderson-Greer, SC",2025,5,25.0,5.268425008683
30393062,45077,4131-00-39-3669,"311 TOP RIDGE DR, SUNSET, SC 29685",29685.0,SC,34.896431,-82.88958,SFR,2007.0,3.0,4.0,3180.0,1.82,1385000.0,2025-09-26,Resale,435.53,24860,"Greenville-Anderson-Greer, SC",2025,9,18.0,6.076563680257546
30393068,45077,4121-00-98-5252,"811 TOP RIDGE DR, SUNSET, SC 29685",29685.0,SC,34.892197,-82.902214,SFR,2007.0,3.0,4.0,2628.0,1.04,1110000.0,2026-04-30,Resale,422.37,24860,"Greenville-Anderson-Greer, SC",2026,4,19.0,6.045881707142546
30393069,45077,4171-00-75-8547,"213 ELISE DR, PICKENS, SC 29671",29671.0,SC,34.887261,-82.741083,SFR,2001.0,3.0,2.0,1362.0,0.5800046,278000.0,2024-12-05,Resale,204.11,24860,"Greenville-Anderson-Greer, SC",2024,12,23.0,5.318659064205951
30393074,45077,4191-09-25-4166,"113 LIGON ST, PICKENS, SC 29671",29671.0,SC,34.886803,-82.692263,SFR,1930.0,2.0,1.0,1116.0,,205000.0,2025-06-27,Resale,183.69,24860,"Greenville-Anderson-Greer, SC",2025,6,95.0,5.213249554157973
30393114,45077,5038-18-30-4433,"103 GREENLEAF LN, EASLEY, SC 29642",29642.0,SC,34.793166,-82.553945,SFR,1988.0,3.0,3.0,3414.0,,637400.0,2025-10-28,Resale,186.7,24860,"Greenville-Anderson-Greer, SC",2025,10,37.0,5.2295030505476765
30393711,45077,5009-19-61-5143,"105 REDFERN CT, EASLEY, SC 29640",29640.0,SC,34.821426,-82.644074,SFR,2006.0,3.0,2.0,1594.0,0.5800046,253125.0,2025-09-16,Resale,158.8,24860,"Greenville-Anderson-Greer, SC",2025,9,19.0,5.067645548813036
30393739,45077,5027-11-76-2285,"405 KINGSMAN LN, EASLEY, SC 29642",29642.0,SC,34.781407,-82.574251,SFR,2004.0,3.0,3.0,1438.0,0.3800046,239000.0,2024-07-12,Resale,166.2,24860,"Greenville-Anderson-Greer, SC",2024,7,20.0,5.113191882421348
30393761,45077,5029-14-43-0373,"308 ANDREW AVE, EASLEY, SC 29640",29640.0,SC,34.828176,-82.585813,SFR,1957.0,3.0,2.0,2201.0,,330000.0,2025-10-23,Resale,149.93,24860,"Greenville-Anderson-Greer, SC",2025,10,68.0,5.010168518506812
30393775,45077,4160-00-95-2152,"163 RABBIT RD, PICKENS, SC 29671",29671.0,SC,34.857636,-82.769521,MOBILE HOME,2023.0,2.0,1.0,768.0,,195000.0,2025-07-25,Resale,253.91,24860,"Greenville-Anderson-Greer, SC",2025,7,2.0,5.5369798735199165
30393777,45077,5009-18-42-7100,"116 LOGAN LN, EASLEY, SC 29640",29640.0,SC,34.823906,-82.650371,SFR,1997.0,3.0,2.0,1247.0,0.8699954,251500.0,2025-02-26,Resale,201.68,24860,"Greenville-Anderson-Greer, SC",2025,2,28.0,5.306682282879664
30393778,45077,5009-14-42-5542,"119 LOGAN LN, EASLEY, SC 29640",29640.0,SC,34.825088,-82.650878,SFR,1996.0,3.0,2.0,1302.0,0.5600092,270000.0,2024-11-06,Resale,207.37,24860,"Greenville-Anderson-Greer, SC",2024,11,28.0,5.334504637309749
30393800,45077,4054-14-34-2532,"225 STEPHENS RD, CLEMSON, SC 29631",29631.0,SC,34.690907,-82.818956,SFR,2008.0,3.0,2.0,1171.0,0.2030073,210000.0,2024-08-29,Resale,179.33,24860,"Greenville-Anderson-Greer, SC",2024,8,16.0,5.189227683960333
30393804,45077,5029-10-26-7249,"105 LEAGUE ST, EASLEY, SC 29640",29640.0,SC,34.836273,-82.59038,SFR,1920.0,2.0,1.0,1065.0,,145000.0,2025-06-13,Resale,136.15,24860,"Greenville-Anderson-Greer, SC",2025,6,105.0,4.913757219119769
30393822,45077,4087-12-95-5505,"10 CLAY ST, LIBERTY, SC 29657",29657.0,SC,34.777842,-82.700007,SFR,1920.0,2.0,1.0,1260.0,0.2,90000.0,2024-07-29,Resale,71.43,24860,"Greenville-Anderson-Greer, SC",2024,7,104.0,4.268717949166882
30393828,45077,4087-12-95-6469,"7 CLAY ST, LIBERTY, SC 29657",29657.0,SC,34.777695,-82.699472,SFR,1920.0,2.0,1.0,918.0,,179900.0,2025-11-14,Resale,195.97,24860,"Greenville-Anderson-Greer, SC",2025,11,105.0,5.277961586290963
30393831,45077,4048-00-59-4090,"369 STEWART RD, SIX MILE, SC 29682",29682.0,SC,34.812723,-82.847342,SFR,1997.0,3.0,2.0,1217.0,1.23,245000.0,2024-12-18,Resale,201.31,24860,"Greenville-Anderson-Greer, SC",2024,12,27.0,5.304846008510737
30393832,45077,4048-00-59-3481,"356 STEWART RD, SIX MILE, SC 29682",29682.0,SC,34.813821,-82.847786,SFR,2007.0,3.0,2.0,1256.0,0.5699954,149000.0,2025-07-30,Resale,118.63,24860,"Greenville-Anderson-Greer, SC",2025,7,18.0,4.776009405673012
30393838,45077,5019-08-99-6318,"106 FELIX CT, EASLEY, SC 29640",29640.0,SC,34.84465,-82.600973,SFR,2003.0,3.0,2.0,1426.0,0.3300046,257000.0,2025-07-30,Resale,180.22,24860,"Greenville-Anderson-Greer, SC",2025,7,22.0,5.194178326806891
30394101,45077,4141-00-49-7010,"134 GNARLED PINE CT, SUNSET, SC 29685",29685.0,SC,34.895129,-82.851784,SFR,2009.0,5.0,5.0,5236.0,1.0,3150000.0,2025-07-29,Resale,601.6,24860,"Greenville-Anderson-Greer, SC",2025,7,16.0,6.39959277263563
30475897,45077,5019-19-50-3788,"702 W 5TH AVE, EASLEY, SC 29640",29640.0,SC,34.820802,-82.614606,SFR,1964.0,2.0,1.0,834.0,,199000.0,2025-09-30,Resale,238.61,24860,"Greenville-Anderson-Greer, SC",2025,9,61.0,5.474830419933934
30481509,45077,5038-15-63-1676,"116 CREEK DR, EASLEY, SC 29642",29642.0,SC,34.802157,-82.545041,SFR,1991.0,3.0,3.0,2124.0,,299900.0,2024-05-13,Resale,141.2,24860,"Greenville-Anderson-Greer, SC",2024,5,33.0,4.950177325059141
30481513,45077,5038-15-63-0459,"110 CREEK DR, EASLEY, SC 29642",29642.0,SC,34.801665,-82.545403,SFR,1991.0,2.0,2.0,1667.0,,270000.0,2025-08-07,Resale,161.97,24860,"Greenville-Anderson-Greer, SC",2025,8,34.0,5.087411132898305
32855861,45077,4053-08-89-3140,"106 CREEKVIEW DR, CLEMSON, SC 29631",29631.0,SC,34.676272,-82.801648,SFR,1981.0,2.0,2.5,2228.0,0.48,350000.0,2026-04-14,Resale,157.09,24860,"Greenville-Anderson-Greer, SC",2026,4,45.0,5.056818889511848
32855883,45077,4054-20-92-4053,"606 RED MAPLE WAY, CLEMSON, SC 29631",29631.0,SC,34.684335,-82.798132,SFR,2002.0,4.0,4.0,3177.0,0.45,800000.0,2026-01-06,Resale,251.81,24860,"Greenville-Anderson-Greer, SC",2026,1,24.0,5.528674834880441
34302810,45077,4044-19-52-7084,"241 N CLEMSON AVE, CLEMSON, SC 29631",29631.0,SC,34.683719,-82.843568,TOWNHOUSE/ROWHOUSE,1980.0,3.0,3.0,1343.0,0.0539945,310000.0,2024-04-12,Resale,230.83,24860,"Greenville-Anderson-Greer, SC",2024,4,44.0,5.441681508855907
34331089,45077,4191-11-56-3264,"817 RAILROAD ST, PICKENS, SC 29671",29671.0,SC,34.889864,-82.682708,SFR,1965.0,3.0,1.0,1468.0,,210000.0,2024-07-16,Resale,143.05,24860,"Greenville-Anderson-Greer, SC",2024,7,59.0,4.96319421949612
34872277,45077,5019-14-33-7426,"101 MARK ST, EASLEY, SC 29640",29640.0,SC,34.828109,-82.620291,SFR,1954.0,3.0,1.5,1245.0,0.26,150000.0,2024-08-26,Resale,120.48,24860,"Greenville-Anderson-Greer, SC",2024,8,70.0,4.791483764051583
34881721,45077,4171-00-14-0042,"637 CONCORD CHURCH RD, PICKENS, SC 29671",29671.0,SC,34.882688,-82.763664,SFR,1956.0,3.0,1.0,1344.0,0.6679982,190000.0,2025-01-27,Resale,141.37,24860,"Greenville-Anderson-Greer, SC",2025,1,69.0,4.9513805668789415
34882560,45077,5009-19-61-4506,"111 LOBLOLLY CT, EASLEY, SC 29640",29640.0,SC,34.822559,-82.644596,MOBILE HOME,2000.0,3.0,2.0,1848.0,0.5699954,103500.0,2024-12-18,Resale,56.01,24860,"Greenville-Anderson-Greer, SC",2024,12,24.0,4.025530246221741
34921444,45077,4097-09-17-0060,"108 PINEVIEW DR, LIBERTY, SC 29657",29657.0,SC,34.781896,-82.694909,SFR,1980.0,3.0,1.0,916.0,,195000.0,2026-02-18,Resale,212.88,24860,"Greenville-Anderson-Greer, SC",2026,2,46.0,5.360728626669434
34931383,45077,4087-12-86-6664,"200 MAPLECROFT ST, LIBERTY, SC 29657",29657.0,SC,34.780779,-82.702857,SFR,1916.0,2.0,1.0,1018.0,0.5379936,190000.0,2025-09-26,Resale,186.64,24860,"Greenville-Anderson-Greer, SC",2025,9,109.0,5.229181627713174
34957934,45077,5028-15-53-8878,"414 WIMBERLY LN, EASLEY, SC 29642",29642.0,SC,34.802322,-82.579347,SFR,1976.0,3.0,2.0,1415.0,,279000.0,2024-08-08,Resale,197.17,24860,"Greenville-Anderson-Greer, SC",2024,8,48.0,5.284066300778177
34966489,45077,5100-19-51-5253,"234 OAKWOOD DR, EASLEY, SC 29640",29640.0,SC,34.84905,-82.647919,SFR,1965.0,3.0,2.0,1334.0,,284900.0,2025-04-16,Resale,213.57,24860,"Greenville-Anderson-Greer, SC",2025,4,60.0,5.363964647783892
41751634,45077,5008-00-74-7238,"926 SMITH GROVE RD, EASLEY, SC 29640",29640.0,SC,34.802656,-82.639796,SFR,1977.0,3.0,2.0,1176.0,0.25,224900.0,2025-09-15,Resale,191.24,24860,"Greenville-Anderson-Greer, SC",2025,9,48.0,5.253529183757903
42480842,45077,5018-16-73-8654,"208 GLEN LAUREL DR, EASLEY, SC 29642",29642.0,SC,34.801288,-82.606058,SFR,1991.0,3.0,3.0,2225.0,,589000.0,2026-02-27,Resale,264.72,24860,"Greenville-Anderson-Greer, SC",2026,2,35.0,5.578672663613357
44906446,45077,4152-00-64-3598,"2169 SHADY GROVE RD, SUNSET, SC 29685",29685.0,SC,34.91068,-82.811335,SFR,2000.0,1.0,1.0,480.0,1.67,155000.0,2024-02-16,Resale,322.92,24860,"Greenville-Anderson-Greer, SC",2024,2,24.0,5.777404614526815
44915221,45077,5103-00-15-6393,"133 ERNESTINE HAYES RD, PICKENS, SC 29671",29671.0,SC,34.942598,-82.662629,SFR,1996.0,3.0,2.5,1345.0,5.55,437000.0,2026-05-18,Resale,324.91,24860,"Greenville-Anderson-Greer, SC",2026,5,30.0,5.783548220902539
45257840,45077,4078-12-95-0336,"910 GOLDEN CREEK RD, LIBERTY, SC 29657",29657.0,SC,34.80435,-82.735384,SFR,1980.0,3.0,3.0,3031.0,,278800.0,2024-02-01,Resale,91.98,24860,"Greenville-Anderson-Greer, SC",2024,2,44.0,4.521571162111778
45667793,45077,5100-14-34-3016,"212 BAGWELL ST, EASLEY, SC 29640",29640.0,SC,34.856758,-82.655516,SFR,1967.0,3.0,1.0,1560.0,,271000.0,2025-02-07,Resale,173.72,24860,"Greenville-Anderson-Greer, SC",2025,2,58.0,5.1574448076666215
45779063,45077,5019-06-37-0731,"301 DUE WEST CIR, EASLEY, SC 29640",29640.0,SC,34.839738,-82.622816,SFR,1965.0,3.0,2.5,1184.0,0.6,200000.0,2024-03-19,Resale,168.92,24860,"Greenville-Anderson-Greer, SC",2024,3,59.0,5.129425230065743
45779081,45077,4088-16-72-5960,"714 N ASHTON DR, LIBERTY, SC 29657",29657.0,SC,34.797957,-82.706883,SFR,2000.0,3.0,2.0,1078.0,0.16,232500.0,2026-05-11,Resale,215.68,24860,"Greenville-Anderson-Greer, SC",2026,5,26.0,5.373795827723942
45779085,45077,4088-15-73-4005,"705 N ASHTON DR, LIBERTY, SC 29657",29657.0,SC,34.798358,-82.707414,SFR,2004.0,3.0,2.0,1275.0,0.1600092,236000.0,2024-10-01,Resale,185.1,24860,"Greenville-Anderson-Greer, SC",2024,10,20.0,5.220896219579452
45779139,45077,5120-18-31-6842,"209 CLIFFSTONE DR, EASLEY, SC 29640",29640.0,SC,34.851476,-82.587676,SFR,1997.0,3.0,2.0,1246.0,,281500.0,2024-09-20,Resale,225.92,24860,"Greenville-Anderson-Greer, SC",2024,9,27.0,5.420180954304877
45779207,45077,5059-17-10-6278,"210 QUAIL HAVEN DR, EASLEY, SC 29642",29642.0,SC,34.820946,-82.493736,SFR,2002.0,3.0,2.0,1247.0,0.3899908,238000.0,2024-09-20,Resale,190.86,24860,"Greenville-Anderson-Greer, SC",2024,9,22.0,5.251540174989108
45779216,45077,5133-04-63-4350,"144 N MARTIN RD, EASLEY, SC 29640",29640.0,SC,34.938499,-82.546566,SFR,1978.0,3.0,2.0,1395.0,1.31,215000.0,2025-12-02,Resale,154.12,24860,"Greenville-Anderson-Greer, SC",2025,12,47.0,5.037731519757957
45779217,45077,5133-04-63-7675,"206 N MARTIN RD, EASLEY, SC 29640",29640.0,SC,34.939469,-82.54545,SFR,1953.0,2.0,2.0,1375.0,2.0,80000.0,2024-01-18,Resale,58.18,24860,"Greenville-Anderson-Greer, SC",2024,1,71.0,4.063541653067055
45779242,45077,5059-17-12-7274,"137 QUAIL HAVEN DR, EASLEY, SC 29642",29642.0,SC,34.826337,-82.493435,SFR,2002.0,4.0,2.0,1444.0,,285000.0,2024-04-30,Resale,197.37,24860,"Greenville-Anderson-Greer, SC",2024,4,22.0,5.285080139766016
45779258,45077,5027-11-66-6751,"544 KINGSMAN LN, EASLEY, SC 29642",29642.0,SC,34.782646,-82.576351,SFR,2001.0,3.0,3.0,1778.0,0.2899908,274500.0,2025-08-14,Resale,154.39,24860,"Greenville-Anderson-Greer, SC",2025,8,24.0,5.039481868653835
45784732,45077,5121-00-15-5046,"131 DORR CIR, EASLEY, SC 29640",29640.0,SC,34.887789,-82.595353,SFR,1970.0,2.0,2.0,1392.0,,250000.0,2025-10-17,Resale,179.6,24860,"Greenville-Anderson-Greer, SC",2025,10,55.0,5.190732155868099
46958055,45077,5027-08-88-4085,"404 SHERIFF MILL RD, EASLEY, SC 29642",29642.0,SC,34.786386,-82.57027,MOBILE HOME,1974.0,2.0,1.0,1354.0,0.45,200000.0,2025-01-05,Resale,147.71,24860,"Greenville-Anderson-Greer, SC",2025,1,51.0,4.995250892052509
47471114,45077,4097-09-07-9026,"112 PINEVIEW DR, LIBERTY, SC 29657",29657.0,SC,34.782039,-82.695338,SFR,1958.0,3.0,2.0,1679.0,,210000.0,2024-03-08,Resale,125.07,24860,"Greenville-Anderson-Greer, SC",2024,3,66.0,4.828873580560815
47471121,45077,4097-09-16-5757,"209 MEADOWBROOK DR, LIBERTY, SC 29657",29657.0,SC,34.781315,-82.693255,SFR,1963.0,3.0,1.0,1155.0,,230000.0,2025-04-07,Resale,199.13,24860,"Greenville-Anderson-Greer, SC",2025,4,62.0,5.293957877770584
49886790,45077,5008-00-74-7337,"922 SMITH GROVE RD, EASLEY, SC 29640",29640.0,SC,34.802904,-82.639777,SFR,1978.0,3.0,2.0,1248.0,,235000.0,2025-05-22,Resale,188.3,24860,"Greenville-Anderson-Greer, SC",2025,5,47.0,5.238036435663107
50996073,45077,4087-12-97-5300,"309 S PEACHTREE ST, LIBERTY, SC 29657",29657.0,SC,34.782647,-82.70011,SFR,1933.0,2.0,1.0,1075.0,,213000.0,2025-02-20,Resale,198.14,24860,"Greenville-Anderson-Greer, SC",2025,2,92.0,5.288973851544884
52247219,45077,5019-15-64-5308,"114 WILBUR ST, EASLEY, SC 29640",29640.0,SC,34.830742,-82.611098,SFR,1925.0,2.0,1.0,1164.0,,31000.0,2026-03-06,Resale,26.63,24860,"Greenville-Anderson-Greer, SC",2026,3,101.0,3.282038399825841
52248269,45077,5028-15-54-6040,"102 WILLOW CT, EASLEY, SC 29642",29642.0,SC,34.8026,-82.580117,SFR,1975.0,3.0,3.0,1585.0,0.5899908,300000.0,2025-06-18,Resale,189.27,24860,"Greenville-Anderson-Greer, SC",2025,6,50.0,5.243174567050828
